{"type":"FeatureCollection","name":"barmm_municipalities","crs":{"type":"name","properties":{"name":"urn:ogc:def:crs:OGC:1.3:CRS84"}},"features":[{"type":"Feature","geometry":{"type":"MultiPolygon","coordinates":[[[[122.2124,6.5793],[122.2125,6.5761],[122.2083,6.5689],[122.2106,6.5647],[122.2108,6.5597],[122.2075,6.5569],[122.2058,6.5481],[122.1917,6.5792],[122.2134,6.5806],[122.2124,6.5793]]],[[[122.2043,6.6071],[122.1971,6.6283],[122.2175,6.6281],[122.2278,6.5991],[122.2073,6.5986],[122.2043,6.6071]]],[[[122.2583,6.7369],[122.2605,6.7345],[122.2617,6.7294],[122.2645,6.7278],[122.2622,6.7258],[122.2581,6.7269],[122.2536,6.7331],[122.255,6.7389],[122.2583,6.7369]]],[[[122.1659,6.6366],[122.1569,6.6578],[122.1636,6.67],[122.1711,6.6647],[122.1778,6.6658],[122.18,6.6683],[122.1844,6.6681],[122.1895,6.67],[122.2027,6.6663],[122.2126,6.6411],[122.1922,6.6426],[122.1971,6.6283],[122.17,6.6276],[122.1659,6.6366]]],[[[122.252,6.7422],[122.2521,6.7406],[122.2508,6.74],[122.2503,6.7419],[122.252,6.7422]]]]},"properties":{"ADM3_EN":"Akbar","name":"Akbar","ADM3_PCODE":"PH150708000","psgc_code":"150708000","ADM2_EN":"Basilan","ADM2_PCODE":"PH1507","ADM1_EN":"Bangsamoro Autonomous Region in Muslim Mindanao (BARMM)","ADM1_PCODE":"PH15","ADM0_EN":"Philippines (the)","ADM0_PCODE":"PH","region_key":"barmm","province_key":"basilan","type":"Municipality"}},{"type":"Feature","geometry":{"type":"MultiPolygon","coordinates":[[[[122.2289,6.4642],[122.2325,6.4561],[122.2314,6.45],[122.2275,6.4464],[122.2183,6.4478],[122.2183,6.4492],[122.2269,6.4478],[122.23,6.4544],[122.2278,6.4592],[122.2283,6.4631],[122.2206,6.4656],[122.2269,6.4661],[122.2289,6.4642]]],[[[122.2153,6.4653],[122.2264,6.4561],[122.2267,6.4544],[122.2239,6.4514],[122.2156,6.4556],[122.2142,6.4578],[122.2081,6.4583],[122.2053,6.4606],[122.2019,6.4597],[122.1972,6.4628],[122.1997,6.465],[122.205,6.4631],[122.2067,6.4644],[122.2025,6.4706],[122.2058,6.4792],[122.2092,6.4722],[122.2153,6.4653]]],[[[122.1958,6.4866],[122.1939,6.4781],[122.1958,6.4731],[122.185,6.4689],[122.1829,6.4777],[122.1584,6.4743],[122.1547,6.4871],[122.1401,6.4867],[122.1454,6.4657],[122.1301,6.4647],[122.1188,6.5092],[122.1479,6.5099],[122.1511,6.4986],[122.1787,6.4983],[122.1765,6.5103],[122.1936,6.5112],[122.1975,6.5047],[122.1994,6.4933],[122.1981,6.4877],[122.1961,6.4881],[122.1958,6.4866]]],[[[122.155,6.5273],[122.1494,6.5449],[122.1669,6.5444],[122.1736,6.5274],[122.155,6.5273]]],[[[122.1842,6.4578],[122.1825,6.4556],[122.1711,6.4539],[122.1721,6.4524],[122.1811,6.4542],[122.1822,6.4536],[122.1811,6.4522],[122.1692,6.4517],[122.1686,6.4535],[122.1649,6.4541],[122.1609,6.4667],[122.185,6.4689],[122.1866,6.4592],[122.1842,6.4578]]],[[[122.098,6.5029],[122.0958,6.5019],[122.095,6.5071],[122.0914,6.5096],[122.084,6.5104],[122.064,6.5763],[122.1158,6.5751],[122.121,6.5591],[122.1151,6.5584],[122.1171,6.5489],[122.1246,6.5496],[122.1321,6.5294],[122.1148,6.5245],[122.1179,6.5124],[122.1153,6.5122],[122.1157,6.5104],[122.1138,6.5101],[122.1149,6.5095],[122.1119,6.5097],[122.1099,6.508],[122.1036,6.5091],[122.1022,6.5053],[122.0988,6.5049],[122.098,6.5029]]]]},"properties":{"ADM3_EN":"Al-Barka","name":"Al-Barka","ADM3_PCODE":"PH150709000","psgc_code":"150709000","ADM2_EN":"Basilan","ADM2_PCODE":"PH1507","ADM1_EN":"Bangsamoro Autonomous Region in Muslim Mindanao (BARMM)","ADM1_PCODE":"PH15","ADM0_EN":"Philippines (the)","ADM0_PCODE":"PH","region_key":"barmm","province_key":"basilan","type":"Municipality"}},{"type":"Feature","geometry":{"type":"MultiPolygon","coordinates":[[[[122.2633,6.5858],[122.2611,6.5853],[122.2597,6.5864],[122.2648,6.5867],[122.2633,6.5858]]],[[[122.3047,6.5906],[122.2956,6.5906],[122.2828,6.5944],[122.2731,6.5908],[122.2675,6.5925],[122.2638,6.5964],[122.2658,6.5925],[122.2647,6.5908],[122.2553,6.5883],[122.2511,6.594],[122.2513,6.5997],[122.2754,6.5996],[122.2986,6.612],[122.2909,6.628],[122.268,6.6246],[122.2717,6.6134],[122.246,6.6139],[122.2371,6.6396],[122.2126,6.6411],[122.2027,6.6663],[122.215,6.6658],[122.2236,6.6619],[122.2361,6.6658],[122.245,6.6586],[122.248,6.6536],[122.2522,6.6519],[122.2589,6.6453],[122.2658,6.6425],[122.2703,6.6425],[122.2731,6.6456],[122.2781,6.6469],[122.2933,6.6478],[122.3067,6.6453],[122.3142,6.6386],[122.3214,6.6358],[122.3281,6.6244],[122.3269,6.6169],[122.3214,6.6117],[122.3156,6.5975],[122.3047,6.5906]]],[[[122.3969,6.7497],[122.4069,6.7419],[122.4072,6.7369],[122.405,6.7336],[122.3964,6.7356],[122.3914,6.7389],[122.3922,6.7475],[122.3952,6.7501],[122.3969,6.7497]]],[[[122.3809,6.7734],[122.38,6.7707],[122.3724,6.7652],[122.3725,6.764],[122.3661,6.7622],[122.3625,6.7646],[122.3613,6.7708],[122.3647,6.7728],[122.3755,6.7754],[122.3781,6.7777],[122.3809,6.7734]]]]},"properties":{"ADM3_EN":"Hadji Mohammad Ajul","name":"Hadji Mohammad Ajul","ADM3_PCODE":"PH150710000","psgc_code":"150710000","ADM2_EN":"Basilan","ADM2_PCODE":"PH1507","ADM1_EN":"Bangsamoro Autonomous Region in Muslim Mindanao (BARMM)","ADM1_PCODE":"PH15","ADM0_EN":"Philippines (the)","ADM0_PCODE":"PH","region_key":"barmm","province_key":"basilan","type":"Municipality"}},{"type":"Feature","geometry":{"type":"MultiPolygon","coordinates":[[[[121.9849,6.5773],[121.9262,6.5789],[121.9274,6.6198],[121.9304,6.6257],[121.9286,6.6301],[121.9316,6.6322],[121.928,6.6352],[121.9256,6.6405],[121.9206,6.6404],[121.9171,6.675],[121.9228,6.6739],[121.9292,6.6689],[121.941,6.6761],[121.9417,6.6778],[121.9386,6.6844],[121.9403,6.6886],[121.9478,6.6933],[121.9494,6.6961],[121.952,6.6966],[121.9525,6.7],[121.9551,6.6976],[121.9553,6.7005],[121.9594,6.7014],[121.9643,6.7052],[121.9681,6.7056],[121.9703,6.7089],[121.9786,6.7136],[121.987,6.7314],[121.9911,6.7311],[121.9897,6.7344],[121.9917,6.7367],[121.9973,6.7356],[121.9992,6.7394],[122.0137,6.7462],[122.025,6.7459],[122.0319,6.7411],[122.0398,6.744],[122.041,6.7408],[122.0323,6.7344],[122.0348,6.7328],[122.0353,6.727],[122.0317,6.7252],[122.0298,6.7195],[122.0303,6.716],[122.0339,6.7128],[122.0314,6.7093],[122.0313,6.7035],[122.0338,6.7024],[122.0337,6.7012],[122.0305,6.7015],[122.0312,6.6982],[122.0296,6.6947],[122.0309,6.6936],[122.0303,6.6906],[122.0326,6.69],[122.064,6.5763],[121.9849,6.5773]]],[[[121.9141,6.6783],[121.9159,6.6794],[121.917,6.6774],[121.9154,6.6766],[121.9141,6.6783]]],[[[121.9597,6.7111],[121.9567,6.7124],[121.9551,6.7156],[121.9514,6.7144],[121.9508,6.71],[121.9491,6.7086],[121.9433,6.7092],[121.9408,6.7111],[121.9406,6.7286],[121.9439,6.7356],[121.9503,6.7431],[121.9547,6.7453],[121.965,6.7456],[121.9764,6.7539],[121.9797,6.7553],[121.9844,6.7542],[121.9917,6.7469],[121.9919,6.7439],[121.9883,6.7397],[121.9794,6.7375],[121.9783,6.7358],[121.9814,6.7286],[121.9811,6.7258],[121.9775,6.7231],[121.9725,6.7131],[121.9653,6.7086],[121.9633,6.7097],[121.9675,6.7122],[121.9597,6.7111]]],[[[121.9838,6.7345],[121.9835,6.7321],[121.9817,6.7314],[121.9792,6.7356],[121.9807,6.7366],[121.9838,6.7345]]]]},"properties":{"ADM3_EN":"Isabela City","name":"Isabela City","ADM3_PCODE":"PH99701000","psgc_code":"99701000","ADM2_EN":"Basilan","ADM2_PCODE":"PH9970","ADM1_EN":"Bangsamoro Autonomous Region in Muslim Mindanao (BARMM)","ADM1_PCODE":"PH15","ADM0_EN":"Philippines (the)","ADM0_PCODE":"PH","region_key":"barmm","province_key":"basilan","type":"City"}},{"type":"Feature","geometry":{"type":"MultiPolygon","coordinates":[[[[122.142,6.5661],[122.134,6.575],[122.064,6.5763],[122.0326,6.69],[122.0303,6.6906],[122.0309,6.6936],[122.0296,6.6947],[122.0312,6.6982],[122.0305,6.7015],[122.0337,6.7012],[122.0313,6.7035],[122.0314,6.7093],[122.0339,6.7128],[122.0303,6.716],[122.0298,6.7195],[122.0317,6.7252],[122.0353,6.727],[122.0348,6.7328],[122.0323,6.7344],[122.041,6.7408],[122.0398,6.744],[122.0472,6.7492],[122.0628,6.7517],[122.0753,6.7489],[122.0794,6.7433],[122.0819,6.7313],[122.0894,6.7225],[122.09,6.7172],[122.0969,6.7133],[122.1006,6.7131],[122.1019,6.7161],[122.1109,6.7189],[122.115,6.7225],[122.1304,6.72],[122.1353,6.7178],[122.1394,6.71],[122.1414,6.7019],[122.1372,6.6908],[122.1403,6.6814],[122.1401,6.6772],[122.1475,6.6764],[122.1436,6.6703],[122.155,6.6708],[122.1581,6.6689],[122.1592,6.6753],[122.1636,6.67],[122.1569,6.6578],[122.2059,6.5482],[122.142,6.5661]]]]},"properties":{"ADM3_EN":"Lamitan City","name":"Lamitan City","ADM3_PCODE":"PH150702000","psgc_code":"150702000","ADM2_EN":"Basilan","ADM2_PCODE":"PH1507","ADM1_EN":"Bangsamoro Autonomous Region in Muslim Mindanao (BARMM)","ADM1_PCODE":"PH15","ADM0_EN":"Philippines (the)","ADM0_PCODE":"PH","region_key":"barmm","province_key":"basilan","type":"City"}},{"type":"Feature","geometry":{"type":"MultiPolygon","coordinates":[[[[121.9259,6.5789],[121.8553,6.5792],[121.8511,6.5881],[121.8426,6.5848],[121.836,6.5861],[121.8292,6.5823],[121.8239,6.5833],[121.8119,6.5898],[121.8082,6.5953],[121.7979,6.5982],[121.7942,6.6064],[121.795,6.6086],[121.7989,6.6083],[121.8014,6.6128],[121.7983,6.6243],[121.795,6.6256],[121.7936,6.6281],[121.8039,6.6508],[121.8138,6.6646],[121.8276,6.6743],[121.8293,6.6733],[121.831,6.6789],[121.8383,6.6818],[121.845,6.6828],[121.8667,6.6744],[121.8692,6.6719],[121.8689,6.6681],[121.8708,6.6653],[121.8744,6.6636],[121.8753,6.6611],[121.879,6.6617],[121.8831,6.6603],[121.8853,6.6567],[121.8875,6.6567],[121.8933,6.6617],[121.8983,6.6625],[121.9006,6.6679],[121.9054,6.6719],[121.9171,6.675],[121.9206,6.6404],[121.9256,6.6405],[121.928,6.6352],[121.9316,6.6322],[121.9286,6.6301],[121.9304,6.6257],[121.9274,6.6198],[121.9259,6.5789]]],[[[121.6165,6.6301],[121.6176,6.6288],[121.6162,6.6279],[121.614,6.6291],[121.6151,6.6306],[121.6165,6.6301]]],[[[121.6159,6.6371],[121.6166,6.6355],[121.6137,6.636],[121.6134,6.6338],[121.6126,6.6336],[121.6135,6.6365],[121.6159,6.6371]]],[[[121.6404,6.6406],[121.6396,6.6384],[121.6373,6.639],[121.6399,6.6451],[121.6415,6.6442],[121.6404,6.6406]]],[[[121.6176,6.6479],[121.6179,6.6463],[121.616,6.6468],[121.6162,6.6487],[121.6176,6.6479]]],[[[121.7118,6.6933],[121.7179,6.6859],[121.7159,6.6815],[121.7123,6.6562],[121.7048,6.6426],[121.7029,6.6451],[121.7051,6.6637],[121.7032,6.6851],[121.7059,6.6918],[121.7095,6.6943],[121.7118,6.6933]]],[[[121.8832,6.6889],[121.8769,6.6852],[121.8742,6.6883],[121.8759,6.6916],[121.8789,6.6899],[121.8839,6.6917],[121.8832,6.6889]]],[[[121.6942,6.5843],[121.696,6.5702],[121.6982,6.5674],[121.6967,6.564],[121.6923,6.5662],[121.6896,6.5704],[121.6912,6.5862],[121.6942,6.5843]]],[[[121.6234,6.5923],[121.6232,6.5793],[121.619,6.5712],[121.6198,6.5593],[121.6176,6.5585],[121.6159,6.5646],[121.616,6.5799],[121.6173,6.5843],[121.614,6.5957],[121.6171,6.6024],[121.6179,6.6001],[121.6151,6.594],[121.6179,6.5921],[121.6174,6.5896],[121.6201,6.5851],[121.6179,6.5804],[121.619,6.5785],[121.619,6.5812],[121.6215,6.5796],[121.6224,6.5821],[121.6215,6.5923],[121.6196,6.5926],[121.6212,6.5937],[121.6218,6.6004],[121.6187,6.5976],[121.6195,6.5993],[121.6132,6.6104],[121.5993,6.6243],[121.5999,6.6315],[121.6018,6.6346],[121.6012,6.6409],[121.5965,6.6457],[121.596,6.6482],[121.5937,6.6487],[121.5904,6.6576],[121.5843,6.6646],[121.5837,6.6704],[121.5879,6.676],[121.558,6.6928],[121.5641,6.7042],[121.5896,6.6828],[121.5935,6.6849],[121.6043,6.679],[121.6088,6.6728],[121.6115,6.6646],[121.616,6.6593],[121.6327,6.6523],[121.6307,6.6445],[121.6252,6.6359],[121.6235,6.6359],[121.6232,6.6382],[121.6215,6.6387],[121.6254,6.6412],[121.6257,6.6432],[121.6215,6.6487],[121.6201,6.6479],[121.6185,6.6498],[121.6104,6.6515],[121.6096,6.6485],[121.6087,6.6498],[121.6074,6.6473],[121.6079,6.6457],[121.6093,6.6462],[121.6093,6.6421],[121.6071,6.641],[121.6096,6.6412],[121.6088,6.6396],[121.6104,6.6368],[121.6085,6.6379],[121.6076,6.6351],[121.6109,6.6351],[121.609,6.6345],[121.609,6.6329],[121.6101,6.634],[121.6132,6.6331],[121.6105,6.6332],[121.6101,6.6318],[121.6118,6.629],[121.6135,6.6296],[121.6132,6.626],[121.6149,6.6246],[121.6165,6.6276],[121.6182,6.6229],[121.6185,6.629],[121.6207,6.6293],[121.6221,6.6318],[121.6209,6.634],[121.6254,6.6351],[121.6196,6.6218],[121.6229,6.6121],[121.6234,6.5923]]],[[[121.7787,6.5935],[121.7806,6.5918],[121.7812,6.5876],[121.7762,6.5871],[121.7737,6.5893],[121.7723,6.5951],[121.7745,6.5965],[121.7787,6.5935]]],[[[121.6129,6.5846],[121.6118,6.5826],[121.6109,6.5876],[121.6129,6.5865],[121.6129,6.5846]]],[[[121.6121,6.6068],[121.6107,6.6066],[121.6101,6.606],[121.611,6.6076],[121.6121,6.6068]]],[[[121.7568,6.6118],[121.757,6.6098],[121.7559,6.6087],[121.754,6.6126],[121.7568,6.6118]]],[[[121.7964,6.6094],[121.7917,6.6094],[121.7886,6.6142],[121.79,6.6197],[121.7953,6.6244],[121.7975,6.6233],[121.8003,6.6122],[121.7989,6.6094],[121.7964,6.6094]]],[[[121.5662,6.5834],[121.5632,6.5832],[121.5635,6.5862],[121.5616,6.5868],[121.5668,6.587],[121.5662,6.5834]]],[[[121.5635,6.599],[121.5668,6.5965],[121.5646,6.5915],[121.5599,6.5937],[121.5599,6.6021],[121.5618,6.6021],[121.5635,6.599]]],[[[121.5502,6.6026],[121.5512,6.602],[121.5501,6.6004],[121.5476,6.5998],[121.5451,6.6035],[121.5502,6.6026]]],[[[121.5515,6.6219],[121.5543,6.6191],[121.5446,6.614],[121.544,6.6163],[121.5473,6.6232],[121.5499,6.624],[121.5515,6.6219]]],[[[121.5174,6.6198],[121.5177,6.6148],[121.5149,6.6148],[121.5101,6.6202],[121.5102,6.622],[121.5137,6.6252],[121.5171,6.6257],[121.5174,6.6198]]],[[[121.5632,6.6359],[121.5618,6.6296],[121.5587,6.6293],[121.5595,6.6368],[121.5632,6.6359]]],[[[121.5732,6.6458],[121.5704,6.6437],[121.5687,6.6437],[121.5698,6.6471],[121.5737,6.6482],[121.5732,6.6458]]],[[[121.5335,6.6587],[121.5301,6.6579],[121.5304,6.6493],[121.5335,6.6488],[121.536,6.652],[121.5352,6.6574],[121.5373,6.6554],[121.5376,6.652],[121.5349,6.649],[121.5346,6.6459],[121.5307,6.6459],[121.529,6.6504],[121.529,6.6565],[121.531,6.6598],[121.5338,6.6598],[121.5352,6.6582],[121.5335,6.6587]]],[[[121.6109,6.6357],[121.6124,6.636],[121.6123,6.6349],[121.6112,6.6346],[121.6109,6.6357]]],[[[121.5902,6.6454],[121.589,6.6402],[121.5904,6.639],[121.5915,6.6312],[121.5888,6.6259],[121.5848,6.6251],[121.5798,6.6268],[121.5701,6.6326],[121.5701,6.6402],[121.5768,6.644],[121.5807,6.6485],[121.584,6.6482],[121.5879,6.6504],[121.5896,6.6498],[121.5902,6.6454]]],[[[121.6106,6.6468],[121.6108,6.6473],[121.6103,6.6459],[121.6096,6.646],[121.6106,6.649],[121.6106,6.6468]]],[[[121.6134,6.6487],[121.6145,6.6482],[121.6138,6.6454],[121.6117,6.6474],[121.6115,6.6504],[121.6134,6.6487]]],[[[121.5707,6.6609],[121.568,6.6543],[121.569,6.6523],[121.5704,6.6534],[121.5696,6.6512],[121.5662,6.6465],[121.5632,6.647],[121.5685,6.6565],[121.5687,6.6612],[121.5671,6.6615],[121.569,6.6651],[121.5709,6.6637],[121.5707,6.6609]]],[[[121.4722,6.7467],[121.4692,6.7342],[121.4639,6.7342],[121.4539,6.7425],[121.4508,6.7492],[121.4519,6.7506],[121.4547,6.7494],[121.4556,6.7514],[121.4528,6.7511],[121.4522,6.7528],[121.4569,6.7639],[121.4617,6.7639],[121.4667,6.7586],[121.4714,6.7517],[121.4722,6.7467]]],[[[121.4317,6.7575],[121.4292,6.7665],[121.432,6.7782],[121.435,6.7811],[121.4369,6.7791],[121.4374,6.7765],[121.4355,6.7738],[121.4385,6.7691],[121.4391,6.7613],[121.4365,6.7574],[121.4335,6.7564],[121.4317,6.7575]]],[[[121.5392,6.8344],[121.5483,6.8183],[121.5482,6.8123],[121.5301,6.829],[121.5295,6.8311],[121.5317,6.8341],[121.5342,6.8354],[121.5392,6.8344]]],[[[121.5556,6.8292],[121.5517,6.8344],[121.5483,6.8361],[121.5472,6.8392],[121.5483,6.8428],[121.5519,6.8464],[121.5594,6.8456],[121.5619,6.8411],[121.56,6.8383],[121.5589,6.8294],[121.557,6.8281],[121.5556,6.8292]]],[[[121.5917,6.9044],[121.5936,6.9015],[121.5947,6.8906],[121.5922,6.8878],[121.5881,6.8939],[121.5855,6.9029],[121.5862,6.9063],[121.5881,6.9074],[121.589,6.9042],[121.5917,6.9044]]]]},"properties":{"ADM3_EN":"Lantawan","name":"Lantawan","ADM3_PCODE":"PH150703000","psgc_code":"150703000","ADM2_EN":"Basilan","ADM2_PCODE":"PH1507","ADM1_EN":"Bangsamoro Autonomous Region in Muslim Mindanao (BARMM)","ADM1_PCODE":"PH15","ADM0_EN":"Philippines (the)","ADM0_PCODE":"PH","region_key":"barmm","province_key":"basilan","type":"Municipality"}},{"type":"Feature","geometry":{"type":"MultiPolygon","coordinates":[[[[121.8548,6.4514],[121.8549,6.4534],[121.8578,6.4533],[121.8563,6.451],[121.8548,6.4514]]],[[[121.8303,6.4675],[121.8336,6.4656],[121.8344,6.4575],[121.8303,6.4492],[121.8247,6.4478],[121.8203,6.4497],[121.8176,6.4536],[121.8159,6.4631],[121.8261,6.4685],[121.8303,6.4675]]],[[[121.7821,6.5228],[121.7798,6.5191],[121.7759,6.5184],[121.7726,6.5199],[121.7784,6.5266],[121.7818,6.526],[121.7821,6.5228]]],[[[121.7909,6.5304],[121.7928,6.5285],[121.7928,6.5237],[121.7886,6.5262],[121.79,6.5287],[121.7878,6.5313],[121.7887,6.529],[121.7884,6.5274],[121.787,6.5315],[121.7887,6.5321],[121.7909,6.5304]]],[[[121.8368,6.5271],[121.8359,6.5321],[121.8374,6.5335],[121.839,6.5324],[121.8391,6.5268],[121.8377,6.5257],[121.8368,6.5271]]],[[[121.7634,6.5382],[121.7634,6.5348],[121.7604,6.5354],[121.7578,6.5335],[121.7556,6.5335],[121.7542,6.5371],[121.7553,6.5407],[121.7592,6.541],[121.7634,6.5382]]],[[[121.8376,6.5476],[121.8381,6.546],[121.8356,6.5454],[121.8378,6.5466],[121.8365,6.5468],[121.8362,6.5479],[121.8376,6.5476]]],[[[121.8345,6.549],[121.8359,6.5479],[121.8345,6.5478],[121.8342,6.5459],[121.8311,6.5504],[121.8345,6.549]]],[[[121.8664,6.5408],[121.865,6.5434],[121.8683,6.5467],[121.8701,6.5523],[121.8717,6.553],[121.8727,6.5508],[121.8775,6.5525],[121.8797,6.5583],[121.8703,6.5639],[121.8697,6.5675],[121.8647,6.5758],[121.858,6.5792],[121.9258,6.5789],[121.906,6.4726],[121.9015,6.477],[121.9027,6.4827],[121.8978,6.4792],[121.8908,6.4836],[121.894,6.4902],[121.8931,6.4933],[121.8908,6.4943],[121.8851,6.4922],[121.8813,6.4982],[121.8779,6.4976],[121.8719,6.5009],[121.87,6.5075],[121.8653,6.5141],[121.8642,6.5211],[121.8681,6.5303],[121.8708,6.5275],[121.8741,6.5279],[121.8697,6.5317],[121.8742,6.5372],[121.8664,6.5408]]],[[[121.8667,6.5479],[121.8648,6.5471],[121.8631,6.5499],[121.8662,6.5504],[121.8667,6.5479]]],[[[121.7981,6.5646],[121.7984,6.5615],[121.8017,6.559],[121.8028,6.5529],[121.8059,6.5507],[121.8056,6.549],[121.7956,6.5499],[121.7906,6.5523],[121.7898,6.5603],[121.7904,6.5626],[121.7923,6.5626],[121.7909,6.5657],[121.7951,6.5668],[121.7981,6.5646]]],[[[121.7459,6.5713],[121.7484,6.5695],[121.749,6.5629],[121.7448,6.5646],[121.7429,6.5679],[121.7434,6.571],[121.747,6.5715],[121.7459,6.5713]]],[[[121.8889,6.4906],[121.8906,6.4925],[121.8933,6.4911],[121.8913,6.4883],[121.8889,6.4906]]],[[[121.8717,6.535],[121.8697,6.5333],[121.8681,6.5344],[121.8689,6.5364],[121.8717,6.5364],[121.8717,6.535]]]]},"properties":{"ADM3_EN":"Maluso","name":"Maluso","ADM3_PCODE":"PH150704000","psgc_code":"150704000","ADM2_EN":"Basilan","ADM2_PCODE":"PH1507","ADM1_EN":"Bangsamoro Autonomous Region in Muslim Mindanao (BARMM)","ADM1_PCODE":"PH15","ADM0_EN":"Philippines (the)","ADM0_PCODE":"PH","region_key":"barmm","province_key":"basilan","type":"Municipality"}},{"type":"Feature","geometry":{"type":"MultiPolygon","coordinates":[[[[121.9664,6.2858],[121.9669,6.2858],[121.9686,6.2822],[121.9664,6.2839],[121.9664,6.2858]]],[[[121.9694,6.2922],[121.9667,6.2886],[121.9619,6.2875],[121.9572,6.2928],[121.9558,6.2972],[121.9569,6.3058],[121.9583,6.3103],[121.9611,6.3128],[121.9886,6.3086],[121.9892,6.3064],[121.9931,6.3033],[121.9947,6.2986],[121.9892,6.2875],[121.99,6.2856],[121.9992,6.2908],[122.0036,6.2894],[122.0081,6.2917],[122.0103,6.2953],[122.0095,6.2972],[122.0161,6.2931],[122.0136,6.2878],[122.0031,6.2867],[121.9822,6.2789],[121.9728,6.2778],[121.9689,6.2794],[121.9689,6.2856],[121.9764,6.2808],[121.9792,6.2808],[121.98,6.2833],[121.9764,6.2889],[121.9728,6.2889],[121.9719,6.2925],[121.9694,6.2922]]],[[[121.9239,6.3042],[121.9186,6.3183],[121.9197,6.3239],[121.9242,6.3283],[121.9306,6.3183],[121.9317,6.3078],[121.9294,6.3042],[121.9239,6.3042]]],[[[121.9939,6.3136],[121.9956,6.3128],[121.9942,6.3111],[121.9958,6.3103],[121.9945,6.3083],[121.9892,6.31],[121.9905,6.3131],[121.9939,6.3136]]],[[[121.9772,6.3611],[121.9803,6.3578],[121.9806,6.3539],[121.9853,6.3455],[121.9855,6.3394],[121.9792,6.3353],[121.9681,6.3328],[121.9653,6.3325],[121.9581,6.3356],[121.95,6.3461],[121.9492,6.3511],[121.9599,6.3552],[121.9622,6.3586],[121.9692,6.3586],[121.9753,6.3622],[121.9772,6.3611]]],[[[121.9709,6.4117],[121.9719,6.4099],[121.9694,6.4069],[121.956,6.4066],[121.9496,6.4168],[121.95,6.4197],[121.9531,6.4228],[121.9514,6.4239],[121.9514,6.4272],[121.9578,6.43],[121.9464,6.4314],[121.9441,6.4416],[121.9395,6.4397],[121.9333,6.4419],[121.929,6.4464],[121.9192,6.4464],[121.9167,6.4503],[121.9199,6.4491],[121.9206,6.4503],[121.9173,6.4531],[121.9164,6.4566],[121.9144,6.4561],[121.9147,6.4542],[121.9122,6.4594],[121.9061,6.4653],[121.9056,6.4717],[121.9151,6.5162],[121.9258,6.5789],[122.064,6.5763],[122.0912,6.4869],[122.0896,6.4831],[122.0907,6.4811],[122.0882,6.4789],[122.0892,6.4756],[122.0847,6.471],[122.0833,6.4671],[122.091,6.4582],[122.0913,6.4531],[122.0886,6.4498],[122.088,6.4411],[122.0888,6.4376],[122.0918,6.4346],[122.0904,6.4349],[122.0907,6.4331],[122.0811,6.4256],[122.0775,6.4256],[122.077,6.4276],[122.0755,6.425],[122.0706,6.425],[122.0667,6.4211],[122.063,6.4223],[122.0645,6.42],[122.0636,6.4183],[122.0572,6.4186],[122.0383,6.4114],[122.0339,6.4134],[122.0322,6.4114],[122.0211,6.4106],[122.0189,6.4147],[122.0161,6.4111],[122.0125,6.4103],[122.0053,6.4128],[122.0025,6.4111],[121.9912,6.4108],[121.9842,6.4088],[121.974,6.4122],[121.9722,6.4142],[121.9705,6.4134],[121.9709,6.4117]]],[[[121.9233,6.4356],[121.9232,6.438],[121.9268,6.4376],[121.9256,6.4351],[121.9233,6.4356]]],[[[122.0522,6.3322],[122.0489,6.3231],[122.0383,6.3144],[122.0394,6.3172],[122.0372,6.3197],[122.0428,6.3217],[122.0439,6.3231],[122.0419,6.3258],[122.0483,6.3295],[122.0461,6.3361],[122.0508,6.3364],[122.0503,6.3419],[122.0525,6.3386],[122.0522,6.3322]]],[[[122.0396,6.3324],[122.0414,6.3297],[122.0406,6.3283],[122.0267,6.3306],[122.0242,6.3303],[122.0211,6.3267],[122.0169,6.33],[122.0175,6.3406],[122.0222,6.3475],[122.0308,6.3506],[122.035,6.3464],[122.0348,6.3445],[122.0322,6.3456],[122.0396,6.3324]]],[[[122.0392,6.3922],[122.0367,6.395],[122.0409,6.3977],[122.0425,6.3967],[122.0406,6.3942],[122.0413,6.3921],[122.0392,6.3922]]],[[[121.9084,6.4497],[121.9075,6.4544],[121.9103,6.4564],[121.9128,6.4511],[121.91,6.4481],[121.9084,6.4497]]]]},"properties":{"ADM3_EN":"Sumisip","name":"Sumisip","ADM3_PCODE":"PH150705000","psgc_code":"150705000","ADM2_EN":"Basilan","ADM2_PCODE":"PH1507","ADM1_EN":"Bangsamoro Autonomous Region in Muslim Mindanao (BARMM)","ADM1_PCODE":"PH15","ADM0_EN":"Philippines (the)","ADM0_PCODE":"PH","region_key":"barmm","province_key":"basilan","type":"Municipality"}},{"type":"Feature","geometry":{"type":"MultiPolygon","coordinates":[[[[122.1401,6.4867],[122.1547,6.4871],[122.1584,6.4743],[122.1829,6.4777],[122.185,6.4689],[122.1454,6.4657],[122.1401,6.4867]]],[[[122.2005,6.5292],[122.1917,6.5217],[122.1936,6.5112],[122.1765,6.5103],[122.1787,6.4983],[122.1511,6.4986],[122.1479,6.5099],[122.1608,6.5102],[122.155,6.5273],[122.1736,6.5274],[122.1669,6.5444],[122.1494,6.5449],[122.142,6.5661],[122.2059,6.5482],[122.2028,6.5406],[122.2028,6.5328],[122.2005,6.5292]]],[[[122.1321,6.5294],[122.1394,6.5099],[122.1188,6.5092],[122.1148,6.5245],[122.1321,6.5294]]],[[[122.2178,6.4981],[122.2169,6.4944],[122.2164,6.4981],[122.2133,6.5006],[122.2153,6.5008],[122.2178,6.4981]]],[[[122.2044,6.5308],[122.2056,6.5325],[122.2064,6.5325],[122.2056,6.5297],[122.2044,6.5308]]],[[[122.1494,6.5449],[122.155,6.5273],[122.1425,6.527],[122.1371,6.545],[122.1494,6.5449]]]]},"properties":{"ADM3_EN":"Tipo-Tipo","name":"Tipo-Tipo","ADM3_PCODE":"PH150706000","psgc_code":"150706000","ADM2_EN":"Basilan","ADM2_PCODE":"PH1507","ADM1_EN":"Bangsamoro Autonomous Region in Muslim Mindanao (BARMM)","ADM1_PCODE":"PH15","ADM0_EN":"Philippines (the)","ADM0_PCODE":"PH","region_key":"barmm","province_key":"basilan","type":"Municipality"}},{"type":"Feature","geometry":{"type":"MultiPolygon","coordinates":[[[[122.1799,6.6061],[122.17,6.6276],[122.1971,6.6283],[122.1922,6.6426],[122.2371,6.6396],[122.246,6.6139],[122.2717,6.6134],[122.268,6.6246],[122.2909,6.628],[122.2986,6.612],[122.2754,6.5996],[122.2513,6.5997],[122.2515,6.594],[122.2467,6.5956],[122.2372,6.5944],[122.2333,6.5917],[122.2278,6.5917],[122.2269,6.5897],[122.2261,6.5915],[122.2186,6.5825],[122.2161,6.5831],[122.2134,6.5806],[122.1917,6.5792],[122.1799,6.6061]],[[122.2016,6.6149],[122.2073,6.5986],[122.2278,6.5991],[122.2175,6.6281],[122.1971,6.6283],[122.2016,6.6149]]]]},"properties":{"ADM3_EN":"Tuburan","name":"Tuburan","ADM3_PCODE":"PH150707000","psgc_code":"150707000","ADM2_EN":"Basilan","ADM2_PCODE":"PH1507","ADM1_EN":"Bangsamoro Autonomous Region in Muslim Mindanao (BARMM)","ADM1_PCODE":"PH15","ADM0_EN":"Philippines (the)","ADM0_PCODE":"PH","region_key":"barmm","province_key":"basilan","type":"Municipality"}},{"type":"Feature","geometry":{"type":"MultiPolygon","coordinates":[[[[122.0888,6.4376],[122.088,6.4467],[122.0913,6.4531],[122.0913,6.4568],[122.0878,6.4606],[122.087,6.464],[122.0833,6.4671],[122.0847,6.471],[122.0892,6.4756],[122.0882,6.4789],[122.0907,6.4811],[122.0896,6.4831],[122.0912,6.4869],[122.084,6.5104],[122.0935,6.5083],[122.0964,6.5017],[122.0988,6.5049],[122.1022,6.5053],[122.1036,6.5091],[122.1099,6.508],[122.1119,6.5097],[122.1149,6.5095],[122.1138,6.5101],[122.1157,6.5104],[122.1153,6.5122],[122.1179,6.5124],[122.1301,6.4647],[122.1609,6.4667],[122.1649,6.4541],[122.1614,6.4511],[122.1528,6.4503],[122.1503,6.4478],[122.1492,6.4497],[122.1422,6.4464],[122.1425,6.4453],[122.1458,6.4456],[122.1439,6.4436],[122.1389,6.4461],[122.1339,6.4458],[122.1208,6.4386],[122.1139,6.4403],[122.0933,6.4342],[122.0888,6.4376]]],[[[122.195,6.4717],[122.1961,6.4667],[122.1928,6.4612],[122.1866,6.4592],[122.185,6.4689],[122.195,6.4717]]],[[[122.155,6.5273],[122.1608,6.5102],[122.1394,6.5099],[122.1246,6.5496],[122.1171,6.5489],[122.1151,6.5584],[122.121,6.5591],[122.1158,6.5751],[122.134,6.575],[122.1402,6.5691],[122.1494,6.5449],[122.1371,6.545],[122.1425,6.527],[122.155,6.5273]]]]},"properties":{"ADM3_EN":"Ungkaya Pukan","name":"Ungkaya Pukan","ADM3_PCODE":"PH150711000","psgc_code":"150711000","ADM2_EN":"Basilan","ADM2_PCODE":"PH1507","ADM1_EN":"Bangsamoro Autonomous Region in Muslim Mindanao (BARMM)","ADM1_PCODE":"PH15","ADM0_EN":"Philippines (the)","ADM0_PCODE":"PH","region_key":"barmm","province_key":"basilan","type":"Municipality"}},{"type":"Feature","geometry":{"type":"MultiPolygon","coordinates":[[[[124.1375,7.8576],[124.1393,7.8586],[124.1407,7.8583],[124.1363,7.8558],[124.1375,7.8576]]],[[[124.1364,7.865],[124.1316,7.8611],[124.1248,7.8645],[124.1197,7.8622],[124.114,7.8691],[124.1149,7.8725],[124.1136,7.8751],[124.0954,7.9],[124.1008,7.9002],[124.1421,7.8782],[124.1456,7.8731],[124.139,7.8695],[124.1364,7.865]]]]},"properties":{"ADM3_EN":"Bacolod Kalawi","name":"Bacolod Kalawi","ADM3_PCODE":"PH153601000","psgc_code":"153601000","ADM2_EN":"Lanao del Sur","ADM2_PCODE":"PH1536","ADM1_EN":"Bangsamoro Autonomous Region in Muslim Mindanao (BARMM)","ADM1_PCODE":"PH15","ADM0_EN":"Philippines (the)","ADM0_PCODE":"PH","region_key":"barmm","province_key":"lanao_del_sur","type":"Municipality"}},{"type":"Feature","geometry":{"type":"MultiPolygon","coordinates":[[[[124.1208,7.505],[124.1089,7.5253],[124.0942,7.5394],[124.0928,7.5458],[124.0878,7.5503],[124.0881,7.5517],[124.0894,7.5529],[124.0938,7.5506],[124.097,7.5511],[124.1065,7.5615],[124.1128,7.5648],[124.1226,7.5657],[124.1302,7.5686],[124.1393,7.5775],[124.1782,7.5621],[124.1874,7.565],[124.1982,7.5451],[124.2086,7.5338],[124.1896,7.522],[124.1855,7.5231],[124.1819,7.5264],[124.1783,7.5265],[124.1711,7.5195],[124.1669,7.5193],[124.1607,7.5112],[124.1612,7.5098],[124.1586,7.5079],[124.159,7.5051],[124.1441,7.5165],[124.1379,7.5037],[124.1391,7.5022],[124.1342,7.5009],[124.1304,7.5034],[124.1202,7.502],[124.1208,7.505]]]]},"properties":{"ADM3_EN":"Balabagan","name":"Balabagan","ADM3_PCODE":"PH153602000","psgc_code":"153602000","ADM2_EN":"Lanao del Sur","ADM2_PCODE":"PH1536","ADM1_EN":"Bangsamoro Autonomous Region in Muslim Mindanao (BARMM)","ADM1_PCODE":"PH15","ADM0_EN":"Philippines (the)","ADM0_PCODE":"PH","region_key":"barmm","province_key":"lanao_del_sur","type":"Municipality"}},{"type":"Feature","geometry":{"type":"MultiPolygon","coordinates":[[[[124.2049,7.8873],[124.2026,7.8871],[124.2003,7.8881],[124.2047,7.8896],[124.2049,7.8873]]],[[[124.2064,7.906],[124.209,7.9036],[124.2123,7.9035],[124.1989,7.8992],[124.1937,7.8938],[124.1932,7.89],[124.1877,7.8888],[124.1724,7.9061],[124.1311,7.9412],[124.1356,7.9535],[124.2206,7.9416],[124.2155,7.9375],[124.2194,7.9335],[124.219,7.932],[124.2151,7.9296],[124.2122,7.9302],[124.2085,7.9253],[124.2057,7.9249],[124.2054,7.9212],[124.1969,7.9162],[124.1957,7.9134],[124.1981,7.9065],[124.2064,7.906]]]]},"properties":{"ADM3_EN":"Balindong","name":"Balindong","ADM3_PCODE":"PH153603000","psgc_code":"153603000","ADM2_EN":"Lanao del Sur","ADM2_PCODE":"PH1536","ADM1_EN":"Bangsamoro Autonomous Region in Muslim Mindanao (BARMM)","ADM1_PCODE":"PH15","ADM0_EN":"Philippines (the)","ADM0_PCODE":"PH","region_key":"barmm","province_key":"lanao_del_sur","type":"Municipality"}},{"type":"Feature","geometry":{"type":"MultiPolygon","coordinates":[[[[124.1958,7.6822],[124.1844,7.6875],[124.1876,7.7998],[124.1976,7.7983],[124.1974,7.7934],[124.1908,7.7908],[124.1908,7.7867],[124.2074,7.7831],[124.2141,7.7838],[124.222,7.6978],[124.2007,7.6803],[124.1958,7.6822]]]]},"properties":{"ADM3_EN":"Bayang","name":"Bayang","ADM3_PCODE":"PH153604000","psgc_code":"153604000","ADM2_EN":"Lanao del Sur","ADM2_PCODE":"PH1536","ADM1_EN":"Bangsamoro Autonomous Region in Muslim Mindanao (BARMM)","ADM1_PCODE":"PH15","ADM0_EN":"Philippines (the)","ADM0_PCODE":"PH","region_key":"barmm","province_key":"lanao_del_sur","type":"Municipality"}},{"type":"Feature","geometry":{"type":"MultiPolygon","coordinates":[[[[124.1783,7.69],[124.1374,7.7077],[124.1539,7.8082],[124.1563,7.809],[124.1695,7.8054],[124.1762,7.8052],[124.1876,7.7998],[124.1844,7.6875],[124.1783,7.69]]],[[[124.1818,7.8168],[124.1811,7.8135],[124.1767,7.8131],[124.1712,7.8176],[124.1766,7.8193],[124.1818,7.8168]]]]},"properties":{"ADM3_EN":"Binidayan","name":"Binidayan","ADM3_PCODE":"PH153605000","psgc_code":"153605000","ADM2_EN":"Lanao del Sur","ADM2_PCODE":"PH1536","ADM1_EN":"Bangsamoro Autonomous Region in Muslim Mindanao (BARMM)","ADM1_PCODE":"PH15","ADM0_EN":"Philippines (the)","ADM0_PCODE":"PH","region_key":"barmm","province_key":"lanao_del_sur","type":"Municipality"}},{"type":"Feature","geometry":{"type":"MultiPolygon","coordinates":[[[[124.3601,7.96],[124.357,7.9665],[124.354,7.9679],[124.3508,7.9673],[124.351,7.9656],[124.349,7.9645],[124.3436,7.9661],[124.3495,7.974],[124.3467,7.9765],[124.3494,7.988],[124.367,7.9908],[124.3684,7.9887],[124.3704,7.9905],[124.3738,7.9884],[124.3771,7.9909],[124.3785,7.989],[124.379,7.9917],[124.3834,7.995],[124.3841,7.9987],[124.3857,7.9981],[124.3911,8.0014],[124.3944,8.0011],[124.3964,7.9991],[124.4048,7.9993],[124.4072,7.9995],[124.4086,8.0019],[124.4238,8.0066],[124.4271,8.005],[124.4332,8.0056],[124.4345,8.0071],[124.4365,8.0049],[124.4239,7.9858],[124.4141,7.9606],[124.368,7.9501],[124.3627,7.951],[124.3625,7.9564],[124.3601,7.96]]]]},"properties":{"ADM3_EN":"Buadiposo-Buntong","name":"Buadiposo-Buntong","ADM3_PCODE":"PH153633000","psgc_code":"153633000","ADM2_EN":"Lanao del Sur","ADM2_PCODE":"PH1536","ADM1_EN":"Bangsamoro Autonomous Region in Muslim Mindanao (BARMM)","ADM1_PCODE":"PH15","ADM0_EN":"Philippines (the)","ADM0_PCODE":"PH","region_key":"barmm","province_key":"lanao_del_sur","type":"Municipality"}},{"type":"Feature","geometry":{"type":"MultiPolygon","coordinates":[[[[124.3699,7.9905],[124.3684,7.9887],[124.367,7.9908],[124.3466,7.988],[124.3449,8.0318],[124.3898,8.0301],[124.4478,8.0547],[124.4685,8.0724],[124.5124,8.121],[124.5144,8.1204],[124.5173,8.1192],[124.5232,8.1013],[124.5327,8.0923],[124.5334,8.0881],[124.5316,8.0862],[124.532,8.0834],[124.5426,8.069],[124.5417,8.0601],[124.5452,8.047],[124.5441,8.0424],[124.5455,8.0396],[124.5434,8.0339],[124.5444,8.0276],[124.5515,8.021],[124.5574,8.0114],[124.5542,8.0069],[124.5543,8.0046],[124.5575,8.0025],[124.5579,7.9992],[124.5612,7.997],[124.5573,7.984],[124.5613,7.9791],[124.5612,7.9757],[124.5664,7.9675],[124.6005,7.9162],[124.5717,7.9254],[124.5341,7.9446],[124.4839,7.9782],[124.4829,7.982],[124.4785,7.9827],[124.4779,7.9888],[124.4747,7.991],[124.4722,7.989],[124.4687,7.9909],[124.4671,7.9944],[124.4647,7.9927],[124.4629,7.9944],[124.4621,7.9934],[124.4592,7.9972],[124.4555,7.9965],[124.4541,7.9979],[124.4516,7.9967],[124.4531,7.9949],[124.4491,7.9936],[124.4435,7.9962],[124.4417,7.9987],[124.4378,7.999],[124.4371,8.0037],[124.4345,8.0071],[124.4332,8.0056],[124.4271,8.005],[124.4232,8.0065],[124.4086,8.0019],[124.4072,7.9995],[124.3964,7.9991],[124.3944,8.0011],[124.3906,8.0013],[124.3857,7.9981],[124.3841,7.9987],[124.3834,7.995],[124.379,7.9917],[124.3785,7.989],[124.3775,7.9909],[124.3738,7.9884],[124.3699,7.9905]]]]},"properties":{"ADM3_EN":"Bubong","name":"Bubong","ADM3_PCODE":"PH153606000","psgc_code":"153606000","ADM2_EN":"Lanao del Sur","ADM2_PCODE":"PH1536","ADM1_EN":"Bangsamoro Autonomous Region in Muslim Mindanao (BARMM)","ADM1_PCODE":"PH15","ADM0_EN":"Philippines (the)","ADM0_PCODE":"PH","region_key":"barmm","province_key":"lanao_del_sur","type":"Municipality"}},{"type":"Feature","geometry":{"type":"MultiPolygon","coordinates":[[[[124.6348,7.6211],[124.6294,7.6196],[124.6266,7.6225],[124.618,7.621],[124.6081,7.6224],[124.6036,7.6247],[124.6038,7.6381],[124.5888,7.6505],[124.5684,7.6731],[124.5586,7.6781],[124.5814,7.7113],[124.6318,7.775],[124.6659,7.8209],[124.6715,7.8161],[124.673,7.8092],[124.6783,7.8022],[124.6805,7.7962],[124.69,7.788],[124.698,7.7835],[124.7035,7.7764],[124.7046,7.7705],[124.7065,7.7685],[124.7087,7.7536],[124.693,7.7281],[124.6397,7.6166],[124.637,7.6209],[124.6348,7.6211]]]]},"properties":{"ADM3_EN":"Bumbaran","name":"Bumbaran","ADM3_PCODE":"PH153637000","psgc_code":"153637000","ADM2_EN":"Lanao del Sur","ADM2_PCODE":"PH1536","ADM1_EN":"Bangsamoro Autonomous Region in Muslim Mindanao (BARMM)","ADM1_PCODE":"PH15","ADM0_EN":"Philippines (the)","ADM0_PCODE":"PH","region_key":"barmm","province_key":"lanao_del_sur","type":"Municipality"}},{"type":"Feature","geometry":{"type":"MultiPolygon","coordinates":[[[[124.328,7.7018],[124.3297,7.6917],[124.3432,7.6708],[124.3425,7.6677],[124.3491,7.6307],[124.3045,7.6416],[124.2942,7.655],[124.2893,7.664],[124.2897,7.6725],[124.2859,7.6838],[124.2849,7.6929],[124.2833,7.6951],[124.2863,7.731],[124.2738,7.7393],[124.3261,7.7907],[124.328,7.7018]]]]},"properties":{"ADM3_EN":"Butig","name":"Butig","ADM3_PCODE":"PH153607000","psgc_code":"153607000","ADM2_EN":"Lanao del Sur","ADM2_PCODE":"PH1536","ADM1_EN":"Bangsamoro Autonomous Region in Muslim Mindanao (BARMM)","ADM1_PCODE":"PH15","ADM0_EN":"Philippines (the)","ADM0_PCODE":"PH","region_key":"barmm","province_key":"lanao_del_sur","type":"Municipality"}},{"type":"Feature","geometry":{"type":"MultiPolygon","coordinates":[[[[124.0384,7.684],[124.0009,7.6942],[124.0108,7.7103],[124.0143,7.7226],[124.0137,7.7388],[124.009,7.7532],[124.0312,7.7907],[124.0362,7.7836],[124.0455,7.7778],[124.0585,7.7748],[124.0692,7.7691],[124.0894,7.7673],[124.0921,7.7655],[124.0947,7.7556],[124.0981,7.7498],[124.097,7.7455],[124.0982,7.7401],[124.0917,7.7338],[124.0936,7.7276],[124.0666,7.7397],[124.0384,7.684]]]]},"properties":{"ADM3_EN":"Calanogas","name":"Calanogas","ADM3_PCODE":"PH153632000","psgc_code":"153632000","ADM2_EN":"Lanao del Sur","ADM2_PCODE":"PH1536","ADM1_EN":"Bangsamoro Autonomous Region in Muslim Mindanao (BARMM)","ADM1_PCODE":"PH15","ADM0_EN":"Philippines (the)","ADM0_PCODE":"PH","region_key":"barmm","province_key":"lanao_del_sur","type":"Municipality"}},{"type":"Feature","geometry":{"type":"MultiPolygon","coordinates":[[[[124.341,7.968],[124.3329,7.9753],[124.3294,7.9806],[124.3329,7.9906],[124.3293,7.994],[124.3343,7.9969],[124.3336,8.0029],[124.3313,8.0057],[124.3195,8.0117],[124.3449,8.0318],[124.3466,7.988],[124.3494,7.988],[124.3467,7.9765],[124.3495,7.974],[124.3436,7.9661],[124.341,7.968]]]]},"properties":{"ADM3_EN":"Ditsaan-Ramain","name":"Ditsaan-Ramain","ADM3_PCODE":"PH153624000","psgc_code":"153624000","ADM2_EN":"Lanao del Sur","ADM2_PCODE":"PH1536","ADM1_EN":"Bangsamoro Autonomous Region in Muslim Mindanao (BARMM)","ADM1_PCODE":"PH15","ADM0_EN":"Philippines (the)","ADM0_PCODE":"PH","region_key":"barmm","province_key":"lanao_del_sur","type":"Municipality"}},{"type":"Feature","geometry":{"type":"MultiPolygon","coordinates":[[[[124.121,7.7745],[124.0747,7.7794],[124.0878,7.8047],[124.0604,7.8406],[124.0443,7.8589],[124.0688,7.8462],[124.1118,7.8316],[124.1057,7.8281],[124.1061,7.8227],[124.1224,7.8183],[124.1254,7.8149],[124.1335,7.8123],[124.1368,7.8078],[124.1424,7.8065],[124.1539,7.8082],[124.1482,7.7714],[124.121,7.7745]]]]},"properties":{"ADM3_EN":"Ganassi","name":"Ganassi","ADM3_PCODE":"PH153609000","psgc_code":"153609000","ADM2_EN":"Lanao del Sur","ADM2_PCODE":"PH1536","ADM1_EN":"Bangsamoro Autonomous Region in Muslim Mindanao (BARMM)","ADM1_PCODE":"PH15","ADM0_EN":"Philippines (the)","ADM0_PCODE":"PH","region_key":"barmm","province_key":"lanao_del_sur","type":"Municipality"}},{"type":"Feature","geometry":{"type":"MultiPolygon","coordinates":[[[[124.3844,8.104],[124.3931,8.1002],[124.3974,8.0534],[124.3898,8.0301],[124.3449,8.0318],[124.2945,8.0737],[124.2804,8.0969],[124.2759,8.1318],[124.2915,8.1682],[124.2946,8.1723],[124.2984,8.2078],[124.3318,8.2122],[124.3463,8.1958],[124.3779,8.1859],[124.3772,8.1147],[124.3844,8.104]]]]},"properties":{"ADM3_EN":"Kapai","name":"Kapai","ADM3_PCODE":"PH153610000","psgc_code":"153610000","ADM2_EN":"Lanao del Sur","ADM2_PCODE":"PH1536","ADM1_EN":"Bangsamoro Autonomous Region in Muslim Mindanao (BARMM)","ADM1_PCODE":"PH15","ADM0_EN":"Philippines (the)","ADM0_PCODE":"PH","region_key":"barmm","province_key":"lanao_del_sur","type":"Municipality"}},{"type":"Feature","geometry":{"type":"MultiPolygon","coordinates":[[[[124.1669,7.4289],[124.1556,7.4336],[124.1481,7.4342],[124.145,7.4369],[124.1411,7.4361],[124.1389,7.4394],[124.1353,7.44],[124.1342,7.4453],[124.1308,7.4439],[124.1281,7.4464],[124.1283,7.4531],[124.1305,7.455],[124.1372,7.4475],[124.1444,7.4503],[124.1464,7.4547],[124.1458,7.4608],[124.1433,7.4653],[124.1331,7.4714],[124.1272,7.4864],[124.1272,7.49],[124.12,7.5019],[124.1304,7.5034],[124.1342,7.5009],[124.1391,7.5022],[124.1379,7.5037],[124.1441,7.5165],[124.159,7.5051],[124.1586,7.5079],[124.1612,7.5098],[124.1607,7.5112],[124.1669,7.5193],[124.1711,7.5195],[124.1783,7.5265],[124.1819,7.5264],[124.1855,7.5231],[124.1896,7.522],[124.2086,7.5338],[124.2397,7.4921],[124.2201,7.4649],[124.1948,7.4414],[124.2005,7.4368],[124.2048,7.4251],[124.1985,7.421],[124.195,7.4208],[124.1919,7.4158],[124.1833,7.4092],[124.1794,7.4094],[124.1764,7.4061],[124.1722,7.4064],[124.1628,7.4003],[124.1561,7.4017],[124.1536,7.4044],[124.1594,7.4086],[124.1636,7.4067],[124.1675,7.4106],[124.1739,7.4092],[124.1797,7.4144],[124.1789,7.4156],[124.17,7.4153],[124.1683,7.4189],[124.1686,7.4233],[124.1731,7.4264],[124.1714,7.4283],[124.1669,7.4289]]]]},"properties":{"ADM3_EN":"Kapatagan","name":"Kapatagan","ADM3_PCODE":"PH153639000","psgc_code":"153639000","ADM2_EN":"Lanao del Sur","ADM2_PCODE":"PH1536","ADM1_EN":"Bangsamoro Autonomous Region in Muslim Mindanao (BARMM)","ADM1_PCODE":"PH15","ADM0_EN":"Philippines (the)","ADM0_PCODE":"PH","region_key":"barmm","province_key":"lanao_del_sur","type":"Municipality"}},{"type":"Feature","geometry":{"type":"MultiPolygon","coordinates":[[[[124.33,7.7896],[124.3391,7.7893],[124.3485,7.7928],[124.3565,7.8005],[124.3633,7.8119],[124.3651,7.8218],[124.365,7.8342],[124.3638,7.8446],[124.36,7.8566],[124.3548,7.8692],[124.3392,7.8821],[124.3419,7.8844],[124.3454,7.8842],[124.3465,7.886],[124.3504,7.8857],[124.354,7.8899],[124.3568,7.8886],[124.3643,7.8921],[124.373,7.8919],[124.3834,7.8855],[124.4083,7.8756],[124.4196,7.8739],[124.4275,7.8776],[124.4304,7.876],[124.4325,7.8716],[124.4387,7.8697],[124.4416,7.8668],[124.4412,7.8651],[124.4452,7.8657],[124.446,7.8675],[124.4526,7.8645],[124.4572,7.86],[124.4608,7.8602],[124.464,7.8628],[124.4681,7.8596],[124.4749,7.8578],[124.4859,7.8455],[124.6565,7.8086],[124.5814,7.7113],[124.5586,7.6781],[124.538,7.6819],[124.5108,7.681],[124.4961,7.6786],[124.464,7.6572],[124.4406,7.652],[124.4218,7.6329],[124.3654,7.5678],[124.357,7.5705],[124.3502,7.5779],[124.3502,7.6189],[124.3425,7.6677],[124.3432,7.6708],[124.3281,7.6959],[124.3261,7.7907],[124.33,7.7896]]]]},"properties":{"ADM3_EN":"Lumba-Bayabao","name":"Lumba-Bayabao","ADM3_PCODE":"PH153611000","psgc_code":"153611000","ADM2_EN":"Lanao del Sur","ADM2_PCODE":"PH1536","ADM1_EN":"Bangsamoro Autonomous Region in Muslim Mindanao (BARMM)","ADM1_PCODE":"PH15","ADM0_EN":"Philippines (the)","ADM0_PCODE":"PH","region_key":"barmm","province_key":"lanao_del_sur","type":"Municipality"}},{"type":"Feature","geometry":{"type":"MultiPolygon","coordinates":[[[[124.2174,7.7431],[124.2171,7.7477],[124.2208,7.7484],[124.2223,7.7465],[124.2254,7.7462],[124.2259,7.7501],[124.231,7.7506],[124.2402,7.7216],[124.2439,7.7227],[124.2492,7.7278],[124.2507,7.7203],[124.222,7.6978],[124.2174,7.7431]]]]},"properties":{"ADM3_EN":"Lumbaca Unayan","name":"Lumbaca Unayan","ADM3_PCODE":"PH153641000","psgc_code":"153641000","ADM2_EN":"Lanao del Sur","ADM2_PCODE":"PH1536","ADM1_EN":"Bangsamoro Autonomous Region in Muslim Mindanao (BARMM)","ADM1_PCODE":"PH15","ADM0_EN":"Philippines (the)","ADM0_PCODE":"PH","region_key":"barmm","province_key":"lanao_del_sur","type":"Municipality"}},{"type":"Feature","geometry":{"type":"MultiPolygon","coordinates":[[[[124.2693,7.7462],[124.2738,7.7393],[124.2507,7.7203],[124.2492,7.7278],[124.2439,7.7227],[124.2402,7.7216],[124.231,7.7506],[124.2259,7.7501],[124.2254,7.7462],[124.2223,7.7465],[124.2208,7.7484],[124.2171,7.7477],[124.2141,7.7838],[124.218,7.7793],[124.2235,7.7778],[124.236,7.7816],[124.2525,7.7811],[124.2693,7.7462]]]]},"properties":{"ADM3_EN":"Lumbatan","name":"Lumbatan","ADM3_PCODE":"PH153612000","psgc_code":"153612000","ADM2_EN":"Lanao del Sur","ADM2_PCODE":"PH1536","ADM1_EN":"Bangsamoro Autonomous Region in Muslim Mindanao (BARMM)","ADM1_PCODE":"PH15","ADM0_EN":"Philippines (the)","ADM0_PCODE":"PH","region_key":"barmm","province_key":"lanao_del_sur","type":"Municipality"}},{"type":"Feature","geometry":{"type":"MultiPolygon","coordinates":[[[[124.2902,7.7552],[124.2738,7.7393],[124.2525,7.7811],[124.2625,7.7864],[124.2691,7.7882],[124.3007,7.788],[124.303,7.7867],[124.3155,7.7887],[124.3225,7.7937],[124.3261,7.7907],[124.2902,7.7552]]]]},"properties":{"ADM3_EN":"Lumbayanague","name":"Lumbayanague","ADM3_PCODE":"PH153636000","psgc_code":"153636000","ADM2_EN":"Lanao del Sur","ADM2_PCODE":"PH1536","ADM1_EN":"Bangsamoro Autonomous Region in Muslim Mindanao (BARMM)","ADM1_PCODE":"PH15","ADM0_EN":"Philippines (the)","ADM0_PCODE":"PH","region_key":"barmm","province_key":"lanao_del_sur","type":"Municipality"}},{"type":"Feature","geometry":{"type":"MultiPolygon","coordinates":[[[[124.1052,7.8516],[124.0973,7.8565],[124.0863,7.8706],[124.0715,7.8997],[124.0954,7.9],[124.1136,7.8751],[124.1149,7.8725],[124.114,7.8691],[124.1197,7.8622],[124.114,7.857],[124.1072,7.8571],[124.1048,7.854],[124.1068,7.8512],[124.1052,7.8516]]]]},"properties":{"ADM3_EN":"Madalum","name":"Madalum","ADM3_PCODE":"PH153613000","psgc_code":"153613000","ADM2_EN":"Lanao del Sur","ADM2_PCODE":"PH1536","ADM1_EN":"Bangsamoro Autonomous Region in Muslim Mindanao (BARMM)","ADM1_PCODE":"PH15","ADM0_EN":"Philippines (the)","ADM0_PCODE":"PH","region_key":"barmm","province_key":"lanao_del_sur","type":"Municipality"}},{"type":"Feature","geometry":{"type":"MultiPolygon","coordinates":[[[[124.0951,7.8367],[124.0688,7.8462],[124.0443,7.8589],[124.0307,7.8785],[124.0234,7.8996],[124.0715,7.8997],[124.0813,7.8789],[124.093,7.8614],[124.1002,7.8538],[124.111,7.8482],[124.1144,7.8334],[124.1118,7.8316],[124.0951,7.8367]]]]},"properties":{"ADM3_EN":"Madamba","name":"Madamba","ADM3_PCODE":"PH153614000","psgc_code":"153614000","ADM2_EN":"Lanao del Sur","ADM2_PCODE":"PH1536","ADM1_EN":"Bangsamoro Autonomous Region in Muslim Mindanao (BARMM)","ADM1_PCODE":"PH15","ADM0_EN":"Philippines (the)","ADM0_PCODE":"PH","region_key":"barmm","province_key":"lanao_del_sur","type":"Municipality"}},{"type":"Feature","geometry":{"type":"MultiPolygon","coordinates":[[[[124.4011,7.8788],[124.3834,7.8855],[124.373,7.8919],[124.3643,7.8921],[124.3568,7.8886],[124.3543,7.8923],[124.3604,7.8946],[124.3602,7.8965],[124.3749,7.9127],[124.4403,7.9096],[124.418,7.9391],[124.413,7.9506],[124.4134,7.958],[124.42,7.9771],[124.4284,7.9939],[124.4365,8.0049],[124.4378,7.999],[124.4417,7.9987],[124.4435,7.9962],[124.4491,7.9936],[124.4531,7.9949],[124.4516,7.9967],[124.4541,7.9979],[124.4555,7.9965],[124.4592,7.9972],[124.4621,7.9934],[124.4629,7.9944],[124.4647,7.9927],[124.4671,7.9944],[124.4687,7.9909],[124.4722,7.989],[124.4747,7.991],[124.4779,7.9888],[124.4785,7.9827],[124.4829,7.982],[124.4839,7.9782],[124.5341,7.9446],[124.5717,7.9254],[124.6005,7.9162],[124.601,7.9111],[124.5976,7.9076],[124.5982,7.9052],[124.6101,7.9],[124.6193,7.8913],[124.6237,7.8914],[124.6248,7.8895],[124.6219,7.8776],[124.6168,7.8758],[124.6173,7.8708],[124.6248,7.8704],[124.6273,7.8655],[124.6261,7.8616],[124.6276,7.8528],[124.6306,7.8501],[124.6312,7.8464],[124.6483,7.8352],[124.6499,7.8374],[124.6546,7.8352],[124.6577,7.8367],[124.6606,7.836],[124.6623,7.8275],[124.6659,7.8209],[124.6565,7.8086],[124.5526,7.8319],[124.5271,7.8359],[124.4859,7.8455],[124.4749,7.8578],[124.4681,7.8596],[124.464,7.8628],[124.4608,7.8602],[124.4572,7.86],[124.4526,7.8645],[124.446,7.8675],[124.4452,7.8657],[124.4412,7.8651],[124.4416,7.8668],[124.4387,7.8697],[124.4325,7.8716],[124.4304,7.876],[124.4275,7.8776],[124.4196,7.8739],[124.4083,7.8756],[124.4011,7.8788]]]]},"properties":{"ADM3_EN":"Maguing","name":"Maguing","ADM3_PCODE":"PH153634000","psgc_code":"153634000","ADM2_EN":"Lanao del Sur","ADM2_PCODE":"PH1536","ADM1_EN":"Bangsamoro Autonomous Region in Muslim Mindanao (BARMM)","ADM1_PCODE":"PH15","ADM0_EN":"Philippines (the)","ADM0_PCODE":"PH","region_key":"barmm","province_key":"lanao_del_sur","type":"Municipality"}},{"type":"Feature","geometry":{"type":"MultiPolygon","coordinates":[[[[124.0894,7.5529],[124.0879,7.5507],[124.0664,7.5836],[124.0458,7.6006],[124.0469,7.6025],[124.05,7.6033],[124.0447,7.6047],[124.0439,7.6122],[124.0372,7.6219],[124.043,7.6347],[124.0405,7.6524],[124.0431,7.6583],[124.0426,7.6788],[124.0436,7.6814],[124.0563,7.6771],[124.0881,7.6501],[124.1393,7.5775],[124.1302,7.5686],[124.1226,7.5657],[124.1128,7.5648],[124.1065,7.5615],[124.097,7.5511],[124.0938,7.5506],[124.0894,7.5529]]]]},"properties":{"ADM3_EN":"Malabang","name":"Malabang","ADM3_PCODE":"PH153615000","psgc_code":"153615000","ADM2_EN":"Lanao del Sur","ADM2_PCODE":"PH1536","ADM1_EN":"Bangsamoro Autonomous Region in Muslim Mindanao (BARMM)","ADM1_PCODE":"PH15","ADM0_EN":"Philippines (the)","ADM0_PCODE":"PH","region_key":"barmm","province_key":"lanao_del_sur","type":"Municipality"}},{"type":"Feature","geometry":{"type":"MultiPolygon","coordinates":[[[[124.2368,7.9609],[124.232,7.96],[124.2269,7.9565],[124.2258,7.9523],[124.228,7.9446],[124.2206,7.9416],[124.1356,7.9535],[124.1391,7.9709],[124.1385,7.9823],[124.1349,7.9936],[124.1275,8.002],[124.1323,8.0047],[124.1391,8.0056],[124.1595,8.0008],[124.2172,7.9914],[124.228,7.9937],[124.2603,7.9925],[124.2613,7.9825],[124.2592,7.9762],[124.2481,7.9735],[124.2466,7.9687],[124.2368,7.9609]]]]},"properties":{"ADM3_EN":"Marantao","name":"Marantao","ADM3_PCODE":"PH153616000","psgc_code":"153616000","ADM2_EN":"Lanao del Sur","ADM2_PCODE":"PH1536","ADM1_EN":"Bangsamoro Autonomous Region in Muslim Mindanao (BARMM)","ADM1_PCODE":"PH15","ADM0_EN":"Philippines (the)","ADM0_PCODE":"PH","region_key":"barmm","province_key":"lanao_del_sur","type":"Municipality"}},{"type":"Feature","geometry":{"type":"MultiPolygon","coordinates":[[[[124.2619,7.9931],[124.228,7.9937],[124.2604,8.0282],[124.2945,8.0737],[124.3449,8.0318],[124.3195,8.0117],[124.3116,8.0153],[124.3056,8.0131],[124.3048,8.007],[124.3032,8.0065],[124.2978,7.9978],[124.2927,7.9988],[124.2942,8.0016],[124.2923,8.0031],[124.2908,8.0021],[124.2912,7.9992],[124.2881,7.9987],[124.2866,8.0019],[124.2754,8.0122],[124.273,8.0098],[124.269,7.9966],[124.2669,7.9936],[124.2619,7.9931]]]]},"properties":{"ADM3_EN":"Marawi City","name":"Marawi City","ADM3_PCODE":"PH153617000","psgc_code":"153617000","ADM2_EN":"Lanao del Sur","ADM2_PCODE":"PH1536","ADM1_EN":"Bangsamoro Autonomous Region in Muslim Mindanao (BARMM)","ADM1_PCODE":"PH15","ADM0_EN":"Philippines (the)","ADM0_PCODE":"PH","region_key":"barmm","province_key":"lanao_del_sur","type":"City"}},{"type":"Feature","geometry":{"type":"MultiPolygon","coordinates":[[[[124.1982,7.5451],[124.1874,7.565],[124.1782,7.5621],[124.1393,7.5775],[124.0881,7.6501],[124.0894,7.6519],[124.0907,7.6501],[124.0935,7.653],[124.0963,7.6528],[124.0987,7.6583],[124.1009,7.6564],[124.101,7.6618],[124.1034,7.66],[124.1082,7.6609],[124.112,7.6698],[124.1147,7.6672],[124.1177,7.6678],[124.1199,7.6747],[124.1215,7.6697],[124.1238,7.6681],[124.1252,7.677],[124.1276,7.6768],[124.13,7.6724],[124.1327,7.6724],[124.1401,7.6822],[124.1431,7.6803],[124.1456,7.6831],[124.1509,7.6815],[124.1523,7.6845],[124.1618,7.6888],[124.1734,7.6866],[124.1783,7.69],[124.2007,7.6803],[124.2363,7.7091],[124.235,7.589],[124.2568,7.5139],[124.2498,7.5092],[124.2397,7.4921],[124.2086,7.5338],[124.1982,7.5451]]]]},"properties":{"ADM3_EN":"Marogong","name":"Marogong","ADM3_PCODE":"PH153631000","psgc_code":"153631000","ADM2_EN":"Lanao del Sur","ADM2_PCODE":"PH1536","ADM1_EN":"Bangsamoro Autonomous Region in Muslim Mindanao (BARMM)","ADM1_PCODE":"PH15","ADM0_EN":"Philippines (the)","ADM0_PCODE":"PH","region_key":"barmm","province_key":"lanao_del_sur","type":"Municipality"}},{"type":"Feature","geometry":{"type":"MultiPolygon","coordinates":[[[[124.3269,7.7979],[124.3286,7.8028],[124.3272,7.8053],[124.3234,7.7973],[124.3167,7.7931],[124.3181,7.7958],[124.3171,7.7977],[124.311,7.8003],[124.3065,7.8046],[124.3031,7.8158],[124.3034,7.8206],[124.301,7.8247],[124.3005,7.8336],[124.3028,7.8392],[124.3079,7.8384],[124.3093,7.842],[124.312,7.8407],[124.315,7.8424],[124.3178,7.8411],[124.3565,7.8005],[124.3485,7.7928],[124.3358,7.7889],[124.324,7.7918],[124.3225,7.7937],[124.3269,7.7979]]]]},"properties":{"ADM3_EN":"Masiu","name":"Masiu","ADM3_PCODE":"PH153618000","psgc_code":"153618000","ADM2_EN":"Lanao del Sur","ADM2_PCODE":"PH1536","ADM1_EN":"Bangsamoro Autonomous Region in Muslim Mindanao (BARMM)","ADM1_PCODE":"PH15","ADM0_EN":"Philippines (the)","ADM0_PCODE":"PH","region_key":"barmm","province_key":"lanao_del_sur","type":"Municipality"}},{"type":"Feature","geometry":{"type":"MultiPolygon","coordinates":[[[[124.3259,7.918],[124.3314,7.9237],[124.3331,7.9292],[124.344,7.9328],[124.3555,7.9338],[124.3573,7.9431],[124.3625,7.948],[124.3627,7.951],[124.3685,7.9502],[124.4141,7.9606],[124.413,7.9506],[124.4149,7.9448],[124.4208,7.9349],[124.4403,7.9096],[124.323,7.9153],[124.3259,7.918]]]]},"properties":{"ADM3_EN":"Mulondo","name":"Mulondo","ADM3_PCODE":"PH153619000","psgc_code":"153619000","ADM2_EN":"Lanao del Sur","ADM2_PCODE":"PH1536","ADM1_EN":"Bangsamoro Autonomous Region in Muslim Mindanao (BARMM)","ADM1_PCODE":"PH15","ADM0_EN":"Philippines (the)","ADM0_PCODE":"PH","region_key":"barmm","province_key":"lanao_del_sur","type":"Municipality"}},{"type":"Feature","geometry":{"type":"MultiPolygon","coordinates":[[[[124.137,7.7726],[124.1482,7.7714],[124.1374,7.7077],[124.0936,7.7276],[124.0917,7.7338],[124.0982,7.7401],[124.097,7.7455],[124.0981,7.7498],[124.0947,7.7556],[124.0921,7.7655],[124.0894,7.7673],[124.0756,7.7688],[124.0716,7.7724],[124.0747,7.7794],[124.137,7.7726]]]]},"properties":{"ADM3_EN":"Pagayawan","name":"Pagayawan","ADM3_PCODE":"PH153620000","psgc_code":"153620000","ADM2_EN":"Lanao del Sur","ADM2_PCODE":"PH1536","ADM1_EN":"Bangsamoro Autonomous Region in Muslim Mindanao (BARMM)","ADM1_PCODE":"PH15","ADM0_EN":"Philippines (the)","ADM0_PCODE":"PH","region_key":"barmm","province_key":"lanao_del_sur","type":"Municipality"}},{"type":"Feature","geometry":{"type":"MultiPolygon","coordinates":[[[[124.2147,7.9954],[124.2172,7.9914],[124.1595,8.0008],[124.1391,8.0056],[124.1589,8.0154],[124.2141,8.0158],[124.2147,7.9954]]]]},"properties":{"ADM3_EN":"Piagapo","name":"Piagapo","ADM3_PCODE":"PH153621000","psgc_code":"153621000","ADM2_EN":"Lanao del Sur","ADM2_PCODE":"PH1536","ADM1_EN":"Bangsamoro Autonomous Region in Muslim Mindanao (BARMM)","ADM1_PCODE":"PH15","ADM0_EN":"Philippines (the)","ADM0_PCODE":"PH","region_key":"barmm","province_key":"lanao_del_sur","type":"Municipality"}},{"type":"Feature","geometry":{"type":"MultiPolygon","coordinates":[[[[124.0167,7.6311],[124.0167,7.6292],[124.0142,7.6297],[124.0108,7.6339],[124.0161,7.6358],[124.0167,7.6311]]],[[[124.0425,7.634],[124.0372,7.6219],[124.0294,7.6333],[124.0231,7.6372],[124.0167,7.6386],[124.0158,7.6439],[124.0128,7.6472],[124.0106,7.6469],[124.0069,7.6422],[124.0036,7.6414],[124.002,7.6413],[123.9997,7.6456],[123.9962,7.6451],[123.9948,7.6431],[123.9914,7.6451],[123.9897,7.6419],[123.9877,7.642],[123.9871,7.6444],[123.985,7.6425],[123.9778,7.6464],[123.9742,7.6508],[123.9722,7.6595],[123.9744,7.6623],[123.9731,7.6645],[123.9592,7.6687],[123.95,7.6752],[123.9333,7.6826],[123.9167,7.6923],[123.9126,7.692],[123.9115,7.6898],[123.9092,7.691],[123.9077,7.6888],[123.9051,7.6912],[123.9026,7.6894],[123.8989,7.6906],[123.8933,7.6965],[123.8888,7.6973],[123.8863,7.6961],[123.8754,7.7008],[123.8712,7.7001],[123.8652,7.6962],[123.8517,7.6969],[123.8411,7.6995],[123.8316,7.6964],[123.8264,7.6964],[123.8193,7.6972],[123.8154,7.7001],[123.8391,7.7268],[123.8358,7.7319],[123.8354,7.7413],[123.8372,7.7443],[123.942,7.7104],[124.0384,7.684],[124.0436,7.6814],[124.0426,7.6788],[124.0431,7.6583],[124.0405,7.6524],[124.0423,7.645],[124.0425,7.634]]]]},"properties":{"ADM3_EN":"Picong","name":"Picong","ADM3_PCODE":"PH153635000","psgc_code":"153635000","ADM2_EN":"Lanao del Sur","ADM2_PCODE":"PH1536","ADM1_EN":"Bangsamoro Autonomous Region in Muslim Mindanao (BARMM)","ADM1_PCODE":"PH15","ADM0_EN":"Philippines (the)","ADM0_PCODE":"PH","region_key":"barmm","province_key":"lanao_del_sur","type":"Municipality"}},{"type":"Feature","geometry":{"type":"MultiPolygon","coordinates":[[[[124.3608,7.807],[124.3565,7.8005],[124.3226,7.8362],[124.3252,7.8358],[124.3268,7.8393],[124.3253,7.8455],[124.3231,7.8471],[124.3219,7.8577],[124.353,7.8706],[124.36,7.8566],[124.3645,7.8395],[124.3649,7.8193],[124.3608,7.807]]]]},"properties":{"ADM3_EN":"Poona Bayabao","name":"Poona Bayabao","ADM3_PCODE":"PH153622000","psgc_code":"153622000","ADM2_EN":"Lanao del Sur","ADM2_PCODE":"PH1536","ADM1_EN":"Bangsamoro Autonomous Region in Muslim Mindanao (BARMM)","ADM1_PCODE":"PH15","ADM0_EN":"Philippines (the)","ADM0_PCODE":"PH","region_key":"barmm","province_key":"lanao_del_sur","type":"Municipality"}},{"type":"Feature","geometry":{"type":"MultiPolygon","coordinates":[[[[124.071,7.7746],[124.0701,7.7794],[124.0624,7.7852],[124.0668,7.7885],[124.0677,7.7915],[124.0655,7.7962],[124.0607,7.7997],[124.051,7.8008],[124.0465,7.8028],[124.0445,7.7998],[124.0364,7.7965],[124.0303,7.7906],[124.0405,7.8074],[124.0447,7.8213],[124.046,7.8337],[124.0443,7.8589],[124.0604,7.8406],[124.0878,7.8047],[124.0716,7.7724],[124.071,7.7746]]]]},"properties":{"ADM3_EN":"Pualas","name":"Pualas","ADM3_PCODE":"PH153623000","psgc_code":"153623000","ADM2_EN":"Lanao del Sur","ADM2_PCODE":"PH1536","ADM1_EN":"Bangsamoro Autonomous Region in Muslim Mindanao (BARMM)","ADM1_PCODE":"PH15","ADM0_EN":"Philippines (the)","ADM0_PCODE":"PH","region_key":"barmm","province_key":"lanao_del_sur","type":"Municipality"}},{"type":"Feature","geometry":{"type":"MultiPolygon","coordinates":[[[[124.2158,7.9933],[124.2141,8.0158],[124.2478,8.0473],[124.2848,8.0885],[124.2945,8.0737],[124.2604,8.0282],[124.2399,8.0049],[124.228,7.9937],[124.2172,7.9914],[124.2175,7.9928],[124.2158,7.9933]]]]},"properties":{"ADM3_EN":"Saguiaran","name":"Saguiaran","ADM3_PCODE":"PH153625000","psgc_code":"153625000","ADM2_EN":"Lanao del Sur","ADM2_PCODE":"PH1536","ADM1_EN":"Bangsamoro Autonomous Region in Muslim Mindanao (BARMM)","ADM1_PCODE":"PH15","ADM0_EN":"Philippines (the)","ADM0_PCODE":"PH","region_key":"barmm","province_key":"lanao_del_sur","type":"Municipality"}},{"type":"Feature","geometry":{"type":"MultiPolygon","coordinates":[[[[124.2969,7.6514],[124.3045,7.6416],[124.3491,7.6307],[124.3502,7.5779],[124.357,7.5705],[124.3654,7.5678],[124.3192,7.5509],[124.2837,7.5331],[124.2568,7.5139],[124.235,7.589],[124.2363,7.7091],[124.2738,7.7393],[124.2863,7.731],[124.2833,7.6951],[124.2849,7.6929],[124.2859,7.6838],[124.2897,7.6725],[124.2893,7.664],[124.2969,7.6514]]]]},"properties":{"ADM3_EN":"Sultan Dumalondong","name":"Sultan Dumalondong","ADM3_PCODE":"PH153640000","psgc_code":"153640000","ADM2_EN":"Lanao del Sur","ADM2_PCODE":"PH1536","ADM1_EN":"Bangsamoro Autonomous Region in Muslim Mindanao (BARMM)","ADM1_PCODE":"PH15","ADM0_EN":"Philippines (the)","ADM0_PCODE":"PH","region_key":"barmm","province_key":"lanao_del_sur","type":"Municipality"}},{"type":"Feature","geometry":{"type":"MultiPolygon","coordinates":[[[[124.4478,8.0547],[124.3898,8.0301],[124.3974,8.0534],[124.3931,8.1002],[124.3844,8.104],[124.3772,8.1147],[124.3779,8.1859],[124.4662,8.1603],[124.4996,8.1341],[124.5049,8.1329],[124.5072,8.1271],[124.5114,8.1233],[124.5124,8.121],[124.4685,8.0724],[124.4478,8.0547]]]]},"properties":{"ADM3_EN":"Tagoloan II","name":"Tagoloan II","ADM3_PCODE":"PH153638000","psgc_code":"153638000","ADM2_EN":"Lanao del Sur","ADM2_PCODE":"PH1536","ADM1_EN":"Bangsamoro Autonomous Region in Muslim Mindanao (BARMM)","ADM1_PCODE":"PH15","ADM0_EN":"Philippines (the)","ADM0_PCODE":"PH","region_key":"barmm","province_key":"lanao_del_sur","type":"Municipality"}},{"type":"Feature","geometry":{"type":"MultiPolygon","coordinates":[[[[124.3201,7.8618],[124.318,7.8686],[124.3142,7.8674],[124.3126,7.8722],[124.3139,7.8821],[124.3125,7.8865],[124.3181,7.8931],[124.3176,7.8979],[124.334,7.887],[124.3417,7.8788],[124.353,7.8706],[124.3219,7.8577],[124.3201,7.8618]]]]},"properties":{"ADM3_EN":"Tamparan","name":"Tamparan","ADM3_PCODE":"PH153626000","psgc_code":"153626000","ADM2_EN":"Lanao del Sur","ADM2_PCODE":"PH1536","ADM1_EN":"Bangsamoro Autonomous Region in Muslim Mindanao (BARMM)","ADM1_PCODE":"PH15","ADM0_EN":"Philippines (the)","ADM0_PCODE":"PH","region_key":"barmm","province_key":"lanao_del_sur","type":"Municipality"}},{"type":"Feature","geometry":{"type":"MultiPolygon","coordinates":[[[[124.3266,7.8913],[124.3193,7.8963],[124.3144,7.9024],[124.3143,7.9102],[124.3165,7.9138],[124.3224,7.9161],[124.3296,7.9145],[124.3749,7.9127],[124.3602,7.8965],[124.3604,7.8946],[124.3578,7.8926],[124.3547,7.8927],[124.3555,7.8899],[124.3491,7.885],[124.3465,7.886],[124.3454,7.8842],[124.3419,7.8844],[124.3392,7.8821],[124.3266,7.8913]]]]},"properties":{"ADM3_EN":"Taraka","name":"Taraka","ADM3_PCODE":"PH153627000","psgc_code":"153627000","ADM2_EN":"Lanao del Sur","ADM2_PCODE":"PH1536","ADM1_EN":"Bangsamoro Autonomous Region in Muslim Mindanao (BARMM)","ADM1_PCODE":"PH15","ADM0_EN":"Philippines (the)","ADM0_PCODE":"PH","region_key":"barmm","province_key":"lanao_del_sur","type":"Municipality"}},{"type":"Feature","geometry":{"type":"MultiPolygon","coordinates":[[[[124.1249,7.7142],[124.1783,7.69],[124.1734,7.6866],[124.1618,7.6888],[124.1523,7.6845],[124.1499,7.6812],[124.1456,7.6831],[124.1431,7.6803],[124.1401,7.6822],[124.1327,7.6724],[124.13,7.6724],[124.1276,7.6768],[124.1252,7.677],[124.1238,7.6681],[124.1215,7.6697],[124.1199,7.6747],[124.1177,7.6678],[124.1147,7.6672],[124.112,7.6698],[124.1082,7.6609],[124.1034,7.66],[124.101,7.6618],[124.1009,7.6564],[124.0987,7.6583],[124.0963,7.6528],[124.0935,7.653],[124.0907,7.6501],[124.0894,7.6519],[124.0881,7.6501],[124.0563,7.6771],[124.0384,7.684],[124.0666,7.7397],[124.1249,7.7142]]]]},"properties":{"ADM3_EN":"Tubaran","name":"Tubaran","ADM3_PCODE":"PH153628000","psgc_code":"153628000","ADM2_EN":"Lanao del Sur","ADM2_PCODE":"PH1536","ADM1_EN":"Bangsamoro Autonomous Region in Muslim Mindanao (BARMM)","ADM1_PCODE":"PH15","ADM0_EN":"Philippines (the)","ADM0_PCODE":"PH","region_key":"barmm","province_key":"lanao_del_sur","type":"Municipality"}},{"type":"Feature","geometry":{"type":"MultiPolygon","coordinates":[[[[124.1711,7.8864],[124.1661,7.8895],[124.16,7.8824],[124.156,7.8801],[124.1503,7.8805],[124.1455,7.8745],[124.1421,7.8782],[124.1008,7.9002],[124.1116,7.9048],[124.1154,7.909],[124.1311,7.9412],[124.1724,7.9061],[124.1877,7.8888],[124.1826,7.8855],[124.1823,7.8835],[124.1786,7.8825],[124.1711,7.8864]]]]},"properties":{"ADM3_EN":"Tugaya","name":"Tugaya","ADM3_PCODE":"PH153629000","psgc_code":"153629000","ADM2_EN":"Lanao del Sur","ADM2_PCODE":"PH1536","ADM1_EN":"Bangsamoro Autonomous Region in Muslim Mindanao (BARMM)","ADM1_PCODE":"PH15","ADM0_EN":"Philippines (the)","ADM0_PCODE":"PH","region_key":"barmm","province_key":"lanao_del_sur","type":"Municipality"}},{"type":"Feature","geometry":{"type":"MultiPolygon","coordinates":[[[[124.8026,7.6232],[124.8023,7.6202],[124.7996,7.6171],[124.8052,7.6157],[124.8077,7.607],[124.8067,7.6036],[124.8025,7.6074],[124.7991,7.6055],[124.7861,7.6085],[124.7815,7.6117],[124.7751,7.6197],[124.7671,7.6203],[124.7586,7.6171],[124.7493,7.6205],[124.7448,7.6204],[124.7348,7.6275],[124.7254,7.6292],[124.7184,7.6336],[124.7098,7.6365],[124.7066,7.6361],[124.7003,7.6398],[124.6921,7.6338],[124.6801,7.6331],[124.676,7.6284],[124.676,7.6261],[124.6752,7.6272],[124.6716,7.624],[124.6486,7.6131],[124.6441,7.6128],[124.6428,7.6158],[124.6397,7.6166],[124.693,7.7281],[124.7087,7.7536],[124.711,7.7511],[124.7147,7.7511],[124.7176,7.7473],[124.719,7.7482],[124.7268,7.7447],[124.7292,7.7333],[124.7349,7.7312],[124.7359,7.7244],[124.7343,7.7255],[124.7299,7.7205],[124.73,7.7184],[124.7254,7.7187],[124.7294,7.7102],[124.7289,7.7012],[124.7326,7.7009],[124.7339,7.6989],[124.7362,7.6996],[124.738,7.6968],[124.7406,7.6963],[124.7412,7.6828],[124.7443,7.6839],[124.7473,7.6818],[124.7522,7.6815],[124.7531,7.6799],[124.7534,7.676],[124.7554,7.6737],[124.7532,7.6704],[124.7554,7.6585],[124.7538,7.6532],[124.7604,7.6472],[124.7716,7.6429],[124.7747,7.6436],[124.7732,7.637],[124.7815,7.6351],[124.7825,7.6335],[124.7868,7.6341],[124.7933,7.6312],[124.7935,7.6283],[124.7972,7.628],[124.7968,7.6244],[124.8026,7.6232]]]]},"properties":{"ADM3_EN":"Wao","name":"Wao","ADM3_PCODE":"PH153630000","psgc_code":"153630000","ADM2_EN":"Lanao del Sur","ADM2_PCODE":"PH1536","ADM1_EN":"Bangsamoro Autonomous Region in Muslim Mindanao (BARMM)","ADM1_PCODE":"PH15","ADM0_EN":"Philippines (the)","ADM0_PCODE":"PH","region_key":"barmm","province_key":"lanao_del_sur","type":"Municipality"}},{"type":"Feature","geometry":{"type":"MultiPolygon","coordinates":[[[[124.5013,6.7328],[124.5109,6.7232],[124.2825,6.724],[124.2653,6.7535],[124.2583,6.8528],[124.4668,6.8452],[124.4686,6.8485],[124.4675,6.8579],[124.4738,6.861],[124.4706,6.862],[124.4713,6.8631],[124.4806,6.8689],[124.4846,6.865],[124.4887,6.8676],[124.487,6.8712],[124.4881,6.8718],[124.4943,6.8661],[124.4912,6.8735],[124.4958,6.8687],[124.5002,6.8675],[124.5048,6.87],[124.5083,6.8784],[124.5206,6.8675],[124.5137,6.8577],[124.5022,6.8574],[124.4968,6.859],[124.4947,6.856],[124.4949,6.8501],[124.4924,6.8413],[124.4947,6.8373],[124.5016,6.8319],[124.5005,6.8152],[124.4773,6.8049],[124.4795,6.7949],[124.4538,6.793],[124.4382,6.7888],[124.4449,6.7611],[124.4565,6.766],[124.4847,6.7694],[124.4937,6.7434],[124.5013,6.7328]]]]},"properties":{"ADM3_EN":"Ampatuan","name":"Ampatuan","ADM3_PCODE":"PH153801000","psgc_code":"153801000","ADM2_EN":"Maguindanao","ADM2_PCODE":"PH1538","ADM1_EN":"Bangsamoro Autonomous Region in Muslim Mindanao (BARMM)","ADM1_PCODE":"PH15","ADM0_EN":"Philippines (the)","ADM0_PCODE":"PH","region_key":"barmm","province_key":"maguindanao","type":"Municipality"}},{"type":"Feature","geometry":{"type":"MultiPolygon","coordinates":[[[[124.3058,7.3832],[124.2854,7.3864],[124.2889,7.4633],[124.2837,7.5331],[124.3192,7.5509],[124.3308,7.5376],[124.3314,7.5335],[124.3378,7.5257],[124.3387,7.5198],[124.3419,7.5189],[124.3422,7.5158],[124.3445,7.5144],[124.3493,7.5041],[124.3511,7.5035],[124.3524,7.4981],[124.3561,7.4925],[124.3546,7.4818],[124.3625,7.4626],[124.3689,7.4304],[124.3646,7.4113],[124.3539,7.4025],[124.3528,7.395],[124.3487,7.3933],[124.3479,7.3915],[124.3458,7.3778],[124.3441,7.3765],[124.3407,7.3783],[124.3058,7.3832]]]]},"properties":{"ADM3_EN":"Barira","name":"Barira","ADM3_PCODE":"PH158401000","psgc_code":"158401000","ADM2_EN":"Maguindanao","ADM2_PCODE":"PH1584","ADM1_EN":"Bangsamoro Autonomous Region in Muslim Mindanao (BARMM)","ADM1_PCODE":"PH15","ADM0_EN":"Philippines (the)","ADM0_PCODE":"PH","region_key":"barmm","province_key":"maguindanao","type":"Municipality"}},{"type":"Feature","geometry":{"type":"MultiPolygon","coordinates":[[[[124.3468,7.383],[124.3479,7.3915],[124.3487,7.3933],[124.3528,7.395],[124.3539,7.4025],[124.3646,7.4113],[124.3689,7.4304],[124.3683,7.4341],[124.3625,7.4626],[124.3546,7.4818],[124.3561,7.4925],[124.3524,7.4981],[124.3511,7.5035],[124.3493,7.5041],[124.3445,7.5144],[124.3422,7.5158],[124.3419,7.5189],[124.3387,7.5198],[124.3378,7.5257],[124.3314,7.5335],[124.3308,7.5376],[124.3192,7.5509],[124.3654,7.5678],[124.4218,7.6329],[124.4406,7.652],[124.4366,7.6069],[124.4389,7.5501],[124.4337,7.5202],[124.4512,7.5009],[124.4606,7.4746],[124.4865,7.444],[124.4248,7.3251],[124.4246,7.3091],[124.3739,7.3655],[124.3441,7.3765],[124.3458,7.3778],[124.3468,7.383]]]]},"properties":{"ADM3_EN":"Buldon","name":"Buldon","ADM3_PCODE":"PH158402000","psgc_code":"158402000","ADM2_EN":"Maguindanao","ADM2_PCODE":"PH1584","ADM1_EN":"Bangsamoro Autonomous Region in Muslim Mindanao (BARMM)","ADM1_PCODE":"PH15","ADM0_EN":"Philippines (the)","ADM0_PCODE":"PH","region_key":"barmm","province_key":"maguindanao","type":"Municipality"}},{"type":"Feature","geometry":{"type":"MultiPolygon","coordinates":[[[[124.7746,6.6935],[124.7723,6.7164],[124.7551,6.7349],[124.7716,6.738],[124.8103,6.7337],[124.8165,6.7345],[124.8154,6.7441],[124.8294,6.7429],[124.8341,6.7186],[124.8138,6.7183],[124.7925,6.7255],[124.7966,6.7179],[124.8005,6.6981],[124.7746,6.6935]]]]},"properties":{"ADM3_EN":"Buluan","name":"Buluan","ADM3_PCODE":"PH153803000","psgc_code":"153803000","ADM2_EN":"Maguindanao","ADM2_PCODE":"PH1538","ADM1_EN":"Bangsamoro Autonomous Region in Muslim Mindanao (BARMM)","ADM1_PCODE":"PH15","ADM0_EN":"Philippines (the)","ADM0_PCODE":"PH","region_key":"barmm","province_key":"maguindanao","type":"Municipality"}},{"type":"Feature","geometry":{"type":"MultiPolygon","coordinates":[[[[124.3027,7.1689],[124.3074,7.1674],[124.3105,7.1693],[124.3168,7.1618],[124.3246,7.157],[124.3282,7.1566],[124.3149,7.1204],[124.3123,7.1274],[124.3011,7.1433],[124.2937,7.1506],[124.2878,7.1533],[124.2845,7.1595],[124.2724,7.1587],[124.2686,7.1669],[124.2635,7.1721],[124.257,7.1735],[124.2494,7.1664],[124.2472,7.1668],[124.2427,7.1725],[124.2322,7.1733],[124.2253,7.1778],[124.2139,7.1956],[124.2083,7.1967],[124.1922,7.1914],[124.1869,7.1931],[124.1828,7.1969],[124.1647,7.2],[124.1608,7.2031],[124.1669,7.2111],[124.1705,7.2108],[124.1714,7.2153],[124.1692,7.2217],[124.1717,7.2247],[124.1789,7.2275],[124.1878,7.2211],[124.1806,7.2297],[124.1889,7.2436],[124.1965,7.2415],[124.1975,7.2426],[124.1883,7.2492],[124.19,7.2508],[124.1939,7.2531],[124.2008,7.2536],[124.2119,7.2492],[124.2178,7.2442],[124.2187,7.2449],[124.2119,7.2511],[124.2092,7.2514],[124.2056,7.255],[124.2126,7.2602],[124.224,7.2611],[124.2263,7.2598],[124.2291,7.2478],[124.2341,7.241],[124.2334,7.2364],[124.2361,7.2292],[124.2586,7.218],[124.2531,7.2121],[124.2574,7.2058],[124.2626,7.2027],[124.2629,7.1967],[124.2654,7.1989],[124.27,7.1923],[124.2778,7.1886],[124.2791,7.1857],[124.2852,7.1817],[124.2866,7.1783],[124.2895,7.1779],[124.2916,7.1727],[124.2984,7.169],[124.3027,7.1689]]]]},"properties":{"ADM3_EN":"Cotabato City","name":"Cotabato City","ADM3_PCODE":"PH129804000","psgc_code":"129804000","ADM2_EN":"Maguindanao","ADM2_PCODE":"PH1298","ADM1_EN":"Bangsamoro Autonomous Region in Muslim Mindanao (BARMM)","ADM1_PCODE":"PH15","ADM0_EN":"Philippines (the)","ADM0_PCODE":"PH","region_key":"barmm","province_key":"maguindanao","type":"City"}},{"type":"Feature","geometry":{"type":"MultiPolygon","coordinates":[[[[124.4986,6.7357],[124.4937,6.7434],[124.4847,6.7694],[124.4565,6.766],[124.4449,6.7611],[124.4382,6.7888],[124.4538,6.793],[124.4795,6.7949],[124.4773,6.8049],[124.5005,6.8152],[124.5016,6.8319],[124.4947,6.8373],[124.4924,6.8413],[124.4958,6.8585],[124.5137,6.8577],[124.5206,6.8675],[124.5083,6.8784],[124.5113,6.883],[124.5107,6.8856],[124.5216,6.8918],[124.5234,6.8905],[124.5237,6.8858],[124.5275,6.8937],[124.5342,6.8946],[124.5294,6.8978],[124.5451,6.9022],[124.5474,6.8911],[124.5403,6.8803],[124.5393,6.8718],[124.5418,6.8663],[124.5566,6.8623],[124.5577,6.8553],[124.5648,6.8441],[124.5624,6.8325],[124.5629,6.8272],[124.5739,6.8214],[124.5765,6.8177],[124.5735,6.8064],[124.5798,6.7956],[124.5764,6.7903],[124.5758,6.784],[124.5109,6.7232],[124.4986,6.7357]]]]},"properties":{"ADM3_EN":"Datu Abdullah Sanki","name":"Datu Abdullah Sanki","ADM3_PCODE":"PH153828000","psgc_code":"153828000","ADM2_EN":"Maguindanao","ADM2_PCODE":"PH1538","ADM1_EN":"Bangsamoro Autonomous Region in Muslim Mindanao (BARMM)","ADM1_PCODE":"PH15","ADM0_EN":"Philippines (the)","ADM0_PCODE":"PH","region_key":"barmm","province_key":"maguindanao","type":"Municipality"}},{"type":"Feature","geometry":{"type":"MultiPolygon","coordinates":[[[[124.2871,6.9517],[124.2892,6.9588],[124.2963,6.9706],[124.2976,6.9788],[124.3001,6.982],[124.3025,6.9924],[124.3079,6.9994],[124.3129,7.0003],[124.3154,7.0049],[124.3154,7.0095],[124.3193,7.0151],[124.3215,7.0171],[124.3296,6.9994],[124.3425,7.0038],[124.3393,7.0119],[124.3518,7.0173],[124.3558,7.0096],[124.3492,7.0063],[124.3459,6.9969],[124.3698,6.9879],[124.3644,6.9843],[124.3439,6.9904],[124.3414,6.9886],[124.3374,6.9712],[124.3281,6.9785],[124.3255,6.9918],[124.3066,6.9546],[124.2863,6.9505],[124.2871,6.9517]]],[[[124.4067,7.02],[124.4002,7.0243],[124.4025,7.0387],[124.3853,7.0484],[124.3997,7.0543],[124.4009,7.0521],[124.4071,7.0498],[124.4089,7.0469],[124.4155,7.0457],[124.4166,7.043],[124.4222,7.0405],[124.4156,7.0311],[124.4301,7.0211],[124.413,7.0139],[124.4067,7.02]]]]},"properties":{"ADM3_EN":"Datu Anggal Midtimbang","name":"Datu Anggal Midtimbang","ADM3_PCODE":"PH153831000","psgc_code":"153831000","ADM2_EN":"Maguindanao","ADM2_PCODE":"PH1538","ADM1_EN":"Bangsamoro Autonomous Region in Muslim Mindanao (BARMM)","ADM1_PCODE":"PH15","ADM0_EN":"Philippines (the)","ADM0_PCODE":"PH","region_key":"barmm","province_key":"maguindanao","type":"Municipality"}},{"type":"Feature","geometry":{"type":"MultiPolygon","coordinates":[[[[124.0189,6.79],[124.0095,6.7944],[123.9989,6.7947],[123.995,6.7906],[123.9929,6.7852],[123.9922,6.7771],[123.9885,6.7774],[123.9889,6.7739],[123.9872,6.7708],[123.983,6.7702],[123.9823,6.7682],[123.9797,6.7706],[123.9775,6.7703],[123.9762,6.7682],[123.9704,6.769],[123.9714,6.7714],[123.9694,6.7744],[123.9753,6.7853],[123.9756,6.7933],[123.9686,6.7977],[123.9656,6.7945],[123.9647,6.7872],[123.9601,6.7878],[123.9589,6.7897],[123.9631,6.8014],[123.9613,6.807],[123.9617,6.8128],[123.9575,6.8153],[123.9558,6.8142],[123.9539,6.8192],[123.9447,6.8175],[123.9433,6.8192],[123.9503,6.8264],[123.9578,6.8244],[123.9622,6.8283],[123.9628,6.8339],[123.9569,6.8397],[123.9564,6.8483],[123.9578,6.855],[123.9633,6.8575],[123.9672,6.8614],[123.9732,6.8623],[123.9753,6.8672],[123.9708,6.8819],[123.9564,6.8947],[123.9564,6.9022],[123.9578,6.9047],[123.9567,6.9108],[123.9633,6.9164],[123.9615,6.9209],[123.9643,6.92],[123.9665,6.9214],[123.9706,6.9294],[123.9692,6.94],[123.9714,6.955],[123.9697,6.9628],[123.9799,6.9726],[123.9911,6.9983],[123.9952,7.0015],[123.9957,7.0068],[123.9938,7.0101],[123.9923,7.0208],[123.9963,7.029],[124.0003,7.0308],[124.0017,7.0428],[124.0142,7.0525],[124.0172,7.0669],[124.0239,7.0767],[124.0256,7.0825],[124.0364,7.0942],[124.0375,7.0975],[124.0362,7.104],[124.0378,7.1078],[124.0433,7.1128],[124.0464,7.1217],[124.0575,7.1344],[124.0641,7.1367],[124.1003,7.1271],[124.0844,7.0919],[124.0707,7.0561],[124.0786,7.0519],[124.0719,7.0349],[124.1068,7.0153],[124.0948,6.9948],[124.0744,6.9669],[124.0467,6.9454],[124.0447,6.8515],[124.0748,6.8517],[124.0834,6.8619],[124.0831,6.8211],[124.0855,6.7895],[124.0969,6.7613],[124.0999,6.7498],[124.0413,6.7504],[124.0403,6.7597],[124.0381,6.7606],[124.0381,6.7648],[124.0329,6.7756],[124.0189,6.79]]]]},"properties":{"ADM3_EN":"Datu Blah T.Sinsuat","name":"Datu Blah T.Sinsuat","ADM3_PCODE":"PH158403000","psgc_code":"158403000","ADM2_EN":"Maguindanao","ADM2_PCODE":"PH1584","ADM1_EN":"Bangsamoro Autonomous Region in Muslim Mindanao (BARMM)","ADM1_PCODE":"PH15","ADM0_EN":"Philippines (the)","ADM0_PCODE":"PH","region_key":"barmm","province_key":"maguindanao","type":"Municipality"}},{"type":"Feature","geometry":{"type":"MultiPolygon","coordinates":[[[[124.2963,6.9706],[124.2892,6.9588],[124.2871,6.9517],[124.2806,6.9435],[124.2536,6.9356],[124.2502,6.9958],[124.2224,7.0924],[124.2159,7.0953],[124.1509,7.1097],[124.1263,7.1166],[124.1003,7.1271],[124.0622,7.1369],[124.0642,7.1431],[124.0672,7.1456],[124.0767,7.1467],[124.0883,7.1456],[124.0967,7.1489],[124.1031,7.1472],[124.1075,7.1503],[124.1158,7.1514],[124.1331,7.1669],[124.1425,7.1711],[124.1558,7.1736],[124.1589,7.1767],[124.1619,7.1856],[124.1586,7.1892],[124.1642,7.1942],[124.1716,7.1958],[124.178,7.1958],[124.1872,7.1906],[124.1949,7.1889],[124.2058,7.1947],[124.2122,7.1944],[124.2233,7.1778],[124.233,7.1714],[124.2407,7.1734],[124.2464,7.1673],[124.2494,7.1664],[124.2549,7.1727],[124.2596,7.1732],[124.2665,7.1694],[124.2724,7.1587],[124.2845,7.1595],[124.2878,7.1533],[124.2937,7.1506],[124.3027,7.1414],[124.3123,7.1274],[124.3163,7.1165],[124.3271,7.1125],[124.3331,7.1026],[124.3418,7.0959],[124.3478,7.0859],[124.3598,7.0813],[124.367,7.0723],[124.3692,7.058],[124.3669,7.0491],[124.3692,7.0456],[124.3267,7.0206],[124.3234,7.0203],[124.3154,7.0095],[124.3154,7.0049],[124.3129,7.0003],[124.3079,6.9994],[124.3025,6.9924],[124.3001,6.982],[124.2976,6.9788],[124.2963,6.9706]]],[[[124.1936,7.1903],[124.1927,7.1908],[124.1994,7.1927],[124.1969,7.1903],[124.1936,7.1903]]],[[[124.1996,7.194],[124.1995,7.1941],[124.1996,7.1942],[124.1996,7.194]]],[[[124.1789,7.1969],[124.1825,7.1961],[124.1831,7.1947],[124.1789,7.1963],[124.1789,7.1969]]],[[[124.1647,7.1956],[124.1622,7.1972],[124.17,7.1978],[124.1692,7.1967],[124.1647,7.1956]]]]},"properties":{"ADM3_EN":"Datu Odin Sinsuat","name":"Datu Odin Sinsuat","ADM3_PCODE":"PH158404000","psgc_code":"158404000","ADM2_EN":"Maguindanao","ADM2_PCODE":"PH1584","ADM1_EN":"Bangsamoro Autonomous Region in Muslim Mindanao (BARMM)","ADM1_PCODE":"PH15","ADM0_EN":"Philippines (the)","ADM0_PCODE":"PH","region_key":"barmm","province_key":"maguindanao","type":"Municipality"}},{"type":"Feature","geometry":{"type":"MultiPolygon","coordinates":[[[[124.8855,6.6565],[124.8776,6.6544],[124.8415,6.7285],[124.8244,6.7749],[124.8258,6.7757],[124.8319,6.7729],[124.8347,6.7695],[124.8428,6.7682],[124.8564,6.7751],[124.8693,6.7725],[124.8767,6.7772],[124.8856,6.7776],[124.8946,6.7831],[124.8975,6.7832],[124.9035,6.777],[124.9317,6.7658],[124.9327,6.763],[124.9352,6.7634],[124.9402,6.7587],[124.9447,6.7568],[124.9481,6.7573],[124.9518,6.7528],[124.9525,6.7497],[124.9538,6.7507],[124.9566,6.7432],[124.9605,6.7401],[124.9601,6.7368],[124.9678,6.7367],[124.9686,6.7392],[124.971,6.739],[124.9729,6.7379],[124.9737,6.7348],[124.9749,6.7354],[124.9774,6.7334],[124.976,6.7318],[124.9798,6.7315],[124.9838,6.7271],[124.9889,6.7247],[124.989,6.7273],[124.9932,6.73],[124.9983,6.7272],[125.0037,6.7206],[124.9679,6.7071],[124.9578,6.6982],[124.942,6.6905],[124.9291,6.6863],[124.9149,6.6733],[124.9022,6.6672],[124.896,6.6606],[124.8935,6.6615],[124.8855,6.6565]]]]},"properties":{"ADM3_EN":"Datu Paglas","name":"Datu Paglas","ADM3_PCODE":"PH153805000","psgc_code":"153805000","ADM2_EN":"Maguindanao","ADM2_PCODE":"PH1538","ADM1_EN":"Bangsamoro Autonomous Region in Muslim Mindanao (BARMM)","ADM1_PCODE":"PH15","ADM0_EN":"Philippines (the)","ADM0_PCODE":"PH","region_key":"barmm","province_key":"maguindanao","type":"Municipality"}},{"type":"Feature","geometry":{"type":"MultiPolygon","coordinates":[[[[124.4804,7.0413],[124.4874,7.0389],[124.498,7.0303],[124.5044,7.0278],[124.5142,7.0295],[124.5193,7.0286],[124.5237,7.0352],[124.5311,7.0391],[124.5331,7.0367],[124.5301,7.034],[124.5289,7.0304],[124.5364,7.0252],[124.5396,7.02],[124.5448,7.0195],[124.5152,7.0044],[124.5178,6.9967],[124.5013,6.9949],[124.4951,7.0087],[124.4688,6.9934],[124.474,6.984],[124.4675,6.9737],[124.4605,6.9708],[124.4535,6.9653],[124.4473,6.9756],[124.4284,6.9613],[124.4182,6.9854],[124.4409,7.0175],[124.4436,7.0252],[124.4327,7.0349],[124.4261,7.0363],[124.4261,7.035],[124.4222,7.0405],[124.4166,7.043],[124.4155,7.0457],[124.4118,7.046],[124.42,7.0632],[124.4284,7.0867],[124.4309,7.0864],[124.4347,7.0895],[124.4368,7.0894],[124.4473,7.0827],[124.4538,7.0743],[124.4532,7.0631],[124.4557,7.0567],[124.4642,7.0525],[124.4686,7.0468],[124.4804,7.0413]]]]},"properties":{"ADM3_EN":"Datu Piang","name":"Datu Piang","ADM3_PCODE":"PH153806000","psgc_code":"153806000","ADM2_EN":"Maguindanao","ADM2_PCODE":"PH1538","ADM1_EN":"Bangsamoro Autonomous Region in Muslim Mindanao (BARMM)","ADM1_PCODE":"PH15","ADM0_EN":"Philippines (the)","ADM0_PCODE":"PH","region_key":"barmm","province_key":"maguindanao","type":"Municipality"}},{"type":"Feature","geometry":{"type":"MultiPolygon","coordinates":[[[[124.4401,6.9328],[124.4187,6.9177],[124.3679,6.9134],[124.4182,6.9854],[124.4284,6.9613],[124.4473,6.9756],[124.4535,6.9653],[124.4605,6.9708],[124.4675,6.9737],[124.474,6.984],[124.4688,6.9934],[124.4951,7.0087],[124.5013,6.9949],[124.5178,6.9967],[124.5152,7.0044],[124.5448,7.0195],[124.5517,7.0216],[124.5541,7.0202],[124.5551,7.0174],[124.5533,7.0099],[124.5547,7.0053],[124.5593,7.0003],[124.5668,6.9959],[124.5366,6.9738],[124.53,6.977],[124.5254,6.9815],[124.524,6.9857],[124.5187,6.991],[124.5186,6.9938],[124.4401,6.9328]]]]},"properties":{"ADM3_EN":"Datu Saudi-Ampatuan","name":"Datu Saudi-Ampatuan","ADM3_PCODE":"PH153826000","psgc_code":"153826000","ADM2_EN":"Maguindanao","ADM2_PCODE":"PH1538","ADM1_EN":"Bangsamoro Autonomous Region in Muslim Mindanao (BARMM)","ADM1_PCODE":"PH15","ADM0_EN":"Philippines (the)","ADM0_PCODE":"PH","region_key":"barmm","province_key":"maguindanao","type":"Municipality"}},{"type":"Feature","geometry":{"type":"MultiPolygon","coordinates":[[[[124.3286,6.8841],[124.3281,6.9137],[124.3679,6.9134],[124.4,6.9164],[124.4223,6.8724],[124.4208,6.8464],[124.3294,6.8508],[124.3286,6.8841]]],[[[124.4273,6.9228],[124.4537,6.943],[124.4584,6.9307],[124.4678,6.9372],[124.4734,6.932],[124.4718,6.9153],[124.4784,6.9091],[124.4762,6.9086],[124.4763,6.9055],[124.4648,6.9014],[124.4644,6.8986],[124.4528,6.8953],[124.4472,6.9019],[124.4654,6.9148],[124.4665,6.9249],[124.4646,6.9258],[124.441,6.9071],[124.4273,6.9228]]],[[[124.4846,6.9323],[124.4944,6.9385],[124.498,6.9309],[124.4938,6.9283],[124.4928,6.9228],[124.4856,6.9191],[124.4804,6.9306],[124.4846,6.9323]]]]},"properties":{"ADM3_EN":"Datu Unsay","name":"Datu Unsay","ADM3_PCODE":"PH153827000","psgc_code":"153827000","ADM2_EN":"Maguindanao","ADM2_PCODE":"PH1538","ADM1_EN":"Bangsamoro Autonomous Region in Muslim Mindanao (BARMM)","ADM1_PCODE":"PH15","ADM0_EN":"Philippines (the)","ADM0_PCODE":"PH","region_key":"barmm","province_key":"maguindanao","type":"Municipality"}},{"type":"Feature","geometry":{"type":"MultiPolygon","coordinates":[[[[124.8026,6.7837],[124.7907,6.7811],[124.7803,6.7755],[124.7459,6.782],[124.7044,6.7812],[124.681,6.7817],[124.6663,6.7837],[124.6958,6.8682],[124.7042,6.8853],[124.7092,6.9],[124.7167,6.8855],[124.7189,6.8657],[124.7209,6.8626],[124.7256,6.8568],[124.742,6.8551],[124.7521,6.8521],[124.7555,6.849],[124.7583,6.8407],[124.7663,6.8295],[124.7727,6.8281],[124.7684,6.8165],[124.7814,6.8093],[124.7815,6.7954],[124.8125,6.7925],[124.8143,6.7809],[124.8026,6.7837]]]]},"properties":{"ADM3_EN":"Gen.S.K.Pendatun","name":"Gen.S.K.Pendatun","ADM3_PCODE":"PH153819000","psgc_code":"153819000","ADM2_EN":"Maguindanao","ADM2_PCODE":"PH1538","ADM1_EN":"Bangsamoro Autonomous Region in Muslim Mindanao (BARMM)","ADM1_PCODE":"PH15","ADM0_EN":"Philippines (the)","ADM0_PCODE":"PH","region_key":"barmm","province_key":"maguindanao","type":"Municipality"}},{"type":"Feature","geometry":{"type":"MultiPolygon","coordinates":[[[[124.2561,6.8707],[124.2989,6.8808],[124.3017,6.8986],[124.3281,6.8935],[124.3286,6.8841],[124.2778,6.8517],[124.2583,6.8528],[124.2561,6.8707]]],[[[124.3093,6.9304],[124.3301,6.9463],[124.3303,6.9607],[124.3437,6.9567],[124.3499,6.972],[124.3624,6.9727],[124.3707,6.9763],[124.3698,6.9879],[124.3911,6.9839],[124.3929,6.9697],[124.4293,7.0157],[124.4301,7.0211],[124.4426,7.0262],[124.4436,7.0252],[124.4409,7.0175],[124.3784,6.9289],[124.37,6.9333],[124.3336,6.9333],[124.3199,6.925],[124.3145,6.9235],[124.3093,6.9304]]]]},"properties":{"ADM3_EN":"Guindulungan","name":"Guindulungan","ADM3_PCODE":"PH153825000","psgc_code":"153825000","ADM2_EN":"Maguindanao","ADM2_PCODE":"PH1538","ADM1_EN":"Bangsamoro Autonomous Region in Muslim Mindanao (BARMM)","ADM1_PCODE":"PH15","ADM0_EN":"Philippines (the)","ADM0_PCODE":"PH","region_key":"barmm","province_key":"maguindanao","type":"Municipality"}},{"type":"Feature","geometry":{"type":"MultiPolygon","coordinates":[[[[124.4071,7.0498],[124.4009,7.0521],[124.3992,7.0605],[124.3955,7.0673],[124.3945,7.0744],[124.3901,7.0795],[124.3852,7.0821],[124.3756,7.0805],[124.3721,7.0751],[124.367,7.0723],[124.3598,7.0813],[124.3478,7.0859],[124.3418,7.0959],[124.3331,7.1026],[124.3271,7.1125],[124.3163,7.1165],[124.3149,7.1204],[124.3282,7.1566],[124.3268,7.1595],[124.3287,7.1719],[124.3357,7.1692],[124.3354,7.1669],[124.3375,7.1647],[124.3436,7.1652],[124.3466,7.1633],[124.3515,7.163],[124.3541,7.1603],[124.3464,7.1495],[124.3437,7.1388],[124.3555,7.1344],[124.3675,7.1571],[124.3698,7.1525],[124.3776,7.1507],[124.3815,7.1477],[124.3818,7.1456],[124.3783,7.1414],[124.3774,7.1365],[124.3828,7.1352],[124.3804,7.1304],[124.3929,7.114],[124.4,7.1086],[124.4112,7.1061],[124.4151,7.0921],[124.4209,7.0965],[124.427,7.0953],[124.4256,7.0872],[124.4284,7.0867],[124.42,7.0632],[124.4118,7.046],[124.4089,7.0469],[124.4071,7.0498]]]]},"properties":{"ADM3_EN":"Kabuntalan","name":"Kabuntalan","ADM3_PCODE":"PH158405000","psgc_code":"158405000","ADM2_EN":"Maguindanao","ADM2_PCODE":"PH1584","ADM1_EN":"Bangsamoro Autonomous Region in Muslim Mindanao (BARMM)","ADM1_PCODE":"PH15","ADM0_EN":"Philippines (the)","ADM0_PCODE":"PH","region_key":"barmm","province_key":"maguindanao","type":"Municipality"}},{"type":"Feature","geometry":{"type":"MultiPolygon","coordinates":[[[[124.4966,6.8908],[124.4972,6.9056],[124.4928,6.9228],[124.4938,6.9283],[124.498,6.9309],[124.4944,6.9385],[124.4804,6.9306],[124.4826,6.9252],[124.4732,6.9203],[124.4722,6.9235],[124.4741,6.9299],[124.4702,6.9358],[124.4678,6.9372],[124.4584,6.9307],[124.4536,6.9424],[124.5186,6.9938],[124.5187,6.991],[124.524,6.9857],[124.5254,6.9815],[124.53,6.977],[124.5366,6.9738],[124.5429,6.9626],[124.5476,6.958],[124.5483,6.9488],[124.5459,6.9437],[124.5465,6.9188],[124.543,6.9099],[124.5444,6.9021],[124.5294,6.8978],[124.5342,6.8946],[124.5275,6.8937],[124.5237,6.8858],[124.5227,6.8917],[124.5172,6.8903],[124.5158,6.8874],[124.5116,6.8868],[124.5113,6.883],[124.5071,6.8766],[124.4991,6.8847],[124.4966,6.8908]]]]},"properties":{"ADM3_EN":"Mamasapano","name":"Mamasapano","ADM3_PCODE":"PH153820000","psgc_code":"153820000","ADM2_EN":"Maguindanao","ADM2_PCODE":"PH1538","ADM1_EN":"Bangsamoro Autonomous Region in Muslim Mindanao (BARMM)","ADM1_PCODE":"PH15","ADM0_EN":"Philippines (the)","ADM0_PCODE":"PH","region_key":"barmm","province_key":"maguindanao","type":"Municipality"}},{"type":"Feature","geometry":{"type":"MultiPolygon","coordinates":[[[[124.8145,6.6724],[124.8057,6.6532],[124.8061,6.6511],[124.7999,6.6498],[124.789,6.6569],[124.7803,6.6687],[124.7747,6.6844],[124.7746,6.6935],[124.8005,6.6981],[124.8035,6.6866],[124.8153,6.6736],[124.8145,6.6724]]],[[[124.8632,6.66],[124.8577,6.6722],[124.8516,6.6733],[124.8471,6.6782],[124.8463,6.6849],[124.8401,6.6934],[124.8335,6.6964],[124.8281,6.6954],[124.825,6.6978],[124.8215,6.7122],[124.8138,6.7183],[124.8341,6.7186],[124.8333,6.724],[124.843,6.725],[124.8776,6.6544],[124.8637,6.6537],[124.8632,6.66]]]]},"properties":{"ADM3_EN":"Mangudadatu","name":"Mangudadatu","ADM3_PCODE":"PH153832000","psgc_code":"153832000","ADM2_EN":"Maguindanao","ADM2_PCODE":"PH1538","ADM1_EN":"Bangsamoro Autonomous Region in Muslim Mindanao (BARMM)","ADM1_PCODE":"PH15","ADM0_EN":"Philippines (the)","ADM0_PCODE":"PH","region_key":"barmm","province_key":"maguindanao","type":"Municipality"}},{"type":"Feature","geometry":{"type":"MultiPolygon","coordinates":[[[[124.2548,7.4314],[124.2477,7.4251],[124.2448,7.4187],[124.2425,7.4173],[124.2428,7.4156],[124.2397,7.4145],[124.2333,7.4178],[124.2269,7.4122],[124.2269,7.4081],[124.225,7.4061],[124.2219,7.4056],[124.22,7.4078],[124.2161,7.4061],[124.2094,7.4094],[124.2067,7.4078],[124.2047,7.4147],[124.1985,7.421],[124.2048,7.4251],[124.2005,7.4368],[124.1948,7.4414],[124.2201,7.4649],[124.2256,7.4736],[124.2336,7.4819],[124.2498,7.5092],[124.2837,7.5331],[124.2889,7.4633],[124.2873,7.4269],[124.2821,7.425],[124.2809,7.421],[124.2728,7.4187],[124.2653,7.426],[124.2566,7.4319],[124.2548,7.4314]]]]},"properties":{"ADM3_EN":"Matanog","name":"Matanog","ADM3_PCODE":"PH158406000","psgc_code":"158406000","ADM2_EN":"Maguindanao","ADM2_PCODE":"PH1584","ADM1_EN":"Bangsamoro Autonomous Region in Muslim Mindanao (BARMM)","ADM1_PCODE":"PH15","ADM0_EN":"Philippines (the)","ADM0_PCODE":"PH","region_key":"barmm","province_key":"maguindanao","type":"Municipality"}},{"type":"Feature","geometry":{"type":"MultiPolygon","coordinates":[[[[124.41,7.1071],[124.4,7.1086],[124.3929,7.114],[124.3804,7.1304],[124.3828,7.1352],[124.3774,7.1365],[124.3783,7.1414],[124.3818,7.1456],[124.3815,7.1477],[124.3776,7.1507],[124.3698,7.1525],[124.3675,7.1571],[124.3555,7.1344],[124.3437,7.1388],[124.3464,7.1495],[124.3541,7.1603],[124.3515,7.163],[124.3748,7.1668],[124.3848,7.1835],[124.389,7.1864],[124.3917,7.1932],[124.4,7.1969],[124.409,7.2051],[124.403,7.2143],[124.413,7.2177],[124.4126,7.2228],[124.4145,7.2256],[124.4215,7.2256],[124.4231,7.2218],[124.4315,7.2224],[124.4444,7.2351],[124.4694,7.2427],[124.4917,7.2388],[124.4968,7.2316],[124.503,7.2301],[124.5087,7.2324],[124.4854,7.1907],[124.4544,7.129],[124.4284,7.0867],[124.4256,7.0872],[124.427,7.0932],[124.4255,7.0964],[124.4209,7.0965],[124.4151,7.0921],[124.4121,7.1041],[124.41,7.1071]]]]},"properties":{"ADM3_EN":"Northern Kabuntalan","name":"Northern Kabuntalan","ADM3_PCODE":"PH158411000","psgc_code":"158411000","ADM2_EN":"Maguindanao","ADM2_PCODE":"PH1584","ADM1_EN":"Bangsamoro Autonomous Region in Muslim Mindanao (BARMM)","ADM1_PCODE":"PH15","ADM0_EN":"Philippines (the)","ADM0_PCODE":"PH","region_key":"barmm","province_key":"maguindanao","type":"Municipality"}},{"type":"Feature","geometry":{"type":"MultiPolygon","coordinates":[[[[124.7943,7.1095],[124.7937,7.0849],[124.8224,7.0837],[124.8197,7.0657],[124.8203,7.058],[124.7935,7.0592],[124.791,7.0246],[124.7469,7.0244],[124.7481,7.0418],[124.7282,7.041],[124.7285,7.0625],[124.743,7.0724],[124.7432,7.078],[124.7321,7.0777],[124.7329,7.0797],[124.7307,7.0858],[124.7354,7.0905],[124.7358,7.0936],[124.7259,7.1014],[124.7259,7.1033],[124.7306,7.1065],[124.7424,7.1005],[124.7445,7.1036],[124.7402,7.1056],[124.7404,7.1105],[124.7387,7.1135],[124.7388,7.1084],[124.7354,7.1068],[124.7361,7.1148],[124.7352,7.1152],[124.7344,7.1128],[124.7267,7.1161],[124.7272,7.119],[124.7314,7.1204],[124.7272,7.1228],[124.7288,7.1274],[124.7252,7.1258],[124.7231,7.1293],[124.7178,7.1267],[124.7176,7.1289],[124.7131,7.129],[124.7181,7.1354],[124.7158,7.135],[124.7128,7.1369],[124.7115,7.1344],[124.7089,7.134],[124.7105,7.1373],[124.7058,7.1375],[124.7074,7.1412],[124.6959,7.1421],[124.6929,7.1451],[124.693,7.1468],[124.6964,7.1467],[124.6971,7.1485],[124.6946,7.157],[124.6918,7.159],[124.6921,7.162],[124.6968,7.1644],[124.6916,7.1729],[124.6927,7.1753],[124.6973,7.1805],[124.7013,7.1742],[124.7031,7.1739],[124.7066,7.1787],[124.7132,7.1794],[124.709,7.1905],[124.7943,7.1095]]]]},"properties":{"ADM3_EN":"Pagagawan","name":"Pagagawan","ADM3_PCODE":"PH153822000","psgc_code":"153822000","ADM2_EN":"Maguindanao","ADM2_PCODE":"PH1538","ADM1_EN":"Bangsamoro Autonomous Region in Muslim Mindanao (BARMM)","ADM1_PCODE":"PH15","ADM0_EN":"Philippines (the)","ADM0_PCODE":"PH","region_key":"barmm","province_key":"maguindanao","type":"Municipality"}},{"type":"Feature","geometry":{"type":"MultiPolygon","coordinates":[[[[124.7583,6.8407],[124.7555,6.849],[124.7521,6.8521],[124.7404,6.8554],[124.7256,6.8568],[124.7189,6.8657],[124.7167,6.8855],[124.7092,6.9],[124.6915,6.9184],[124.6823,6.9195],[124.6768,6.924],[124.6567,6.9314],[124.6539,6.9298],[124.6515,6.9256],[124.6481,6.925],[124.6427,6.936],[124.6431,6.942],[124.6471,6.9487],[124.6267,6.9651],[124.6247,6.9701],[124.6189,6.9737],[124.627,6.9728],[124.6305,6.9651],[124.6399,6.9629],[124.6476,6.9552],[124.6558,6.9582],[124.6621,6.9519],[124.664,6.9461],[124.6703,6.9469],[124.6768,6.9457],[124.6779,6.9508],[124.6797,6.952],[124.6887,6.9521],[124.6882,6.9633],[124.6837,6.9686],[124.6849,6.9706],[124.692,6.9725],[124.6972,6.9788],[124.7052,6.9805],[124.7007,6.9876],[124.7019,6.9902],[124.7141,6.9926],[124.7183,6.9968],[124.7165,7.0002],[124.7076,7.002],[124.7047,7.0045],[124.7063,7.0079],[124.7131,7.0114],[124.7137,7.0154],[124.7069,7.0217],[124.7074,7.0307],[124.6994,7.0381],[124.6992,7.0489],[124.6923,7.0492],[124.6894,7.0533],[124.679,7.0585],[124.6776,7.0624],[124.6867,7.0629],[124.689,7.0678],[124.684,7.0796],[124.6962,7.0822],[124.6981,7.0821],[124.6959,7.0702],[124.6972,7.0673],[124.7014,7.0673],[124.7094,7.0788],[124.7071,7.0929],[124.708,7.0963],[124.7104,7.0968],[124.713,7.0969],[124.7152,7.0944],[124.7165,7.0847],[124.7203,7.081],[124.7344,7.0769],[124.7432,7.078],[124.743,7.0724],[124.7285,7.0625],[124.7282,7.041],[124.7481,7.0418],[124.7469,7.0244],[124.791,7.0246],[124.7897,7.0003],[124.8077,7.0004],[124.8078,6.9568],[124.8116,6.912],[124.8096,6.8459],[124.8083,6.8406],[124.7998,6.8415],[124.7963,6.84],[124.7878,6.8336],[124.7778,6.8228],[124.7727,6.8281],[124.7663,6.8295],[124.7583,6.8407]]]]},"properties":{"ADM3_EN":"Pagalungan","name":"Pagalungan","ADM3_PCODE":"PH153810000","psgc_code":"153810000","ADM2_EN":"Maguindanao","ADM2_PCODE":"PH1538","ADM1_EN":"Bangsamoro Autonomous Region in Muslim Mindanao (BARMM)","ADM1_PCODE":"PH15","ADM0_EN":"Philippines (the)","ADM0_PCODE":"PH","region_key":"barmm","province_key":"maguindanao","type":"Municipality"}},{"type":"Feature","geometry":{"type":"MultiPolygon","coordinates":[[[[124.7818,6.8053],[124.7814,6.8093],[124.7684,6.8165],[124.7727,6.8281],[124.7788,6.8231],[124.7878,6.8336],[124.7963,6.84],[124.7998,6.8415],[124.8083,6.8406],[124.8125,6.7925],[124.7815,6.7954],[124.7818,6.8053]]]]},"properties":{"ADM3_EN":"Paglat","name":"Paglat","ADM3_PCODE":"PH153823000","psgc_code":"153823000","ADM2_EN":"Maguindanao","ADM2_PCODE":"PH1538","ADM1_EN":"Bangsamoro Autonomous Region in Muslim Mindanao (BARMM)","ADM1_PCODE":"PH15","ADM0_EN":"Philippines (the)","ADM0_PCODE":"PH","region_key":"barmm","province_key":"maguindanao","type":"Municipality"}},{"type":"Feature","geometry":{"type":"MultiPolygon","coordinates":[[[[124.799,6.7823],[124.8026,6.7837],[124.8143,6.7809],[124.8244,6.7749],[124.843,6.725],[124.8333,6.724],[124.8294,6.7429],[124.8154,6.7441],[124.8165,6.7345],[124.8103,6.7337],[124.7716,6.738],[124.7551,6.7349],[124.7486,6.7481],[124.7459,6.782],[124.7803,6.7755],[124.7907,6.7811],[124.799,6.7823]]]]},"properties":{"ADM3_EN":"Pandag","name":"Pandag","ADM3_PCODE":"PH153833000","psgc_code":"153833000","ADM2_EN":"Maguindanao","ADM2_PCODE":"PH1538","ADM1_EN":"Bangsamoro Autonomous Region in Muslim Mindanao (BARMM)","ADM1_PCODE":"PH15","ADM0_EN":"Philippines (the)","ADM0_PCODE":"PH","region_key":"barmm","province_key":"maguindanao","type":"Municipality"}},{"type":"Feature","geometry":{"type":"MultiPolygon","coordinates":[[[[124.3116,7.3188],[124.2676,7.3075],[124.2505,7.3046],[124.2484,7.3116],[124.243,7.3072],[124.2374,7.3093],[124.233,7.314],[124.2312,7.314],[124.2268,7.3057],[124.2252,7.3046],[124.22,7.3073],[124.2187,7.3016],[124.2172,7.3003],[124.2158,7.3014],[124.2172,7.3044],[124.2167,7.3131],[124.2147,7.3158],[124.2119,7.3306],[124.215,7.3406],[124.2142,7.3439],[124.2114,7.3483],[124.2081,7.3481],[124.2067,7.35],[124.2044,7.3492],[124.2022,7.3508],[124.2056,7.3536],[124.2092,7.3528],[124.2156,7.3544],[124.2183,7.3578],[124.2253,7.3533],[124.2253,7.3508],[124.2228,7.3489],[124.2233,7.3469],[124.2294,7.3461],[124.2311,7.3425],[124.2325,7.3439],[124.2361,7.3428],[124.2403,7.3475],[124.2553,7.3478],[124.2578,7.3494],[124.2555,7.3564],[124.2561,7.3581],[124.2596,7.3594],[124.26,7.3758],[124.2547,7.3794],[124.2517,7.3761],[124.2483,7.3772],[124.2478,7.3867],[124.2508,7.4022],[124.2486,7.4081],[124.2397,7.4145],[124.2428,7.4156],[124.2425,7.4173],[124.2527,7.4306],[124.2566,7.4319],[124.2728,7.4187],[124.2809,7.421],[124.2821,7.425],[124.2873,7.4269],[124.2854,7.3864],[124.3407,7.3783],[124.3739,7.3655],[124.4246,7.3091],[124.4224,7.2993],[124.3826,7.3384],[124.3116,7.3188]]],[[[124.0433,7.3339],[124.0408,7.3275],[124.0428,7.3186],[124.0458,7.3136],[124.0375,7.3028],[124.0286,7.2947],[124.0214,7.2967],[124.0175,7.3008],[124.0144,7.3181],[124.0158,7.3258],[124.0189,7.3317],[124.0244,7.3378],[124.0294,7.34],[124.0367,7.3464],[124.045,7.3572],[124.0575,7.365],[124.0658,7.3744],[124.0772,7.3764],[124.0789,7.3717],[124.0697,7.3539],[124.0597,7.3483],[124.0578,7.3425],[124.0556,7.3444],[124.0497,7.3414],[124.0433,7.3339]]]]},"properties":{"ADM3_EN":"Parang","name":"Parang","ADM3_PCODE":"PH158407000","psgc_code":"158407000","ADM2_EN":"Maguindanao","ADM2_PCODE":"PH1584","ADM1_EN":"Bangsamoro Autonomous Region in Muslim Mindanao (BARMM)","ADM1_PCODE":"PH15","ADM0_EN":"Philippines (the)","ADM0_PCODE":"PH","region_key":"barmm","province_key":"maguindanao","type":"Municipality"}},{"type":"Feature","geometry":{"type":"MultiPolygon","coordinates":[[[[124.5403,6.8803],[124.5474,6.8911],[124.543,6.9079],[124.5465,6.9188],[124.5459,6.9437],[124.5483,6.9488],[124.5483,6.9541],[124.5476,6.958],[124.5429,6.9626],[124.5366,6.9738],[124.5668,6.9959],[124.5799,6.9799],[124.5861,6.9696],[124.6031,6.9682],[124.6083,6.9692],[124.6171,6.975],[124.6247,6.9701],[124.6267,6.9651],[124.6471,6.9487],[124.6426,6.9403],[124.6089,6.9443],[124.6134,6.9275],[124.5806,6.9359],[124.5782,6.9198],[124.5941,6.9137],[124.5969,6.904],[124.6009,6.8972],[124.5946,6.8863],[124.5964,6.8817],[124.5689,6.882],[124.5656,6.8636],[124.5563,6.8617],[124.5418,6.8663],[124.539,6.8744],[124.5403,6.8803]]]]},"properties":{"ADM3_EN":"Rajah Buayan","name":"Rajah Buayan","ADM3_PCODE":"PH153829000","psgc_code":"153829000","ADM2_EN":"Maguindanao","ADM2_PCODE":"PH1538","ADM1_EN":"Bangsamoro Autonomous Region in Muslim Mindanao (BARMM)","ADM1_PCODE":"PH15","ADM0_EN":"Philippines (the)","ADM0_PCODE":"PH","region_key":"barmm","province_key":"maguindanao","type":"Municipality"}},{"type":"Feature","geometry":{"type":"MultiPolygon","coordinates":[[[[124.4668,6.8452],[124.4208,6.8464],[124.4223,6.8724],[124.4,6.9164],[124.4187,6.9177],[124.4273,6.9228],[124.441,6.9071],[124.4655,6.9257],[124.4667,6.9235],[124.4654,6.9148],[124.4472,6.9019],[124.4528,6.8953],[124.4644,6.8986],[124.4648,6.9014],[124.4763,6.9055],[124.4762,6.9086],[124.4784,6.9091],[124.4718,6.9153],[124.4711,6.9187],[124.4732,6.9203],[124.4826,6.9252],[124.4856,6.9191],[124.4928,6.9228],[124.4972,6.9056],[124.4959,6.8932],[124.4991,6.8847],[124.5071,6.8766],[124.5059,6.8721],[124.5035,6.8689],[124.4986,6.8673],[124.4912,6.8735],[124.4943,6.8661],[124.4881,6.8718],[124.487,6.8712],[124.4887,6.8676],[124.4846,6.865],[124.4806,6.8689],[124.4764,6.867],[124.4706,6.862],[124.4737,6.8618],[124.473,6.8595],[124.4675,6.8579],[124.4686,6.8485],[124.4668,6.8452]]]]},"properties":{"ADM3_EN":"Shariff Aguak","name":"Shariff Aguak","ADM3_PCODE":"PH153808000","psgc_code":"153808000","ADM2_EN":"Maguindanao","ADM2_PCODE":"PH1538","ADM1_EN":"Bangsamoro Autonomous Region in Muslim Mindanao (BARMM)","ADM1_PCODE":"PH15","ADM0_EN":"Philippines (the)","ADM0_PCODE":"PH","region_key":"barmm","province_key":"maguindanao","type":"Municipality"}},{"type":"Feature","geometry":{"type":"MultiPolygon","coordinates":[[[[124.2553,6.8932],[124.2653,6.7535],[124.2075,6.7506],[124.0999,6.7498],[124.0969,6.7613],[124.0855,6.7895],[124.0831,6.8211],[124.083,6.8784],[124.0881,6.8796],[124.096,6.8772],[124.1052,6.8784],[124.108,6.8833],[124.112,6.8858],[124.1137,6.8902],[124.1134,6.896],[124.1155,6.8958],[124.1189,6.9474],[124.1684,6.9402],[124.1859,6.9355],[124.1881,6.9326],[124.1884,6.9216],[124.1909,6.9226],[124.1943,6.9283],[124.1965,6.9287],[124.2002,6.9346],[124.2372,6.937],[124.2536,6.9356],[124.2553,6.8932]]]]},"properties":{"ADM3_EN":"South Upi","name":"South Upi","ADM3_PCODE":"PH153817000","psgc_code":"153817000","ADM2_EN":"Maguindanao","ADM2_PCODE":"PH1538","ADM1_EN":"Bangsamoro Autonomous Region in Muslim Mindanao (BARMM)","ADM1_PCODE":"PH15","ADM0_EN":"Philippines (the)","ADM0_PCODE":"PH","region_key":"barmm","province_key":"maguindanao","type":"Municipality"}},{"type":"Feature","geometry":{"type":"MultiPolygon","coordinates":[[[[124.2895,7.1779],[124.2866,7.1783],[124.2852,7.1817],[124.2791,7.1857],[124.2778,7.1886],[124.27,7.1923],[124.2654,7.1989],[124.2629,7.1967],[124.2626,7.2027],[124.2574,7.2058],[124.2531,7.2121],[124.2582,7.2185],[124.2361,7.2292],[124.2334,7.2364],[124.2341,7.241],[124.2291,7.2478],[124.2258,7.2604],[124.2174,7.2611],[124.2078,7.2577],[124.2044,7.2589],[124.2031,7.265],[124.2094,7.2733],[124.2092,7.2804],[124.2162,7.2845],[124.2194,7.2816],[124.2229,7.2849],[124.224,7.2826],[124.2357,7.2793],[124.2286,7.2711],[124.2333,7.2716],[124.2443,7.2764],[124.2498,7.2815],[124.2696,7.2934],[124.2799,7.2915],[124.2844,7.2953],[124.2899,7.2947],[124.2924,7.2968],[124.3375,7.3091],[124.347,7.3208],[124.3478,7.3282],[124.3826,7.3384],[124.4224,7.2993],[124.4213,7.2961],[124.4074,7.3028],[124.3681,7.2378],[124.3609,7.2228],[124.3287,7.1719],[124.3268,7.1595],[124.3282,7.1566],[124.3246,7.157],[124.3168,7.1618],[124.3105,7.1693],[124.3074,7.1674],[124.302,7.1697],[124.2971,7.1695],[124.291,7.1733],[124.2895,7.1779]]]]},"properties":{"ADM3_EN":"Sultan Kudarat","name":"Sultan Kudarat","ADM3_PCODE":"PH158408000","psgc_code":"158408000","ADM2_EN":"Maguindanao","ADM2_PCODE":"PH1584","ADM1_EN":"Bangsamoro Autonomous Region in Muslim Mindanao (BARMM)","ADM1_PCODE":"PH15","ADM0_EN":"Philippines (the)","ADM0_PCODE":"PH","region_key":"barmm","province_key":"maguindanao","type":"Municipality"}},{"type":"Feature","geometry":{"type":"MultiPolygon","coordinates":[[[[124.2238,7.2831],[124.2229,7.2849],[124.2194,7.2816],[124.2162,7.2845],[124.2092,7.2804],[124.2117,7.2861],[124.2097,7.2894],[124.2133,7.2967],[124.2131,7.3008],[124.2178,7.2989],[124.2192,7.3],[124.2172,7.3003],[124.2187,7.3016],[124.219,7.3067],[124.2252,7.3046],[124.2312,7.314],[124.233,7.314],[124.2374,7.3093],[124.243,7.3072],[124.2484,7.3116],[124.2505,7.3046],[124.2676,7.3075],[124.3478,7.3282],[124.347,7.3208],[124.3375,7.3091],[124.2924,7.2968],[124.2899,7.2947],[124.2844,7.2953],[124.2799,7.2915],[124.2696,7.2934],[124.2498,7.2815],[124.2443,7.2764],[124.2294,7.2705],[124.2286,7.2711],[124.2357,7.2793],[124.2238,7.2831]]]]},"properties":{"ADM3_EN":"Sultan Mastura","name":"Sultan Mastura","ADM3_PCODE":"PH158409000","psgc_code":"158409000","ADM2_EN":"Maguindanao","ADM2_PCODE":"PH1584","ADM1_EN":"Bangsamoro Autonomous Region in Muslim Mindanao (BARMM)","ADM1_PCODE":"PH15","ADM0_EN":"Philippines (the)","ADM0_PCODE":"PH","region_key":"barmm","province_key":"maguindanao","type":"Municipality"}},{"type":"Feature","geometry":{"type":"MultiPolygon","coordinates":[[[[124.6843,6.8685],[124.6556,6.8704],[124.6583,6.8834],[124.5656,6.8636],[124.5689,6.882],[124.5964,6.8817],[124.5946,6.8863],[124.6009,6.8972],[124.5969,6.904],[124.5941,6.9137],[124.5782,6.9198],[124.5806,6.9359],[124.6134,6.9275],[124.6089,6.9443],[124.6426,6.9403],[124.6433,6.9338],[124.6481,6.925],[124.6515,6.9256],[124.6539,6.9298],[124.6567,6.9314],[124.6768,6.924],[124.6823,6.9195],[124.6915,6.9184],[124.7088,6.9004],[124.709,6.8974],[124.6958,6.8682],[124.6843,6.8685]]]]},"properties":{"ADM3_EN":"Sultan Sa Barongis","name":"Sultan Sa Barongis","ADM3_PCODE":"PH153813000","psgc_code":"153813000","ADM2_EN":"Maguindanao","ADM2_PCODE":"PH1538","ADM1_EN":"Bangsamoro Autonomous Region in Muslim Mindanao (BARMM)","ADM1_PCODE":"PH15","ADM0_EN":"Philippines (the)","ADM0_PCODE":"PH","region_key":"barmm","province_key":"maguindanao","type":"Municipality"}},{"type":"Feature","geometry":{"type":"MultiPolygon","coordinates":[[[[124.3289,6.8748],[124.3294,6.8508],[124.2778,6.8517],[124.3286,6.8841],[124.3289,6.8748]]],[[[124.2549,6.904],[124.2536,6.9356],[124.2806,6.9435],[124.2863,6.9505],[124.3066,6.9546],[124.3255,6.9918],[124.3281,6.9785],[124.3374,6.9712],[124.3414,6.9886],[124.3439,6.9904],[124.3644,6.9843],[124.3698,6.9879],[124.3707,6.9763],[124.3624,6.9727],[124.3499,6.972],[124.3437,6.9567],[124.3303,6.9607],[124.3301,6.9463],[124.3093,6.9304],[124.3145,6.9235],[124.3199,6.925],[124.3336,6.9333],[124.37,6.9333],[124.3784,6.9289],[124.3679,6.9134],[124.3281,6.9137],[124.3281,6.8935],[124.3017,6.8986],[124.2989,6.8808],[124.2561,6.8707],[124.2549,6.904]]],[[[124.3929,6.9697],[124.3911,6.9839],[124.413,7.0139],[124.4301,7.0211],[124.4293,7.0157],[124.3929,6.9697]]],[[[124.3459,6.9969],[124.3492,7.0063],[124.3808,7.019],[124.3698,6.9879],[124.3459,6.9969]]],[[[124.4261,7.0363],[124.4327,7.0349],[124.4426,7.0262],[124.4301,7.0211],[124.4156,7.0311],[124.4222,7.0405],[124.4261,7.035],[124.4261,7.0363]]]]},"properties":{"ADM3_EN":"Talayan","name":"Talayan","ADM3_PCODE":"PH153816000","psgc_code":"153816000","ADM2_EN":"Maguindanao","ADM2_PCODE":"PH1538","ADM1_EN":"Bangsamoro Autonomous Region in Muslim Mindanao (BARMM)","ADM1_PCODE":"PH15","ADM0_EN":"Philippines (the)","ADM0_PCODE":"PH","region_key":"barmm","province_key":"maguindanao","type":"Municipality"}},{"type":"Feature","geometry":{"type":"MultiPolygon","coordinates":[[[[124.3215,7.0171],[124.3234,7.0203],[124.3267,7.0206],[124.3692,7.0456],[124.3669,7.0491],[124.3692,7.058],[124.367,7.0723],[124.3721,7.0751],[124.3749,7.08],[124.3852,7.0821],[124.3901,7.0795],[124.3945,7.0744],[124.3955,7.0673],[124.3995,7.0596],[124.3997,7.0543],[124.3853,7.0484],[124.4025,7.0387],[124.4002,7.0243],[124.413,7.0139],[124.3911,6.9839],[124.3698,6.9879],[124.3808,7.019],[124.3558,7.0096],[124.3518,7.0173],[124.3393,7.0119],[124.3425,7.0038],[124.3296,6.9994],[124.3215,7.0171]]]]},"properties":{"ADM3_EN":"Talitay","name":"Talitay","ADM3_PCODE":"PH153821000","psgc_code":"153821000","ADM2_EN":"Maguindanao","ADM2_PCODE":"PH1538","ADM1_EN":"Bangsamoro Autonomous Region in Muslim Mindanao (BARMM)","ADM1_PCODE":"PH15","ADM0_EN":"Philippines (the)","ADM0_PCODE":"PH","region_key":"barmm","province_key":"maguindanao","type":"Municipality"}},{"type":"Feature","geometry":{"type":"MultiPolygon","coordinates":[[[[124.0467,6.9454],[124.0744,6.9669],[124.0948,6.9948],[124.1068,7.0153],[124.0719,7.0349],[124.0786,7.0519],[124.0707,7.0561],[124.0844,7.0919],[124.1003,7.1271],[124.1263,7.1166],[124.1509,7.1097],[124.2159,7.0953],[124.2224,7.0924],[124.2502,6.9958],[124.2536,6.9356],[124.2372,6.937],[124.2002,6.9346],[124.1965,6.9287],[124.1943,6.9283],[124.1909,6.9226],[124.1884,6.9216],[124.1881,6.9326],[124.1859,6.9355],[124.1684,6.9402],[124.1189,6.9474],[124.1155,6.8958],[124.1134,6.896],[124.1137,6.8902],[124.112,6.8858],[124.108,6.8833],[124.1052,6.8784],[124.096,6.8772],[124.0881,6.8796],[124.083,6.8784],[124.0834,6.8619],[124.0748,6.8517],[124.0447,6.8515],[124.0467,6.9454]]]]},"properties":{"ADM3_EN":"Upi","name":"Upi","ADM3_PCODE":"PH158410000","psgc_code":"158410000","ADM2_EN":"Maguindanao","ADM2_PCODE":"PH1584","ADM1_EN":"Bangsamoro Autonomous Region in Muslim Mindanao (BARMM)","ADM1_PCODE":"PH15","ADM0_EN":"Philippines (the)","ADM0_PCODE":"PH","region_key":"barmm","province_key":"maguindanao","type":"Municipality"}},{"type":"Feature","geometry":{"type":"MultiPolygon","coordinates":[[[[120.9786,6.1206],[120.9766,6.12],[120.9719,6.1208],[120.9806,6.1216],[120.9786,6.1206]]],[[[120.9867,6.13],[120.9844,6.1292],[120.9823,6.1312],[120.9853,6.1317],[120.9867,6.13]]],[[[120.9903,6.1403],[120.998,6.1392],[121.0011,6.1367],[121.0017,6.1336],[120.9967,6.1319],[120.9947,6.1286],[120.9822,6.1206],[120.9819,6.1272],[120.9847,6.1283],[120.9881,6.1258],[120.9894,6.1272],[120.9889,6.1303],[120.9925,6.1319],[120.9933,6.1347],[120.9881,6.135],[120.99,6.1392],[120.9831,6.1381],[120.9817,6.1364],[120.9806,6.1375],[120.9847,6.1406],[120.9903,6.1403]]],[[[121.0083,6.17],[121.0081,6.1633],[121.0047,6.1592],[120.9997,6.1617],[120.9856,6.1647],[120.9894,6.1686],[121.002,6.1722],[121.0064,6.1722],[121.0083,6.17]]],[[[120.9467,6.1606],[120.9489,6.165],[120.9497,6.1652],[120.9504,6.1636],[120.9469,6.1588],[120.9467,6.1606]]],[[[120.9402,6.1653],[120.9367,6.1642],[120.9355,6.1664],[120.9411,6.1678],[120.9419,6.1661],[120.9402,6.1653]]],[[[120.9367,6.1736],[120.9381,6.1697],[120.9369,6.1686],[120.9336,6.1775],[120.9367,6.1736]]],[[[120.9489,6.1728],[120.9492,6.1747],[120.9508,6.1758],[120.9517,6.1717],[120.9508,6.1708],[120.9489,6.1728]]],[[[120.9742,6.1689],[120.9765,6.1694],[120.9715,6.1665],[120.9717,6.1669],[120.9742,6.1689]]],[[[120.9689,6.2042],[120.9828,6.2003],[120.99,6.1964],[120.9936,6.1914],[120.9931,6.1861],[120.9858,6.1775],[120.9808,6.1775],[120.9792,6.1792],[120.9781,6.1767],[120.9731,6.1753],[120.9719,6.1764],[120.9728,6.1792],[120.9681,6.1792],[120.9669,6.1775],[120.9692,6.1742],[120.9647,6.1722],[120.9611,6.1783],[120.9569,6.1922],[120.9594,6.1986],[120.9631,6.2014],[120.9625,6.2044],[120.9642,6.2061],[120.9658,6.2067],[120.9689,6.2042]]],[[[121.0472,6.1965],[121.0401,6.2033],[121.04,6.2066],[121.0416,6.208],[121.0471,6.208],[121.0546,6.2021],[121.0546,6.1994],[121.0514,6.1964],[121.0472,6.1965]]],[[[120.8908,6.1239],[120.8883,6.1261],[120.8897,6.1275],[120.8922,6.1247],[120.8908,6.1239]]],[[[120.8997,6.13],[120.9122,6.1283],[120.9132,6.1271],[120.9064,6.1236],[120.8958,6.1222],[120.8917,6.1269],[120.8953,6.1278],[120.8958,6.1308],[120.8997,6.13]]],[[[120.8842,6.1306],[120.8812,6.1338],[120.8814,6.1358],[120.8859,6.129],[120.8842,6.1306]]],[[[120.9006,6.1375],[120.9025,6.1361],[120.9014,6.1339],[120.9006,6.1361],[120.8972,6.1369],[120.8981,6.1383],[120.9006,6.1375]]],[[[120.9567,6.1047],[120.96,6.105],[120.9597,6.1024],[120.9514,6.1036],[120.9556,6.1072],[120.955,6.1055],[120.9567,6.1047]]],[[[120.9665,6.1123],[120.9649,6.1126],[120.9652,6.1063],[120.9617,6.1029],[120.9647,6.1141],[120.9619,6.1133],[120.9561,6.1075],[120.9622,6.1139],[120.9619,6.1152],[120.9653,6.1155],[120.9665,6.1123]]],[[[120.9811,6.1347],[120.9822,6.1325],[120.9806,6.1303],[120.9758,6.1311],[120.9778,6.1292],[120.9753,6.1261],[120.9686,6.1264],[120.9708,6.1311],[120.9653,6.1258],[120.9675,6.13],[120.9758,6.1364],[120.9781,6.1372],[120.9811,6.1347]]],[[[120.9325,6.1761],[120.9342,6.1711],[120.9333,6.1686],[120.9269,6.1719],[120.9247,6.1714],[120.9228,6.1681],[120.9206,6.1686],[120.9192,6.1669],[120.9194,6.1708],[120.9172,6.1681],[120.9178,6.1644],[120.9153,6.1606],[120.9119,6.1653],[120.9094,6.1625],[120.9111,6.1614],[120.9089,6.16],[120.9094,6.1581],[120.9058,6.1583],[120.9061,6.1606],[120.9039,6.1619],[120.8981,6.1547],[120.895,6.1525],[120.8933,6.1539],[120.8911,6.1522],[120.8933,6.1467],[120.8886,6.14],[120.8867,6.1431],[120.8839,6.1434],[120.8858,6.1497],[120.8931,6.1569],[120.9136,6.1719],[120.9294,6.1783],[120.9325,6.1761]]],[[[120.8827,6.1393],[120.8841,6.1404],[120.8849,6.1398],[120.8838,6.1376],[120.8827,6.1393]]],[[[120.8981,6.1497],[120.8956,6.1461],[120.8944,6.1469],[120.8947,6.1508],[120.8972,6.1511],[120.8981,6.1497]]],[[[120.8589,6.2175],[120.8628,6.2133],[120.86,6.2078],[120.8519,6.2056],[120.8456,6.2069],[120.8447,6.2111],[120.8481,6.2153],[120.8492,6.2139],[120.8539,6.2189],[120.8589,6.2175]]],[[[120.8639,6.3422],[120.8647,6.3406],[120.8667,6.3417],[120.8692,6.3406],[120.8747,6.3361],[120.8764,6.3278],[120.875,6.3197],[120.8706,6.3139],[120.8681,6.3142],[120.8578,6.3078],[120.8419,6.3094],[120.8417,6.3208],[120.8428,6.3247],[120.8467,6.3261],[120.8466,6.3292],[120.8444,6.3311],[120.8464,6.3372],[120.8536,6.3433],[120.8639,6.3422]]]]},"properties":{"ADM3_EN":"Hadji Panglima Tahil","name":"Hadji Panglima Tahil","ADM3_PCODE":"PH156606000","psgc_code":"156606000","ADM2_EN":"Sulu","ADM2_PCODE":"PH1566","ADM1_EN":"Bangsamoro Autonomous Region in Muslim Mindanao (BARMM)","ADM1_PCODE":"PH15","ADM0_EN":"Philippines (the)","ADM0_PCODE":"PH","region_key":"barmm","province_key":"sulu","type":"Municipality"}},{"type":"Feature","geometry":{"type":"MultiPolygon","coordinates":[[[[120.9412,5.9396],[120.9271,5.942],[120.9188,5.9551],[120.9192,5.9613],[120.9011,6.0061],[120.9086,6.0114],[120.9208,6.0272],[120.9328,6.0314],[120.9375,6.0311],[120.9419,6.0353],[120.95,6.0331],[120.9622,6.0431],[120.9664,6.0447],[120.9781,6.0439],[120.98,6.0458],[120.9814,6.045],[120.9902,6.0532],[120.9922,6.0511],[121.0012,6.0514],[121.0026,6.0407],[121.0001,6.03],[121.0043,6.0172],[121.0286,6.0198],[121.0279,5.9927],[120.9949,5.9913],[120.9824,5.9331],[120.9412,5.9396]]]]},"properties":{"ADM3_EN":"Indanan","name":"Indanan","ADM3_PCODE":"PH156601000","psgc_code":"156601000","ADM2_EN":"Sulu","ADM2_PCODE":"PH1566","ADM1_EN":"Bangsamoro Autonomous Region in Muslim Mindanao (BARMM)","ADM1_PCODE":"PH15","ADM0_EN":"Philippines (the)","ADM0_PCODE":"PH","region_key":"barmm","province_key":"sulu","type":"Municipality"}},{"type":"Feature","geometry":{"type":"MultiPolygon","coordinates":[[[[121.0194,6.0388],[121.0166,6.036],[121.002,6.0433],[121.0012,6.0514],[120.9922,6.0511],[120.9902,6.0532],[120.9983,6.055],[121.0006,6.0587],[121.0035,6.059],[121.0076,6.0636],[121.0187,6.0593],[121.0294,6.0528],[121.0194,6.0388]]]]},"properties":{"ADM3_EN":"Jolo","name":"Jolo","ADM3_PCODE":"PH156602000","psgc_code":"156602000","ADM2_EN":"Sulu","ADM2_PCODE":"PH1566","ADM1_EN":"Bangsamoro Autonomous Region in Muslim Mindanao (BARMM)","ADM1_PCODE":"PH15","ADM0_EN":"Philippines (the)","ADM0_PCODE":"PH","region_key":"barmm","province_key":"sulu","type":"Municipality"}},{"type":"Feature","geometry":{"type":"MultiPolygon","coordinates":[[[[121.2829,5.8649],[121.2817,5.8604],[121.2811,5.8647],[121.2767,5.8625],[121.2703,5.8683],[121.2706,5.8719],[121.2748,5.8667],[121.2808,5.8678],[121.2775,5.8697],[121.2786,5.8722],[121.2843,5.8725],[121.2816,5.8761],[121.2644,5.8808],[121.2605,5.884],[121.2586,5.8921],[121.255,5.8939],[121.2525,5.8911],[121.2497,5.8908],[121.2503,5.8894],[121.2483,5.89],[121.2465,5.8883],[121.2407,5.8893],[121.2361,5.8936],[121.2383,5.8944],[121.2357,5.8961],[121.2322,5.9056],[121.2405,5.9117],[121.2414,5.9178],[121.2433,5.9169],[121.2459,5.92],[121.2422,5.9236],[121.2734,5.9694],[121.2803,5.9641],[121.299,5.9419],[121.306,5.926],[121.3108,5.9203],[121.3224,5.9111],[121.3315,5.9074],[121.3354,5.8999],[121.3286,5.8989],[121.32,5.8947],[121.3099,5.8858],[121.3097,5.8829],[121.3042,5.8775],[121.2991,5.874],[121.2986,5.8757],[121.2975,5.8742],[121.2958,5.875],[121.2976,5.8696],[121.3005,5.8683],[121.2953,5.8605],[121.2906,5.8638],[121.288,5.8618],[121.2866,5.8634],[121.2878,5.8565],[121.2822,5.8557],[121.2859,5.8572],[121.2829,5.8649]]],[[[121.3114,5.8836],[121.3119,5.8829],[121.3085,5.8786],[121.3082,5.8794],[121.3114,5.8836]]],[[[121.3158,5.886],[121.319,5.8871],[121.3184,5.8889],[121.3205,5.8879],[121.319,5.8861],[121.3158,5.886]]],[[[121.2716,5.8548],[121.2719,5.8542],[121.276,5.8542],[121.2721,5.8537],[121.2702,5.8542],[121.2694,5.8553],[121.2716,5.8548]]],[[[121.2771,5.8548],[121.278,5.8556],[121.2799,5.8559],[121.2797,5.8553],[121.2771,5.8548]]]]},"properties":{"ADM3_EN":"Kalingalan Caluang","name":"Kalingalan Caluang","ADM3_PCODE":"PH156603000","psgc_code":"156603000","ADM2_EN":"Sulu","ADM2_PCODE":"PH1566","ADM1_EN":"Bangsamoro Autonomous Region in Muslim Mindanao (BARMM)","ADM1_PCODE":"PH15","ADM0_EN":"Philippines (the)","ADM0_PCODE":"PH","region_key":"barmm","province_key":"sulu","type":"Municipality"}},{"type":"Feature","geometry":{"type":"MultiPolygon","coordinates":[[[[120.8311,5.6693],[120.8233,5.6707],[120.8195,5.6699],[120.8117,5.663],[120.7991,5.6642],[120.797,5.6684],[120.7979,5.6747],[120.8015,5.6828],[120.8033,5.6932],[120.8077,5.7003],[120.8119,5.7017],[120.8171,5.7008],[120.839,5.7101],[120.8601,5.7055],[120.875,5.6968],[120.889,5.6919],[120.887,5.6886],[120.8872,5.6855],[120.8829,5.6822],[120.8789,5.6817],[120.8714,5.685],[120.871,5.6817],[120.8673,5.6788],[120.8637,5.6792],[120.8631,5.6781],[120.8656,5.6772],[120.8614,5.6704],[120.8542,5.6695],[120.8542,5.6673],[120.8615,5.6684],[120.8609,5.6661],[120.8412,5.6645],[120.8311,5.6693]]],[[[120.8215,5.6655],[120.8229,5.6657],[120.823,5.6649],[120.8209,5.6649],[120.8215,5.6655]]]]},"properties":{"ADM3_EN":"Lugus","name":"Lugus","ADM3_PCODE":"PH156617000","psgc_code":"156617000","ADM2_EN":"Sulu","ADM2_PCODE":"PH1566","ADM1_EN":"Bangsamoro Autonomous Region in Muslim Mindanao (BARMM)","ADM1_PCODE":"PH15","ADM0_EN":"Philippines (the)","ADM0_PCODE":"PH","region_key":"barmm","province_key":"sulu","type":"Municipality"}},{"type":"Feature","geometry":{"type":"MultiPolygon","coordinates":[[[[121.3023,5.9342],[121.299,5.9419],[121.294,5.9483],[121.2773,5.9674],[121.2734,5.9694],[121.2722,5.9724],[121.2706,5.9845],[121.2797,6.0077],[121.2757,6.0174],[121.277,6.0191],[121.294,6.0156],[121.2991,6.0163],[121.3077,6.0114],[121.3085,6.0081],[121.3108,6.0083],[121.3133,6.0039],[121.3172,6.002],[121.3234,6.0027],[121.3312,6.0009],[121.3341,6.0069],[121.3385,6.0094],[121.3461,6.0108],[121.3497,6.01],[121.3551,6.0052],[121.3633,6.0056],[121.3649,6.0032],[121.3632,6.0017],[121.3627,5.9973],[121.3581,5.9955],[121.3568,5.9962],[121.3623,5.9899],[121.3677,5.9904],[121.3688,5.9962],[121.3678,6.0006],[121.3716,6.0024],[121.3683,6.0042],[121.37,6.0063],[121.3728,6.0064],[121.3767,6.01],[121.3938,6.0104],[121.4184,5.9952],[121.4258,5.9831],[121.4253,5.9731],[121.4269,5.9651],[121.4252,5.959],[121.4191,5.9502],[121.4069,5.9408],[121.4008,5.9425],[121.3875,5.9403],[121.3847,5.9339],[121.3808,5.9297],[121.3833,5.924],[121.3861,5.9222],[121.3889,5.9225],[121.3878,5.9169],[121.3817,5.9119],[121.3886,5.9119],[121.3883,5.9106],[121.3856,5.9108],[121.3867,5.9089],[121.3819,5.9056],[121.3848,5.9038],[121.3778,5.9033],[121.3712,5.9057],[121.3671,5.9118],[121.3748,5.9044],[121.3792,5.9055],[121.3707,5.9124],[121.3734,5.9123],[121.3733,5.9143],[121.3552,5.9175],[121.3506,5.915],[121.3354,5.8999],[121.3315,5.9074],[121.3224,5.9111],[121.3108,5.9203],[121.306,5.926],[121.3023,5.9342]]],[[[121.3275,6.0331],[121.3258,6.0297],[121.3283,6.0264],[121.3272,6.0236],[121.3188,6.017],[121.3156,6.0181],[121.3143,6.0263],[121.3166,6.0304],[121.322,6.0306],[121.3267,6.0344],[121.3275,6.0331]]],[[[121.353,5.9149],[121.3545,5.9156],[121.3519,5.9126],[121.3519,5.9131],[121.353,5.9149]]],[[[121.3558,5.9147],[121.3569,5.9156],[121.3609,5.9152],[121.3605,5.9144],[121.3558,5.9147]]],[[[121.3903,5.9052],[121.3942,5.9089],[121.3946,5.9085],[121.3914,5.9047],[121.3868,5.9038],[121.3903,5.9052]]],[[[121.3868,5.9142],[121.3887,5.9147],[121.389,5.9136],[121.3865,5.9131],[121.3868,5.9142]]],[[[121.3687,6.0161],[121.375,6.0111],[121.3686,6.0076],[121.3643,6.0095],[121.362,6.0133],[121.3642,6.0158],[121.3687,6.0161]]],[[[121.4203,6.0531],[121.4261,6.0501],[121.4311,6.0439],[121.4344,6.0347],[121.4338,6.0293],[121.4272,6.0158],[121.4183,6.0128],[121.4079,6.0186],[121.4047,6.0188],[121.3962,6.0143],[121.3867,6.0172],[121.3798,6.0297],[121.3809,6.0364],[121.3917,6.0434],[121.3975,6.0533],[121.4038,6.0571],[121.4111,6.0578],[121.4203,6.0531]]],[[[121.4568,6.0755],[121.459,6.0733],[121.461,6.0658],[121.46,6.0607],[121.453,6.0579],[121.4481,6.0507],[121.4431,6.0513],[121.44,6.056],[121.4418,6.0723],[121.4476,6.0766],[121.4568,6.0755]]]]},"properties":{"ADM3_EN":"Luuk","name":"Luuk","ADM3_PCODE":"PH156604000","psgc_code":"156604000","ADM2_EN":"Sulu","ADM2_PCODE":"PH1566","ADM1_EN":"Bangsamoro Autonomous Region in Muslim Mindanao (BARMM)","ADM1_PCODE":"PH15","ADM0_EN":"Philippines (the)","ADM0_PCODE":"PH","region_key":"barmm","province_key":"sulu","type":"Municipality"}},{"type":"Feature","geometry":{"type":"MultiPolygon","coordinates":[[[[120.9867,5.9097],[120.9773,5.9036],[120.9815,5.9204],[120.9864,5.9554],[120.9949,5.9913],[121.0279,5.9927],[121.0307,5.9816],[121.0324,5.9461],[121.0344,5.9407],[121.0437,5.9342],[121.0445,5.9293],[121.0514,5.9252],[121.0523,5.9226],[121.0491,5.915],[121.0397,5.9152],[121.0384,5.9174],[121.0396,5.9179],[121.0365,5.92],[121.0364,5.9221],[121.0343,5.9222],[121.0339,5.9201],[121.0311,5.925],[121.0284,5.9236],[121.027,5.9281],[121.0248,5.9295],[121.0201,5.9226],[121.0173,5.9237],[121.0168,5.9257],[121.0157,5.9228],[121.0114,5.9222],[121.0096,5.9234],[121.002,5.9179],[121.0008,5.9153],[120.9971,5.9136],[120.9928,5.9147],[120.9867,5.9097]]]]},"properties":{"ADM3_EN":"Maimbung","name":"Maimbung","ADM3_PCODE":"PH156605000","psgc_code":"156605000","ADM2_EN":"Sulu","ADM2_PCODE":"PH1566","ADM1_EN":"Bangsamoro Autonomous Region in Muslim Mindanao (BARMM)","ADM1_PCODE":"PH15","ADM0_EN":"Philippines (the)","ADM0_PCODE":"PH","region_key":"barmm","province_key":"sulu","type":"Municipality"}},{"type":"Feature","geometry":{"type":"MultiPolygon","coordinates":[[[[121.2376,5.9354],[121.2331,5.9364],[121.2323,5.9407],[121.2298,5.9399],[121.2135,5.9524],[121.2044,5.9559],[121.203,5.9685],[121.2089,5.9828],[121.1668,6.0038],[121.1587,6.016],[121.1625,6.0196],[121.1854,6.0255],[121.1853,6.0222],[121.1893,6.015],[121.2017,6.0022],[121.2038,5.998],[121.2063,5.9961],[121.2153,5.9952],[121.2249,5.9988],[121.2305,6.0036],[121.2314,6.0083],[121.2356,6.0083],[121.245,6.0139],[121.248,6.015],[121.261,6.0142],[121.2757,6.0186],[121.2797,6.0077],[121.2706,5.9845],[121.2707,5.978],[121.2734,5.9694],[121.2422,5.9236],[121.2426,5.9281],[121.2376,5.9354]]],[[[121.2733,6.0894],[121.2764,6.0894],[121.2775,6.085],[121.2719,6.0822],[121.2756,6.0792],[121.2758,6.0767],[121.2786,6.0814],[121.2786,6.0763],[121.2767,6.074],[121.2656,6.075],[121.2642,6.0767],[121.2706,6.0847],[121.2706,6.09],[121.2733,6.0894]]]]},"properties":{"ADM3_EN":"Old Panamao","name":"Old Panamao","ADM3_PCODE":"PH156607000","psgc_code":"156607000","ADM2_EN":"Sulu","ADM2_PCODE":"PH1566","ADM1_EN":"Bangsamoro Autonomous Region in Muslim Mindanao (BARMM)","ADM1_PCODE":"PH15","ADM0_EN":"Philippines (the)","ADM0_PCODE":"PH","region_key":"barmm","province_key":"sulu","type":"Municipality"}},{"type":"Feature","geometry":{"type":"MultiPolygon","coordinates":[[[[120.796,5.4556],[120.7918,5.4564],[120.8014,5.4571],[120.8008,5.4566],[120.796,5.4556]]],[[[120.7967,5.4663],[120.7944,5.4645],[120.7916,5.4671],[120.7922,5.468],[120.7935,5.4665],[120.7937,5.4692],[120.7953,5.4675],[120.7947,5.4694],[120.7972,5.468],[120.7967,5.4663]]],[[[120.7943,5.471],[120.794,5.4729],[120.7967,5.4734],[120.799,5.4697],[120.7963,5.4688],[120.7943,5.471]]],[[[120.804,5.4933],[120.8011,5.476],[120.7764,5.4759],[120.7751,5.4837],[120.7784,5.4881],[120.7803,5.4968],[120.7866,5.5036],[120.7878,5.5108],[120.8007,5.5169],[120.8065,5.5298],[120.8068,5.5246],[120.8033,5.5123],[120.8052,5.5002],[120.804,5.4933]]],[[[120.7858,5.512],[120.7839,5.5072],[120.7845,5.5039],[120.7837,5.5056],[120.7823,5.5034],[120.7793,5.5035],[120.7811,5.5019],[120.7771,5.5006],[120.777,5.4972],[120.7721,5.496],[120.7709,5.4976],[120.7647,5.4987],[120.7687,5.4971],[120.7675,5.4964],[120.7611,5.4978],[120.7552,5.502],[120.7451,5.5181],[120.7481,5.5288],[120.7576,5.5383],[120.7582,5.5461],[120.7589,5.5469],[120.7592,5.545],[120.7597,5.5466],[120.7587,5.5497],[120.766,5.5619],[120.7738,5.5638],[120.7821,5.5626],[120.783,5.5653],[120.7804,5.5642],[120.7855,5.5691],[120.7947,5.5696],[120.8096,5.5618],[120.8111,5.5541],[120.8086,5.5505],[120.8075,5.552],[120.8085,5.5495],[120.8058,5.5437],[120.8062,5.5395],[120.8029,5.5372],[120.8062,5.5383],[120.8051,5.5306],[120.8027,5.5276],[120.8009,5.5292],[120.7972,5.5266],[120.7979,5.5254],[120.8016,5.5262],[120.7989,5.5184],[120.7973,5.5171],[120.7953,5.5191],[120.7937,5.5167],[120.7914,5.5174],[120.7897,5.5136],[120.7868,5.5136],[120.7838,5.5157],[120.7858,5.512]]],[[[120.7541,5.5544],[120.7562,5.5562],[120.757,5.5525],[120.7539,5.5515],[120.7541,5.5544]]],[[[120.2794,5.6244],[120.2751,5.6212],[120.2708,5.6208],[120.2675,5.6253],[120.2687,5.6339],[120.2719,5.6348],[120.274,5.6333],[120.2738,5.631],[120.2753,5.63],[120.27,5.624],[120.2727,5.6239],[120.2738,5.622],[120.2777,5.6256],[120.2768,5.6285],[120.2741,5.6253],[120.2761,5.6303],[120.2752,5.6343],[120.2814,5.6329],[120.2821,5.6277],[120.2794,5.6244]]],[[[120.2757,5.6429],[120.2735,5.6443],[120.2758,5.6454],[120.2789,5.6421],[120.2757,5.6429]]],[[[120.278,5.6593],[120.278,5.6607],[120.2794,5.6601],[120.2803,5.6574],[120.278,5.6593]]],[[[120.3453,5.6698],[120.3447,5.6731],[120.3484,5.6738],[120.3537,5.6647],[120.3502,5.6655],[120.3453,5.6698]]],[[[120.2201,5.7008],[120.2199,5.6977],[120.2175,5.6968],[120.2142,5.7004],[120.2161,5.7019],[120.2201,5.7008]]],[[[120.3963,5.7162],[120.3967,5.7252],[120.3994,5.7279],[120.4011,5.726],[120.4006,5.7212],[120.4013,5.7225],[120.3987,5.7175],[120.3963,5.7162]]],[[[120.4038,5.7294],[120.4058,5.7341],[120.4013,5.7225],[120.4022,5.7261],[120.4038,5.7294]]],[[[120.2935,5.7281],[120.2936,5.7292],[120.2948,5.7317],[120.2939,5.7282],[120.2958,5.7323],[120.3,5.7334],[120.2995,5.7295],[120.2975,5.7272],[120.2945,5.7264],[120.2935,5.7281]]],[[[120.417,5.7619],[120.4183,5.7591],[120.4174,5.7556],[120.4135,5.7486],[120.4168,5.7562],[120.4175,5.7597],[120.4155,5.7575],[120.4167,5.7577],[120.4165,5.7562],[120.4124,5.7473],[120.4096,5.7441],[120.4066,5.7483],[120.4084,5.7591],[120.412,5.7618],[120.417,5.7619]]],[[[120.4097,5.7982],[120.4108,5.7971],[120.4101,5.7944],[120.4058,5.7931],[120.4042,5.7953],[120.4057,5.7973],[120.4032,5.7958],[120.4038,5.7986],[120.3992,5.8009],[120.3991,5.7985],[120.4023,5.7957],[120.4002,5.7945],[120.4002,5.7931],[120.4028,5.7939],[120.4017,5.7917],[120.4038,5.7904],[120.404,5.7865],[120.4076,5.7883],[120.4034,5.7911],[120.4043,5.7932],[120.4113,5.7884],[120.4114,5.7857],[120.4081,5.7857],[120.4065,5.7815],[120.41,5.7785],[120.4107,5.7752],[120.411,5.7768],[120.414,5.7744],[120.4176,5.7774],[120.4158,5.7773],[120.4145,5.7795],[120.4193,5.7817],[120.4196,5.7845],[120.4172,5.7828],[120.4167,5.7889],[120.4143,5.7874],[120.4092,5.7914],[120.41,5.7931],[120.4118,5.7923],[120.4113,5.7962],[120.4193,5.7899],[120.418,5.789],[120.4207,5.7846],[120.4203,5.7755],[120.4145,5.7717],[120.4093,5.7738],[120.4031,5.7821],[120.395,5.8005],[120.3948,5.8087],[120.3971,5.8102],[120.3988,5.8094],[120.4097,5.7982]]]]},"properties":{"ADM3_EN":"Pandami","name":"Pandami","ADM3_PCODE":"PH156618000","psgc_code":"156618000","ADM2_EN":"Sulu","ADM2_PCODE":"PH1566","ADM1_EN":"Bangsamoro Autonomous Region in Muslim Mindanao (BARMM)","ADM1_PCODE":"PH15","ADM0_EN":"Philippines (the)","ADM0_PCODE":"PH","region_key":"barmm","province_key":"sulu","type":"Municipality"}},{"type":"Feature","geometry":{"type":"MultiPolygon","coordinates":[[[[121.2278,5.9398],[121.2186,5.9364],[121.2167,5.9403],[121.2189,5.9442],[121.2139,5.9396],[121.2126,5.94],[121.2129,5.9439],[121.205,5.9472],[121.2003,5.9465],[121.1953,5.9511],[121.1956,5.9535],[121.1928,5.9506],[121.1895,5.9503],[121.1895,5.9475],[121.1822,5.9344],[121.1753,5.9367],[121.1747,5.9428],[121.1714,5.9433],[121.1664,5.9389],[121.1683,5.9353],[121.1622,5.9244],[121.1592,5.9251],[121.1589,5.9292],[121.1547,5.9266],[121.1551,5.932],[121.1621,5.9488],[121.1587,6.016],[121.1691,6.0022],[121.2089,5.9828],[121.203,5.9685],[121.2044,5.9559],[121.2135,5.9524],[121.2298,5.9399],[121.2278,5.9398]]]]},"properties":{"ADM3_EN":"Panglima Estino","name":"Panglima Estino","ADM3_PCODE":"PH156616000","psgc_code":"156616000","ADM2_EN":"Sulu","ADM2_PCODE":"PH1566","ADM1_EN":"Bangsamoro Autonomous Region in Muslim Mindanao (BARMM)","ADM1_PCODE":"PH15","ADM0_EN":"Philippines (the)","ADM0_PCODE":"PH","region_key":"barmm","province_key":"sulu","type":"Municipality"}},{"type":"Feature","geometry":{"type":"MultiPolygon","coordinates":[[[[119.6753,5.7714],[119.6854,5.7731],[119.6899,5.7747],[119.6855,5.7717],[119.6753,5.7699],[119.6753,5.7714]]],[[[119.6746,5.7737],[119.6739,5.7746],[119.6769,5.7746],[119.6764,5.7733],[119.6746,5.7737]]],[[[119.6938,5.7756],[119.7207,5.7897],[119.7211,5.7924],[119.7233,5.7908],[119.7022,5.7778],[119.6913,5.7742],[119.6938,5.7756]]],[[[119.7106,5.7889],[119.7114,5.7872],[119.7092,5.7858],[119.7083,5.7867],[119.7106,5.7889]]],[[[119.7183,5.7914],[119.7167,5.7906],[119.7164,5.7928],[119.7189,5.7933],[119.7183,5.7914]]],[[[119.7244,5.7967],[119.7242,5.8003],[119.7272,5.8033],[119.7261,5.7961],[119.7225,5.7933],[119.7244,5.7967]]],[[[119.7276,5.8134],[119.7294,5.813],[119.7283,5.8109],[119.7274,5.8111],[119.7276,5.8134]]],[[[119.7339,5.8214],[119.7364,5.8294],[119.7378,5.8303],[119.7345,5.82],[119.7329,5.819],[119.7339,5.8214]]],[[[119.6589,5.8264],[119.6578,5.8258],[119.6519,5.8322],[119.6525,5.8339],[119.6589,5.8264]]],[[[119.7405,5.8447],[119.748,5.8356],[119.7469,5.8336],[119.7439,5.8347],[119.7458,5.8358],[119.7392,5.8439],[119.7353,5.8444],[119.7381,5.8464],[119.7405,5.8447]]],[[[119.6394,5.8416],[119.6405,5.8415],[119.6391,5.8387],[119.6388,5.8403],[119.6394,5.8416]]],[[[119.735,5.8475],[119.7308,5.8519],[119.7311,5.8525],[119.7375,5.8472],[119.735,5.8475]]],[[[119.9395,5.8853],[119.9467,5.8764],[119.9511,5.8803],[119.9572,5.8764],[119.9586,5.8725],[119.9619,5.8703],[119.9617,5.8619],[119.9528,5.8628],[119.9508,5.8644],[119.9472,5.8631],[119.9328,5.865],[119.9199,5.871],[119.9189,5.8747],[119.9203,5.8769],[119.932,5.8836],[119.9372,5.8858],[119.9395,5.8853]]],[[[119.974,5.8891],[119.9753,5.8878],[119.973,5.8853],[119.9698,5.886],[119.9723,5.8807],[119.9697,5.875],[119.9719,5.8764],[119.9722,5.8794],[119.9736,5.8789],[119.9729,5.8764],[119.975,5.8752],[119.9713,5.8738],[119.9699,5.8691],[119.974,5.8703],[119.98,5.8689],[119.9742,5.8723],[119.9757,5.8752],[119.9764,5.8721],[119.9804,5.8716],[119.9775,5.8787],[119.9799,5.8773],[119.9822,5.8699],[119.9857,5.8712],[119.9846,5.8683],[119.99,5.8695],[119.9903,5.8719],[119.9975,5.8759],[119.9992,5.8763],[119.9979,5.8752],[119.9986,5.8726],[120.0036,5.874],[120.0044,5.8749],[120.0003,5.8751],[120.001,5.8771],[120.0053,5.8808],[120.008,5.8847],[120.0071,5.8859],[120.0114,5.8906],[120.0178,5.8856],[120.0182,5.8826],[120.0201,5.8862],[120.021,5.8855],[120.0088,5.8681],[119.9875,5.8619],[119.9727,5.8607],[119.9702,5.862],[119.9698,5.8664],[119.9667,5.8684],[119.967,5.8727],[119.9651,5.8752],[119.9644,5.8806],[119.965,5.8859],[119.9689,5.8914],[119.9703,5.8911],[119.9692,5.8922],[119.9711,5.8938],[119.9726,5.8923],[119.9722,5.8898],[119.974,5.8891]]],[[[119.9558,5.8812],[119.9539,5.8811],[119.9536,5.882],[119.9553,5.8817],[119.9558,5.8812]]],[[[120.0696,5.8782],[120.0699,5.8905],[120.0716,5.893],[120.0749,5.8933],[120.077,5.891],[120.0807,5.8722],[120.0738,5.8728],[120.0696,5.8782]]],[[[119.9735,5.8851],[119.9749,5.8864],[119.9752,5.8837],[119.9734,5.8834],[119.9735,5.8851]]],[[[119.9765,5.8869],[119.9783,5.8874],[119.9778,5.8834],[119.9765,5.8841],[119.9765,5.8869]]],[[[119.9824,5.9047],[119.9814,5.9038],[119.9793,5.9057],[119.9811,5.9061],[119.9824,5.9047]]],[[[119.9859,5.9044],[119.9828,5.9056],[119.9828,5.9067],[119.9869,5.9079],[119.9884,5.9051],[119.9873,5.9037],[119.9859,5.9044]]],[[[120.0024,5.9371],[120.002,5.9297],[119.9988,5.9279],[119.9961,5.9285],[119.995,5.9304],[119.9934,5.9274],[119.997,5.9233],[120.0039,5.9247],[120.0075,5.92],[120.0092,5.9204],[120.0089,5.9181],[120.0064,5.9164],[120.0064,5.9094],[120.0106,5.9017],[120.0114,5.8956],[120.0136,5.8964],[120.0153,5.8936],[120.0144,5.8922],[120.0092,5.8933],[120.0081,5.8949],[120.0092,5.897],[120.0058,5.8944],[120.0069,5.9022],[120.0042,5.9046],[120.0019,5.912],[119.9986,5.9175],[119.9974,5.9172],[119.9964,5.9212],[119.9952,5.9209],[119.9954,5.9095],[119.9927,5.915],[119.9874,5.9127],[119.9877,5.9109],[119.9858,5.9106],[119.9857,5.9091],[119.982,5.9095],[119.9809,5.9109],[119.984,5.9117],[119.9836,5.9139],[119.9864,5.9142],[119.9881,5.9177],[119.9808,5.9169],[119.9767,5.9194],[119.9779,5.9275],[119.9855,5.9256],[119.9776,5.931],[119.9829,5.9345],[119.9832,5.9382],[119.9921,5.941],[120.0006,5.9392],[120.0024,5.9371]]],[[[119.9748,5.9311],[119.9763,5.934],[119.9777,5.9345],[119.9756,5.93],[119.977,5.9287],[119.9745,5.9296],[119.9748,5.9311]]],[[[120.1145,5.9558],[120.1102,5.9534],[120.1103,5.9504],[120.113,5.9444],[120.1208,5.9456],[120.1224,5.9163],[120.1178,5.9174],[120.1161,5.9231],[120.1134,5.9247],[120.112,5.9338],[120.1013,5.9505],[120.0952,5.9675],[120.0919,5.9702],[120.0897,5.9749],[120.0952,5.9799],[120.0949,5.9856],[120.0999,5.99],[120.1099,5.9897],[120.118,5.9804],[120.1188,5.9717],[120.1209,5.9701],[120.1231,5.9637],[120.1237,5.9558],[120.1218,5.9526],[120.1145,5.9558]]],[[[120.3811,6.1028],[120.3828,6.0986],[120.3819,6.0972],[120.3756,6.1044],[120.3756,6.1079],[120.3811,6.1028]]],[[[120.44,6.1372],[120.447,6.135],[120.447,6.1339],[120.4386,6.1336],[120.4367,6.1364],[120.431,6.1382],[120.4283,6.1419],[120.4317,6.1439],[120.4306,6.1453],[120.4258,6.1431],[120.4167,6.15],[120.4147,6.1531],[120.4156,6.1583],[120.4208,6.1594],[120.4225,6.1633],[120.4261,6.1636],[120.4306,6.1678],[120.4581,6.1731],[120.4647,6.1675],[120.4661,6.1631],[120.4636,6.1594],[120.4644,6.1567],[120.4572,6.1444],[120.4561,6.1367],[120.4511,6.1331],[120.4483,6.1367],[120.4428,6.1381],[120.44,6.1372]]],[[[120.4853,6.0489],[120.4794,6.0536],[120.4825,6.0603],[120.4847,6.0603],[120.4883,6.0572],[120.49,6.0525],[120.49,6.0486],[120.4883,6.0472],[120.4853,6.0489]]],[[[120.5078,6.1125],[120.515,6.1025],[120.5142,6.0989],[120.5117,6.0975],[120.5069,6.1],[120.5033,6.1047],[120.5021,6.1094],[120.5031,6.1117],[120.5078,6.1125]]],[[[120.5394,6.1444],[120.5492,6.1386],[120.5536,6.1342],[120.557,6.1272],[120.5567,6.1231],[120.5529,6.1184],[120.5533,6.1172],[120.5489,6.1136],[120.5433,6.1119],[120.5342,6.1158],[120.5297,6.1261],[120.5328,6.1433],[120.5372,6.1456],[120.5394,6.1444]]],[[[120.4819,6.1475],[120.4819,6.1381],[120.4781,6.1367],[120.4742,6.1411],[120.4781,6.1486],[120.4806,6.1494],[120.4819,6.1475]]],[[[120.5542,6.2428],[120.5331,6.2389],[120.5142,6.2492],[120.4953,6.2486],[120.4842,6.2511],[120.4772,6.2553],[120.4761,6.2672],[120.4786,6.2711],[120.4875,6.2731],[120.4975,6.2697],[120.5072,6.2614],[120.5114,6.2603],[120.5197,6.2653],[120.5217,6.2697],[120.5208,6.2811],[120.5294,6.2942],[120.5356,6.3],[120.5367,6.3033],[120.5425,6.33],[120.5417,6.3436],[120.5486,6.3494],[120.5522,6.355],[120.553,6.3581],[120.5514,6.3625],[120.5561,6.3733],[120.5619,6.3797],[120.5711,6.3856],[120.5847,6.3875],[120.5914,6.3931],[120.5972,6.3947],[120.6028,6.3914],[120.6031,6.3886],[120.6006,6.3844],[120.5956,6.3589],[120.5914,6.3525],[120.5875,6.3525],[120.5903,6.35],[120.5903,6.3464],[120.5864,6.3233],[120.5822,6.3108],[120.5856,6.31],[120.5861,6.3019],[120.5783,6.2506],[120.5703,6.2456],[120.5542,6.2428]]],[[[120.66,6.3169],[120.6603,6.3136],[120.6625,6.3125],[120.6617,6.3103],[120.6644,6.3097],[120.6678,6.3053],[120.6672,6.2919],[120.6633,6.2783],[120.6553,6.2658],[120.6442,6.2536],[120.6372,6.25],[120.6319,6.2503],[120.6281,6.2536],[120.6208,6.2669],[120.6275,6.2769],[120.6305,6.2761],[120.6367,6.285],[120.6453,6.2936],[120.6486,6.2917],[120.6536,6.2797],[120.6528,6.2731],[120.6547,6.2742],[120.6561,6.2786],[120.6553,6.2822],[120.6603,6.2925],[120.6586,6.2978],[120.6536,6.3017],[120.6542,6.3044],[120.65,6.3],[120.6511,6.2972],[120.6494,6.2942],[120.6456,6.2958],[120.6389,6.2894],[120.6372,6.2903],[120.6494,6.3181],[120.6519,6.3206],[120.6553,6.3208],[120.66,6.3169]]],[[[120.6504,6.2928],[120.6505,6.2942],[120.6514,6.2964],[120.6514,6.2908],[120.6497,6.2908],[120.6504,6.2928]]],[[[120.6514,6.3003],[120.6531,6.3003],[120.6528,6.2978],[120.6514,6.2992],[120.6514,6.3003]]],[[[120.7125,6.4358],[120.7161,6.4276],[120.7144,6.4189],[120.7161,6.4133],[120.7142,6.4108],[120.7147,6.4056],[120.7111,6.3967],[120.7089,6.3967],[120.7067,6.3994],[120.7064,6.3967],[120.6975,6.3989],[120.7036,6.3947],[120.7067,6.3944],[120.7008,6.3931],[120.6892,6.4006],[120.6697,6.4044],[120.6667,6.415],[120.67,6.4181],[120.6825,6.4261],[120.7081,6.4372],[120.7108,6.4381],[120.7125,6.4358]]],[[[120.7825,6.44],[120.7862,6.4375],[120.7939,6.4236],[120.7947,6.4203],[120.7928,6.4181],[120.7886,6.4208],[120.7781,6.435],[120.7778,6.4394],[120.7825,6.44]]]]},"properties":{"ADM3_EN":"Pangutaran","name":"Pangutaran","ADM3_PCODE":"PH156608000","psgc_code":"156608000","ADM2_EN":"Sulu","ADM2_PCODE":"PH1566","ADM1_EN":"Bangsamoro Autonomous Region in Muslim Mindanao (BARMM)","ADM1_PCODE":"PH15","ADM0_EN":"Philippines (the)","ADM0_PCODE":"PH","region_key":"barmm","province_key":"sulu","type":"Municipality"}},{"type":"Feature","geometry":{"type":"MultiPolygon","coordinates":[[[[120.9753,5.9044],[120.9736,5.9056],[120.9692,5.9025],[120.9536,5.8989],[120.9403,5.8897],[120.9219,5.8917],[120.9111,5.9089],[120.9053,5.9108],[120.8958,5.9192],[120.8911,5.9183],[120.8794,5.9208],[120.8783,5.9297],[120.8739,5.9372],[120.8756,5.9453],[120.8728,5.9533],[120.8878,5.9747],[120.8906,5.9917],[120.8986,6.0064],[120.9011,6.0061],[120.9192,5.9613],[120.9188,5.9551],[120.9271,5.942],[120.9824,5.9331],[120.9815,5.9204],[120.9773,5.9036],[120.9753,5.9044]]]]},"properties":{"ADM3_EN":"Parang","name":"Parang","ADM3_PCODE":"PH156609000","psgc_code":"156609000","ADM2_EN":"Sulu","ADM2_PCODE":"PH1566","ADM1_EN":"Bangsamoro Autonomous Region in Muslim Mindanao (BARMM)","ADM1_PCODE":"PH15","ADM0_EN":"Philippines (the)","ADM0_PCODE":"PH","region_key":"barmm","province_key":"sulu","type":"Municipality"}},{"type":"Feature","geometry":{"type":"MultiPolygon","coordinates":[[[[121.1646,5.7779],[121.1669,5.7784],[121.1652,5.7773],[121.1613,5.7773],[121.1594,5.7781],[121.1646,5.7779]]],[[[121.1522,5.7784],[121.1511,5.7778],[121.15,5.7787],[121.15,5.7792],[121.1522,5.7784]]],[[[121.1585,5.7791],[121.1505,5.7803],[121.1394,5.7873],[121.1314,5.8066],[121.1307,5.8137],[121.133,5.8221],[121.1349,5.8259],[121.1385,5.8284],[121.137,5.8327],[121.1396,5.8373],[121.141,5.8372],[121.1402,5.8427],[121.1462,5.8497],[121.1523,5.849],[121.1541,5.8442],[121.1558,5.8453],[121.1641,5.844],[121.1672,5.846],[121.1791,5.8412],[121.181,5.8417],[121.1808,5.8395],[121.1941,5.8311],[121.1972,5.8263],[121.1989,5.8191],[121.2074,5.8126],[121.2063,5.809],[121.2077,5.8092],[121.2077,5.807],[121.2055,5.8064],[121.2044,5.8023],[121.206,5.8023],[121.206,5.8006],[121.2008,5.7987],[121.1983,5.8001],[121.2006,5.7953],[121.1944,5.7904],[121.1919,5.7901],[121.1908,5.792],[121.1852,5.7884],[121.1794,5.7873],[121.1786,5.7848],[121.1585,5.7791]]],[[[121.1967,5.8327],[121.1969,5.8314],[121.1966,5.8315],[121.1967,5.8327]]],[[[121.2005,5.8364],[121.2018,5.8328],[121.1991,5.83],[121.1975,5.8382],[121.2005,5.8364]]],[[[121.173,5.7798],[121.1722,5.7792],[121.1705,5.7793],[121.1736,5.7809],[121.173,5.7798]]],[[[121.1752,5.7806],[121.1741,5.7804],[121.1772,5.7815],[121.1758,5.7803],[121.1752,5.7806]]],[[[121.1877,5.7864],[121.188,5.787],[121.1897,5.7876],[121.1883,5.7859],[121.1877,5.7864]]],[[[121.1944,5.7895],[121.1921,5.7878],[121.1902,5.7876],[121.1977,5.7917],[121.1944,5.7895]]],[[[121.2055,5.7961],[121.2049,5.7956],[121.2064,5.797],[121.2152,5.7987],[121.2055,5.7961]]],[[[121.2075,5.8039],[121.2083,5.8058],[121.2094,5.8064],[121.2103,5.8033],[121.2087,5.8015],[121.2075,5.8039]]],[[[121.2136,5.8044],[121.2133,5.8067],[121.2169,5.8053],[121.2147,5.8039],[121.2136,5.8044]]],[[[121.2342,5.8083],[121.2347,5.8078],[121.2322,5.8058],[121.2322,5.8067],[121.2342,5.8083]]],[[[121.2242,5.8111],[121.2256,5.8103],[121.2244,5.8086],[121.225,5.8081],[121.2267,5.8131],[121.2261,5.8158],[121.2236,5.8144],[121.2247,5.8178],[121.2289,5.8164],[121.2314,5.8183],[121.2378,5.8183],[121.2419,5.8161],[121.2397,5.8117],[121.2325,5.8136],[121.2328,5.8092],[121.2283,5.8092],[121.2228,5.8044],[121.218,5.8039],[121.215,5.8095],[121.2175,5.8073],[121.218,5.8081],[121.2149,5.8106],[121.2141,5.8144],[121.2114,5.815],[121.2089,5.8206],[121.2117,5.8211],[121.2183,5.8186],[121.2231,5.8144],[121.2242,5.8111]]],[[[121.2031,5.8274],[121.202,5.8281],[121.2039,5.8289],[121.2036,5.8261],[121.2031,5.8274]]],[[[121.24,5.8372],[121.2392,5.8358],[121.2375,5.837],[121.2383,5.8396],[121.2412,5.8404],[121.2389,5.8444],[121.2415,5.842],[121.2417,5.8392],[121.24,5.8372]]],[[[121.2226,5.8426],[121.2218,5.8434],[121.2216,5.8439],[121.2228,5.8424],[121.2226,5.8426]]],[[[121.2264,5.855],[121.2308,5.8525],[121.2308,5.8503],[121.2339,5.8489],[121.2336,5.8467],[121.2381,5.8433],[121.2378,5.8397],[121.2278,5.8397],[121.225,5.8411],[121.2206,5.8467],[121.2192,5.8547],[121.2167,5.8583],[121.2211,5.8589],[121.2264,5.855]]],[[[121.2125,5.8728],[121.2111,5.8715],[121.2076,5.8742],[121.2108,5.8762],[121.213,5.8743],[121.2125,5.8728]]],[[[121.026,5.8345],[121.0212,5.8391],[121.0254,5.8443],[121.0321,5.8373],[121.0299,5.8339],[121.026,5.8345]]],[[[121.1052,5.8422],[121.1011,5.8407],[121.1014,5.8428],[121.0998,5.8441],[121.1012,5.8462],[121.1046,5.8464],[121.1063,5.8443],[121.1052,5.8422]]],[[[121.0944,5.8539],[121.0953,5.85],[121.0917,5.8458],[121.093,5.8448],[121.0919,5.8428],[121.0847,5.84],[121.0808,5.8417],[121.0791,5.852],[121.0814,5.8492],[121.0836,5.8489],[121.0831,5.8464],[121.0845,5.8451],[121.0866,5.845],[121.0817,5.8559],[121.0905,5.8595],[121.0941,5.8567],[121.0944,5.8539]]]]},"properties":{"ADM3_EN":"Pata","name":"Pata","ADM3_PCODE":"PH156610000","psgc_code":"156610000","ADM2_EN":"Sulu","ADM2_PCODE":"PH1566","ADM1_EN":"Bangsamoro Autonomous Region in Muslim Mindanao (BARMM)","ADM1_PCODE":"PH15","ADM0_EN":"Philippines (the)","ADM0_PCODE":"PH","region_key":"barmm","province_key":"sulu","type":"Municipality"}},{"type":"Feature","geometry":{"type":"MultiPolygon","coordinates":[[[[121.0516,6.0211],[121.0293,6.0208],[121.0043,6.0172],[121.0001,6.03],[121.0026,6.0407],[121.0017,6.044],[121.0166,6.036],[121.0294,6.0528],[121.0187,6.0593],[121.0076,6.0636],[121.0128,6.0697],[121.0147,6.0769],[121.0136,6.0839],[121.0167,6.0869],[121.0281,6.0906],[121.0386,6.0867],[121.0442,6.0864],[121.0592,6.0912],[121.0679,6.0866],[121.0798,6.0872],[121.0869,6.0858],[121.1111,6.0914],[121.1225,6.0909],[121.135,6.0789],[121.1467,6.0767],[121.1503,6.0786],[121.1544,6.0775],[121.159,6.0718],[121.1617,6.0583],[121.1684,6.0539],[121.1822,6.0394],[121.1826,6.033],[121.1854,6.0255],[121.1625,6.0196],[121.0939,6.0224],[121.0516,6.0211]]],[[[121.1756,6.0775],[121.1772,6.0758],[121.1678,6.0708],[121.165,6.0783],[121.1697,6.0769],[121.1756,6.0775]]]]},"properties":{"ADM3_EN":"Patikul","name":"Patikul","ADM3_PCODE":"PH156611000","psgc_code":"156611000","ADM2_EN":"Sulu","ADM2_PCODE":"PH1566","ADM1_EN":"Bangsamoro Autonomous Region in Muslim Mindanao (BARMM)","ADM1_PCODE":"PH15","ADM0_EN":"Philippines (the)","ADM0_PCODE":"PH","region_key":"barmm","province_key":"sulu","type":"Municipality"}},{"type":"Feature","geometry":{"type":"MultiPolygon","coordinates":[[[[120.8693,5.4865],[120.8704,5.4868],[120.8709,5.4862],[120.8678,5.4862],[120.8693,5.4865]]],[[[120.8552,5.4751],[120.8538,5.4765],[120.8564,5.4784],[120.8604,5.4772],[120.8618,5.4749],[120.8594,5.4727],[120.8552,5.4751]]],[[[120.8421,5.4802],[120.8387,5.4848],[120.8409,5.4864],[120.8495,5.4822],[120.85,5.48],[120.8475,5.4782],[120.8421,5.4802]]],[[[120.8583,5.486],[120.8599,5.4857],[120.8599,5.4852],[120.8571,5.4853],[120.8583,5.486]]],[[[120.8507,5.4857],[120.8509,5.4868],[120.8545,5.4856],[120.8528,5.4853],[120.8507,5.4857]]],[[[120.8655,5.4867],[120.8683,5.487],[120.8618,5.4853],[120.8618,5.4859],[120.8655,5.4867]]],[[[120.9639,5.5213],[120.9639,5.5204],[120.9637,5.5204],[120.9633,5.5212],[120.9639,5.5213]]],[[[120.9596,5.5281],[120.9613,5.5283],[120.9613,5.5273],[120.9598,5.5279],[120.9596,5.5281]]],[[[120.9597,5.5305],[120.9601,5.5301],[120.96,5.5298],[120.9594,5.53],[120.9597,5.5305]]],[[[120.9198,5.5464],[120.9161,5.5488],[120.9102,5.5552],[120.9252,5.5522],[120.9279,5.5509],[120.9293,5.5474],[120.9262,5.5457],[120.9198,5.5464]]],[[[120.8691,5.5944],[120.8722,5.5985],[120.871,5.602],[120.8734,5.6035],[120.8748,5.5999],[120.877,5.5992],[120.8741,5.5917],[120.8687,5.5897],[120.8649,5.5908],[120.8596,5.5885],[120.8569,5.5916],[120.8555,5.6013],[120.8578,5.6029],[120.857,5.5979],[120.8596,5.5943],[120.8691,5.5944]]],[[[120.9534,5.5194],[120.9536,5.5201],[120.9562,5.5204],[120.9559,5.5198],[120.9534,5.5194]]],[[[120.8173,5.5239],[120.8197,5.5249],[120.8212,5.5219],[120.8204,5.5213],[120.8173,5.5239]]],[[[120.9565,5.5257],[120.9577,5.5261],[120.9578,5.5256],[120.9559,5.5257],[120.9565,5.5257]]],[[[120.9559,5.5249],[120.9561,5.525],[120.9573,5.5252],[120.9566,5.5243],[120.9559,5.5249]]],[[[120.9078,5.5253],[120.909,5.5266],[120.9107,5.5253],[120.9093,5.5239],[120.9078,5.5253]]],[[[120.822,5.5232],[120.8223,5.5227],[120.822,5.5221],[120.8216,5.5229],[120.822,5.5232]]],[[[120.9562,5.5187],[120.9557,5.5187],[120.9559,5.5196],[120.9562,5.5189],[120.9562,5.5187]]],[[[120.838,5.4851],[120.838,5.4824],[120.8333,5.4762],[120.8305,5.4685],[120.8248,5.4625],[120.8108,5.4581],[120.8077,5.4603],[120.8032,5.4716],[120.8038,5.4816],[120.8138,5.5122],[120.8179,5.5179],[120.8216,5.5163],[120.825,5.5094],[120.8335,5.5013],[120.838,5.4851]]],[[[120.8416,5.4884],[120.8389,5.4899],[120.8484,5.4874],[120.8471,5.4867],[120.8416,5.4884]]],[[[120.8753,5.4885],[120.8731,5.488],[120.8755,5.4898],[120.8827,5.49],[120.8753,5.4885]]],[[[120.9044,5.4904],[120.9032,5.4906],[120.9028,5.4909],[120.9055,5.4909],[120.9044,5.4904]]],[[[120.8994,5.4906],[120.8999,5.4915],[120.9018,5.4903],[120.9011,5.4898],[120.8994,5.4906]]],[[[120.896,5.4904],[120.8946,5.4903],[120.8933,5.4913],[120.8979,5.4907],[120.896,5.4904]]],[[[120.9482,5.494],[120.948,5.4949],[120.9494,5.4934],[120.9486,5.4932],[120.9482,5.494]]],[[[120.9257,5.4922],[120.9258,5.492],[120.9255,5.4917],[120.9254,5.4924],[120.9257,5.4922]]],[[[120.9462,5.4926],[120.9468,5.4916],[120.9465,5.4911],[120.9455,5.4934],[120.9462,5.4926]]],[[[120.9276,5.4911],[120.9271,5.4933],[120.9298,5.4897],[120.9293,5.4894],[120.9276,5.4911]]],[[[120.9264,5.4917],[120.9263,5.4914],[120.9263,5.4923],[120.9264,5.4921],[120.9264,5.4917]]],[[[120.9221,5.4956],[120.9218,5.4957],[120.922,5.4962],[120.9224,5.4959],[120.9221,5.4956]]],[[[120.9395,5.4971],[120.9398,5.4964],[120.9397,5.4962],[120.9391,5.4966],[120.9395,5.4971]]],[[[120.9177,5.4983],[120.9179,5.4984],[120.918,5.4984],[120.9178,5.4981],[120.9177,5.4983]]],[[[120.9316,5.4984],[120.9315,5.4979],[120.931,5.4978],[120.9309,5.4984],[120.9316,5.4984]]],[[[120.9246,5.4971],[120.9245,5.4968],[120.9245,5.4966],[120.9243,5.4973],[120.9246,5.4971]]],[[[120.9177,5.4968],[120.9175,5.4969],[120.9175,5.4973],[120.9178,5.4973],[120.9177,5.4968]]],[[[120.9317,5.4965],[120.9311,5.4975],[120.9313,5.4977],[120.9321,5.4982],[120.9317,5.4965]]],[[[120.9205,5.4975],[120.9203,5.4972],[120.9197,5.4973],[120.9204,5.498],[120.9205,5.4975]]],[[[120.9392,5.4939],[120.9393,5.4949],[120.9406,5.4949],[120.9403,5.4931],[120.9392,5.4939]]],[[[120.9416,5.495],[120.9424,5.4936],[120.9423,5.4932],[120.9411,5.4942],[120.9416,5.495]]],[[[120.9366,5.4939],[120.9366,5.4949],[120.9375,5.496],[120.9373,5.4931],[120.9366,5.4939]]],[[[120.9311,5.4949],[120.9311,5.4941],[120.9308,5.4939],[120.9307,5.4944],[120.9311,5.4949]]],[[[120.9232,5.4926],[120.923,5.4923],[120.923,5.4931],[120.9233,5.4929],[120.9232,5.4926]]],[[[120.928,5.4943],[120.9289,5.4937],[120.9296,5.492],[120.9293,5.492],[120.928,5.4943]]],[[[120.9264,5.4932],[120.9262,5.493],[120.926,5.493],[120.9262,5.4936],[120.9264,5.4932]]],[[[120.9272,5.4935],[120.9268,5.4937],[120.9271,5.4942],[120.9276,5.494],[120.9272,5.4935]]],[[[120.9233,5.4942],[120.923,5.4941],[120.923,5.4946],[120.9233,5.4945],[120.9233,5.4942]]],[[[120.9239,5.494],[120.9246,5.4948],[120.9254,5.4939],[120.9249,5.4931],[120.9239,5.494]]],[[[120.9297,5.4947],[120.9296,5.4949],[120.9303,5.495],[120.93,5.4941],[120.9297,5.4947]]],[[[120.941,5.4956],[120.9408,5.4951],[120.9404,5.4955],[120.9408,5.4958],[120.941,5.4956]]],[[[120.9427,5.4955],[120.9424,5.4952],[120.9419,5.4957],[120.9424,5.496],[120.9427,5.4955]]],[[[120.9439,5.4973],[120.9454,5.4959],[120.9459,5.494],[120.9437,5.4952],[120.9439,5.4973]]],[[[120.9499,5.4881],[120.9288,5.4878],[120.9093,5.4908],[120.927,5.4885],[120.944,5.4893],[120.9595,5.4879],[120.9673,5.4941],[120.97,5.5034],[120.9694,5.4983],[120.9674,5.4936],[120.9647,5.4905],[120.9595,5.4876],[120.9499,5.4881]]],[[[120.9304,5.4956],[120.9301,5.4961],[120.9304,5.4964],[120.9306,5.4958],[120.9304,5.4956]]],[[[120.9297,5.4955],[120.9291,5.4958],[120.9292,5.4962],[120.9299,5.4963],[120.9297,5.4955]]],[[[120.9261,5.496],[120.9261,5.4962],[120.9263,5.4964],[120.9264,5.4959],[120.9261,5.496]]],[[[120.938,5.496],[120.9377,5.4965],[120.9369,5.497],[120.9385,5.4973],[120.9389,5.4954],[120.938,5.496]]],[[[120.9685,5.5005],[120.9684,5.4995],[120.9679,5.4995],[120.9679,5.5003],[120.9685,5.5005]]],[[[120.967,5.5007],[120.9668,5.5008],[120.9668,5.5012],[120.967,5.5013],[120.967,5.5007]]],[[[120.9656,5.5136],[120.9649,5.5134],[120.9645,5.5136],[120.9655,5.5144],[120.9656,5.5136]]],[[[120.9643,5.5189],[120.9653,5.5175],[120.9647,5.516],[120.9641,5.5169],[120.9643,5.5189]]],[[[120.9533,5.512],[120.953,5.5106],[120.9492,5.5105],[120.9457,5.5161],[120.9476,5.5166],[120.9509,5.5131],[120.9511,5.51559],[120.95121,5.51562],[120.9531,5.516],[120.9533,5.512]]],[[[120.9511,5.51559],[120.9505,5.5154],[120.9493,5.5163],[120.9521,5.5163],[120.9521,5.5159],[120.95121,5.51562],[120.9511,5.5156],[120.9511,5.51559]]],[[[120.9538,5.5187],[120.9551,5.5184],[120.9556,5.5167],[120.9534,5.5175],[120.9538,5.5187]]],[[[120.8302,5.5074],[120.8321,5.5071],[120.832,5.5047],[120.8296,5.5064],[120.8302,5.5074]]],[[[120.9377,5.5018],[120.9372,5.5013],[120.9369,5.5014],[120.9375,5.5024],[120.9377,5.5018]]],[[[120.946,5.5068],[120.9467,5.5089],[120.9512,5.5058],[120.9482,5.5028],[120.946,5.5068]]],[[[120.9336,5.506],[120.9345,5.5076],[120.9358,5.5027],[120.9344,5.5038],[120.9336,5.506]]],[[[120.9446,5.505],[120.9449,5.5019],[120.9423,5.5017],[120.94,5.5092],[120.944,5.5084],[120.9446,5.505]]],[[[120.896,5.4988],[120.896,5.4984],[120.8953,5.498],[120.8954,5.4993],[120.896,5.4988]]],[[[120.9182,5.4997],[120.9184,5.4998],[120.9184,5.4996],[120.9182,5.4995],[120.9182,5.4997]]],[[[120.9368,5.5012],[120.9378,5.501],[120.9379,5.4984],[120.9368,5.4997],[120.9368,5.5012]]],[[[120.9274,5.5006],[120.9296,5.4979],[120.9252,5.4989],[120.9246,5.5031],[120.9274,5.5006]]],[[[120.9304,5.5017],[120.9318,5.5004],[120.9304,5.4996],[120.9286,5.5034],[120.9295,5.504],[120.9304,5.5017]]],[[[120.9005,5.5043],[120.8945,5.5036],[120.8909,5.5075],[120.895,5.5101],[120.9007,5.5088],[120.9018,5.5074],[120.9005,5.5043]]],[[[120.9067,5.5098],[120.909,5.5096],[120.9084,5.5072],[120.9075,5.5069],[120.9067,5.5098]]],[[[120.875,5.4939],[120.8694,5.4928],[120.869,5.4915],[120.8619,5.492],[120.8593,5.4894],[120.8522,5.4907],[120.849,5.4957],[120.8399,5.5013],[120.8376,5.5056],[120.8391,5.5069],[120.8352,5.5078],[120.8346,5.5088],[120.8365,5.5092],[120.8342,5.5102],[120.8312,5.5164],[120.8302,5.5123],[120.8259,5.5157],[120.8239,5.5191],[120.8252,5.5223],[120.8235,5.5276],[120.8197,5.5252],[120.817,5.5262],[120.8171,5.5281],[120.8198,5.5264],[120.8198,5.5282],[120.8157,5.5307],[120.8152,5.5331],[120.8171,5.5352],[120.8148,5.5359],[120.8158,5.5434],[120.8139,5.5453],[120.8187,5.5483],[120.8185,5.5505],[120.8174,5.5502],[120.8204,5.5543],[120.8191,5.5577],[120.8207,5.5714],[120.8246,5.5761],[120.8276,5.5767],[120.8303,5.581],[120.8395,5.5841],[120.8418,5.586],[120.8392,5.5848],[120.8399,5.5867],[120.847,5.5917],[120.8494,5.5915],[120.8516,5.5864],[120.8595,5.5843],[120.8645,5.5857],[120.868,5.5839],[120.8763,5.5729],[120.8792,5.5673],[120.8776,5.5661],[120.8821,5.5647],[120.8839,5.5625],[120.8842,5.5599],[120.8819,5.5571],[120.8844,5.56],[120.8861,5.5571],[120.8822,5.5528],[120.8868,5.556],[120.8894,5.5535],[120.8895,5.5513],[120.8869,5.5509],[120.8864,5.5485],[120.8911,5.5492],[120.8928,5.5534],[120.8966,5.5503],[120.8968,5.5524],[120.899,5.5502],[120.8972,5.549],[120.9027,5.5464],[120.9056,5.5425],[120.9059,5.5385],[120.9039,5.5329],[120.9003,5.532],[120.8996,5.5288],[120.8955,5.5257],[120.8961,5.5231],[120.89,5.5147],[120.8889,5.5153],[120.8878,5.5093],[120.8837,5.5016],[120.8767,5.4954],[120.8776,5.4983],[120.875,5.4939]]]]},"properties":{"ADM3_EN":"Siasi","name":"Siasi","ADM3_PCODE":"PH156612000","psgc_code":"156612000","ADM2_EN":"Sulu","ADM2_PCODE":"PH1566","ADM1_EN":"Bangsamoro Autonomous Region in Muslim Mindanao (BARMM)","ADM1_PCODE":"PH15","ADM0_EN":"Philippines (the)","ADM0_PCODE":"PH","region_key":"barmm","province_key":"sulu","type":"Municipality"}},{"type":"Feature","geometry":{"type":"MultiPolygon","coordinates":[[[[121.1125,5.9033],[121.1106,5.9006],[121.1031,5.8974],[121.0875,5.8972],[121.0831,5.9008],[121.0803,5.8983],[121.0722,5.8958],[121.0728,5.8942],[121.0775,5.8969],[121.0803,5.8967],[121.0856,5.8917],[121.0836,5.8875],[121.0782,5.89],[121.0752,5.8848],[121.0756,5.8839],[121.0806,5.8865],[121.0824,5.8848],[121.0822,5.8824],[121.0743,5.8778],[121.0675,5.8811],[121.0656,5.8836],[121.0634,5.8836],[121.0581,5.8889],[121.0575,5.8926],[121.053,5.8992],[121.0552,5.9036],[121.0519,5.9017],[121.044,5.9074],[121.0456,5.9103],[121.0411,5.9108],[121.0397,5.9152],[121.0491,5.915],[121.0523,5.9226],[121.0514,5.9252],[121.0445,5.9293],[121.0437,5.9342],[121.0344,5.9407],[121.0324,5.9461],[121.0307,5.9816],[121.0279,5.9927],[121.0293,6.0208],[121.0939,6.0224],[121.1625,6.0196],[121.1587,6.016],[121.1621,5.9488],[121.1551,5.932],[121.1547,5.9266],[121.1525,5.9283],[121.1479,5.9245],[121.1425,5.9253],[121.138,5.9225],[121.1371,5.9178],[121.1386,5.9103],[121.1364,5.9115],[121.1276,5.9054],[121.1231,5.9058],[121.1167,5.9033],[121.1133,5.905],[121.1125,5.9033]]]]},"properties":{"ADM3_EN":"Talipao","name":"Talipao","ADM3_PCODE":"PH156613000","psgc_code":"156613000","ADM2_EN":"Sulu","ADM2_PCODE":"PH1566","ADM1_EN":"Bangsamoro Autonomous Region in Muslim Mindanao (BARMM)","ADM1_PCODE":"PH15","ADM0_EN":"Philippines (the)","ADM0_PCODE":"PH","region_key":"barmm","province_key":"sulu","type":"Municipality"}},{"type":"Feature","geometry":{"type":"MultiPolygon","coordinates":[[[[121.0731,5.6813],[121.0714,5.6747],[121.0617,5.6658],[121.0533,5.6608],[121.0406,5.6576],[121.0381,5.6582],[121.0415,5.6595],[121.0371,5.663],[121.0278,5.665],[121.019,5.6714],[121.0123,5.6819],[121.0158,5.6878],[121.0173,5.685],[121.0197,5.6867],[121.0245,5.6826],[121.0313,5.6809],[121.0353,5.6838],[121.0397,5.6828],[121.0449,5.6883],[121.0594,5.6933],[121.069,5.6947],[121.0729,5.6882],[121.0731,5.6813]]],[[[121.0138,5.6897],[121.0128,5.6834],[121.0123,5.685],[121.0087,5.6854],[121.0081,5.6876],[121.0105,5.6886],[121.0098,5.6918],[121.011,5.6923],[121.0138,5.6897]]],[[[121.0165,5.6917],[121.0146,5.6912],[121.0153,5.6944],[121.0171,5.6935],[121.0165,5.6917]]],[[[121.0483,5.7039],[121.0501,5.7051],[121.0485,5.7015],[121.0464,5.7014],[121.0483,5.7039]]],[[[120.9953,5.6967],[121.0126,5.6703],[121.0101,5.6669],[121.0068,5.6671],[120.9997,5.6722],[120.9953,5.6783],[120.9914,5.6864],[120.9919,5.6975],[120.9936,5.6983],[120.9953,5.6967]]],[[[120.912,5.6964],[120.9125,5.6965],[120.912,5.6955],[120.9119,5.6958],[120.912,5.6964]]],[[[120.9128,5.6972],[120.9131,5.697],[120.9131,5.6967],[120.9127,5.6969],[120.9128,5.6972]]],[[[120.9111,5.6972],[120.9116,5.6974],[120.9117,5.6967],[120.9109,5.6965],[120.9111,5.6972]]],[[[121.0225,5.7173],[121.0219,5.6972],[121.0206,5.6972],[121.0203,5.7173],[121.0211,5.7184],[121.0225,5.7173]]],[[[121.0306,5.7147],[121.0261,5.7097],[121.0253,5.7111],[121.0267,5.7133],[121.0231,5.7117],[121.0275,5.7163],[121.0304,5.7164],[121.0306,5.7147]]],[[[121.0448,5.7162],[121.044,5.7178],[121.0511,5.7128],[121.0504,5.7121],[121.0448,5.7162]]],[[[121.0144,5.7211],[121.015,5.7206],[121.0133,5.7194],[121.0128,5.7211],[121.0144,5.7211]]],[[[121.0293,5.7223],[121.0281,5.7234],[121.0292,5.7259],[121.0296,5.7256],[121.0293,5.7223]]],[[[121.0086,5.7367],[121.0167,5.7314],[121.0186,5.7253],[121.0164,5.7211],[121.0092,5.7217],[121.0103,5.7183],[121.0136,5.7183],[121.0103,5.715],[121.0031,5.7158],[120.999,5.7185],[120.9995,5.7212],[120.9964,5.7194],[120.9931,5.7353],[120.9947,5.7378],[121.0086,5.7367]]],[[[120.909,5.6949],[120.9095,5.6951],[120.9094,5.6944],[120.9091,5.6944],[120.909,5.6949]]],[[[120.9028,5.6954],[120.8992,5.6959],[120.9037,5.6962],[120.9054,5.6982],[120.905,5.6957],[120.9028,5.6954]]],[[[120.91,5.7021],[120.9109,5.7026],[120.9112,5.7025],[120.9106,5.7016],[120.91,5.7021]]],[[[120.8858,5.6996],[120.8811,5.7053],[120.8803,5.7093],[120.8846,5.7169],[120.884,5.7326],[120.8892,5.7462],[120.8949,5.7534],[120.8999,5.7566],[120.91,5.7584],[120.9234,5.7551],[120.9312,5.7459],[120.9337,5.7384],[120.9356,5.7281],[120.9329,5.717],[120.9236,5.706],[120.9164,5.7033],[120.9104,5.7035],[120.9093,5.7025],[120.9105,5.698],[120.9069,5.6947],[120.9063,5.6991],[120.8929,5.6948],[120.8895,5.695],[120.8858,5.6996]]],[[[120.9142,5.6982],[120.9123,5.7007],[120.9165,5.7012],[120.9147,5.6992],[120.9142,5.6982]]]]},"properties":{"ADM3_EN":"Tapul","name":"Tapul","ADM3_PCODE":"PH156614000","psgc_code":"156614000","ADM2_EN":"Sulu","ADM2_PCODE":"PH1566","ADM1_EN":"Bangsamoro Autonomous Region in Muslim Mindanao (BARMM)","ADM1_PCODE":"PH15","ADM0_EN":"Philippines (the)","ADM0_PCODE":"PH","region_key":"barmm","province_key":"sulu","type":"Municipality"}},{"type":"Feature","geometry":{"type":"MultiPolygon","coordinates":[[[[121.5875,5.9753],[121.5903,5.9753],[121.5975,5.9608],[121.597,5.952],[121.5805,5.9354],[121.5745,5.932],[121.5706,5.932],[121.5632,5.9365],[121.5577,5.9447],[121.5584,5.9566],[121.5694,5.9687],[121.573,5.969],[121.5752,5.9653],[121.5788,5.965],[121.5803,5.9623],[121.5773,5.9595],[121.5792,5.9589],[121.581,5.9619],[121.5805,5.9654],[121.576,5.966],[121.5745,5.9689],[121.5793,5.9701],[121.5755,5.9705],[121.576,5.9714],[121.574,5.9705],[121.5737,5.9736],[121.5799,5.9796],[121.5847,5.9781],[121.5875,5.9753]]],[[[121.5558,6.02],[121.5544,6.0183],[121.5567,6.0153],[121.5536,6.0126],[121.5342,6.0106],[121.5432,6.0095],[121.5439,6.0067],[121.5282,5.9924],[121.521,5.9962],[121.5321,6.0195],[121.5331,6.0244],[121.5405,6.0378],[121.5486,6.0419],[121.5487,6.0434],[121.5517,6.0409],[121.5576,6.0391],[121.5591,6.0347],[121.558,6.0285],[121.5542,6.0264],[121.5558,6.02]]],[[[121.5511,6.0422],[121.5486,6.0447],[121.5487,6.0452],[121.5532,6.0412],[121.5511,6.0422]]],[[[121.6675,6.0273],[121.6684,6.0223],[121.6613,6.015],[121.6589,6.0101],[121.6561,6.0086],[121.6553,6.0109],[121.6607,6.0234],[121.6644,6.0274],[121.6675,6.0273]]],[[[121.6839,6.0579],[121.7008,6.0508],[121.6986,6.0478],[121.6917,6.0476],[121.6806,6.0503],[121.6761,6.0547],[121.6753,6.0539],[121.6822,6.0483],[121.6855,6.0489],[121.6917,6.0461],[121.6897,6.0419],[121.6911,6.0364],[121.6925,6.0369],[121.6917,6.0403],[121.6928,6.0423],[121.7036,6.0431],[121.7242,6.0314],[121.7271,6.0323],[121.7286,6.0307],[121.7227,6.0237],[121.7085,6.0228],[121.702,6.0189],[121.696,6.0123],[121.6932,6.0066],[121.6942,5.9959],[121.6783,5.9942],[121.6675,5.9878],[121.6556,5.9919],[121.6525,5.9969],[121.6566,6.0013],[121.6571,6.0045],[121.6601,6.0053],[121.6616,6.0079],[121.6675,6.0111],[121.675,6.0119],[121.6758,6.0128],[121.6722,6.0153],[121.6822,6.0217],[121.6861,6.0283],[121.6852,6.0313],[121.6817,6.032],[121.6828,6.0344],[121.6792,6.0389],[121.6732,6.0353],[121.6698,6.0367],[121.6689,6.0399],[121.6723,6.0556],[121.6769,6.0578],[121.6839,6.0579]]],[[[121.6633,6.0376],[121.6622,6.0396],[121.6634,6.0417],[121.6663,6.0387],[121.6633,6.0376]]],[[[121.7177,6.0689],[121.7215,6.0621],[121.7193,6.0593],[121.709,6.0639],[121.7008,6.0755],[121.7038,6.0769],[121.7076,6.0764],[121.7177,6.0689]]],[[[121.7891,6.0497],[121.7855,6.0525],[121.78,6.0533],[121.7911,6.0467],[121.7919,6.0442],[121.7764,6.0531],[121.7769,6.0553],[121.7747,6.0556],[121.7747,6.0572],[121.7722,6.0583],[121.7667,6.0656],[121.7655,6.0703],[121.7611,6.0717],[121.7614,6.0742],[121.756,6.0778],[121.7576,6.0827],[121.7625,6.0858],[121.7605,6.0881],[121.7635,6.0943],[121.7699,6.0934],[121.776,6.0879],[121.7887,6.0673],[121.7947,6.0617],[121.7983,6.0606],[121.8172,6.0408],[121.8231,6.0383],[121.8269,6.0389],[121.8294,6.035],[121.8356,6.0361],[121.8403,6.0342],[121.8547,6.0233],[121.8603,6.0233],[121.863,6.0201],[121.8681,6.0217],[121.8691,6.0249],[121.8743,6.0276],[121.8893,6.0332],[121.8967,6.03],[121.9056,6.0339],[121.9133,6.0314],[121.9094,6.0339],[121.9094,6.0369],[121.9171,6.0408],[121.9216,6.041],[121.927,6.0458],[121.9362,6.0487],[121.9469,6.057],[121.9494,6.0536],[121.9424,6.0414],[121.93,6.0342],[121.911,6.0184],[121.9025,6.0156],[121.8969,6.0106],[121.8794,6.0013],[121.8637,6.0003],[121.8569,5.9981],[121.8468,6.0017],[121.8272,6.019],[121.8202,6.0188],[121.8159,6.0205],[121.8006,6.0341],[121.8008,6.0369],[121.8028,6.0342],[121.8042,6.0353],[121.8019,6.0412],[121.7946,6.0455],[121.793,6.0494],[121.79,6.0484],[121.7891,6.0497]]],[[[121.7651,6.1444],[121.7686,6.1405],[121.769,6.138],[121.762,6.1389],[121.7632,6.1458],[121.7651,6.1444]]],[[[121.8136,6.1361],[121.8097,6.1306],[121.8036,6.1306],[121.7997,6.1369],[121.7967,6.1374],[121.7954,6.1399],[121.7947,6.1517],[121.7992,6.1631],[121.8058,6.1725],[121.818,6.1769],[121.8238,6.1699],[121.8255,6.1603],[121.83,6.1544],[121.8317,6.1492],[121.8258,6.1419],[121.8136,6.1361]]],[[[121.541,6.0424],[121.5455,6.0451],[121.5475,6.0455],[121.5407,6.041],[121.541,6.0424]]],[[[121.5178,6.0414],[121.5136,6.0426],[121.5139,6.0493],[121.5166,6.0518],[121.5235,6.0462],[121.5224,6.0434],[121.5178,6.0414]]],[[[121.6651,6.0808],[121.6567,6.0769],[121.6546,6.0783],[121.6575,6.0882],[121.6628,6.0919],[121.6655,6.0918],[121.6684,6.0883],[121.6689,6.0835],[121.6651,6.0808]]],[[[121.5928,6.25],[121.5914,6.2478],[121.5886,6.2475],[121.5842,6.2506],[121.5881,6.2539],[121.5917,6.2542],[121.5928,6.25]]],[[[121.9076,6.035],[121.9067,6.0367],[121.9089,6.0369],[121.9086,6.0353],[121.9076,6.035]]],[[[121.8514,6.1222],[121.8464,6.1164],[121.8275,6.1153],[121.818,6.1197],[121.8122,6.1278],[121.8167,6.1358],[121.8275,6.1403],[121.8342,6.1461],[121.84,6.1486],[121.8478,6.1469],[121.8531,6.1392],[121.8556,6.1314],[121.855,6.1267],[121.8514,6.1222]]],[[[121.87,6.1564],[121.8715,6.1571],[121.8726,6.1549],[121.8706,6.1542],[121.87,6.1564]]],[[[121.8357,6.2155],[121.8304,6.2319],[121.8336,6.2416],[121.8401,6.2428],[121.842,6.2421],[121.8449,6.2372],[121.8461,6.2258],[121.8413,6.2166],[121.8357,6.2155]]],[[[121.6144,6.265],[121.6175,6.2597],[121.6167,6.2575],[121.6144,6.2575],[121.6114,6.2608],[121.6122,6.2644],[121.6144,6.265]]]]},"properties":{"ADM3_EN":"Tongkil","name":"Tongkil","ADM3_PCODE":"PH156615000","psgc_code":"156615000","ADM2_EN":"Sulu","ADM2_PCODE":"PH1566","ADM1_EN":"Bangsamoro Autonomous Region in Muslim Mindanao (BARMM)","ADM1_PCODE":"PH15","ADM0_EN":"Philippines (the)","ADM0_PCODE":"PH","region_key":"barmm","province_key":"sulu","type":"Municipality"}},{"type":"Feature","geometry":{"type":"MultiPolygon","coordinates":[[[[119.7728,5.0133],[119.7681,5.0114],[119.7617,5.0117],[119.7561,5.0081],[119.7472,5.0081],[119.7447,5.0058],[119.7419,5.0069],[119.7361,5.0161],[119.7383,5.0317],[119.7408,5.0342],[119.7486,5.0319],[119.7583,5.0353],[119.7614,5.0311],[119.7653,5.0306],[119.7714,5.0322],[119.7753,5.0356],[119.78,5.0261],[119.7728,5.0133]]],[[[119.7547,5.0364],[119.7508,5.0342],[119.7419,5.0356],[119.7397,5.0394],[119.7408,5.0489],[119.75,5.0692],[119.7633,5.0894],[119.7644,5.0933],[119.7772,5.1069],[119.7883,5.1094],[119.7928,5.1122],[119.7978,5.1197],[119.8042,5.1192],[119.8092,5.1242],[119.8105,5.1208],[119.807,5.1144],[119.8089,5.1058],[119.8047,5.1019],[119.8039,5.0981],[119.8078,5.0939],[119.8136,5.0911],[119.8083,5.0792],[119.8111,5.0753],[119.8192,5.0706],[119.8206,5.0664],[119.8172,5.0592],[119.8103,5.0572],[119.8064,5.0531],[119.8014,5.0519],[119.795,5.0589],[119.7931,5.0642],[119.7911,5.065],[119.79,5.0631],[119.7908,5.0586],[119.7889,5.0561],[119.79,5.05],[119.7922,5.0472],[119.7897,5.045],[119.7839,5.0411],[119.78,5.0414],[119.7756,5.0431],[119.7769,5.0456],[119.7742,5.0475],[119.7617,5.0378],[119.7547,5.0364]]],[[[119.7909,5.0314],[119.7822,5.0327],[119.7799,5.0339],[119.7782,5.0374],[119.7872,5.04],[119.7878,5.0389],[119.7975,5.0385],[119.8028,5.0366],[119.8048,5.034],[119.8045,5.0316],[119.7998,5.0302],[119.797,5.0255],[119.7962,5.0277],[119.7909,5.0314]]],[[[119.8225,5.0538],[119.8204,5.056],[119.8229,5.0679],[119.819,5.0752],[119.814,5.0785],[119.8163,5.0821],[119.8174,5.0915],[119.8199,5.0946],[119.8181,5.097],[119.8232,5.0996],[119.8251,5.1111],[119.819,5.1217],[119.8162,5.1223],[119.8154,5.1211],[119.8111,5.1251],[119.819,5.1355],[119.8201,5.1405],[119.8382,5.1545],[119.8488,5.1523],[119.8575,5.1465],[119.8571,5.1492],[119.867,5.1538],[119.8769,5.1571],[119.8872,5.1577],[119.9051,5.1755],[119.9141,5.1763],[119.9155,5.1718],[119.9197,5.1704],[119.9196,5.1653],[119.9339,5.1507],[119.8616,5.1144],[119.8656,5.0971],[119.8692,5.0622],[119.8614,5.0621],[119.8548,5.0641],[119.8507,5.0621],[119.8482,5.0584],[119.8542,5.0599],[119.8594,5.0584],[119.8625,5.0482],[119.8586,5.0469],[119.8394,5.0477],[119.8225,5.0538]]],[[[119.8125,5.1031],[119.8169,5.1011],[119.8153,5.0917],[119.8131,5.0939],[119.8086,5.0947],[119.8053,5.0983],[119.8058,5.1017],[119.8094,5.1053],[119.8125,5.1031]]],[[[119.7989,5.1283],[119.8008,5.1309],[119.8022,5.1314],[119.8001,5.1284],[119.8006,5.1264],[119.7989,5.1283]]],[[[119.8049,5.1298],[119.8097,5.1333],[119.8111,5.1333],[119.8111,5.1314],[119.8056,5.1267],[119.8049,5.1298]]],[[[119.8506,5.1605],[119.8531,5.1608],[119.8531,5.16],[119.8511,5.1596],[119.8506,5.1605]]]]},"properties":{"ADM3_EN":"Bongao","name":"Bongao","ADM3_PCODE":"PH157002000","psgc_code":"157002000","ADM2_EN":"Tawi-Tawi","ADM2_PCODE":"PH1570","ADM1_EN":"Bangsamoro Autonomous Region in Muslim Mindanao (BARMM)","ADM1_PCODE":"PH15","ADM0_EN":"Philippines (the)","ADM0_PCODE":"PH","region_key":"barmm","province_key":"tawi_tawi","type":"Municipality"}},{"type":"Feature","geometry":{"type":"MultiPolygon","coordinates":[[[[119.9197,5.1704],[119.9155,5.1718],[119.9135,5.177],[119.9293,5.1878],[119.9426,5.1897],[119.9468,5.1985],[119.9532,5.2045],[119.9531,5.2124],[119.9582,5.2228],[119.9669,5.2285],[119.9696,5.2288],[119.9721,5.2259],[119.9734,5.2322],[119.9794,5.2372],[119.9914,5.2324],[119.9978,5.2335],[120.0017,5.2322],[120.0058,5.2336],[120.0058,5.2297],[120.0097,5.2336],[120.0161,5.2314],[120.0236,5.2358],[120.0303,5.2324],[120.0306,5.2342],[120.0281,5.2372],[120.0286,5.2397],[120.0511,5.2531],[120.0697,5.2703],[120.0742,5.2683],[120.0739,5.26],[120.0769,5.2595],[120.0783,5.2575],[120.0806,5.2606],[120.0847,5.2614],[120.0869,5.265],[120.0908,5.2656],[120.0911,5.2681],[120.0872,5.2681],[120.0831,5.2639],[120.0772,5.2619],[120.0775,5.2694],[120.0747,5.2761],[120.0753,5.2786],[120.0817,5.2825],[120.0878,5.2836],[120.0939,5.2894],[120.1053,5.295],[120.1125,5.3014],[120.1176,5.3022],[120.1208,5.3056],[120.1245,5.3046],[120.1236,5.3081],[120.1386,5.3197],[120.1431,5.3197],[120.1511,5.3252],[120.1541,5.3229],[120.1541,5.3288],[120.1622,5.3346],[120.1639,5.3347],[120.1662,5.33],[120.1688,5.3308],[120.1662,5.3314],[120.1652,5.3346],[120.1718,5.3432],[120.1801,5.345],[120.1895,5.3417],[120.1953,5.3458],[120.1994,5.3439],[120.2097,5.3492],[120.2181,5.3447],[120.2214,5.3272],[120.2147,5.3147],[120.2151,5.3087],[120.1846,5.2905],[120.1425,5.27],[120.122,5.2466],[120.0689,5.2204],[120.0325,5.2001],[120.0227,5.1994],[120.0191,5.196],[119.9701,5.1662],[119.9534,5.1605],[119.9339,5.1507],[119.9196,5.1653],[119.9197,5.1704]]],[[[119.8754,5.1965],[119.8708,5.1965],[119.8689,5.2006],[119.8703,5.2008],[119.8719,5.1972],[119.8754,5.1965]]],[[[119.8783,5.2013],[119.879,5.1995],[119.8763,5.199],[119.8763,5.2001],[119.8783,5.2013]]],[[[119.8726,5.2051],[119.8781,5.2136],[119.8793,5.2142],[119.8752,5.2057],[119.873,5.2036],[119.8726,5.2051]]],[[[119.9017,5.2197],[119.8972,5.2139],[119.8931,5.2133],[119.8911,5.2147],[119.8917,5.2183],[119.8983,5.2217],[119.9017,5.2197]]],[[[119.9097,5.2208],[119.9053,5.2178],[119.9036,5.2189],[119.9031,5.2228],[119.9089,5.2267],[119.9106,5.2244],[119.9097,5.2208]]],[[[119.9197,5.2261],[119.9192,5.2228],[119.9181,5.2217],[119.9169,5.225],[119.9186,5.2286],[119.9197,5.2261]]],[[[119.9239,5.2285],[119.9252,5.2278],[119.9247,5.2257],[119.9238,5.2263],[119.9239,5.2285]]],[[[119.9081,5.2317],[119.9022,5.2317],[119.8908,5.2244],[119.8894,5.225],[119.8925,5.2283],[119.902,5.2333],[119.9061,5.2336],[119.9081,5.2317]]],[[[119.9519,5.2383],[119.9411,5.2281],[119.9369,5.2283],[119.9395,5.2308],[119.9397,5.2342],[119.9426,5.236],[119.9419,5.2393],[119.9448,5.2411],[119.9475,5.2403],[119.9489,5.2417],[119.9508,5.24],[119.9533,5.2417],[119.9544,5.2397],[119.9519,5.2383]]],[[[119.9119,5.2352],[119.9156,5.2372],[119.9161,5.2367],[119.9117,5.2336],[119.9119,5.2352]]],[[[119.9185,5.2369],[119.9179,5.2379],[119.9232,5.2397],[119.9201,5.2372],[119.9185,5.2369]]],[[[119.9336,5.2419],[119.9339,5.2458],[119.9364,5.2472],[119.9371,5.246],[119.9344,5.245],[119.935,5.2408],[119.9336,5.2419]]],[[[119.9644,5.2472],[119.9611,5.2439],[119.9583,5.245],[119.9611,5.2489],[119.9671,5.2505],[119.9644,5.2472]]],[[[120.2408,5.3311],[120.2272,5.3409],[120.2275,5.347],[120.2235,5.3513],[120.2224,5.3551],[120.2239,5.3582],[120.2288,5.3591],[120.2359,5.3574],[120.2449,5.3475],[120.2491,5.3363],[120.2472,5.3248],[120.2441,5.3255],[120.2408,5.3311]]],[[[120.2698,5.3485],[120.2741,5.3466],[120.2762,5.3418],[120.2661,5.3439],[120.2652,5.346],[120.2698,5.3485]]],[[[120.3251,5.3724],[120.3113,5.3649],[120.296,5.3641],[120.2873,5.3717],[120.2887,5.3802],[120.2914,5.3826],[120.2975,5.3819],[120.3121,5.3885],[120.3163,5.3882],[120.317,5.3865],[120.3219,5.3852],[120.3288,5.3861],[120.3337,5.384],[120.3344,5.3818],[120.3251,5.3724]]],[[[120.2419,5.4495],[120.2403,5.4464],[120.2379,5.4465],[120.2367,5.4485],[120.2375,5.4497],[120.2419,5.4495]]],[[[120.2494,5.4538],[120.2514,5.4537],[120.2533,5.4468],[120.2484,5.45],[120.2494,5.4538]]],[[[120.1838,5.448],[120.1797,5.4526],[120.1832,5.4592],[120.1907,5.4623],[120.1897,5.4521],[120.1966,5.4471],[120.1936,5.4436],[120.1902,5.4434],[120.1838,5.448]]],[[[120.1933,5.4602],[120.1946,5.4609],[120.1965,5.4549],[120.1936,5.4537],[120.1917,5.4559],[120.1933,5.4602]]],[[[120.2419,5.4542],[120.2429,5.4522],[120.2383,5.4531],[120.24,5.4545],[120.2419,5.4542]]],[[[120.2452,5.4556],[120.242,5.4559],[120.2355,5.461],[120.2325,5.4606],[120.2309,5.4594],[120.2336,5.4549],[120.232,5.4456],[120.2402,5.4431],[120.2474,5.4468],[120.2505,5.4456],[120.2512,5.4428],[120.2492,5.4412],[120.2349,5.44],[120.227,5.4439],[120.2251,5.451],[120.2266,5.4613],[120.2323,5.4677],[120.2361,5.4675],[120.2479,5.4589],[120.2476,5.456],[120.2452,5.4556]]]]},"properties":{"ADM3_EN":"Languyan","name":"Languyan","ADM3_PCODE":"PH157009000","psgc_code":"157009000","ADM2_EN":"Tawi-Tawi","ADM2_PCODE":"PH1570","ADM1_EN":"Bangsamoro Autonomous Region in Muslim Mindanao (BARMM)","ADM1_PCODE":"PH15","ADM0_EN":"Philippines (the)","ADM0_PCODE":"PH","region_key":"barmm","province_key":"tawi_tawi","type":"Municipality"}},{"type":"Feature","geometry":{"type":"MultiPolygon","coordinates":[[[[118.4014,6.8769],[118.3986,6.8708],[118.3947,6.8703],[118.3931,6.8719],[118.3939,6.8775],[118.3967,6.8794],[118.4006,6.8806],[118.4014,6.8769]]],[[[118.4059,6.8852],[118.4073,6.8894],[118.4104,6.8884],[118.408,6.8838],[118.4059,6.8852]]],[[[118.4322,6.9894],[118.4306,6.9889],[118.4278,6.9914],[118.4294,6.9936],[118.4269,6.9967],[118.43,7.0072],[118.4236,7.0114],[118.4214,7.0147],[118.4183,7.0094],[118.4147,7.0122],[118.4135,7.0191],[118.4103,7.0186],[118.4081,7.0206],[118.4104,7.0254],[118.4165,7.0234],[118.4169,7.0219],[118.4148,7.0206],[118.4186,7.0178],[118.4194,7.0186],[118.4178,7.0208],[118.4202,7.0246],[118.4218,7.0228],[118.4242,7.0233],[118.4278,7.0264],[118.4328,7.0264],[118.4344,7.0283],[118.4467,7.0319],[118.4497,7.0356],[118.4519,7.0344],[118.4536,7.0364],[118.4583,7.0339],[118.4625,7.0353],[118.4681,7.0325],[118.4758,7.0321],[118.4736,7.0292],[118.4769,7.0286],[118.4789,7.0297],[118.4778,7.0331],[118.4792,7.0344],[118.4832,7.034],[118.4819,7.0358],[118.4831,7.0369],[118.4856,7.0358],[118.4858,7.0383],[118.4897,7.0392],[118.4945,7.0461],[118.5017,7.0492],[118.5136,7.0483],[118.525,7.0383],[118.5242,7.0367],[118.5264,7.0336],[118.5272,7.0281],[118.525,7.0247],[118.5253,7.0197],[118.5231,7.0133],[118.5192,7.0117],[118.5169,6.9947],[118.5153,6.9925],[118.513,6.9936],[118.5147,6.9964],[118.5133,7.0],[118.5159,7.0058],[118.5147,7.0062],[118.5118,7.0028],[118.5128,6.9953],[118.5097,6.9925],[118.5126,6.9881],[118.5136,6.9914],[118.5156,6.9878],[118.5169,6.9764],[118.5228,6.9744],[118.525,6.9697],[118.5283,6.9707],[118.5303,6.9683],[118.5333,6.9688],[118.5318,6.9666],[118.5351,6.9646],[118.5366,6.9665],[118.5369,6.9648],[118.5327,6.964],[118.5206,6.9667],[118.5169,6.9719],[118.5127,6.9738],[118.5076,6.9695],[118.5102,6.9683],[118.5083,6.9676],[118.4836,6.9672],[118.4794,6.9717],[118.485,6.9764],[118.4842,6.9817],[118.4803,6.9831],[118.4781,6.9819],[118.4747,6.9781],[118.4756,6.9733],[118.4672,6.9808],[118.46,6.9786],[118.4558,6.9825],[118.4505,6.9808],[118.4395,6.9883],[118.4367,6.9864],[118.4361,6.9885],[118.4322,6.9894]]],[[[118.4225,7.0095],[118.4236,7.008],[118.4225,7.0071],[118.4197,7.0081],[118.4204,7.01],[118.4225,7.0095]]],[[[118.4799,6.9681],[118.4791,6.9674],[118.4769,6.9681],[118.4769,6.9683],[118.4799,6.9681]]],[[[118.4414,7.0861],[118.4389,7.0828],[118.4361,7.0839],[118.4355,7.0867],[118.4381,7.0886],[118.4414,7.0861]]],[[[118.4253,7.0988],[118.426,7.1001],[118.4268,7.1],[118.4246,7.0971],[118.4253,7.0988]]],[[[118.4204,7.0994],[118.4217,7.1011],[118.4232,7.0974],[118.4219,7.0972],[118.4204,7.0994]]],[[[118.4228,7.1221],[118.4209,7.1249],[118.4262,7.1256],[118.4262,7.1223],[118.4228,7.1221]]],[[[118.4155,7.1695],[118.4142,7.1749],[118.4197,7.1797],[118.4228,7.1787],[118.4241,7.1764],[118.4204,7.1744],[118.4194,7.1703],[118.4155,7.1695]]],[[[118.4603,7.0811],[118.4581,7.0769],[118.4542,7.0781],[118.4567,7.0822],[118.4603,7.0811]]],[[[118.5233,7.7569],[118.5217,7.7572],[118.5217,7.7553],[118.5197,7.755],[118.5203,7.7536],[118.5175,7.7514],[118.5136,7.7506],[118.5219,7.7592],[118.5261,7.7592],[118.5233,7.7569]]],[[[118.5169,7.7681],[118.5161,7.7658],[118.5147,7.7692],[118.5158,7.7694],[118.5169,7.7681]]],[[[118.6669,7.9583],[118.6686,7.9572],[118.6667,7.9558],[118.6633,7.9567],[118.6644,7.9592],[118.6669,7.9583]]]]},"properties":{"ADM3_EN":"Mapun","name":"Mapun","ADM3_PCODE":"PH157003000","psgc_code":"157003000","ADM2_EN":"Tawi-Tawi","ADM2_PCODE":"PH1570","ADM1_EN":"Bangsamoro Autonomous Region in Muslim Mindanao (BARMM)","ADM1_PCODE":"PH15","ADM0_EN":"Philippines (the)","ADM0_PCODE":"PH","region_key":"barmm","province_key":"tawi_tawi","type":"Municipality"}},{"type":"Feature","geometry":{"type":"MultiPolygon","coordinates":[[[[119.9583,4.9233],[119.96,4.9258],[119.9631,4.9256],[119.9597,4.9214],[119.9558,4.9211],[119.9583,4.9233]]],[[[119.9697,4.9339],[119.9697,4.9394],[119.9703,4.9397],[119.9706,4.9339],[119.9719,4.9331],[119.9697,4.9322],[119.9697,4.9339]]],[[[119.9722,4.9364],[119.9714,4.9375],[119.9728,4.9381],[119.9728,4.9339],[119.9722,4.9364]]],[[[119.9789,4.9464],[119.9736,4.9478],[119.9783,4.9528],[119.9814,4.9508],[119.9811,4.9472],[119.9789,4.9464]]],[[[119.9828,4.9656],[119.9822,4.9628],[119.9761,4.965],[119.9781,4.9663],[119.9828,4.9656]]],[[[119.9833,4.9729],[119.9838,4.9712],[119.9824,4.971],[119.9794,4.9731],[119.9815,4.975],[119.9833,4.9729]]],[[[119.9848,4.9792],[119.9825,4.9766],[119.9805,4.9796],[119.9841,4.9799],[119.9848,4.9792]]],[[[119.987,4.9861],[119.9851,4.9818],[119.9828,4.9809],[119.9813,4.9825],[119.9832,4.9867],[119.987,4.9861]]],[[[119.9342,4.9003],[119.9306,4.8975],[119.9314,4.8953],[119.9308,4.8947],[119.9303,4.8997],[119.9289,4.9003],[119.9314,4.9025],[119.9325,4.9003],[119.9342,4.9003]]],[[[119.9392,4.9067],[119.9439,4.9094],[119.9447,4.9053],[119.9383,4.9042],[119.9372,4.905],[119.9392,4.9067]]],[[[119.947,4.9139],[119.9481,4.9147],[119.9486,4.9131],[119.9453,4.9106],[119.947,4.9139]]],[[[119.925,5.0712],[119.9228,5.0663],[119.9192,5.0684],[119.9211,5.0724],[119.925,5.0712]]],[[[119.9896,5.0069],[119.9905,5.0049],[119.9885,5.004],[119.987,5.0083],[119.9896,5.0069]]],[[[119.9878,5.0117],[119.9872,5.0106],[119.9856,5.0114],[119.9858,5.0138],[119.9878,5.0117]]],[[[119.9879,5.019],[119.9851,5.0168],[119.9836,5.0219],[119.9858,5.022],[119.9879,5.019]]],[[[119.9781,5.1176],[119.9772,5.1138],[119.9835,5.1102],[119.982,5.1024],[119.9732,5.0875],[119.9669,5.0835],[119.9613,5.077],[119.9563,5.0783],[119.9515,5.0751],[119.9539,5.0804],[119.9425,5.0881],[119.9228,5.0866],[119.9206,5.0846],[119.9211,5.0756],[119.9198,5.0742],[119.9123,5.0734],[119.9067,5.075],[119.9039,5.0735],[119.9033,5.0694],[119.8977,5.0701],[119.8961,5.0677],[119.8909,5.0666],[119.8896,5.0642],[119.8803,5.0719],[119.8802,5.0647],[119.8821,5.0598],[119.8692,5.0622],[119.8656,5.0971],[119.8616,5.1144],[119.9534,5.1605],[119.9701,5.1662],[120.0191,5.196],[120.0227,5.1994],[120.0325,5.2001],[120.0689,5.2204],[120.122,5.2466],[120.1425,5.27],[120.1846,5.2905],[120.1766,5.2268],[120.1344,5.1943],[120.1297,5.1967],[120.1267,5.2069],[120.1217,5.2097],[120.1178,5.2153],[120.1203,5.2253],[120.1197,5.2333],[120.1247,5.2378],[120.1242,5.2411],[120.1233,5.2378],[120.1192,5.2353],[120.1181,5.2233],[120.115,5.2186],[120.1172,5.21],[120.1233,5.2033],[120.1219,5.1981],[120.1222,5.1867],[120.1197,5.1828],[120.1128,5.1858],[120.1147,5.1839],[120.1108,5.1761],[120.1108,5.1692],[120.1091,5.1671],[120.0999,5.1665],[120.1017,5.1589],[120.0972,5.1511],[120.0936,5.1503],[120.0878,5.1517],[120.0853,5.1553],[120.0867,5.1608],[120.0839,5.1594],[120.0786,5.1492],[120.072,5.1461],[120.0703,5.1492],[120.0772,5.1589],[120.0761,5.1664],[120.0744,5.1683],[120.0647,5.1608],[120.0566,5.1488],[120.0522,5.1511],[120.0422,5.15],[120.0406,5.1558],[120.0447,5.1617],[120.0528,5.1592],[120.0586,5.1608],[120.0594,5.1625],[120.0587,5.1681],[120.0553,5.1718],[120.0571,5.1802],[120.0533,5.1794],[120.0483,5.1814],[120.04,5.1814],[120.0356,5.1789],[120.0333,5.1736],[120.0297,5.1703],[120.0267,5.1689],[120.025,5.1697],[120.0231,5.1678],[120.0194,5.16],[120.0142,5.1572],[120.0127,5.1607],[119.9961,5.1549],[120.0028,5.1511],[120.0042,5.1467],[120.0042,5.1411],[120.0003,5.1314],[119.9978,5.1301],[119.9947,5.1323],[119.9914,5.1415],[119.9887,5.1411],[119.9872,5.1389],[119.9907,5.1324],[119.9912,5.1228],[119.9848,5.1157],[119.9781,5.1176]]],[[[120.0123,4.9851],[120.0086,4.9816],[120.0088,4.9689],[120.0064,4.9621],[119.9943,4.9542],[119.987,4.958],[119.9842,4.9634],[119.9875,4.9699],[119.9851,4.9731],[119.9861,4.9812],[119.9899,4.9865],[119.9931,4.9872],[119.9942,4.99],[119.9966,4.9908],[119.9976,4.9938],[119.9954,4.9944],[119.9961,4.9986],[119.9983,4.9999],[119.9939,5.0016],[119.9969,5.0023],[119.9985,5.0049],[119.9903,5.0063],[119.9912,5.0075],[120.0051,5.0123],[120.0092,5.0097],[120.0124,5.0115],[120.0118,5.0152],[120.0129,5.0154],[120.0158,5.0114],[120.0227,5.0068],[120.0218,4.9954],[120.0164,4.9879],[120.0123,4.9851]]],[[[119.9904,4.9995],[119.9927,4.9975],[119.9924,4.9952],[119.9886,4.9964],[119.9872,4.9988],[119.9891,5.0016],[119.9904,4.9995]]],[[[119.9987,5.0117],[119.9981,5.0105],[119.9935,5.0092],[119.9965,5.0118],[119.9987,5.0117]]],[[[120.0066,5.0166],[120.0071,5.0189],[120.0088,5.0177],[120.0086,5.0171],[120.0066,5.0166]]],[[[120.0066,5.0196],[120.0064,5.0212],[120.0077,5.0231],[120.0088,5.0219],[120.0066,5.0196]]],[[[120.0083,5.0232],[120.0073,5.0242],[120.0072,5.0255],[120.0094,5.0243],[120.0083,5.0232]]],[[[120.0105,5.0191],[120.0096,5.0204],[120.0107,5.0229],[120.0115,5.0205],[120.0105,5.0191]]],[[[120.0098,5.0282],[120.0081,5.0299],[120.008,5.0312],[120.011,5.0298],[120.0098,5.0282]]],[[[120.014,5.0295],[120.0127,5.0313],[120.0142,5.0319],[120.0148,5.0305],[120.014,5.0295]]],[[[120.0153,5.0342],[120.0127,5.0337],[120.0143,5.037],[120.0157,5.0361],[120.0153,5.0342]]],[[[120.0085,5.0327],[120.0072,5.0318],[120.0062,5.0323],[120.0079,5.0344],[120.0085,5.0327]]],[[[120.0064,5.039],[120.0052,5.0375],[120.0028,5.0391],[120.0062,5.0396],[120.0064,5.039]]],[[[120.0089,5.0412],[120.0085,5.0432],[120.0091,5.0434],[120.0099,5.0422],[120.0089,5.0412]]],[[[119.9927,5.1004],[119.9962,5.0977],[119.9963,5.0917],[119.9888,5.0844],[119.9842,5.0858],[119.9837,5.0888],[119.9875,5.0993],[119.9896,5.1016],[119.9924,5.1018],[119.9927,5.1004]]],[[[119.9325,5.0759],[119.9321,5.0786],[119.9362,5.0847],[119.9416,5.0865],[119.9441,5.0827],[119.9434,5.0799],[119.9364,5.0742],[119.9339,5.0737],[119.9325,5.0759]]],[[[120.0098,5.0383],[120.0112,5.0366],[120.0097,5.0351],[120.0083,5.0366],[120.0098,5.0383]]]]},"properties":{"ADM3_EN":"Panglima Sugala","name":"Panglima Sugala","ADM3_PCODE":"PH157001000","psgc_code":"157001000","ADM2_EN":"Tawi-Tawi","ADM2_PCODE":"PH1570","ADM1_EN":"Bangsamoro Autonomous Region in Muslim Mindanao (BARMM)","ADM1_PCODE":"PH15","ADM0_EN":"Philippines (the)","ADM0_PCODE":"PH","region_key":"barmm","province_key":"tawi_tawi","type":"Municipality"}},{"type":"Feature","geometry":{"type":"MultiPolygon","coordinates":[[[[120.1283,5.0029],[120.1269,5.0023],[120.1255,5.0034],[120.1271,5.0039],[120.1283,5.0029]]],[[[120.1376,5.0192],[120.1401,5.0122],[120.1393,5.0102],[120.1342,5.0047],[120.1278,5.0052],[120.1234,5.0122],[120.1223,5.0183],[120.1188,5.0227],[120.115,5.0251],[120.105,5.0275],[120.0987,5.0328],[120.1014,5.0398],[120.1028,5.0406],[120.1116,5.037],[120.1305,5.0257],[120.1376,5.0192]]],[[[120.2094,5.0179],[120.1951,5.0203],[120.1922,5.0249],[120.1848,5.0239],[120.2091,5.0454],[120.2211,5.0416],[120.2289,5.0331],[120.2154,5.017],[120.2118,5.0162],[120.2094,5.0179]]],[[[120.2446,5.0728],[120.2434,5.0753],[120.2443,5.0764],[120.2469,5.0736],[120.2483,5.0747],[120.2528,5.0869],[120.2577,5.0904],[120.2608,5.0872],[120.2712,5.0838],[120.2698,5.0748],[120.2605,5.0668],[120.251,5.0652],[120.2446,5.0728]]],[[[120.2896,5.0889],[120.2805,5.0851],[120.267,5.0937],[120.2733,5.1041],[120.2921,5.1123],[120.2997,5.121],[120.3086,5.1281],[120.3103,5.1277],[120.3097,5.1237],[120.3133,5.1229],[120.3147,5.1177],[120.3164,5.1206],[120.3147,5.1241],[120.3161,5.1249],[120.3193,5.1205],[120.3167,5.1074],[120.3185,5.1034],[120.3132,5.1015],[120.3052,5.0958],[120.3023,5.0918],[120.2896,5.0889]]],[[[120.2606,5.0982],[120.2634,5.0954],[120.2633,5.094],[120.2608,5.0951],[120.2606,5.0982]]],[[[120.0478,5.05],[120.0507,5.0502],[120.0503,5.0473],[120.0495,5.0476],[120.0478,5.05]]],[[[120.0704,5.0657],[120.0751,5.0643],[120.076,5.0629],[120.0713,5.0623],[120.0692,5.0649],[120.0704,5.0657]]],[[[120.2217,5.1539],[120.2189,5.1472],[120.2183,5.135],[120.2247,5.1317],[120.2272,5.1281],[120.2203,5.1225],[120.2175,5.1225],[120.2161,5.1197],[120.2147,5.1211],[120.2152,5.1253],[120.2075,5.1283],[120.205,5.1331],[120.2014,5.1356],[120.1934,5.1349],[120.1898,5.1362],[120.19,5.1319],[120.1867,5.1308],[120.1826,5.1351],[120.1769,5.1378],[120.1731,5.1431],[120.1687,5.1428],[120.1661,5.1447],[120.1672,5.1536],[120.1745,5.1597],[120.1753,5.1633],[120.1834,5.1598],[120.1989,5.1596],[120.2132,5.155],[120.2224,5.1552],[120.2217,5.1539]]],[[[120.2637,5.0976],[120.2618,5.098],[120.2628,5.0996],[120.2641,5.099],[120.2637,5.0976]]],[[[120.2707,5.1064],[120.2716,5.1078],[120.2732,5.1078],[120.2722,5.1046],[120.2707,5.1064]]],[[[120.2693,5.108],[120.2677,5.1084],[120.2686,5.1098],[120.27,5.109],[120.2693,5.108]]],[[[120.3047,5.1265],[120.3054,5.1278],[120.3067,5.1283],[120.307,5.1269],[120.3047,5.1265]]],[[[120.3142,5.1305],[120.3156,5.1298],[120.3121,5.126],[120.3111,5.1269],[120.3142,5.1305]]],[[[120.3187,5.129],[120.318,5.1274],[120.3165,5.1273],[120.3167,5.1299],[120.3183,5.1306],[120.3187,5.129]]],[[[120.3114,5.1294],[120.3108,5.1301],[120.3129,5.1309],[120.3129,5.1303],[120.3114,5.1294]]]]},"properties":{"ADM3_EN":"Sapa-Sapa","name":"Sapa-Sapa","ADM3_PCODE":"PH157010000","psgc_code":"157010000","ADM2_EN":"Tawi-Tawi","ADM2_PCODE":"PH1570","ADM1_EN":"Bangsamoro Autonomous Region in Muslim Mindanao (BARMM)","ADM1_PCODE":"PH15","ADM0_EN":"Philippines (the)","ADM0_PCODE":"PH","region_key":"barmm","province_key":"tawi_tawi","type":"Municipality"}},{"type":"Feature","geometry":{"type":"MultiPolygon","coordinates":[[[[119.4711,4.5981],[119.4672,4.5992],[119.4694,4.6028],[119.4717,4.6008],[119.4711,4.5981]]],[[[119.4864,4.6872],[119.4831,4.6783],[119.4831,4.6739],[119.4814,4.6722],[119.4819,4.6683],[119.4781,4.6658],[119.4767,4.6583],[119.4694,4.6528],[119.4647,4.6472],[119.4641,4.6442],[119.4586,4.6419],[119.4553,4.6444],[119.4547,4.6489],[119.4586,4.6603],[119.4547,4.6636],[119.4544,4.6758],[119.4564,4.6792],[119.4556,4.6861],[119.4656,4.744],[119.4658,4.7908],[119.4594,4.8317],[119.4539,4.8444],[119.4461,4.8806],[119.445,4.9072],[119.4514,4.9139],[119.4581,4.9131],[119.4631,4.9075],[119.4789,4.8772],[119.4853,4.8614],[119.4972,4.8267],[119.4986,4.81],[119.5064,4.7736],[119.5072,4.7594],[119.5055,4.7444],[119.4976,4.7181],[119.4945,4.7142],[119.4883,4.6897],[119.4864,4.6872]]],[[[119.4656,4.5883],[119.4678,4.5936],[119.4706,4.5917],[119.4689,4.5878],[119.4664,4.5869],[119.4656,4.5883]]]]},"properties":{"ADM3_EN":"Sibutu","name":"Sibutu","ADM3_PCODE":"PH157011000","psgc_code":"157011000","ADM2_EN":"Tawi-Tawi","ADM2_PCODE":"PH1570","ADM1_EN":"Bangsamoro Autonomous Region in Muslim Mindanao (BARMM)","ADM1_PCODE":"PH15","ADM0_EN":"Philippines (the)","ADM0_PCODE":"PH","region_key":"barmm","province_key":"tawi_tawi","type":"Municipality"}},{"type":"Feature","geometry":{"type":"MultiPolygon","coordinates":[[[[119.8622,4.8069],[119.8672,4.8042],[119.8686,4.8003],[119.8689,4.7975],[119.8658,4.7933],[119.8483,4.7917],[119.8444,4.79],[119.8336,4.7908],[119.8228,4.7939],[119.8133,4.7989],[119.8086,4.8061],[119.8078,4.8161],[119.8105,4.8197],[119.8167,4.8222],[119.8322,4.8225],[119.8461,4.8114],[119.8536,4.8114],[119.8622,4.8069]]],[[[119.8216,4.9064],[119.8252,4.9059],[119.8269,4.9128],[119.8255,4.9158],[119.83,4.9178],[119.8414,4.9086],[119.8483,4.9],[119.8522,4.8994],[119.8528,4.8975],[119.8503,4.8933],[119.8536,4.8658],[119.8519,4.8639],[119.8458,4.8644],[119.8356,4.8608],[119.8244,4.8553],[119.807,4.8533],[119.8028,4.8567],[119.8006,4.8614],[119.7964,4.8797],[119.7919,4.8894],[119.7894,4.9081],[119.79,4.9206],[119.7931,4.9239],[119.7975,4.925],[119.8208,4.9242],[119.8233,4.9225],[119.8231,4.9181],[119.818,4.9093],[119.8216,4.9064]]],[[[119.8712,4.9419],[119.8692,4.9395],[119.8672,4.9386],[119.8675,4.9426],[119.873,4.9467],[119.8736,4.9444],[119.8712,4.9419]]],[[[119.8303,4.9575],[119.8323,4.9588],[119.8339,4.9583],[119.8314,4.9564],[119.8303,4.9575]]],[[[119.7992,4.8622],[119.7975,4.8669],[119.7975,4.87],[119.7992,4.8667],[119.7997,4.8607],[119.7992,4.8622]]]]},"properties":{"ADM3_EN":"Simunul","name":"Simunul","ADM3_PCODE":"PH157004000","psgc_code":"157004000","ADM2_EN":"Tawi-Tawi","ADM2_PCODE":"PH1570","ADM1_EN":"Bangsamoro Autonomous Region in Muslim Mindanao (BARMM)","ADM1_PCODE":"PH15","ADM0_EN":"Philippines (the)","ADM0_PCODE":"PH","region_key":"barmm","province_key":"tawi_tawi","type":"Municipality"}},{"type":"Feature","geometry":{"type":"MultiPolygon","coordinates":[[[[119.3867,4.625],[119.3911,4.6233],[119.3925,4.6211],[119.3903,4.6156],[119.3853,4.6158],[119.3828,4.6181],[119.3828,4.6242],[119.3844,4.6261],[119.3867,4.625]]],[[[119.3842,4.6292],[119.3811,4.6311],[119.3856,4.6347],[119.3864,4.6333],[119.3842,4.6292]]],[[[119.3844,4.6378],[119.3867,4.6403],[119.3875,4.6394],[119.3858,4.6367],[119.3844,4.6378]]],[[[119.3964,4.6494],[119.4,4.6431],[119.395,4.64],[119.3917,4.6422],[119.3897,4.6494],[119.3908,4.6508],[119.3933,4.6489],[119.3964,4.6494]]],[[[119.3929,4.6513],[119.3951,4.6507],[119.3954,4.6496],[119.3933,4.6501],[119.3929,4.6513]]],[[[119.3916,4.6604],[119.3929,4.66],[119.3922,4.659],[119.3902,4.6596],[119.3916,4.6604]]],[[[119.3933,4.6651],[119.3964,4.6648],[119.3949,4.661],[119.3925,4.6612],[119.3916,4.6637],[119.3933,4.6651]]],[[[119.3961,4.6697],[119.3931,4.6703],[119.3942,4.6742],[119.3917,4.6769],[119.3933,4.6828],[119.3967,4.6861],[119.3947,4.6897],[119.3967,4.6922],[119.3933,4.7022],[119.3994,4.7061],[119.4025,4.7064],[119.4014,4.7094],[119.4075,4.7281],[119.4036,4.7308],[119.4056,4.7378],[119.3935,4.7385],[119.3883,4.7444],[119.4008,4.7522],[119.3986,4.7578],[119.3994,4.7592],[119.4114,4.7653],[119.4122,4.7675],[119.4106,4.7719],[119.4164,4.7761],[119.4181,4.7797],[119.4172,4.7839],[119.4217,4.7881],[119.4233,4.7842],[119.4203,4.7694],[119.4211,4.7619],[119.4192,4.7372],[119.4131,4.7],[119.4106,4.6942],[119.4111,4.6892],[119.4069,4.685],[119.4067,4.6747],[119.405,4.6733],[119.4061,4.6708],[119.4039,4.6706],[119.4014,4.6672],[119.3961,4.6697]]],[[[119.4142,4.8647],[119.4169,4.8514],[119.4161,4.8461],[119.4128,4.8486],[119.4089,4.8572],[119.4111,4.8661],[119.4142,4.8647]]],[[[119.4018,4.9013],[119.4044,4.9004],[119.4037,4.8982],[119.4096,4.8822],[119.4097,4.8746],[119.4049,4.8757],[119.3932,4.8916],[119.3903,4.8919],[119.3876,4.8984],[119.3904,4.9005],[119.3903,4.904],[119.3968,4.9065],[119.4018,4.9013]]],[[[119.4078,4.9],[119.4092,4.8975],[119.4053,4.8969],[119.4061,4.9003],[119.4028,4.9044],[119.4078,4.9]]]]},"properties":{"ADM3_EN":"Sitangkai","name":"Sitangkai","ADM3_PCODE":"PH157005000","psgc_code":"157005000","ADM2_EN":"Tawi-Tawi","ADM2_PCODE":"PH1570","ADM1_EN":"Bangsamoro Autonomous Region in Muslim Mindanao (BARMM)","ADM1_PCODE":"PH15","ADM0_EN":"Philippines (the)","ADM0_PCODE":"PH","region_key":"barmm","province_key":"tawi_tawi","type":"Municipality"}},{"type":"Feature","geometry":{"type":"MultiPolygon","coordinates":[[[[120.4481,5.1365],[120.4491,5.1381],[120.4502,5.1381],[120.4488,5.1363],[120.4481,5.1365]]],[[[120.4467,5.1385],[120.4477,5.1391],[120.4476,5.1363],[120.4465,5.1362],[120.4467,5.1385]]],[[[120.4507,5.1386],[120.4518,5.1397],[120.4512,5.1368],[120.4507,5.1386]]],[[[120.4488,5.1552],[120.4505,5.1559],[120.4513,5.1507],[120.4472,5.1471],[120.4455,5.152],[120.4488,5.1552]]],[[[120.5014,5.1628],[120.4978,5.1595],[120.4883,5.1677],[120.4874,5.1776],[120.4815,5.1879],[120.482,5.1958],[120.4971,5.1871],[120.4977,5.1815],[120.5044,5.1754],[120.504,5.173],[120.506,5.1731],[120.5014,5.1628]]],[[[120.5051,5.1765],[120.4979,5.1867],[120.4998,5.1886],[120.5063,5.1837],[120.5087,5.1743],[120.5051,5.1765]]],[[[120.4546,5.1553],[120.4539,5.1567],[120.4551,5.1585],[120.4555,5.1572],[120.4546,5.1553]]],[[[120.45,5.1577],[120.4501,5.1594],[120.451,5.1597],[120.4516,5.1581],[120.45,5.1577]]],[[[120.4591,5.167],[120.4582,5.1648],[120.4561,5.1645],[120.4558,5.1669],[120.4583,5.1704],[120.4591,5.167]]],[[[120.5107,5.1729],[120.5082,5.1662],[120.505,5.1633],[120.5039,5.1642],[120.5087,5.1731],[120.5107,5.1729]]],[[[120.5267,5.1807],[120.5262,5.1784],[120.5232,5.1791],[120.5223,5.1811],[120.5228,5.1822],[120.5267,5.1807]]],[[[120.5212,5.1896],[120.5111,5.1968],[120.5085,5.2001],[120.5098,5.2026],[120.5143,5.2017],[120.5148,5.2031],[120.5181,5.1994],[120.5243,5.1907],[120.5232,5.1891],[120.5212,5.1896]]],[[[120.5728,5.2086],[120.569,5.2099],[120.5697,5.2142],[120.5767,5.2146],[120.5944,5.2221],[120.6051,5.2234],[120.6095,5.2216],[120.6016,5.2159],[120.602,5.2083],[120.6008,5.2072],[120.5893,5.2083],[120.5831,5.2049],[120.5796,5.2056],[120.5767,5.2094],[120.5728,5.2086]]],[[[120.592,5.2028],[120.5945,5.2025],[120.5946,5.2041],[120.5987,5.204],[120.595,5.2001],[120.5894,5.2017],[120.5899,5.2035],[120.592,5.2028]]],[[[120.4071,5.2367],[120.4072,5.2346],[120.4054,5.2335],[120.4034,5.2353],[120.4032,5.238],[120.4071,5.2367]]],[[[120.3712,5.2685],[120.3696,5.2696],[120.373,5.2718],[120.3813,5.2679],[120.3835,5.2641],[120.3786,5.2589],[120.3755,5.2599],[120.3712,5.2685]]],[[[120.4795,5.2962],[120.4795,5.2936],[120.4771,5.2921],[120.476,5.2938],[120.4795,5.2962]]],[[[120.4207,5.3092],[120.4216,5.3076],[120.4188,5.3037],[120.4161,5.3051],[120.4175,5.3089],[120.4207,5.3092]]],[[[120.6631,5.2221],[120.6609,5.2267],[120.6648,5.2274],[120.6712,5.2257],[120.6792,5.2177],[120.684,5.2155],[120.6842,5.2135],[120.6796,5.2114],[120.6755,5.2119],[120.6631,5.2221]]],[[[120.6424,5.2257],[120.6309,5.2281],[120.628,5.2331],[120.6299,5.2366],[120.6379,5.2383],[120.6425,5.2373],[120.6507,5.2318],[120.6456,5.226],[120.6424,5.2257]]],[[[120.5664,5.298],[120.5645,5.3007],[120.565,5.3044],[120.5672,5.3042],[120.5676,5.3071],[120.5702,5.3067],[120.5752,5.2985],[120.5719,5.295],[120.5664,5.298]]],[[[120.5767,5.3335],[120.5795,5.3309],[120.5784,5.3295],[120.5747,5.3298],[120.5744,5.3325],[120.5767,5.3335]]],[[[120.571,5.4128],[120.5696,5.4182],[120.5752,5.4262],[120.5759,5.4334],[120.5806,5.4378],[120.5871,5.4351],[120.599,5.4203],[120.6073,5.4146],[120.6071,5.4092],[120.6035,5.4047],[120.595,5.4011],[120.5889,5.4006],[120.5854,5.4041],[120.5737,5.4097],[120.571,5.4128]]],[[[120.5769,5.4596],[120.5767,5.4626],[120.5827,5.4691],[120.5854,5.4697],[120.587,5.4683],[120.589,5.4497],[120.5877,5.4472],[120.5848,5.4464],[120.5784,5.4504],[120.5769,5.4596]]]]},"properties":{"ADM3_EN":"South Ubian","name":"South Ubian","ADM3_PCODE":"PH157006000","psgc_code":"157006000","ADM2_EN":"Tawi-Tawi","ADM2_PCODE":"PH1570","ADM1_EN":"Bangsamoro Autonomous Region in Muslim Mindanao (BARMM)","ADM1_PCODE":"PH15","ADM0_EN":"Philippines (the)","ADM0_PCODE":"PH","region_key":"barmm","province_key":"tawi_tawi","type":"Municipality"}},{"type":"Feature","geometry":{"type":"MultiPolygon","coordinates":[[[[120.2929,5.2629],[120.2855,5.2715],[120.2844,5.2743],[120.2868,5.2761],[120.2894,5.2721],[120.2943,5.2706],[120.2954,5.2686],[120.2989,5.2684],[120.2979,5.2655],[120.2929,5.2629]]],[[[120.2987,5.2748],[120.2995,5.2721],[120.2984,5.2713],[120.2965,5.2733],[120.2987,5.2748]]],[[[120.2454,5.3128],[120.243,5.3119],[120.2426,5.3136],[120.2445,5.3143],[120.2454,5.3128]]],[[[120.2927,5.277],[120.2921,5.2754],[120.2963,5.2717],[120.293,5.2721],[120.2907,5.2746],[120.2902,5.2765],[120.2927,5.277]]],[[[120.3084,5.2839],[120.3144,5.2806],[120.3154,5.2785],[120.3141,5.2765],[120.3077,5.2763],[120.305,5.2779],[120.3032,5.2813],[120.3041,5.2839],[120.3084,5.2839]]],[[[120.2298,5.298],[120.2323,5.2976],[120.231,5.2964],[120.2277,5.2979],[120.2298,5.298]]],[[[120.2216,5.3054],[120.2203,5.3093],[120.2212,5.3139],[120.224,5.3187],[120.2304,5.323],[120.2335,5.3201],[120.2342,5.3158],[120.2375,5.3126],[120.2417,5.3028],[120.2386,5.2987],[120.234,5.2986],[120.2216,5.3054]]],[[[120.2399,5.2951],[120.239,5.2958],[120.2404,5.2964],[120.2411,5.2956],[120.2399,5.2951]]],[[[120.3226,5.1264],[120.3189,5.133],[120.3194,5.1381],[120.3224,5.1427],[120.3223,5.1445],[120.3208,5.1445],[120.3212,5.1474],[120.3233,5.1477],[120.3221,5.1529],[120.3247,5.1564],[120.3308,5.1602],[120.3404,5.1633],[120.3438,5.159],[120.3475,5.1429],[120.3455,5.1315],[120.3418,5.1252],[120.3357,5.1201],[120.3337,5.1197],[120.3226,5.1264]]],[[[120.2806,5.1611],[120.2864,5.161],[120.2887,5.1572],[120.2882,5.1552],[120.2835,5.1523],[120.2796,5.1531],[120.2784,5.1575],[120.2806,5.1611]]],[[[120.2878,5.1702],[120.2896,5.1697],[120.2908,5.1655],[120.2843,5.1658],[120.2834,5.1684],[120.2878,5.1702]]],[[[120.261,5.1729],[120.2667,5.1714],[120.2686,5.166],[120.2591,5.1661],[120.2584,5.17],[120.261,5.1729]]],[[[120.3571,5.171],[120.3561,5.1714],[120.3577,5.1728],[120.3578,5.1716],[120.3571,5.171]]],[[[120.2422,5.1959],[120.2413,5.197],[120.2429,5.1974],[120.2422,5.1959]]],[[[120.243,5.1938],[120.2437,5.194],[120.2441,5.1933],[120.2432,5.1928],[120.243,5.1938]]],[[[120.2418,5.1934],[120.2421,5.194],[120.2425,5.1935],[120.242,5.1929],[120.2418,5.1934]]],[[[120.2413,5.1951],[120.2417,5.1951],[120.2421,5.1948],[120.2414,5.1946],[120.2413,5.1951]]],[[[120.2441,5.1947],[120.2436,5.1948],[120.2434,5.1954],[120.2443,5.1953],[120.2441,5.1947]]],[[[120.3153,5.2175],[120.3147,5.218],[120.316,5.2193],[120.3166,5.2181],[120.3153,5.2175]]],[[[120.3284,5.2212],[120.3271,5.2176],[120.3252,5.2178],[120.3244,5.2206],[120.3262,5.2238],[120.3284,5.2212]]],[[[120.3154,5.2233],[120.3163,5.2209],[120.3145,5.2195],[120.3126,5.2237],[120.3154,5.2233]]],[[[120.3305,5.2223],[120.3289,5.2226],[120.3296,5.2245],[120.3308,5.2236],[120.3305,5.2223]]],[[[120.3156,5.2272],[120.3136,5.2268],[120.31281,5.22769],[120.31286,5.22773],[120.3141,5.2283],[120.3156,5.2272]]],[[[120.31281,5.22769],[120.3111,5.2263],[120.2979,5.2399],[120.2992,5.2449],[120.3143,5.2524],[120.3177,5.2517],[120.3177,5.2487],[120.32,5.2487],[120.32,5.2513],[120.3228,5.2486],[120.3148,5.2293],[120.31286,5.22773],[120.3128,5.2277],[120.31281,5.22769]]],[[[120.2842,5.1767],[120.2832,5.1746],[120.2822,5.1752],[120.2829,5.177],[120.2842,5.1767]]],[[[120.3525,5.1771],[120.3537,5.1741],[120.3507,5.1716],[120.3471,5.1769],[120.3525,5.1771]]],[[[120.3539,5.1969],[120.3538,5.1983],[120.3571,5.2002],[120.358,5.1958],[120.3559,5.192],[120.3526,5.1914],[120.3539,5.1969]]],[[[120.3116,5.2085],[120.3152,5.2113],[120.3177,5.2101],[120.3195,5.2047],[120.3164,5.2013],[120.3113,5.2049],[120.3116,5.2085]]],[[[120.2857,5.1792],[120.2834,5.1782],[120.2825,5.1792],[120.2852,5.1809],[120.2857,5.1792]]],[[[120.2663,5.1811],[120.2661,5.1825],[120.2666,5.1827],[120.2676,5.1809],[120.2663,5.1811]]],[[[120.3102,5.2029],[120.3139,5.2009],[120.31,5.1957],[120.3032,5.1917],[120.3027,5.1877],[120.2975,5.1837],[120.2942,5.1856],[120.2879,5.183],[120.2839,5.1844],[120.2748,5.1746],[120.2699,5.1759],[120.2689,5.1811],[120.2702,5.1872],[120.2687,5.1886],[120.2515,5.1818],[120.2473,5.1838],[120.2474,5.187],[120.2542,5.1954],[120.2452,5.1919],[120.2588,5.2193],[120.258,5.2233],[120.2617,5.2495],[120.2725,5.2571],[120.2808,5.2498],[120.2822,5.2468],[120.3049,5.2279],[120.3091,5.2227],[120.3102,5.2029]]],[[[120.3521,5.2012],[120.3459,5.1849],[120.3439,5.1833],[120.3404,5.1836],[120.3386,5.1894],[120.3346,5.1908],[120.331,5.1969],[120.3317,5.2003],[120.3355,5.2014],[120.3371,5.2083],[120.3365,5.2097],[120.331,5.2087],[120.3296,5.2154],[120.3322,5.2267],[120.337,5.2307],[120.3397,5.2382],[120.3468,5.2481],[120.3464,5.2522],[120.3573,5.2594],[120.3656,5.2549],[120.3679,5.2554],[120.3685,5.2529],[120.3573,5.2309],[120.3582,5.2266],[120.3563,5.2168],[120.3537,5.2155],[120.3528,5.219],[120.3495,5.2186],[120.3471,5.2157],[120.3475,5.209],[120.3483,5.2074],[120.3509,5.2072],[120.3521,5.2012]]],[[[120.3261,5.2286],[120.3252,5.2276],[120.323,5.2292],[120.3249,5.2312],[120.3265,5.2305],[120.3261,5.2286]]],[[[120.3214,5.2313],[120.3194,5.2316],[120.3195,5.2337],[120.3219,5.2331],[120.3214,5.2313]]],[[[120.3287,5.2333],[120.3276,5.2324],[120.3263,5.2331],[120.3291,5.2356],[120.3287,5.2333]]],[[[120.3261,5.2351],[120.3244,5.2337],[120.3231,5.2343],[120.3252,5.2362],[120.3261,5.2351]]],[[[120.3231,5.2425],[120.3262,5.2448],[120.3274,5.241],[120.3269,5.2376],[120.3232,5.2359],[120.3211,5.2372],[120.3231,5.2425]]],[[[120.3652,5.2612],[120.3676,5.2613],[120.3703,5.2591],[120.3656,5.2582],[120.3641,5.2597],[120.3652,5.2612]]],[[[120.3257,5.2506],[120.3256,5.2534],[120.3284,5.2521],[120.3304,5.2455],[120.3251,5.2486],[120.3257,5.2506]]],[[[120.299,5.248],[120.2971,5.2491],[120.2983,5.2515],[120.2998,5.2493],[120.299,5.248]]],[[[120.3199,5.2534],[120.3183,5.2527],[120.3171,5.2541],[120.3192,5.2553],[120.3199,5.2534]]],[[[120.2667,5.2635],[120.2697,5.2654],[120.2721,5.2631],[120.2719,5.2607],[120.2649,5.2545],[120.263,5.2548],[120.2619,5.2564],[120.2667,5.2635]]],[[[120.2804,5.2561],[120.2805,5.2591],[120.2832,5.2602],[120.2866,5.2584],[120.2894,5.2534],[120.2876,5.2488],[120.2848,5.2492],[120.28,5.2537],[120.2804,5.2561]]],[[[120.2153,5.3067],[120.2158,5.3014],[120.2261,5.2936],[120.2331,5.2909],[120.2319,5.2844],[120.2331,5.2833],[120.2403,5.2869],[120.2425,5.2844],[120.2417,5.2819],[120.2506,5.2828],[120.2539,5.2761],[120.2529,5.2708],[120.25,5.2681],[120.2305,5.2338],[120.2326,5.2234],[120.2375,5.2166],[120.2361,5.2136],[120.2389,5.2078],[120.2364,5.2031],[120.2317,5.2],[120.2361,5.1989],[120.2344,5.1953],[120.2353,5.1883],[120.2394,5.1832],[120.2389,5.1797],[120.2317,5.1725],[120.2295,5.1731],[120.2288,5.1706],[120.2258,5.1703],[120.2267,5.1633],[120.2224,5.1552],[120.2132,5.155],[120.1989,5.1596],[120.1834,5.1598],[120.1756,5.1633],[120.1828,5.1719],[120.1828,5.1761],[120.1934,5.1835],[120.1892,5.1822],[120.1789,5.1831],[120.1747,5.1864],[120.1692,5.1878],[120.1683,5.1894],[120.1711,5.1922],[120.1697,5.1936],[120.1672,5.1894],[120.1686,5.1839],[120.1653,5.1786],[120.1636,5.1683],[120.1589,5.1631],[120.1569,5.1647],[120.1553,5.1711],[120.1561,5.1742],[120.1533,5.1781],[120.1536,5.1814],[120.1428,5.1836],[120.1375,5.1878],[120.1369,5.1919],[120.1344,5.1943],[120.1766,5.2268],[120.1846,5.2905],[120.2151,5.3087],[120.2153,5.3067]]]]},"properties":{"ADM3_EN":"Tandubas","name":"Tandubas","ADM3_PCODE":"PH157007000","psgc_code":"157007000","ADM2_EN":"Tawi-Tawi","ADM2_PCODE":"PH1570","ADM1_EN":"Bangsamoro Autonomous Region in Muslim Mindanao (BARMM)","ADM1_PCODE":"PH15","ADM0_EN":"Philippines (the)","ADM0_PCODE":"PH","region_key":"barmm","province_key":"tawi_tawi","type":"Municipality"}},{"type":"Feature","geometry":{"type":"MultiPolygon","coordinates":[[[[118.3433,6.074],[118.3371,6.0714],[118.3332,6.0732],[118.3304,6.0763],[118.3245,6.0898],[118.3272,6.0999],[118.3302,6.1034],[118.3369,6.1064],[118.3452,6.1028],[118.3486,6.089],[118.3469,6.0801],[118.3433,6.074]]],[[[118.4596,6.1366],[118.4571,6.1382],[118.458,6.1509],[118.4633,6.1554],[118.4714,6.156],[118.474,6.1533],[118.4731,6.1434],[118.4688,6.1392],[118.4596,6.1366]]],[[[118.4874,6.2397],[118.4929,6.2411],[118.4969,6.2384],[118.4985,6.2302],[118.4975,6.2271],[118.4874,6.223],[118.4853,6.2248],[118.4834,6.2347],[118.4874,6.2397]]],[[[118.3642,6.2357],[118.3652,6.2433],[118.3705,6.2465],[118.3739,6.2456],[118.3858,6.2346],[118.3847,6.2304],[118.3788,6.2263],[118.3692,6.2267],[118.3657,6.2302],[118.3642,6.2357]]],[[[118.1358,6.1971],[118.1427,6.2019],[118.1488,6.198],[118.1473,6.1927],[118.1416,6.1888],[118.1363,6.1906],[118.1344,6.1941],[118.1358,6.1971]]],[[[118.1705,6.2239],[118.1779,6.2238],[118.1787,6.2201],[118.1751,6.2141],[118.1711,6.2134],[118.169,6.2171],[118.1705,6.2239]]],[[[118.0842,6.247],[118.0902,6.2491],[118.0927,6.2449],[118.0912,6.2407],[118.0873,6.2379],[118.0845,6.2389],[118.0823,6.243],[118.0842,6.247]]],[[[118.1006,6.2793],[118.0976,6.2834],[118.1021,6.2929],[118.1086,6.2939],[118.1146,6.2925],[118.1152,6.2872],[118.1126,6.2802],[118.105,6.2771],[118.1006,6.2793]]],[[[118.5219,6.5059],[118.5188,6.5004],[118.5112,6.4975],[118.5026,6.4977],[118.4975,6.5056],[118.4989,6.5103],[118.5159,6.5201],[118.5216,6.5111],[118.5219,6.5059]]]]},"properties":{"ADM3_EN":"Turtle Islands","name":"Turtle Islands","ADM3_PCODE":"PH157008000","psgc_code":"157008000","ADM2_EN":"Tawi-Tawi","ADM2_PCODE":"PH1570","ADM1_EN":"Bangsamoro Autonomous Region in Muslim Mindanao (BARMM)","ADM1_PCODE":"PH15","ADM0_EN":"Philippines (the)","ADM0_PCODE":"PH","region_key":"barmm","province_key":"tawi_tawi","type":"Municipality"}}]}