{"type":"FeatureCollection","name":"bicol_municipalities","crs":{"type":"name","properties":{"name":"urn:ogc:def:crs:OGC:1.3:CRS84"}},"features":[{"type":"Feature","geometry":{"type":"MultiPolygon","coordinates":[[[[123.8561,13.2451],[123.8632,13.2396],[123.8653,13.2394],[123.8651,13.2417],[123.867,13.2408],[123.8697,13.2305],[123.8677,13.2261],[123.8647,13.2275],[123.862,13.2245],[123.8612,13.2243],[123.8315,13.2372],[123.8297,13.2504],[123.8259,13.2524],[123.8251,13.255],[123.8263,13.2644],[123.8287,13.2668],[123.832,13.2674],[123.8347,13.2659],[123.8378,13.2667],[123.8403,13.2646],[123.8434,13.2661],[123.8446,13.2622],[123.8513,13.2597],[123.8502,13.2571],[123.8461,13.2571],[123.8488,13.2495],[123.8561,13.2451]]],[[[123.8278,13.2461],[123.8303,13.2377],[123.8066,13.2481],[123.7565,13.2778],[123.7518,13.2899],[123.7623,13.3031],[123.7626,13.3126],[123.7648,13.3191],[123.7799,13.3117],[123.7843,13.3011],[123.7925,13.297],[123.7991,13.2978],[123.8004,13.2945],[123.8016,13.2968],[123.8074,13.2916],[123.8145,13.2886],[123.8161,13.2863],[123.8142,13.2821],[123.8181,13.2729],[123.8206,13.2712],[123.8201,13.2692],[123.8181,13.2691],[123.8212,13.2667],[123.817,13.2628],[123.8165,13.2547],[123.8197,13.2518],[123.8199,13.2484],[123.8278,13.2461]]],[[[123.8735,13.232],[123.8687,13.2429],[123.8684,13.2468],[123.8706,13.2503],[123.8698,13.2539],[123.8677,13.2541],[123.8667,13.2491],[123.8656,13.2535],[123.8643,13.2513],[123.865,13.2485],[123.8614,13.2492],[123.8641,13.2433],[123.8636,13.241],[123.8624,13.2414],[123.8613,13.2457],[123.8566,13.2513],[123.858,13.2545],[123.8562,13.2558],[123.8556,13.2624],[123.8476,13.2664],[123.8503,13.2711],[123.8469,13.2719],[123.8455,13.2698],[123.8418,13.273],[123.8397,13.2721],[123.8389,13.2732],[123.8414,13.2763],[123.8444,13.2756],[123.8518,13.2783],[123.8486,13.2812],[123.849,13.2931],[123.8519,13.3029],[123.8523,13.3136],[123.8537,13.3144],[123.8565,13.3124],[123.8621,13.3155],[123.8597,13.3196],[123.8488,13.3295],[123.8552,13.3387],[123.8598,13.3506],[123.8618,13.3493],[123.864,13.3508],[123.8736,13.3482],[123.8729,13.3442],[123.8763,13.3418],[123.8762,13.3391],[123.8824,13.345],[123.8823,13.3469],[123.8854,13.3475],[123.8852,13.3449],[123.8886,13.3428],[123.8888,13.3407],[123.895,13.3364],[123.898,13.3382],[123.8971,13.3394],[123.8988,13.3413],[123.9066,13.3394],[123.9079,13.3374],[123.9051,13.3366],[123.9068,13.3297],[123.9129,13.3303],[123.9169,13.3287],[123.9216,13.3305],[123.9251,13.3272],[123.9286,13.3289],[123.9303,13.3278],[123.9306,13.3247],[123.9253,13.3174],[123.9236,13.3095],[123.9203,13.3083],[123.9173,13.3048],[123.9133,13.308],[123.9102,13.3078],[123.904,13.303],[123.901,13.2923],[123.8973,13.2918],[123.8935,13.287],[123.895,13.2822],[123.8901,13.2827],[123.8881,13.2803],[123.8862,13.2821],[123.885,13.2804],[123.8876,13.2697],[123.8912,13.2675],[123.8915,13.2639],[123.8963,13.2555],[123.9047,13.2502],[123.9105,13.2389],[123.9072,13.2365],[123.9,13.2393],[123.8988,13.2341],[123.8961,13.2353],[123.893,13.2313],[123.8866,13.2288],[123.8859,13.2253],[123.8841,13.2245],[123.8827,13.2294],[123.8782,13.2302],[123.8756,13.2283],[123.8767,13.2252],[123.8722,13.2232],[123.8735,13.232]]],[[[123.8664,13.248],[123.8667,13.2469],[123.8656,13.2463],[123.8656,13.2477],[123.8664,13.248]]],[[[123.8273,13.2688],[123.8262,13.2726],[123.8272,13.2742],[123.8356,13.2708],[123.8306,13.2677],[123.8273,13.2688]]],[[[123.8449,13.2796],[123.8422,13.2823],[123.8434,13.2847],[123.847,13.2829],[123.8479,13.2793],[123.8449,13.2796]]],[[[123.9078,13.2944],[123.9082,13.2971],[123.9097,13.2981],[123.9111,13.2965],[123.91,13.2929],[123.9089,13.2924],[123.9078,13.2944]]],[[[123.9426,13.3212],[123.9457,13.3202],[123.9463,13.3169],[123.9442,13.3163],[123.9435,13.3141],[123.9483,13.3072],[123.948,13.3055],[123.9439,13.3047],[123.9345,13.3065],[123.9324,13.3046],[123.9262,13.3068],[123.9285,13.3134],[123.9323,13.3142],[123.9348,13.3116],[123.9368,13.3124],[123.9345,13.3162],[123.9302,13.3171],[123.9303,13.3186],[123.9331,13.3195],[123.9327,13.321],[123.9378,13.3251],[123.9426,13.3212]]],[[[123.9165,13.3338],[123.917,13.3323],[123.9146,13.3314],[123.9116,13.3329],[123.9128,13.3347],[123.9165,13.3338]]]]},"properties":{"ADM3_EN":"Bacacay","name":"Bacacay","ADM3_PCODE":"PH50501000","psgc_code":"50501000","ADM2_EN":"Albay","ADM2_PCODE":"PH5050","ADM1_EN":"Region V (Bicol Region)","ADM1_PCODE":"PH05","ADM0_EN":"Philippines (the)","ADM0_PCODE":"PH","region_key":"bicol","province_key":"albay","type":"Municipality"}},{"type":"Feature","geometry":{"type":"MultiPolygon","coordinates":[[[[123.6082,13.0796],[123.5928,13.0899],[123.5848,13.0917],[123.5739,13.0917],[123.5546,13.0856],[123.5634,13.1004],[123.5853,13.1228],[123.5945,13.1349],[123.6066,13.1462],[123.6387,13.2262],[123.65,13.239],[123.6649,13.2437],[123.6847,13.2541],[123.6769,13.2091],[123.676,13.1894],[123.6684,13.1789],[123.6649,13.1678],[123.669,13.1616],[123.672,13.1315],[123.6733,13.1298],[123.6708,13.1104],[123.6724,13.0847],[123.6785,13.0701],[123.6718,13.0632],[123.6715,13.0652],[123.6671,13.0616],[123.6665,13.0629],[123.6604,13.0608],[123.657,13.0655],[123.6224,13.0691],[123.6082,13.0796]]]]},"properties":{"ADM3_EN":"Camalig","name":"Camalig","ADM3_PCODE":"PH50502000","psgc_code":"50502000","ADM2_EN":"Albay","ADM2_PCODE":"PH5050","ADM1_EN":"Region V (Bicol Region)","ADM1_PCODE":"PH05","ADM0_EN":"Philippines (the)","ADM0_PCODE":"PH","region_key":"bicol","province_key":"albay","type":"Municipality"}},{"type":"Feature","geometry":{"type":"MultiPolygon","coordinates":[[[[123.675,13.0252],[123.6702,13.0261],[123.6644,13.0246],[123.6616,13.0229],[123.6595,13.0169],[123.6566,13.0167],[123.6536,13.0132],[123.6523,13.0153],[123.6495,13.0145],[123.6486,13.0168],[123.641,13.0151],[123.6362,13.0159],[123.6328,13.0114],[123.6287,13.0104],[123.6269,13.0148],[123.6191,13.0225],[123.6214,13.0269],[123.6201,13.0299],[123.6215,13.0311],[123.6212,13.0354],[123.624,13.0354],[123.6252,13.033],[123.6313,13.0331],[123.6353,13.0359],[123.6347,13.0382],[123.6375,13.0394],[123.6396,13.0436],[123.6484,13.0418],[123.6502,13.0442],[123.6522,13.0434],[123.6536,13.0468],[123.6505,13.0508],[123.6538,13.0558],[123.654,13.0588],[123.6565,13.0588],[123.6576,13.0605],[123.6558,13.0621],[123.6563,13.0656],[123.6604,13.0608],[123.6665,13.0629],[123.6671,13.0616],[123.6715,13.0652],[123.6718,13.0632],[123.6785,13.0701],[123.6724,13.0847],[123.6708,13.1104],[123.6733,13.1298],[123.672,13.1315],[123.669,13.1616],[123.6649,13.1678],[123.6684,13.1789],[123.676,13.1894],[123.6769,13.2091],[123.6847,13.2541],[123.7086,13.2151],[123.7194,13.1777],[123.7219,13.1712],[123.7273,13.166],[123.728,13.1633],[123.7283,13.1487],[123.7234,13.1421],[123.7222,13.136],[123.713,13.1191],[123.7119,13.1138],[123.7177,13.0986],[123.7214,13.0736],[123.7246,13.0638],[123.7199,13.0493],[123.7284,13.0433],[123.7331,13.0317],[123.7337,13.0241],[123.7202,13.0245],[123.7118,13.0268],[123.675,13.0252]]]]},"properties":{"ADM3_EN":"Daraga","name":"Daraga","ADM3_PCODE":"PH50503000","psgc_code":"50503000","ADM2_EN":"Albay","ADM2_PCODE":"PH5050","ADM1_EN":"Region V (Bicol Region)","ADM1_PCODE":"PH05","ADM0_EN":"Philippines (the)","ADM0_PCODE":"PH","region_key":"bicol","province_key":"albay","type":"Municipality"}},{"type":"Feature","geometry":{"type":"MultiPolygon","coordinates":[[[[123.54,13.0775],[123.5337,13.0816],[123.5316,13.0872],[123.5285,13.0888],[123.5169,13.0859],[123.5108,13.0937],[123.5122,13.0959],[123.5106,13.1015],[123.5084,13.1016],[123.51,13.1039],[123.5085,13.1056],[123.5054,13.1048],[123.5053,13.1072],[123.5024,13.1072],[123.5026,13.11],[123.4958,13.1142],[123.4958,13.1162],[123.494,13.1159],[123.4946,13.1137],[123.4932,13.1121],[123.4912,13.1162],[123.4885,13.1153],[123.4879,13.1186],[123.4828,13.1185],[123.4825,13.1158],[123.4806,13.1167],[123.4809,13.1203],[123.4845,13.1257],[123.4962,13.1355],[123.5165,13.1586],[123.5224,13.173],[123.5386,13.1874],[123.5749,13.2273],[123.5895,13.2393],[123.6119,13.2612],[123.6331,13.2784],[123.6847,13.2541],[123.6649,13.2437],[123.65,13.239],[123.6387,13.2262],[123.6066,13.1462],[123.5945,13.1349],[123.5853,13.1228],[123.5634,13.1004],[123.5546,13.0856],[123.5436,13.0724],[123.5415,13.0776],[123.54,13.0775]]]]},"properties":{"ADM3_EN":"Guinobatan","name":"Guinobatan","ADM3_PCODE":"PH50504000","psgc_code":"50504000","ADM2_EN":"Albay","ADM2_PCODE":"PH5050","ADM1_EN":"Region V (Bicol Region)","ADM1_PCODE":"PH05","ADM0_EN":"Philippines (the)","ADM0_PCODE":"PH","region_key":"bicol","province_key":"albay","type":"Municipality"}},{"type":"Feature","geometry":{"type":"MultiPolygon","coordinates":[[[[123.5859,13.0218],[123.574,13.031],[123.5652,13.0272],[123.5633,13.0247],[123.5538,13.0253],[123.5387,13.0222],[123.4985,13.0038],[123.4964,13.0252],[123.5139,13.0358],[123.5181,13.0357],[123.5191,13.0373],[123.5261,13.04],[123.5256,13.043],[123.5288,13.049],[123.5392,13.0555],[123.543,13.0551],[123.5447,13.0576],[123.5473,13.0673],[123.5436,13.0724],[123.5546,13.0856],[123.5739,13.0917],[123.5848,13.0917],[123.5928,13.0899],[123.6224,13.0691],[123.6484,13.0672],[123.6558,13.0647],[123.6558,13.0621],[123.6576,13.0605],[123.6565,13.0588],[123.654,13.0588],[123.6538,13.0558],[123.6505,13.0508],[123.6536,13.0468],[123.6522,13.0434],[123.6502,13.0442],[123.6484,13.0418],[123.6396,13.0436],[123.6375,13.0394],[123.6347,13.0382],[123.6353,13.0359],[123.6313,13.0331],[123.6252,13.033],[123.624,13.0354],[123.6212,13.0354],[123.6215,13.0311],[123.6201,13.0299],[123.6214,13.0269],[123.6191,13.0225],[123.6144,13.0204],[123.5943,13.0203],[123.5859,13.0218]]]]},"properties":{"ADM3_EN":"Jovellar","name":"Jovellar","ADM3_PCODE":"PH50505000","psgc_code":"50505000","ADM2_EN":"Albay","ADM2_PCODE":"PH5050","ADM1_EN":"Region V (Bicol Region)","ADM1_PCODE":"PH05","ADM0_EN":"Philippines (the)","ADM0_PCODE":"PH","region_key":"bicol","province_key":"albay","type":"Municipality"}},{"type":"Feature","geometry":{"type":"MultiPolygon","coordinates":[[[[123.802,13.0476],[123.8065,13.0533],[123.8107,13.0541],[123.8116,13.0518],[123.8611,13.0416],[123.7974,13.0126],[123.7924,13.0066],[123.785,13.0028],[123.7835,12.9958],[123.7742,12.9911],[123.7686,12.9858],[123.7662,12.9879],[123.7611,12.998],[123.7581,12.9989],[123.7558,12.9971],[123.7542,12.9989],[123.7502,12.9978],[123.7445,12.9996],[123.7432,13.0056],[123.7377,13.0139],[123.7337,13.0241],[123.7331,13.0317],[123.7284,13.0433],[123.7199,13.0493],[123.7246,13.0638],[123.7214,13.0736],[123.7177,13.0986],[123.7119,13.1138],[123.713,13.1191],[123.7222,13.136],[123.7234,13.1421],[123.7283,13.1487],[123.728,13.1633],[123.7273,13.166],[123.7219,13.1712],[123.7194,13.1777],[123.7086,13.2151],[123.6847,13.2541],[123.7637,13.2083],[123.7541,13.1723],[123.7567,13.1611],[123.7562,13.1516],[123.7589,13.1468],[123.7568,13.1447],[123.7586,13.1433],[123.762,13.1442],[123.7604,13.1411],[123.7615,13.1375],[123.7669,13.134],[123.7702,13.1287],[123.7736,13.1276],[123.7823,13.1307],[123.7788,13.1245],[123.7847,13.1203],[123.786,13.1161],[123.7847,13.1101],[123.7759,13.0974],[123.7758,13.0894],[123.7703,13.0876],[123.7724,13.0908],[123.7702,13.0898],[123.7695,13.0917],[123.7659,13.0929],[123.7581,13.0926],[123.7513,13.0895],[123.7552,13.0872],[123.7508,13.085],[123.7601,13.0802],[123.7653,13.0748],[123.7638,13.0688],[123.7594,13.0699],[123.7555,13.0669],[123.7527,13.0673],[123.7524,13.0655],[123.7553,13.0644],[123.7597,13.0678],[123.7579,13.063],[123.7592,13.0597],[123.7661,13.0579],[123.783,13.0483],[123.7924,13.0461],[123.802,13.0476]]]]},"properties":{"ADM3_EN":"Legazpi City","name":"Legazpi City","ADM3_PCODE":"PH50506000","psgc_code":"50506000","ADM2_EN":"Albay","ADM2_PCODE":"PH5050","ADM1_EN":"Region V (Bicol Region)","ADM1_PCODE":"PH05","ADM0_EN":"Philippines (the)","ADM0_PCODE":"PH","region_key":"bicol","province_key":"albay","type":"City"}},{"type":"Feature","geometry":{"type":"MultiPolygon","coordinates":[[[[123.2926,13.1252],[123.2923,13.1339],[123.2887,13.1425],[123.2887,13.1479],[123.3011,13.1559],[123.3085,13.1634],[123.3108,13.168],[123.3048,13.1779],[123.3045,13.1873],[123.3071,13.1868],[123.3097,13.1918],[123.3139,13.1924],[123.3159,13.1922],[123.318,13.1888],[123.3209,13.1892],[123.3247,13.1918],[123.3273,13.1986],[123.3178,13.2116],[123.3139,13.2226],[123.2939,13.2514],[123.2875,13.2569],[123.2814,13.258],[123.2766,13.2615],[123.2775,13.2642],[123.2755,13.2662],[123.2822,13.2707],[123.2993,13.2766],[123.3011,13.2805],[123.3054,13.2837],[123.3094,13.2829],[123.3506,13.3106],[123.3565,13.3013],[123.3624,13.2977],[123.3767,13.3019],[123.3821,13.3086],[123.3844,13.315],[123.3848,13.3258],[123.3813,13.3323],[123.3863,13.3322],[123.3874,13.3408],[123.3944,13.3391],[123.3997,13.332],[123.4061,13.3272],[123.414,13.3278],[123.4206,13.3247],[123.4254,13.3251],[123.4362,13.3218],[123.4403,13.316],[123.4555,13.3039],[123.4592,13.2986],[123.4579,13.2928],[123.4607,13.2899],[123.4607,13.2865],[123.4658,13.2829],[123.4621,13.2793],[123.4522,13.2559],[123.437,13.2345],[123.4239,13.219],[123.3686,13.1839],[123.3115,13.1362],[123.2922,13.1227],[123.2926,13.1252]]]]},"properties":{"ADM3_EN":"Libon","name":"Libon","ADM3_PCODE":"PH50507000","psgc_code":"50507000","ADM2_EN":"Albay","ADM2_PCODE":"PH5050","ADM1_EN":"Region V (Bicol Region)","ADM1_PCODE":"PH05","ADM0_EN":"Philippines (the)","ADM0_PCODE":"PH","region_key":"bicol","province_key":"albay","type":"Municipality"}},{"type":"Feature","geometry":{"type":"MultiPolygon","coordinates":[[[[123.345,13.0145],[123.3389,13.011],[123.3308,13.0122],[123.3257,13.0069],[123.3215,13.0057],[123.3189,13.0075],[123.3075,13.0244],[123.3105,13.0264],[123.3174,13.0272],[123.3174,13.0308],[123.3203,13.0353],[123.3221,13.0327],[123.3272,13.0353],[123.3271,13.0377],[123.3289,13.0392],[123.3352,13.0386],[123.3333,13.0401],[123.3338,13.0429],[123.3367,13.0464],[123.3402,13.0475],[123.3416,13.0516],[123.3487,13.0565],[123.3562,13.0653],[123.3925,13.1105],[123.4148,13.1433],[123.4405,13.1561],[123.4478,13.1881],[123.4502,13.1872],[123.4523,13.1833],[123.455,13.1873],[123.4576,13.1882],[123.4584,13.1928],[123.4552,13.1947],[123.4592,13.1998],[123.4568,13.2057],[123.4574,13.2086],[123.4614,13.2129],[123.4721,13.2195],[123.474,13.2271],[123.4765,13.2258],[123.4759,13.2217],[123.4864,13.2236],[123.4872,13.2275],[123.5006,13.2352],[123.5094,13.2427],[123.5187,13.2533],[123.5571,13.2889],[123.5997,13.3163],[123.6358,13.3049],[123.6396,13.3004],[123.6444,13.299],[123.6847,13.2541],[123.6331,13.2784],[123.6119,13.2612],[123.5895,13.2393],[123.5749,13.2273],[123.5386,13.1874],[123.5224,13.173],[123.5165,13.1586],[123.4962,13.1355],[123.4845,13.1257],[123.4809,13.1203],[123.4803,13.115],[123.476,13.1173],[123.4689,13.1162],[123.4627,13.1104],[123.4652,13.108],[123.4649,13.1065],[123.4599,13.1085],[123.4583,13.1052],[123.4556,13.1076],[123.4521,13.1057],[123.4444,13.1055],[123.4443,13.108],[123.4409,13.1035],[123.4407,13.1064],[123.4374,13.1076],[123.4365,13.1037],[123.3935,13.0875],[123.3917,13.0334],[123.3861,13.0402],[123.3748,13.0382],[123.3706,13.0352],[123.3691,13.0264],[123.3602,13.0206],[123.3543,13.02],[123.345,13.0145]]]]},"properties":{"ADM3_EN":"Ligao City","name":"Ligao City","ADM3_PCODE":"PH50508000","psgc_code":"50508000","ADM2_EN":"Albay","ADM2_PCODE":"PH5050","ADM1_EN":"Region V (Bicol Region)","ADM1_PCODE":"PH05","ADM0_EN":"Philippines (the)","ADM0_PCODE":"PH","region_key":"bicol","province_key":"albay","type":"City"}},{"type":"Feature","geometry":{"type":"MultiPolygon","coordinates":[[[[123.6847,13.2541],[123.699,13.3006],[123.7017,13.3053],[123.7006,13.311],[123.7072,13.3325],[123.7092,13.3348],[123.7156,13.3388],[123.7362,13.3377],[123.7408,13.3363],[123.7426,13.3278],[123.7466,13.3219],[123.7513,13.3236],[123.7594,13.3233],[123.7648,13.3191],[123.7626,13.3126],[123.7623,13.3031],[123.7518,13.2899],[123.6847,13.2541]]],[[[123.8478,13.3307],[123.8401,13.3355],[123.8404,13.3375],[123.8441,13.3395],[123.8392,13.3429],[123.8438,13.3486],[123.8437,13.352],[123.8474,13.3531],[123.85,13.352],[123.851,13.3542],[123.8537,13.3544],[123.8598,13.3506],[123.8534,13.3353],[123.8488,13.3295],[123.8478,13.3307]]]]},"properties":{"ADM3_EN":"Malilipot","name":"Malilipot","ADM3_PCODE":"PH50509000","psgc_code":"50509000","ADM2_EN":"Albay","ADM2_PCODE":"PH5050","ADM1_EN":"Region V (Bicol Region)","ADM1_PCODE":"PH05","ADM0_EN":"Philippines (the)","ADM0_PCODE":"PH","region_key":"bicol","province_key":"albay","type":"Municipality"}},{"type":"Feature","geometry":{"type":"MultiPolygon","coordinates":[[[[123.6548,13.3396],[123.6534,13.3371],[123.648,13.334],[123.6423,13.335],[123.6372,13.3376],[123.6267,13.3494],[123.6157,13.3491],[123.6076,13.3542],[123.6029,13.3535],[123.5938,13.3579],[123.5888,13.3563],[123.5883,13.3582],[123.5797,13.3611],[123.5803,13.3645],[123.5782,13.3656],[123.5756,13.3729],[123.5831,13.3968],[123.6431,13.4174],[123.6508,13.4218],[123.6668,13.4272],[123.703,13.4309],[123.7133,13.4174],[123.7044,13.4064],[123.7137,13.4142],[123.7128,13.4126],[123.7176,13.4016],[123.7173,13.3987],[123.7255,13.3901],[123.723,13.3849],[123.7261,13.3829],[123.6732,13.3492],[123.6548,13.3396]]]]},"properties":{"ADM3_EN":"Malinao","name":"Malinao","ADM3_PCODE":"PH50510000","psgc_code":"50510000","ADM2_EN":"Albay","ADM2_PCODE":"PH5051","ADM1_EN":"Region V (Bicol Region)","ADM1_PCODE":"PH05","ADM0_EN":"Philippines (the)","ADM0_PCODE":"PH","region_key":"bicol","province_key":"albay","type":"Municipality"}},{"type":"Feature","geometry":{"type":"MultiPolygon","coordinates":[[[[123.8117,13.0542],[123.813,13.0555],[123.8118,13.0615],[123.8129,13.0638],[123.8205,13.0669],[123.8222,13.0691],[123.8215,13.0727],[123.8301,13.0769],[123.8361,13.0834],[123.8387,13.0929],[123.8352,13.0978],[123.8379,13.0995],[123.839,13.1106],[123.8428,13.1118],[123.8538,13.1082],[123.8572,13.1101],[123.8594,13.1128],[123.8598,13.1185],[123.8626,13.1196],[123.865,13.123],[123.864,13.1261],[123.867,13.1277],[123.867,13.1289],[123.8649,13.129],[123.8626,13.1268],[123.8613,13.1318],[123.8628,13.1354],[123.8674,13.1392],[123.8722,13.1387],[123.879,13.1432],[123.8839,13.1415],[123.8874,13.143],[123.8985,13.1397],[123.9056,13.1413],[123.9083,13.138],[123.9081,13.1263],[123.9097,13.1261],[123.9116,13.1223],[123.9196,13.1211],[123.93,13.1228],[123.94,13.1181],[123.9349,13.1133],[123.9238,13.095],[123.9186,13.0787],[123.9127,13.0517],[123.9047,13.0409],[123.8939,13.0376],[123.8735,13.0422],[123.8611,13.0416],[123.8116,13.0518],[123.8107,13.0541],[123.8117,13.0542]]]]},"properties":{"ADM3_EN":"Manito","name":"Manito","ADM3_PCODE":"PH50511000","psgc_code":"50511000","ADM2_EN":"Albay","ADM2_PCODE":"PH5051","ADM1_EN":"Region V (Bicol Region)","ADM1_PCODE":"PH05","ADM0_EN":"Philippines (the)","ADM0_PCODE":"PH","region_key":"bicol","province_key":"albay","type":"Municipality"}},{"type":"Feature","geometry":{"type":"MultiPolygon","coordinates":[[[[123.3221,13.0327],[123.3203,13.0353],[123.3174,13.0308],[123.3174,13.0272],[123.3105,13.0264],[123.3075,13.0245],[123.3041,13.0348],[123.3005,13.0383],[123.3031,13.0412],[123.3029,13.0449],[123.2981,13.0542],[123.2904,13.0573],[123.2872,13.054],[123.2844,13.0554],[123.2842,13.0536],[123.2818,13.0562],[123.2835,13.0576],[123.2808,13.0577],[123.2812,13.0598],[123.2865,13.0622],[123.2913,13.0675],[123.2958,13.0808],[123.2961,13.0879],[123.2936,13.1],[123.2884,13.1073],[123.2922,13.1227],[123.3115,13.1362],[123.3686,13.1839],[123.4239,13.219],[123.433,13.2291],[123.4522,13.2559],[123.4621,13.2793],[123.4658,13.2829],[123.474,13.287],[123.4929,13.2763],[123.508,13.2769],[123.5137,13.2787],[123.5222,13.2783],[123.5272,13.2763],[123.5358,13.2787],[123.5413,13.287],[123.5487,13.2924],[123.5501,13.2971],[123.5546,13.2986],[123.5589,13.3041],[123.5599,13.309],[123.5675,13.3226],[123.5865,13.3529],[123.5997,13.3163],[123.5571,13.2889],[123.5187,13.2533],[123.5094,13.2427],[123.5006,13.2352],[123.4872,13.2275],[123.4864,13.2236],[123.4759,13.2217],[123.4765,13.2258],[123.474,13.2271],[123.4721,13.2195],[123.4614,13.2129],[123.4574,13.2086],[123.4568,13.2057],[123.4592,13.1998],[123.4552,13.1947],[123.4584,13.1928],[123.4576,13.1882],[123.455,13.1873],[123.4523,13.1833],[123.4502,13.1872],[123.4478,13.1881],[123.4405,13.1561],[123.4148,13.1433],[123.3925,13.1105],[123.3562,13.0653],[123.3487,13.0565],[123.3416,13.0516],[123.3402,13.0475],[123.3367,13.0464],[123.3338,13.0429],[123.3333,13.0401],[123.3352,13.0386],[123.3289,13.0392],[123.3271,13.0377],[123.3272,13.0353],[123.3221,13.0327]]],[[[123.2869,13.0506],[123.2878,13.0511],[123.2883,13.0494],[123.2869,13.0492],[123.2869,13.0506]]]]},"properties":{"ADM3_EN":"Oas","name":"Oas","ADM3_PCODE":"PH50512000","psgc_code":"50512000","ADM2_EN":"Albay","ADM2_PCODE":"PH5051","ADM1_EN":"Region V (Bicol Region)","ADM1_PCODE":"PH05","ADM0_EN":"Philippines (the)","ADM0_PCODE":"PH","region_key":"bicol","province_key":"albay","type":"Municipality"}},{"type":"Feature","geometry":{"type":"MultiPolygon","coordinates":[[[[123.4792,12.9894],[123.4711,12.9953],[123.461,13.0058],[123.4582,13.0147],[123.4526,13.0238],[123.4464,13.0278],[123.4369,13.03],[123.4292,13.0386],[123.4218,13.0406],[123.4202,13.0385],[123.4151,13.0427],[123.4065,13.0459],[123.3949,13.0403],[123.3949,13.0351],[123.3931,13.0329],[123.3917,13.0334],[123.3935,13.0875],[123.4365,13.1037],[123.4374,13.1076],[123.4407,13.1064],[123.4409,13.1035],[123.4443,13.108],[123.4444,13.1055],[123.4521,13.1057],[123.4556,13.1076],[123.4583,13.1052],[123.4599,13.1085],[123.4649,13.1065],[123.4652,13.108],[123.4627,13.1104],[123.4689,13.1162],[123.476,13.1173],[123.4803,13.115],[123.4806,13.1167],[123.4832,13.1161],[123.4828,13.1185],[123.4879,13.1186],[123.4885,13.1153],[123.4912,13.1162],[123.4932,13.1121],[123.4946,13.1137],[123.494,13.1159],[123.4958,13.1162],[123.4958,13.1142],[123.5026,13.11],[123.5024,13.1072],[123.506,13.1067],[123.5054,13.1048],[123.5085,13.1056],[123.5101,13.103],[123.5084,13.1016],[123.5106,13.1015],[123.5122,13.0959],[123.5108,13.0937],[123.5169,13.0859],[123.5285,13.0888],[123.5316,13.0872],[123.5337,13.0816],[123.5415,13.0776],[123.5473,13.0673],[123.5469,13.062],[123.5452,13.0613],[123.543,13.0551],[123.5392,13.0555],[123.5288,13.049],[123.5256,13.043],[123.5261,13.04],[123.5191,13.0373],[123.5181,13.0357],[123.5139,13.0358],[123.4964,13.0252],[123.4985,13.0038],[123.4893,13.0006],[123.4825,12.9939],[123.4804,12.9889],[123.4792,12.9894]]]]},"properties":{"ADM3_EN":"Pio Duran","name":"Pio Duran","ADM3_PCODE":"PH50513000","psgc_code":"50513000","ADM2_EN":"Albay","ADM2_PCODE":"PH5051","ADM1_EN":"Region V (Bicol Region)","ADM1_PCODE":"PH05","ADM0_EN":"Philippines (the)","ADM0_PCODE":"PH","region_key":"bicol","province_key":"albay","type":"Municipality"}},{"type":"Feature","geometry":{"type":"MultiPolygon","coordinates":[[[[123.485,13.2817],[123.474,13.287],[123.4658,13.2829],[123.4607,13.2865],[123.4607,13.2899],[123.4579,13.2928],[123.4592,13.2986],[123.4555,13.3039],[123.4403,13.316],[123.4362,13.3218],[123.4254,13.3251],[123.4206,13.3247],[123.414,13.3278],[123.4061,13.3272],[123.4027,13.3303],[123.4038,13.3331],[123.4015,13.3388],[123.4031,13.3452],[123.4074,13.3467],[123.4109,13.3445],[123.4183,13.3521],[123.4212,13.3516],[123.4224,13.354],[123.4261,13.3547],[123.4332,13.3616],[123.4409,13.3608],[123.4492,13.367],[123.4514,13.3638],[123.4539,13.3661],[123.4567,13.3663],[123.4588,13.3694],[123.4609,13.3663],[123.4664,13.3684],[123.4661,13.3628],[123.4693,13.3631],[123.4722,13.3612],[123.4743,13.3654],[123.4815,13.3606],[123.4829,13.3676],[123.4845,13.3673],[123.4874,13.3594],[123.4905,13.3638],[123.494,13.3624],[123.4997,13.3629],[123.5116,13.3681],[123.5214,13.3784],[123.5236,13.3793],[123.5274,13.3765],[123.531,13.3761],[123.538,13.3785],[123.5442,13.3771],[123.5443,13.3787],[123.5468,13.3789],[123.5467,13.3809],[123.5602,13.3908],[123.5709,13.3946],[123.5725,13.3965],[123.5831,13.3968],[123.5756,13.3729],[123.5782,13.3656],[123.5803,13.3645],[123.5797,13.3611],[123.5883,13.3582],[123.5888,13.3563],[123.5675,13.3226],[123.5599,13.309],[123.5589,13.3041],[123.5546,13.2986],[123.5501,13.2971],[123.5487,13.2924],[123.5413,13.287],[123.5358,13.2787],[123.529,13.2766],[123.5137,13.2787],[123.508,13.2769],[123.4929,13.2763],[123.4871,13.2786],[123.485,13.2817]]]]},"properties":{"ADM3_EN":"Polangui","name":"Polangui","ADM3_PCODE":"PH50514000","psgc_code":"50514000","ADM2_EN":"Albay","ADM2_PCODE":"PH5051","ADM1_EN":"Region V (Bicol Region)","ADM1_PCODE":"PH05","ADM0_EN":"Philippines (the)","ADM0_PCODE":"PH","region_key":"bicol","province_key":"albay","type":"Municipality"}},{"type":"Feature","geometry":{"type":"MultiPolygon","coordinates":[[[[124.2203,13.1817],[124.2173,13.1784],[124.2171,13.1755],[124.2097,13.1693],[124.2034,13.1706],[124.1981,13.1738],[124.1856,13.1715],[124.1718,13.176],[124.1646,13.181],[124.161,13.1797],[124.1572,13.1804],[124.1464,13.1868],[124.1388,13.1893],[124.1355,13.1856],[124.1256,13.1851],[124.1218,13.1877],[124.1053,13.1871],[124.0964,13.1908],[124.0878,13.1974],[124.0834,13.1975],[124.0779,13.2029],[124.0721,13.2037],[124.0658,13.2069],[124.0582,13.2075],[124.069,13.2112],[124.084,13.2123],[124.0926,13.2172],[124.0972,13.2171],[124.114,13.2224],[124.1259,13.2276],[124.1264,13.2292],[124.1249,13.231],[124.1263,13.2352],[124.1355,13.2356],[124.1425,13.2327],[124.1449,13.2291],[124.1553,13.231],[124.1723,13.223],[124.1762,13.2241],[124.1778,13.2212],[124.1809,13.2213],[124.187,13.2168],[124.1963,13.2156],[124.1992,13.2112],[124.2038,13.2116],[124.2089,13.2074],[124.215,13.1989],[124.2163,13.1942],[124.2143,13.1922],[124.2203,13.1817]]],[[[124.0556,13.2232],[124.0553,13.221],[124.0529,13.2199],[124.0492,13.2258],[124.0556,13.2232]]],[[[124.0219,13.217],[124.002,13.2213],[123.9933,13.2261],[123.9898,13.2298],[123.9925,13.2383],[123.9732,13.2318],[123.9688,13.2329],[123.9603,13.2314],[123.951,13.2337],[123.9429,13.2435],[123.9312,13.2505],[123.9275,13.2569],[123.9187,13.2599],[123.9153,13.2636],[123.9133,13.2741],[123.9217,13.2784],[123.9197,13.2807],[123.9148,13.2807],[123.9136,13.2838],[123.9095,13.285],[123.9085,13.287],[123.9112,13.2902],[123.9151,13.2867],[123.9264,13.2891],[123.929,13.2867],[123.9504,13.2909],[123.9521,13.289],[123.9552,13.2891],[123.9604,13.2828],[123.9699,13.2806],[123.9745,13.2844],[123.9773,13.2911],[123.9816,13.2905],[123.976,13.2818],[123.9833,13.2753],[123.9824,13.2703],[123.9861,13.2665],[123.9846,13.2652],[123.9849,13.2603],[123.9916,13.2617],[123.996,13.2708],[123.9977,13.2775],[123.9968,13.2803],[123.9994,13.2835],[123.9986,13.2854],[124.0034,13.2876],[124.0174,13.2838],[124.0206,13.2771],[124.0263,13.2731],[124.0273,13.27],[124.0297,13.2693],[124.0264,13.2658],[124.0292,13.2592],[124.0367,13.2606],[124.0376,13.2673],[124.0397,13.269],[124.0458,13.269],[124.044,13.2713],[124.0399,13.272],[124.0356,13.2772],[124.0382,13.2796],[124.0447,13.2797],[124.0545,13.2786],[124.0593,13.2757],[124.0618,13.27],[124.0753,13.2719],[124.0799,13.2702],[124.0795,13.2685],[124.0892,13.2699],[124.0922,13.2644],[124.0994,13.2591],[124.0939,13.2572],[124.0862,13.26],[124.0747,13.2514],[124.0663,13.252],[124.0642,13.2455],[124.0722,13.2421],[124.073,13.24],[124.0714,13.2378],[124.0675,13.2364],[124.0627,13.2381],[124.0601,13.2346],[124.0624,13.2328],[124.062,13.2304],[124.0575,13.2318],[124.0555,13.2288],[124.0492,13.2277],[124.0458,13.2246],[124.0467,13.2222],[124.0424,13.2228],[124.0394,13.2184],[124.0219,13.217]]],[[[123.9671,13.2977],[123.9608,13.2937],[123.9575,13.295],[123.9578,13.3032],[123.9604,13.3081],[123.9691,13.3017],[123.9696,13.2983],[123.9671,13.2977]]]]},"properties":{"ADM3_EN":"Rapu-Rapu","name":"Rapu-Rapu","ADM3_PCODE":"PH50515000","psgc_code":"50515000","ADM2_EN":"Albay","ADM2_PCODE":"PH5051","ADM1_EN":"Region V (Bicol Region)","ADM1_PCODE":"PH05","ADM0_EN":"Philippines (the)","ADM0_PCODE":"PH","region_key":"bicol","province_key":"albay","type":"Municipality"}},{"type":"Feature","geometry":{"type":"MultiPolygon","coordinates":[[[[123.8611,13.2243],[123.8403,13.2257],[123.8363,13.228],[123.819,13.2301],[123.8099,13.2358],[123.8019,13.2378],[123.7944,13.2357],[123.7892,13.2379],[123.7847,13.2361],[123.7747,13.228],[123.7637,13.2083],[123.6847,13.2541],[123.7518,13.2899],[123.7565,13.2778],[123.7846,13.2601],[123.8315,13.236],[123.8326,13.2368],[123.8611,13.2243]]]]},"properties":{"ADM3_EN":"Santo Domingo","name":"Santo Domingo","ADM3_PCODE":"PH50516000","psgc_code":"50516000","ADM2_EN":"Albay","ADM2_PCODE":"PH5051","ADM1_EN":"Region V (Bicol Region)","ADM1_PCODE":"PH05","ADM0_EN":"Philippines (the)","ADM0_PCODE":"PH","region_key":"bicol","province_key":"albay","type":"Municipality"}},{"type":"Feature","geometry":{"type":"MultiPolygon","coordinates":[[[[123.5865,13.3529],[123.5873,13.3559],[123.5938,13.3579],[123.6029,13.3535],[123.6076,13.3542],[123.6157,13.3491],[123.6267,13.3494],[123.6372,13.3376],[123.648,13.334],[123.6564,13.3407],[123.6732,13.3492],[123.7261,13.3829],[123.7268,13.3718],[123.7311,13.367],[123.7351,13.3671],[123.738,13.3608],[123.7371,13.359],[123.7405,13.3475],[123.7408,13.3363],[123.7156,13.3388],[123.7072,13.3325],[123.7006,13.311],[123.7017,13.3053],[123.699,13.3006],[123.6847,13.2541],[123.6444,13.299],[123.6396,13.3004],[123.6358,13.3049],[123.5997,13.3163],[123.5865,13.3529]]],[[[123.8253,13.3797],[123.8233,13.3782],[123.8234,13.3761],[123.8249,13.374],[123.8285,13.3739],[123.8276,13.369],[123.8327,13.3708],[123.838,13.3671],[123.8432,13.3728],[123.8458,13.3712],[123.8492,13.3718],[123.852,13.3694],[123.8495,13.3668],[123.8462,13.3676],[123.8485,13.3641],[123.8479,13.3628],[123.8445,13.3643],[123.8418,13.3626],[123.8423,13.3597],[123.8397,13.3584],[123.8418,13.3566],[123.8394,13.3532],[123.8396,13.3504],[123.8341,13.3431],[123.8259,13.3487],[123.8241,13.3517],[123.8197,13.3512],[123.8002,13.3641],[123.7902,13.3784],[123.776,13.3864],[123.7637,13.4054],[123.767,13.4075],[123.768,13.4047],[123.7736,13.4002],[123.7812,13.4025],[123.7908,13.3975],[123.7934,13.3985],[123.7918,13.3944],[123.7897,13.3942],[123.7908,13.3919],[123.7954,13.3925],[123.7997,13.3953],[123.8076,13.3944],[123.8125,13.3884],[123.8183,13.3874],[123.8225,13.3842],[123.8236,13.3801],[123.8253,13.3797]]]]},"properties":{"ADM3_EN":"Tabaco City","name":"Tabaco City","ADM3_PCODE":"PH50517000","psgc_code":"50517000","ADM2_EN":"Albay","ADM2_PCODE":"PH5051","ADM1_EN":"Region V (Bicol Region)","ADM1_PCODE":"PH05","ADM0_EN":"Philippines (the)","ADM0_PCODE":"PH","region_key":"bicol","province_key":"albay","type":"City"}},{"type":"Feature","geometry":{"type":"MultiPolygon","coordinates":[[[[123.6408,13.4845],[123.6448,13.4849],[123.6506,13.4817],[123.658,13.4801],[123.6728,13.4786],[123.6747,13.4796],[123.677,13.4783],[123.6789,13.4729],[123.6825,13.4694],[123.6871,13.4567],[123.6978,13.4488],[123.703,13.4309],[123.6668,13.4272],[123.6508,13.4218],[123.6431,13.4174],[123.5816,13.3966],[123.5894,13.428],[123.5818,13.4501],[123.5732,13.4598],[123.5545,13.4731],[123.5463,13.4867],[123.5431,13.5042],[123.5469,13.5139],[123.5539,13.519],[123.5794,13.5224],[123.6008,13.5233],[123.604,13.516],[123.6073,13.5141],[123.6165,13.5028],[123.618,13.4966],[123.6248,13.4918],[123.6323,13.4895],[123.6408,13.4845]]]]},"properties":{"ADM3_EN":"Tiwi","name":"Tiwi","ADM3_PCODE":"PH50518000","psgc_code":"50518000","ADM2_EN":"Albay","ADM2_PCODE":"PH5051","ADM1_EN":"Region V (Bicol Region)","ADM1_PCODE":"PH05","ADM0_EN":"Philippines (the)","ADM0_PCODE":"PH","region_key":"bicol","province_key":"albay","type":"Municipality"}},{"type":"Feature","geometry":{"type":"MultiPolygon","coordinates":[[[[122.9859,13.8968],[122.936,13.9327],[122.9375,13.9433],[122.9393,13.9456],[122.9389,13.9491],[122.9413,13.9542],[122.9384,13.9642],[122.9425,13.9682],[122.9406,13.976],[122.9366,13.9787],[122.9378,13.983],[122.9235,13.9866],[122.8734,14.0064],[122.8681,14.0087],[122.8641,14.0128],[122.8725,14.0152],[122.9541,14.0833],[122.9722,14.0976],[122.9745,14.0978],[122.9796,14.0973],[122.9836,14.0947],[122.9903,14.0975],[122.9982,14.0963],[122.9956,14.0931],[122.9963,14.0852],[122.9938,14.0819],[122.9805,14.0791],[122.9802,14.0761],[122.9838,14.0758],[122.9806,14.0766],[122.9819,14.079],[122.9955,14.0808],[122.998,14.0897],[123.0098,14.0833],[123.0081,14.0793],[123.0114,14.077],[123.0361,14.0683],[123.0322,14.0647],[123.0294,14.0558],[123.0305,14.0459],[123.0291,14.0396],[123.0321,14.0304],[123.0243,14.028],[123.0127,14.0173],[123.0071,14.0144],[123.0115,14.0082],[123.0119,14.0039],[123.0151,14.0028],[123.0203,13.9955],[123.0175,13.9875],[123.0152,13.9856],[123.0215,13.9843],[123.0276,13.9793],[123.0315,13.9891],[123.0356,13.9883],[123.0355,13.9818],[123.0325,13.9801],[123.0412,13.9759],[123.0433,13.9705],[123.047,13.9724],[123.0542,13.9704],[123.0624,13.9621],[123.0639,13.9581],[123.0641,13.9543],[123.0571,13.9495],[123.059,13.9424],[123.0442,13.9354],[123.0527,13.9296],[123.0527,13.9268],[123.0506,13.9263],[123.0528,13.9237],[123.0499,13.9182],[123.0512,13.9168],[123.0501,13.9154],[123.052,13.9131],[123.051,13.9119],[123.0567,13.9071],[123.0508,13.9067],[123.0476,13.9094],[123.0356,13.9076],[123.034,13.905],[123.0361,13.9045],[123.0352,13.9022],[123.0421,13.8973],[123.029,13.8933],[123.0115,13.8931],[123.0078,13.8876],[123.0076,13.8795],[122.9859,13.8968]]]]},"properties":{"ADM3_EN":"Basud","name":"Basud","ADM3_PCODE":"PH51601000","psgc_code":"51601000","ADM2_EN":"Camarines Norte","ADM2_PCODE":"PH5160","ADM1_EN":"Region V (Bicol Region)","ADM1_PCODE":"PH05","ADM0_EN":"Philippines (the)","ADM0_PCODE":"PH","region_key":"bicol","province_key":"camarines_norte","type":"Municipality"}},{"type":"Feature","geometry":{"type":"MultiPolygon","coordinates":[[[[122.5599,14.2145],[122.5044,14.2088],[122.492,14.2093],[122.4822,14.2115],[122.4837,14.2168],[122.4787,14.2212],[122.472,14.224],[122.469,14.2279],[122.4582,14.23],[122.4568,14.2338],[122.451,14.2394],[122.4458,14.2406],[122.4369,14.2386],[122.4308,14.2396],[122.4207,14.2445],[122.4091,14.2538],[122.4014,14.2412],[122.391,14.2399],[122.3856,14.2443],[122.3776,14.2652],[122.3807,14.2755],[122.384,14.276],[122.3823,14.2815],[122.383,14.2841],[122.3868,14.2877],[122.3893,14.2861],[122.3914,14.2808],[122.3943,14.2793],[122.4005,14.2817],[122.4025,14.285],[122.4109,14.2861],[122.4158,14.2941],[122.4132,14.2967],[122.4152,14.3038],[122.417,14.3069],[122.4195,14.3074],[122.4177,14.3118],[122.4143,14.3127],[122.4161,14.315],[122.4199,14.3168],[122.4229,14.3155],[122.4237,14.3064],[122.4293,14.3032],[122.4303,14.3007],[122.4343,14.305],[122.4337,14.3097],[122.432,14.3115],[122.4326,14.3155],[122.4427,14.3155],[122.4425,14.3216],[122.4437,14.3225],[122.4466,14.3212],[122.4467,14.3191],[122.4542,14.3193],[122.456,14.3178],[122.4574,14.3208],[122.4537,14.3241],[122.4537,14.3285],[122.4577,14.3306],[122.4616,14.3278],[122.4631,14.3291],[122.4657,14.3281],[122.4692,14.3401],[122.476,14.3385],[122.4775,14.3342],[122.4768,14.3311],[122.4838,14.3282],[122.4878,14.3284],[122.4887,14.3327],[122.4946,14.3333],[122.4933,14.3355],[122.4975,14.3381],[122.5021,14.3353],[122.503,14.3312],[122.505,14.3294],[122.5085,14.3301],[122.5062,14.3273],[122.512,14.3187],[122.5179,14.317],[122.5211,14.3184],[122.5207,14.3199],[122.5259,14.321],[122.5256,14.3157],[122.5303,14.3167],[122.5277,14.3196],[122.5307,14.3189],[122.5353,14.3153],[122.5366,14.3103],[122.5396,14.3097],[122.5378,14.3107],[122.5354,14.3169],[122.5151,14.3305],[122.5147,14.3359],[122.511,14.3401],[122.5103,14.345],[122.5129,14.347],[122.5193,14.3445],[122.5204,14.3485],[122.5221,14.349],[122.524,14.3477],[122.5226,14.3436],[122.5251,14.342],[122.5277,14.3365],[122.5308,14.3363],[122.532,14.3407],[122.536,14.3413],[122.5419,14.3353],[122.5457,14.3369],[122.5497,14.3349],[122.5521,14.3299],[122.5538,14.3304],[122.5583,14.3273],[122.5599,14.3311],[122.5652,14.3268],[122.5696,14.3259],[122.5712,14.3228],[122.5755,14.3246],[122.5743,14.3192],[122.5763,14.3088],[122.576,14.2521],[122.5786,14.2142],[122.5599,14.2145]]],[[[122.4446,14.3398],[122.4448,14.3413],[122.4461,14.3413],[122.4466,14.3394],[122.4446,14.3398]]]]},"properties":{"ADM3_EN":"Capalonga","name":"Capalonga","ADM3_PCODE":"PH51602000","psgc_code":"51602000","ADM2_EN":"Camarines Norte","ADM2_PCODE":"PH5160","ADM1_EN":"Region V (Bicol Region)","ADM1_PCODE":"PH05","ADM0_EN":"Philippines (the)","ADM0_PCODE":"PH","region_key":"bicol","province_key":"camarines_norte","type":"Municipality"}},{"type":"Feature","geometry":{"type":"MultiPolygon","coordinates":[[[[122.9364,14.084],[122.9236,14.0952],[122.9186,14.0964],[122.9137,14.0945],[122.9109,14.0892],[122.9078,14.0874],[122.8966,14.0881],[122.8969,14.1024],[122.9023,14.1086],[122.902,14.11],[122.9088,14.1116],[122.9338,14.1237],[122.9704,14.1469],[122.9757,14.1452],[122.9757,14.1476],[122.9783,14.1485],[122.9811,14.14],[122.9877,14.1293],[122.981,14.1291],[122.9811,14.1177],[122.993,14.1078],[123.0005,14.1066],[122.9997,14.1018],[123.001,14.0995],[122.997,14.0989],[122.9954,14.1031],[122.9929,14.1007],[122.9954,14.0992],[122.9952,14.0972],[122.9973,14.0968],[122.9961,14.0961],[122.9903,14.0975],[122.9836,14.0947],[122.9796,14.0973],[122.9722,14.0976],[122.9459,14.0765],[122.9364,14.084]]]]},"properties":{"ADM3_EN":"Daet","name":"Daet","ADM3_PCODE":"PH51603000","psgc_code":"51603000","ADM2_EN":"Camarines Norte","ADM2_PCODE":"PH5160","ADM1_EN":"Region V (Bicol Region)","ADM1_PCODE":"PH05","ADM0_EN":"Philippines (the)","ADM0_PCODE":"PH","region_key":"bicol","province_key":"camarines_norte","type":"Municipality"}},{"type":"Feature","geometry":{"type":"MultiPolygon","coordinates":[[[[122.6507,14.1952],[122.6118,14.2031],[122.5786,14.2142],[122.576,14.2521],[122.5763,14.3088],[122.5743,14.3192],[122.5755,14.3246],[122.5846,14.3203],[122.5956,14.3194],[122.6023,14.3157],[122.6106,14.3141],[122.6105,14.3121],[122.5978,14.3085],[122.5968,14.3033],[122.6032,14.3004],[122.6035,14.2982],[122.6095,14.2953],[122.6106,14.2933],[122.6133,14.2933],[122.6157,14.2909],[122.6187,14.2922],[122.6195,14.2893],[122.6212,14.289],[122.6285,14.2933],[122.629,14.3063],[122.6271,14.3139],[122.6314,14.3216],[122.6347,14.3159],[122.632,14.3122],[122.6337,14.3061],[122.6357,14.304],[122.6385,14.3049],[122.6398,14.3006],[122.639,14.2975],[122.6296,14.2958],[122.631,14.2937],[122.6314,14.2849],[122.6339,14.2853],[122.6347,14.2834],[122.6396,14.2871],[122.6412,14.2868],[122.6421,14.2795],[122.6453,14.2799],[122.6501,14.277],[122.645,14.2807],[122.643,14.288],[122.6375,14.2907],[122.6426,14.2975],[122.6422,14.2957],[122.645,14.2953],[122.6438,14.2986],[122.6458,14.3036],[122.6503,14.3013],[122.6521,14.3024],[122.6529,14.3055],[122.6498,14.3089],[122.6487,14.3147],[122.6532,14.3147],[122.6562,14.307],[122.6614,14.3027],[122.6562,14.3055],[122.6539,14.304],[122.6537,14.2994],[122.6567,14.2978],[122.6584,14.2903],[122.664,14.2909],[122.6648,14.2939],[122.6679,14.2935],[122.6658,14.295],[122.6628,14.2941],[122.6608,14.299],[122.6643,14.3009],[122.6665,14.2991],[122.6684,14.2999],[122.6724,14.2981],[122.6721,14.294],[122.6742,14.2895],[122.6768,14.2889],[122.6797,14.2849],[122.6853,14.2814],[122.6892,14.2803],[122.6936,14.2854],[122.6743,14.3135],[122.6727,14.3212],[122.6705,14.3228],[122.6714,14.3252],[122.6687,14.3295],[122.668,14.3385],[122.6704,14.3415],[122.6767,14.3389],[122.687,14.3431],[122.687,14.3447],[122.6928,14.3389],[122.6942,14.3353],[122.6992,14.3385],[122.7129,14.3401],[122.7163,14.3372],[122.7136,14.3212],[122.7174,14.3142],[122.7203,14.3132],[122.7233,14.3092],[122.7394,14.256],[122.7248,14.2447],[122.724,14.2394],[122.7406,14.1984],[122.7147,14.1978],[122.7015,14.1933],[122.6788,14.1891],[122.6507,14.1952]]],[[[122.6423,14.2818],[122.6428,14.283],[122.6433,14.2834],[122.644,14.2813],[122.6423,14.2818]]],[[[122.6666,14.4114],[122.6679,14.4124],[122.6701,14.4107],[122.6671,14.4108],[122.6666,14.4114]]],[[[122.5927,14.3289],[122.5855,14.3253],[122.5816,14.3259],[122.5847,14.3306],[122.588,14.3295],[122.591,14.3308],[122.5934,14.3301],[122.5927,14.3289]]],[[[122.631,14.3273],[122.6314,14.3311],[122.6334,14.3321],[122.633,14.3276],[122.6312,14.3259],[122.631,14.3273]]],[[[122.6068,14.3446],[122.6062,14.3425],[122.6033,14.3476],[122.6065,14.3495],[122.6075,14.3489],[122.6068,14.3446]]]]},"properties":{"ADM3_EN":"Jose Panganiban","name":"Jose Panganiban","ADM3_PCODE":"PH51605000","psgc_code":"51605000","ADM2_EN":"Camarines Norte","ADM2_PCODE":"PH5160","ADM1_EN":"Region V (Bicol Region)","ADM1_PCODE":"PH05","ADM0_EN":"Philippines (the)","ADM0_PCODE":"PH","region_key":"bicol","province_key":"camarines_norte","type":"Municipality"}},{"type":"Feature","geometry":{"type":"MultiPolygon","coordinates":[[[[122.8713,14.1499],[122.8698,14.1484],[122.8699,14.1411],[122.8725,14.1401],[122.8752,14.1339],[122.8717,14.1233],[122.8595,14.1208],[122.855,14.1178],[122.8499,14.0983],[122.842,14.0812],[122.8144,14.0398],[122.7926,14.0145],[122.7865,14.015],[122.7186,14.0429],[122.6419,14.0701],[122.5699,14.1014],[122.4488,14.1467],[122.4442,14.1486],[122.4419,14.1518],[122.4618,14.1959],[122.4712,14.1992],[122.4822,14.2115],[122.492,14.2093],[122.5044,14.2088],[122.5599,14.2145],[122.5786,14.2142],[122.6118,14.2031],[122.6788,14.1891],[122.7221,14.1987],[122.764,14.1977],[122.7841,14.1998],[122.7952,14.2052],[122.8207,14.1987],[122.8371,14.1985],[122.8454,14.2034],[122.8608,14.2078],[122.8657,14.2057],[122.8683,14.1993],[122.8625,14.199],[122.8597,14.1957],[122.8658,14.1904],[122.8687,14.1809],[122.868,14.1653],[122.8707,14.1588],[122.8746,14.1556],[122.8713,14.1499]]]]},"properties":{"ADM3_EN":"Labo","name":"Labo","ADM3_PCODE":"PH51606000","psgc_code":"51606000","ADM2_EN":"Camarines Norte","ADM2_PCODE":"PH5160","ADM1_EN":"Region V (Bicol Region)","ADM1_PCODE":"PH05","ADM0_EN":"Philippines (the)","ADM0_PCODE":"PH","region_key":"bicol","province_key":"camarines_norte","type":"Municipality"}},{"type":"Feature","geometry":{"type":"MultiPolygon","coordinates":[[[[123.0137,13.8939],[123.029,13.8933],[123.0421,13.8973],[123.0369,13.8998],[123.0352,13.9022],[123.0361,13.9045],[123.034,13.905],[123.0375,13.9086],[123.0443,13.9081],[123.0476,13.9094],[123.0508,13.9067],[123.0567,13.9071],[123.051,13.9119],[123.052,13.9131],[123.0501,13.9154],[123.0512,13.9168],[123.0499,13.9182],[123.0528,13.9237],[123.0506,13.9263],[123.0527,13.9268],[123.0527,13.9296],[123.0442,13.9354],[123.059,13.9424],[123.0571,13.9495],[123.0641,13.9543],[123.0624,13.9621],[123.0542,13.9704],[123.047,13.9724],[123.0433,13.9705],[123.0412,13.9759],[123.0325,13.9801],[123.0355,13.9818],[123.0356,13.9883],[123.0315,13.9891],[123.0276,13.9793],[123.0215,13.9843],[123.0152,13.9856],[123.0175,13.9875],[123.0203,13.9955],[123.0151,14.0028],[123.0119,14.0039],[123.0115,14.0082],[123.0071,14.0144],[123.0127,14.0173],[123.0243,14.028],[123.0321,14.0304],[123.0374,14.0249],[123.0412,14.0233],[123.0428,14.017],[123.057,13.993],[123.0609,13.991],[123.0674,13.9913],[123.0758,13.9865],[123.0785,13.9874],[123.0839,13.9817],[123.0849,13.9743],[123.088,13.9707],[123.0828,13.9596],[123.0823,13.9553],[123.0863,13.9477],[123.0843,13.9412],[123.0885,13.9227],[123.0931,13.9149],[123.089,13.9068],[123.0894,13.9035],[123.0954,13.894],[123.0955,13.8899],[123.0871,13.8825],[123.0872,13.8759],[123.084,13.8746],[123.0825,13.8719],[123.0774,13.8736],[123.0822,13.8729],[123.082,13.8789],[123.0771,13.8788],[123.0675,13.8741],[123.0663,13.8643],[123.0634,13.8629],[123.0589,13.8526],[123.0605,13.8469],[123.063,13.8466],[123.0633,13.8451],[123.0603,13.8449],[123.0614,13.8384],[123.0592,13.8371],[123.0076,13.8795],[123.0078,13.8876],[123.0115,13.8931],[123.0137,13.8939]]],[[[123.0458,14.0819],[123.0488,14.0686],[123.0361,14.0683],[123.0114,14.077],[123.0081,14.0793],[123.0098,14.0833],[122.998,14.0897],[122.9972,14.0882],[122.9965,14.0923],[123.013,14.1003],[123.0139,14.0992],[123.0114,14.0956],[123.0089,14.0961],[123.0008,14.0925],[123.0039,14.0894],[123.0061,14.0928],[123.0083,14.0911],[123.0097,14.0928],[123.0078,14.0932],[123.0125,14.0953],[123.013,14.0931],[123.0092,14.0906],[123.0089,14.0872],[123.0128,14.0844],[123.0158,14.0892],[123.0136,14.0914],[123.0144,14.0947],[123.0175,14.0928],[123.015,14.0958],[123.0145,14.1048],[123.0247,14.1133],[123.0292,14.1086],[123.0326,14.1],[123.04,14.1019],[123.0428,14.1],[123.0441,14.0968],[123.0437,14.0875],[123.0458,14.0819]]],[[[123.1086,14.0464],[123.1139,14.0353],[123.112,14.0303],[123.1043,14.0326],[123.0941,14.04],[123.0946,14.043],[123.0974,14.0446],[123.1033,14.0467],[123.1086,14.0464]]],[[[123.0881,14.0533],[123.0867,14.0556],[123.0906,14.0567],[123.0901,14.0546],[123.0881,14.0533]]],[[[123.0779,14.0729],[123.0786,14.0707],[123.0768,14.065],[123.0729,14.0645],[123.0673,14.0675],[123.068,14.0703],[123.073,14.0733],[123.0779,14.0729]]],[[[123.1134,14.0779],[123.1171,14.078],[123.1168,14.0748],[123.1136,14.0739],[123.0996,14.0797],[123.0999,14.0848],[123.1063,14.0895],[123.1134,14.0779]]],[[[123.0932,14.0806],[123.0903,14.0841],[123.0868,14.085],[123.0886,14.0905],[123.0905,14.0908],[123.095,14.0864],[123.0957,14.0805],[123.0932,14.0806]]],[[[123.0856,14.0889],[123.0867,14.0892],[123.0858,14.0869],[123.0853,14.0872],[123.0856,14.0889]]],[[[123.083,14.091],[123.0846,14.0888],[123.0838,14.0852],[123.0805,14.087],[123.0801,14.092],[123.083,14.091]]],[[[122.9997,14.1018],[123.0005,14.1066],[122.993,14.1078],[122.9811,14.1177],[122.981,14.1291],[122.9867,14.129],[122.9886,14.1236],[122.9913,14.1222],[122.995,14.1231],[123.0039,14.1136],[123.0143,14.1118],[123.0122,14.1078],[123.0061,14.1047],[123.0086,14.1036],[123.0072,14.1022],[123.0042,14.1033],[123.0008,14.1022],[123.0037,14.0994],[123.0031,14.0975],[123.0003,14.099],[122.9997,14.1018]]],[[[123.0056,14.0997],[123.0075,14.1007],[123.0044,14.0972],[123.0045,14.0986],[123.0056,14.0997]]],[[[123.0094,14.1025],[123.0099,14.1021],[123.0095,14.1004],[123.0088,14.1025],[123.0094,14.1025]]],[[[123.0533,14.1292],[123.0689,14.1286],[123.0695,14.1216],[123.0673,14.107],[123.0684,14.097],[123.0647,14.1008],[123.0607,14.1085],[123.0602,14.1125],[123.0545,14.1215],[123.0544,14.1255],[123.0514,14.1289],[123.0533,14.1292]]]]},"properties":{"ADM3_EN":"Mercedes","name":"Mercedes","ADM3_PCODE":"PH51607000","psgc_code":"51607000","ADM2_EN":"Camarines Norte","ADM2_PCODE":"PH5160","ADM1_EN":"Region V (Bicol Region)","ADM1_PCODE":"PH05","ADM0_EN":"Philippines (the)","ADM0_PCODE":"PH","region_key":"bicol","province_key":"camarines_norte","type":"Municipality"}},{"type":"Feature","geometry":{"type":"MultiPolygon","coordinates":[[[[122.8454,14.2034],[122.8406,14.1997],[122.8344,14.1982],[122.8207,14.1987],[122.7952,14.2052],[122.7841,14.1998],[122.7665,14.1978],[122.7406,14.1984],[122.724,14.2394],[122.7248,14.2447],[122.7394,14.256],[122.7233,14.3092],[122.7204,14.3131],[122.7249,14.3113],[122.739,14.3123],[122.7441,14.3191],[122.7448,14.3251],[122.7511,14.328],[122.7571,14.3268],[122.7604,14.3221],[122.7638,14.3204],[122.7744,14.3205],[122.7814,14.3112],[122.7818,14.3076],[122.7855,14.3051],[122.7875,14.3055],[122.7884,14.309],[122.7915,14.3111],[122.7952,14.305],[122.7946,14.3019],[122.7931,14.2987],[122.7892,14.296],[122.7887,14.2972],[122.793,14.3007],[122.7897,14.3008],[122.785,14.2933],[122.7862,14.2857],[122.7912,14.2816],[122.7987,14.2888],[122.8021,14.2895],[122.8074,14.2835],[122.8063,14.2809],[122.7997,14.2774],[122.7998,14.2696],[122.8016,14.2681],[122.8034,14.26],[122.8008,14.2586],[122.7966,14.2595],[122.797,14.2568],[122.7942,14.253],[122.7914,14.2519],[122.7859,14.2555],[122.784,14.2547],[122.7907,14.2508],[122.794,14.2517],[122.799,14.2569],[122.8059,14.2541],[122.8091,14.2552],[122.8086,14.2592],[122.8049,14.2594],[122.8041,14.261],[122.8069,14.2641],[122.8038,14.2659],[122.8021,14.2696],[122.8035,14.2777],[122.8088,14.2747],[122.8182,14.2738],[122.8228,14.2784],[122.8221,14.2826],[122.8272,14.2858],[122.8432,14.2836],[122.8483,14.281],[122.8542,14.2674],[122.8557,14.2695],[122.8559,14.2665],[122.8528,14.2631],[122.8537,14.2603],[122.8565,14.254],[122.86,14.2515],[122.8636,14.2451],[122.8631,14.2267],[122.8656,14.2215],[122.8608,14.2078],[122.8454,14.2034]]],[[[122.8031,14.2654],[122.8043,14.2633],[122.8036,14.2621],[122.8033,14.2633],[122.8031,14.2654]]]]},"properties":{"ADM3_EN":"Paracale","name":"Paracale","ADM3_PCODE":"PH51608000","psgc_code":"51608000","ADM2_EN":"Camarines Norte","ADM2_PCODE":"PH5160","ADM1_EN":"Region V (Bicol Region)","ADM1_PCODE":"PH05","ADM0_EN":"Philippines (the)","ADM0_PCODE":"PH","region_key":"bicol","province_key":"camarines_norte","type":"Municipality"}},{"type":"Feature","geometry":{"type":"MultiPolygon","coordinates":[[[[122.936,13.9327],[122.8768,13.9661],[122.8584,13.9792],[122.7926,14.0145],[122.8314,14.0358],[122.8586,14.0547],[122.8724,14.0558],[122.8761,14.0604],[122.8808,14.0625],[122.8925,14.0735],[122.8966,14.0881],[122.9078,14.0874],[122.9155,14.0956],[122.9236,14.0952],[122.9459,14.0765],[122.8725,14.0152],[122.8641,14.0128],[122.8681,14.0087],[122.8734,14.0064],[122.9235,13.9866],[122.9378,13.983],[122.9366,13.9787],[122.9406,13.976],[122.9425,13.9682],[122.9384,13.9642],[122.9413,13.9542],[122.9389,13.9491],[122.9393,13.9456],[122.9375,13.9433],[122.936,13.9327]]]]},"properties":{"ADM3_EN":"San Lorenzo Ruiz","name":"San Lorenzo Ruiz","ADM3_PCODE":"PH51604000","psgc_code":"51604000","ADM2_EN":"Camarines Norte","ADM2_PCODE":"PH5160","ADM1_EN":"Region V (Bicol Region)","ADM1_PCODE":"PH05","ADM0_EN":"Philippines (the)","ADM0_PCODE":"PH","region_key":"bicol","province_key":"camarines_norte","type":"Municipality"}},{"type":"Feature","geometry":{"type":"MultiPolygon","coordinates":[[[[122.8054,14.0289],[122.8303,14.0622],[122.842,14.0812],[122.8499,14.0983],[122.855,14.1178],[122.8595,14.1208],[122.8704,14.1223],[122.8722,14.1251],[122.8909,14.119],[122.8982,14.1142],[122.8966,14.0881],[122.8925,14.0735],[122.8808,14.0625],[122.8761,14.0604],[122.8724,14.0558],[122.8586,14.0547],[122.8314,14.0358],[122.7926,14.0145],[122.8054,14.0289]]]]},"properties":{"ADM3_EN":"San Vicente","name":"San Vicente","ADM3_PCODE":"PH51609000","psgc_code":"51609000","ADM2_EN":"Camarines Norte","ADM2_PCODE":"PH5160","ADM1_EN":"Region V (Bicol Region)","ADM1_PCODE":"PH05","ADM0_EN":"Philippines (the)","ADM0_PCODE":"PH","region_key":"bicol","province_key":"camarines_norte","type":"Municipality"}},{"type":"Feature","geometry":{"type":"MultiPolygon","coordinates":[[[[122.3814,14.0767],[122.3676,14.0652],[122.3579,14.0637],[122.3548,14.0639],[122.3536,14.066],[122.3502,14.0647],[122.3401,14.0663],[122.3297,14.0624],[122.3188,14.064],[122.3186,14.066],[122.3152,14.0649],[122.314,14.0677],[122.3088,14.0694],[122.3031,14.0681],[122.3015,14.0711],[122.2995,14.0702],[122.2993,14.076],[122.3017,14.0827],[122.3039,14.0818],[122.3022,14.0838],[122.3025,14.088],[122.3073,14.0918],[122.3116,14.1049],[122.3192,14.1068],[122.3227,14.1051],[122.3311,14.1071],[122.3357,14.1132],[122.3417,14.1171],[122.3427,14.1145],[122.3404,14.1152],[122.3386,14.1118],[122.3407,14.109],[122.338,14.1051],[122.3391,14.1018],[122.3367,14.1009],[122.3391,14.1002],[122.339,14.096],[122.3413,14.0963],[122.3405,14.1068],[122.3458,14.1033],[122.3428,14.0935],[122.3444,14.0924],[122.3448,14.0959],[122.3479,14.0959],[122.3468,14.0991],[122.3493,14.1001],[122.3475,14.1014],[122.3475,14.1036],[122.3518,14.1095],[122.3494,14.1128],[122.3519,14.1159],[122.3485,14.1171],[122.3469,14.1106],[122.3432,14.1068],[122.343,14.1129],[122.3466,14.114],[122.3492,14.1213],[122.3511,14.1201],[122.352,14.1226],[122.356,14.1195],[122.3584,14.1206],[122.36,14.118],[122.3612,14.122],[122.3582,14.123],[122.3617,14.1231],[122.3619,14.1243],[122.3563,14.1253],[122.3549,14.1241],[122.3573,14.1242],[122.3565,14.122],[122.3515,14.1243],[122.3504,14.1226],[122.3489,14.1237],[122.353,14.1332],[122.3506,14.1414],[122.354,14.1344],[122.3525,14.1286],[122.3546,14.1289],[122.3557,14.1318],[122.3609,14.1282],[122.3578,14.1343],[122.3605,14.1341],[122.3616,14.1356],[122.3592,14.1479],[122.3605,14.1513],[122.357,14.1495],[122.356,14.1443],[122.3562,14.1424],[122.3595,14.1409],[122.3519,14.1424],[122.3523,14.147],[122.3483,14.1441],[122.3494,14.1417],[122.3478,14.141],[122.337,14.1552],[122.338,14.1626],[122.3351,14.1707],[122.3378,14.1844],[122.3354,14.1865],[122.3369,14.1892],[122.3336,14.1922],[122.3325,14.1986],[122.3352,14.1993],[122.3359,14.202],[122.3445,14.2027],[122.3457,14.2045],[122.3484,14.2027],[122.3491,14.1994],[122.3443,14.1905],[122.3462,14.1859],[122.3438,14.1846],[122.3441,14.1827],[122.3484,14.1813],[122.3497,14.1846],[122.3475,14.1854],[122.3473,14.1878],[122.3487,14.1878],[122.3493,14.1856],[122.3563,14.1874],[122.3558,14.1987],[122.3564,14.1952],[122.3596,14.1959],[122.3642,14.192],[122.3635,14.196],[122.3651,14.1966],[122.3637,14.1994],[122.361,14.1981],[122.3629,14.2016],[122.3613,14.2035],[122.3622,14.2068],[122.3591,14.206],[122.3539,14.2122],[122.3504,14.2084],[122.3461,14.2106],[122.3473,14.2129],[122.3456,14.2172],[122.3489,14.2204],[122.3489,14.2263],[122.3564,14.2223],[122.3594,14.2144],[122.3636,14.2177],[122.3715,14.2126],[122.3774,14.2129],[122.3824,14.2159],[122.3794,14.2206],[122.3756,14.2221],[122.3734,14.2285],[122.3681,14.2314],[122.3665,14.2386],[122.359,14.2486],[122.36,14.2526],[122.3633,14.2546],[122.3672,14.253],[122.3737,14.2599],[122.3795,14.258],[122.3786,14.2622],[122.3856,14.2443],[122.3894,14.2406],[122.3954,14.2395],[122.4014,14.2412],[122.4091,14.2538],[122.4207,14.2445],[122.4308,14.2396],[122.4369,14.2386],[122.4458,14.2406],[122.451,14.2394],[122.4568,14.2338],[122.4582,14.23],[122.469,14.2279],[122.472,14.224],[122.4787,14.2212],[122.4837,14.2168],[122.4822,14.2115],[122.4712,14.1992],[122.4618,14.1959],[122.4419,14.1518],[122.4442,14.1486],[122.4437,14.1388],[122.4384,14.1347],[122.3852,14.0747],[122.3814,14.0767]]],[[[122.3555,14.1358],[122.3558,14.1375],[122.3537,14.1388],[122.3562,14.1399],[122.3585,14.1362],[122.3555,14.1358]]],[[[122.3547,14.2007],[122.3503,14.2039],[122.3537,14.2048],[122.3599,14.2022],[122.3594,14.1995],[122.3547,14.2007]]]]},"properties":{"ADM3_EN":"Santa Elena","name":"Santa Elena","ADM3_PCODE":"PH51610000","psgc_code":"51610000","ADM2_EN":"Camarines Norte","ADM2_PCODE":"PH5161","ADM1_EN":"Region V (Bicol Region)","ADM1_PCODE":"PH05","ADM0_EN":"Philippines (the)","ADM0_PCODE":"PH","region_key":"bicol","province_key":"camarines_norte","type":"Municipality"}},{"type":"Feature","geometry":{"type":"MultiPolygon","coordinates":[[[[122.9048,14.1099],[122.902,14.11],[122.9023,14.1086],[122.8969,14.1024],[122.8982,14.1142],[122.8923,14.1183],[122.8786,14.1233],[122.8847,14.136],[122.8965,14.1487],[122.9095,14.1547],[122.9163,14.1554],[122.9295,14.1738],[122.9333,14.1813],[122.9355,14.191],[122.9373,14.1909],[122.9391,14.1894],[122.9449,14.174],[122.9522,14.1632],[122.9594,14.1594],[122.9649,14.1507],[122.9701,14.1491],[122.9668,14.1475],[122.9704,14.1469],[122.9383,14.126],[122.9048,14.1099]]]]},"properties":{"ADM3_EN":"Talisay","name":"Talisay","ADM3_PCODE":"PH51611000","psgc_code":"51611000","ADM2_EN":"Camarines Norte","ADM2_PCODE":"PH5161","ADM1_EN":"Region V (Bicol Region)","ADM1_PCODE":"PH05","ADM0_EN":"Philippines (the)","ADM0_PCODE":"PH","region_key":"bicol","province_key":"camarines_norte","type":"Municipality"}},{"type":"Feature","geometry":{"type":"MultiPolygon","coordinates":[[[[122.8713,14.1499],[122.8746,14.1556],[122.8707,14.1588],[122.868,14.1653],[122.8687,14.1809],[122.8658,14.1904],[122.8597,14.1957],[122.8625,14.199],[122.8683,14.1993],[122.8657,14.2057],[122.8608,14.2078],[122.8654,14.2192],[122.8629,14.232],[122.8643,14.242],[122.86,14.2515],[122.8565,14.254],[122.8528,14.2631],[122.8559,14.2665],[122.8557,14.2695],[122.8633,14.2708],[122.8788,14.2452],[122.8888,14.2335],[122.8996,14.225],[122.9145,14.2195],[122.9113,14.2166],[122.91,14.2197],[122.9043,14.2194],[122.9019,14.2221],[122.899,14.2225],[122.9028,14.22],[122.9032,14.2153],[122.9015,14.2149],[122.9,14.2201],[122.896,14.2208],[122.8932,14.2192],[122.8913,14.224],[122.8894,14.2212],[122.8904,14.2186],[122.8922,14.2178],[122.899,14.2197],[122.9003,14.2182],[122.8996,14.215],[122.9031,14.2138],[122.9046,14.2183],[122.9081,14.2181],[122.9127,14.2139],[122.9115,14.2073],[122.9146,14.1936],[122.9171,14.1942],[122.9196,14.1916],[122.9229,14.1915],[122.9236,14.1935],[122.9244,14.1902],[122.9262,14.1907],[122.9314,14.1859],[122.9314,14.1904],[122.928,14.1916],[122.9283,14.1927],[122.9358,14.19],[122.9295,14.1738],[122.9163,14.1554],[122.9095,14.1547],[122.8965,14.1487],[122.8847,14.136],[122.8786,14.1233],[122.8722,14.1251],[122.8752,14.1339],[122.8725,14.1401],[122.8699,14.1411],[122.8698,14.1484],[122.8713,14.1499]]],[[[122.9319,14.1956],[122.932,14.1937],[122.9216,14.1947],[122.9198,14.193],[122.9163,14.1962],[122.9156,14.2059],[122.9173,14.2144],[122.9196,14.2164],[122.9173,14.2165],[122.9177,14.2205],[122.9234,14.221],[122.9206,14.2158],[122.9223,14.2073],[122.9319,14.1956]]],[[[122.948,14.2024],[122.9513,14.2045],[122.9526,14.2036],[122.9513,14.2018],[122.948,14.2024]]],[[[122.959,14.3751],[122.962,14.375],[122.9615,14.3732],[122.9628,14.3721],[122.9599,14.3691],[122.9532,14.3714],[122.9496,14.3755],[122.959,14.3751]]],[[[123.0351,14.3792],[123.0362,14.3794],[123.0379,14.3775],[123.0359,14.377],[123.0351,14.3792]]],[[[122.9445,14.4333],[122.9434,14.4297],[122.9457,14.4296],[122.9451,14.4281],[122.9473,14.4273],[122.9511,14.428],[122.9551,14.4199],[122.9601,14.4193],[122.9618,14.4162],[122.9666,14.417],[122.9683,14.4144],[122.9703,14.4148],[122.9764,14.4117],[122.9798,14.406],[122.9734,14.4061],[122.9708,14.4042],[122.9679,14.4056],[122.9674,14.408],[122.9639,14.4094],[122.9548,14.4085],[122.9492,14.4147],[122.9459,14.4148],[122.9448,14.4172],[122.9387,14.419],[122.9411,14.4227],[122.9388,14.4274],[122.9362,14.4285],[122.9303,14.4252],[122.9246,14.4339],[122.94,14.4398],[122.9448,14.437],[122.9445,14.4333]]],[[[123.0043,14.4335],[123.0112,14.4305],[123.0141,14.4326],[123.0194,14.4303],[123.0017,14.4279],[123.0,14.4294],[122.9952,14.4295],[122.9934,14.4318],[122.9858,14.4283],[122.9846,14.4296],[122.9855,14.4329],[122.9902,14.4352],[122.9954,14.4324],[122.9986,14.4326],[122.9987,14.4349],[123.0015,14.4353],[123.0043,14.4335]]],[[[122.9951,14.448],[122.9917,14.445],[122.9875,14.4464],[122.9869,14.4481],[122.9951,14.448]]],[[[122.9785,14.4482],[122.9809,14.4492],[122.9818,14.4485],[122.9796,14.4471],[122.9785,14.4482]]],[[[122.9667,14.4485],[122.9672,14.4508],[122.9701,14.4527],[122.9752,14.4508],[122.9706,14.4476],[122.9667,14.4485]]],[[[122.9307,14.4165],[122.9277,14.4146],[122.9228,14.4182],[122.9287,14.4196],[122.9307,14.4165]]],[[[122.9388,14.443],[122.9399,14.4437],[122.9408,14.4414],[122.9397,14.4414],[122.9388,14.443]]],[[[122.9409,14.4631],[122.9417,14.4554],[122.9446,14.4504],[122.9375,14.447],[122.932,14.4477],[122.9384,14.4544],[122.9345,14.455],[122.9287,14.4534],[122.9222,14.4544],[122.918,14.45],[122.9177,14.4473],[122.915,14.4488],[122.9111,14.4449],[122.9097,14.4453],[122.9087,14.443],[122.9062,14.4465],[122.9024,14.4453],[122.8998,14.4478],[122.8991,14.452],[122.9057,14.456],[122.9071,14.4602],[122.9106,14.4629],[122.9187,14.4626],[122.9233,14.4653],[122.923,14.4694],[122.9243,14.4705],[122.9289,14.467],[122.9309,14.4679],[122.9322,14.4713],[122.9369,14.4721],[122.9394,14.4788],[122.9377,14.4822],[122.9417,14.4894],[122.9458,14.4891],[122.9494,14.4949],[122.9522,14.493],[122.962,14.4922],[122.9556,14.4869],[122.9555,14.4817],[122.9484,14.478],[122.9498,14.4721],[122.9527,14.4705],[122.9556,14.4717],[122.9582,14.4705],[122.9579,14.4656],[122.9512,14.4667],[122.9494,14.4651],[122.9411,14.4653],[122.9409,14.4631]]],[[[122.8175,14.3856],[122.8118,14.3902],[122.8067,14.4011],[122.8029,14.415],[122.8057,14.4191],[122.812,14.4098],[122.8179,14.4043],[122.8207,14.3866],[122.819,14.385],[122.8175,14.3856]]],[[[122.8312,14.4725],[122.8293,14.4753],[122.8294,14.4812],[122.8318,14.4833],[122.8338,14.4813],[122.835,14.4762],[122.8338,14.4726],[122.8312,14.4725]]],[[[122.9066,14.4908],[122.9058,14.4925],[122.9086,14.4922],[122.908,14.4908],[122.9066,14.4908]]],[[[122.9065,14.5],[122.9079,14.4954],[122.9033,14.4927],[122.902,14.4946],[122.9047,14.4985],[122.9032,14.5001],[122.9065,14.5]]],[[[122.9371,14.4893],[122.9375,14.4861],[122.9312,14.489],[122.9357,14.4903],[122.9371,14.4893]]],[[[122.9268,14.4907],[122.9266,14.4922],[122.9301,14.4946],[122.9331,14.4937],[122.9326,14.4916],[122.9285,14.4898],[122.9268,14.4907]]]]},"properties":{"ADM3_EN":"Vinzons","name":"Vinzons","ADM3_PCODE":"PH51612000","psgc_code":"51612000","ADM2_EN":"Camarines Norte","ADM2_PCODE":"PH5161","ADM1_EN":"Region V (Bicol Region)","ADM1_PCODE":"PH05","ADM0_EN":"Philippines (the)","ADM0_PCODE":"PH","region_key":"bicol","province_key":"camarines_norte","type":"Municipality"}},{"type":"Feature","geometry":{"type":"MultiPolygon","coordinates":[[[[123.3109,13.4257],[123.3096,13.4239],[123.3086,13.4264],[123.3074,13.4251],[123.3053,13.4336],[123.3066,13.4375],[123.3107,13.4422],[123.3208,13.4955],[123.3518,13.5224],[123.351,13.526],[123.3526,13.5283],[123.3693,13.5405],[123.3733,13.5395],[123.3772,13.5411],[123.3795,13.5405],[123.3808,13.5373],[123.3835,13.5385],[123.3874,13.5362],[123.3944,13.5385],[123.3978,13.5444],[123.4061,13.5423],[123.4097,13.5435],[123.4125,13.5388],[123.4094,13.5332],[123.4122,13.5254],[123.4172,13.5211],[123.4172,13.5128],[123.4217,13.5027],[123.4221,13.4947],[123.4187,13.491],[123.4186,13.4894],[123.421,13.4879],[123.4187,13.4835],[123.4132,13.4815],[123.4104,13.4784],[123.4115,13.4761],[123.4084,13.4722],[123.4086,13.4683],[123.4058,13.4655],[123.4055,13.4624],[123.3997,13.4597],[123.3997,13.4562],[123.393,13.4512],[123.3941,13.4505],[123.3923,13.442],[123.3956,13.4368],[123.3365,13.4332],[123.3141,13.4253],[123.3109,13.4257]]]]},"properties":{"ADM3_EN":"Baao","name":"Baao","ADM3_PCODE":"PH51701000","psgc_code":"51701000","ADM2_EN":"Camarines Sur","ADM2_PCODE":"PH5170","ADM1_EN":"Region V (Bicol Region)","ADM1_PCODE":"PH05","ADM0_EN":"Philippines (the)","ADM0_PCODE":"PH","region_key":"bicol","province_key":"camarines_sur","type":"Municipality"}},{"type":"Feature","geometry":{"type":"MultiPolygon","coordinates":[[[[123.2574,13.3056],[123.2554,13.3055],[123.2539,13.2961],[123.2517,13.2966],[123.2495,13.2936],[123.2507,13.285],[123.2387,13.2901],[123.2361,13.3083],[123.2297,13.3243],[123.2253,13.3311],[123.2189,13.335],[123.2143,13.3403],[123.2101,13.3462],[123.2095,13.3518],[123.2073,13.3541],[123.2169,13.3618],[123.2547,13.4022],[123.2583,13.3972],[123.258,13.3954],[123.2619,13.3937],[123.2659,13.3955],[123.2689,13.4015],[123.2741,13.4037],[123.2803,13.3731],[123.2903,13.3386],[123.2592,13.3161],[123.2603,13.3148],[123.2583,13.3135],[123.2593,13.3114],[123.2567,13.3117],[123.256,13.31],[123.2574,13.3056]]]]},"properties":{"ADM3_EN":"Balatan","name":"Balatan","ADM3_PCODE":"PH51702000","psgc_code":"51702000","ADM2_EN":"Camarines Sur","ADM2_PCODE":"PH5170","ADM1_EN":"Region V (Bicol Region)","ADM1_PCODE":"PH05","ADM0_EN":"Philippines (the)","ADM0_PCODE":"PH","region_key":"bicol","province_key":"camarines_sur","type":"Municipality"}},{"type":"Feature","geometry":{"type":"MultiPolygon","coordinates":[[[[123.2759,13.262],[123.2639,13.2672],[123.2572,13.2751],[123.2525,13.2773],[123.2473,13.2856],[123.2482,13.2865],[123.2495,13.2845],[123.2512,13.2861],[123.2495,13.2936],[123.2517,13.2966],[123.2539,13.2961],[123.2554,13.3055],[123.2574,13.3056],[123.2567,13.3117],[123.2593,13.3114],[123.2583,13.3135],[123.2603,13.3148],[123.2592,13.3161],[123.2645,13.319],[123.2661,13.3222],[123.2952,13.342],[123.3467,13.3651],[123.3608,13.37],[123.3744,13.3703],[123.3834,13.3687],[123.3953,13.3629],[123.4069,13.3514],[123.4091,13.346],[123.4055,13.3461],[123.4024,13.3438],[123.4015,13.3388],[123.4038,13.3308],[123.4018,13.3299],[123.3944,13.3391],[123.3874,13.3408],[123.3863,13.3322],[123.3805,13.3327],[123.3793,13.3423],[123.374,13.3473],[123.358,13.3561],[123.3521,13.3578],[123.3405,13.3567],[123.3321,13.3439],[123.3295,13.3238],[123.3382,13.3181],[123.3364,13.3169],[123.3353,13.3125],[123.3448,13.3117],[123.348,13.3162],[123.3508,13.3146],[123.3506,13.3106],[123.3094,13.2829],[123.3054,13.2837],[123.3011,13.2805],[123.2993,13.2766],[123.2822,13.2707],[123.2755,13.2662],[123.2775,13.2642],[123.2759,13.262]]]]},"properties":{"ADM3_EN":"Bato","name":"Bato","ADM3_PCODE":"PH51703000","psgc_code":"51703000","ADM2_EN":"Camarines Sur","ADM2_PCODE":"PH5170","ADM1_EN":"Region V (Bicol Region)","ADM1_PCODE":"PH05","ADM0_EN":"Philippines (the)","ADM0_PCODE":"PH","region_key":"bicol","province_key":"camarines_sur","type":"Municipality"}},{"type":"Feature","geometry":{"type":"MultiPolygon","coordinates":[[[[123.2585,13.6834],[123.2688,13.6849],[123.28,13.6845],[123.2882,13.6824],[123.2942,13.6828],[123.2968,13.6812],[123.2878,13.6744],[123.265,13.666],[123.2511,13.6651],[123.2436,13.6671],[123.1984,13.6683],[123.189,13.6694],[123.168,13.6763],[123.1191,13.6983],[123.1224,13.7083],[123.1288,13.7109],[123.1372,13.705],[123.1501,13.7032],[123.182,13.6945],[123.1898,13.6939],[123.208,13.6964],[123.2205,13.6939],[123.2447,13.6837],[123.2585,13.6834]]]]},"properties":{"ADM3_EN":"Bombon","name":"Bombon","ADM3_PCODE":"PH51704000","psgc_code":"51704000","ADM2_EN":"Camarines Sur","ADM2_PCODE":"PH5170","ADM1_EN":"Region V (Bicol Region)","ADM1_PCODE":"PH05","ADM0_EN":"Philippines (the)","ADM0_PCODE":"PH","region_key":"bicol","province_key":"camarines_sur","type":"Municipality"}},{"type":"Feature","geometry":{"type":"MultiPolygon","coordinates":[[[[123.4861,13.3604],[123.4845,13.3673],[123.4819,13.367],[123.4823,13.3619],[123.4805,13.3602],[123.4743,13.3654],[123.4722,13.3612],[123.4693,13.3631],[123.4666,13.3626],[123.4664,13.3684],[123.4609,13.3663],[123.4588,13.3694],[123.4596,13.3953],[123.4579,13.4552],[123.4788,13.5206],[123.488,13.5219],[123.5379,13.5196],[123.543,13.5178],[123.5469,13.5139],[123.5431,13.5042],[123.5435,13.4986],[123.5463,13.4867],[123.5512,13.4771],[123.5545,13.4731],[123.576,13.457],[123.5818,13.4501],[123.5855,13.4404],[123.5894,13.428],[123.5816,13.3966],[123.5725,13.3965],[123.5709,13.3946],[123.5602,13.3908],[123.5467,13.3809],[123.5468,13.3789],[123.5443,13.3787],[123.5442,13.3771],[123.538,13.3785],[123.531,13.3761],[123.5274,13.3765],[123.5236,13.3793],[123.507,13.3656],[123.4997,13.3629],[123.494,13.3624],[123.4905,13.3638],[123.4874,13.3594],[123.4861,13.3604]],[[123.5129,13.4352],[123.5148,13.4381],[123.5194,13.4394],[123.5194,13.437],[123.5206,13.4383],[123.5217,13.4362],[123.5248,13.4388],[123.525,13.4353],[123.5257,13.4384],[123.5279,13.4352],[123.5338,13.4367],[123.5366,13.4489],[123.5329,13.4488],[123.5317,13.45],[123.5342,13.4499],[123.5347,13.4521],[123.5312,13.4621],[123.5256,13.4633],[123.5224,13.4654],[123.5219,13.4686],[123.5186,13.469],[123.5183,13.4714],[123.5242,13.4758],[123.5203,13.4756],[123.5202,13.4791],[123.5224,13.4819],[123.5178,13.4841],[123.5167,13.4881],[123.5115,13.4879],[123.5062,13.4847],[123.4989,13.4847],[123.4991,13.4835],[123.5011,13.4838],[123.4965,13.4739],[123.4965,13.4716],[123.5002,13.4676],[123.4971,13.4652],[123.4981,13.4622],[123.4959,13.4593],[123.4995,13.4532],[123.496,13.4436],[123.4974,13.4411],[123.5032,13.4408],[123.5015,13.4398],[123.502,13.4379],[123.5045,13.4363],[123.5125,13.437],[123.5129,13.4352]]]]},"properties":{"ADM3_EN":"Buhi","name":"Buhi","ADM3_PCODE":"PH51705000","psgc_code":"51705000","ADM2_EN":"Camarines Sur","ADM2_PCODE":"PH5170","ADM1_EN":"Region V (Bicol Region)","ADM1_PCODE":"PH05","ADM0_EN":"Philippines (the)","ADM0_PCODE":"PH","region_key":"bicol","province_key":"camarines_sur","type":"Municipality"}},{"type":"Feature","geometry":{"type":"MultiPolygon","coordinates":[[[[123.2073,13.3541],[123.2042,13.362],[123.2059,13.3678],[123.2086,13.3708],[123.2007,13.3884],[123.2064,13.393],[123.2072,13.3959],[123.2035,13.3993],[123.2048,13.4024],[123.1992,13.4067],[123.2077,13.4116],[123.212,13.4093],[123.2156,13.4123],[123.2053,13.4319],[123.199,13.4484],[123.1911,13.458],[123.1898,13.4619],[123.1911,13.464],[123.2062,13.4764],[123.2212,13.4845],[123.2215,13.4896],[123.2197,13.4931],[123.2233,13.4969],[123.2256,13.4967],[123.2264,13.4947],[123.2332,13.5008],[123.2367,13.5],[123.2405,13.5027],[123.2501,13.5052],[123.2644,13.5178],[123.2926,13.5255],[123.2997,13.5307],[123.3031,13.5296],[123.3012,13.5285],[123.3056,13.5269],[123.3076,13.5245],[123.3094,13.5257],[123.3172,13.5255],[123.3167,13.5285],[123.3221,13.5292],[123.3233,13.5339],[123.3292,13.5357],[123.3328,13.5337],[123.3363,13.5351],[123.3369,13.5307],[123.3422,13.5323],[123.3436,13.527],[123.3475,13.5283],[123.351,13.526],[123.3518,13.5224],[123.3483,13.5188],[123.3208,13.4955],[123.3107,13.4422],[123.3066,13.4375],[123.3053,13.4336],[123.3074,13.4251],[123.3086,13.4264],[123.3096,13.4239],[123.3109,13.4257],[123.3141,13.4253],[123.3093,13.4175],[123.3062,13.4188],[123.3018,13.4155],[123.3026,13.4134],[123.3012,13.411],[123.2975,13.4111],[123.2971,13.4096],[123.295,13.4108],[123.296,13.4137],[123.2892,13.4144],[123.2883,13.4074],[123.2847,13.4056],[123.2834,13.4076],[123.2808,13.4079],[123.2798,13.4051],[123.2773,13.4067],[123.2689,13.4015],[123.2659,13.3955],[123.2619,13.3937],[123.258,13.3954],[123.2583,13.3972],[123.2547,13.4022],[123.2169,13.3618],[123.2073,13.3541]]]]},"properties":{"ADM3_EN":"Bula","name":"Bula","ADM3_PCODE":"PH51706000","psgc_code":"51706000","ADM2_EN":"Camarines Sur","ADM2_PCODE":"PH5170","ADM1_EN":"Region V (Bicol Region)","ADM1_PCODE":"PH05","ADM0_EN":"Philippines (the)","ADM0_PCODE":"PH","region_key":"bicol","province_key":"camarines_sur","type":"Municipality"}},{"type":"Feature","geometry":{"type":"MultiPolygon","coordinates":[[[[123.0946,13.7453],[123.1165,13.738],[123.1179,13.7363],[123.1172,13.7304],[123.1194,13.7288],[123.1183,13.7286],[123.1227,13.7158],[123.1205,13.7008],[123.1159,13.704],[123.1103,13.7021],[123.1107,13.7034],[123.1066,13.7065],[123.1077,13.7086],[123.1047,13.7111],[123.0928,13.7155],[123.0386,13.745],[123.0232,13.7521],[123.0048,13.7562],[123.0318,13.775],[123.041,13.7761],[123.0472,13.7749],[123.0542,13.7713],[123.082,13.7518],[123.0946,13.7453]]]]},"properties":{"ADM3_EN":"Cabusao","name":"Cabusao","ADM3_PCODE":"PH51707000","psgc_code":"51707000","ADM2_EN":"Camarines Sur","ADM2_PCODE":"PH5170","ADM1_EN":"Region V (Bicol Region)","ADM1_PCODE":"PH05","ADM0_EN":"Philippines (the)","ADM0_PCODE":"PH","region_key":"bicol","province_key":"camarines_sur","type":"Municipality"}},{"type":"Feature","geometry":{"type":"MultiPolygon","coordinates":[[[[123.351,13.7164],[123.3586,13.7065],[123.3771,13.6909],[123.3787,13.6835],[123.3756,13.6488],[123.3554,13.6611],[123.324,13.6729],[123.3169,13.6735],[123.3071,13.6782],[123.3001,13.679],[123.2942,13.6828],[123.2688,13.6849],[123.2634,13.6835],[123.2447,13.6837],[123.2139,13.6954],[123.208,13.6964],[123.1898,13.6939],[123.182,13.6945],[123.1501,13.7032],[123.1372,13.705],[123.1288,13.7109],[123.1224,13.7083],[123.122,13.7198],[123.1183,13.7286],[123.1229,13.7264],[123.1317,13.7291],[123.157,13.7315],[123.2048,13.7272],[123.2336,13.7306],[123.2432,13.7347],[123.2438,13.7366],[123.2406,13.7398],[123.2416,13.7427],[123.2426,13.7405],[123.2487,13.739],[123.2677,13.7448],[123.2743,13.7489],[123.2835,13.7596],[123.2845,13.7644],[123.2885,13.7669],[123.2889,13.769],[123.2852,13.7715],[123.2911,13.7721],[123.2913,13.7756],[123.2939,13.7776],[123.2961,13.774],[123.3,13.7757],[123.2956,13.771],[123.3025,13.7615],[123.3247,13.744],[123.3277,13.7436],[123.3289,13.7373],[123.351,13.7164]]],[[[123.2442,13.7435],[123.2438,13.7425],[123.2423,13.7442],[123.2422,13.7479],[123.2456,13.7485],[123.2467,13.7467],[123.2442,13.7435]]],[[[123.2554,13.7463],[123.257,13.7466],[123.2571,13.7443],[123.2551,13.7451],[123.2554,13.7463]]],[[[123.2681,13.7699],[123.2672,13.7712],[123.2685,13.7717],[123.2712,13.7691],[123.2681,13.7699]]],[[[123.2753,13.775],[123.2729,13.7733],[123.2683,13.7755],[123.2764,13.7776],[123.2792,13.7766],[123.2753,13.775]]]]},"properties":{"ADM3_EN":"Calabanga","name":"Calabanga","ADM3_PCODE":"PH51708000","psgc_code":"51708000","ADM2_EN":"Camarines Sur","ADM2_PCODE":"PH5170","ADM1_EN":"Region V (Bicol Region)","ADM1_PCODE":"PH05","ADM0_EN":"Philippines (the)","ADM0_PCODE":"PH","region_key":"bicol","province_key":"camarines_sur","type":"Municipality"}},{"type":"Feature","geometry":{"type":"MultiPolygon","coordinates":[[[[123.1648,13.6135],[123.1642,13.6187],[123.1518,13.6181],[123.1505,13.623],[123.1376,13.6192],[123.1368,13.6245],[123.1384,13.6299],[123.1472,13.633],[123.1846,13.6375],[123.1826,13.6346],[123.1765,13.6117],[123.1653,13.6094],[123.1648,13.6135]]]]},"properties":{"ADM3_EN":"Camaligan","name":"Camaligan","ADM3_PCODE":"PH51709000","psgc_code":"51709000","ADM2_EN":"Camarines Sur","ADM2_PCODE":"PH5170","ADM1_EN":"Region V (Bicol Region)","ADM1_PCODE":"PH05","ADM0_EN":"Philippines (the)","ADM0_PCODE":"PH","region_key":"bicol","province_key":"camarines_sur","type":"Municipality"}},{"type":"Feature","geometry":{"type":"MultiPolygon","coordinates":[[[[123.1368,13.6245],[123.1376,13.6192],[123.1272,13.616],[123.1208,13.6183],[123.1081,13.6113],[123.1034,13.6095],[123.1014,13.6102],[123.0996,13.6119],[123.0996,13.6185],[123.1093,13.6328],[123.1075,13.6427],[123.1088,13.6503],[123.0997,13.6493],[123.0885,13.6445],[123.0813,13.6446],[123.0713,13.6521],[123.0693,13.655],[123.0688,13.6607],[123.0704,13.6627],[123.0745,13.663],[123.0859,13.6609],[123.1132,13.6618],[123.1563,13.6546],[123.2021,13.6546],[123.1846,13.6375],[123.1472,13.633],[123.1384,13.6299],[123.1368,13.6245]]]]},"properties":{"ADM3_EN":"Canaman","name":"Canaman","ADM3_PCODE":"PH51710000","psgc_code":"51710000","ADM2_EN":"Camarines Sur","ADM2_PCODE":"PH5171","ADM1_EN":"Region V (Bicol Region)","ADM1_PCODE":"PH05","ADM0_EN":"Philippines (the)","ADM0_PCODE":"PH","region_key":"bicol","province_key":"camarines_sur","type":"Municipality"}},{"type":"Feature","geometry":{"type":"MultiPolygon","coordinates":[[[[123.9987,13.7121],[123.9983,13.7111],[123.9943,13.7105],[123.9964,13.714],[123.9987,13.7121]]],[[[123.9995,13.7127],[124.0,13.7153],[124.0018,13.7147],[124.0019,13.7118],[124.0,13.7114],[123.9995,13.7127]]],[[[123.974,13.7373],[123.9706,13.7313],[123.9684,13.7314],[123.9683,13.7296],[123.971,13.7271],[123.9697,13.7253],[123.9716,13.7221],[123.9772,13.722],[123.9739,13.7197],[123.9754,13.7176],[123.9721,13.7159],[123.9709,13.7102],[123.9692,13.7087],[123.9678,13.7095],[123.9683,13.7132],[123.9638,13.714],[123.9621,13.7173],[123.9653,13.7212],[123.9642,13.7263],[123.9574,13.724],[123.9526,13.7271],[123.9484,13.725],[123.9428,13.7281],[123.9413,13.7315],[123.943,13.7328],[123.9383,13.7333],[123.937,13.7354],[123.9334,13.7346],[123.9273,13.7295],[123.928,13.7268],[123.9345,13.7217],[123.9345,13.7194],[123.9324,13.7191],[123.9196,13.7269],[123.9146,13.7272],[123.9094,13.7297],[123.9075,13.7271],[123.9026,13.7253],[123.8911,13.7275],[123.8821,13.733],[123.8837,13.7365],[123.8829,13.7385],[123.8798,13.7332],[123.8752,13.7372],[123.8727,13.7374],[123.8712,13.7354],[123.8677,13.735],[123.8643,13.731],[123.86,13.7301],[123.8596,13.7283],[123.8633,13.7262],[123.8633,13.7247],[123.8578,13.7185],[123.8539,13.7172],[123.8507,13.7127],[123.8469,13.711],[123.8437,13.7053],[123.8389,13.7026],[123.7579,13.7793],[123.7325,13.8013],[123.7025,13.8107],[123.7159,13.8232],[123.735,13.8448],[123.7333,13.844],[123.731,13.8469],[123.7324,13.8518],[123.7539,13.8751],[123.7557,13.8683],[123.7597,13.8643],[123.7642,13.8634],[123.7676,13.8598],[123.7695,13.8605],[123.7702,13.8587],[123.7736,13.8582],[123.7729,13.8615],[123.7771,13.8621],[123.7784,13.862],[123.7785,13.8595],[123.7816,13.8604],[123.7794,13.8578],[123.7788,13.8533],[123.7756,13.8505],[123.7792,13.8506],[123.7829,13.8467],[123.7919,13.8433],[123.7998,13.8473],[123.8024,13.8469],[123.8021,13.8414],[123.8059,13.8363],[123.8112,13.8346],[123.8137,13.8286],[123.8248,13.8254],[123.8289,13.8263],[123.8304,13.8229],[123.8371,13.8214],[123.8437,13.8158],[123.8497,13.8179],[123.8461,13.8113],[123.8487,13.8107],[123.8522,13.8163],[123.8586,13.8202],[123.8614,13.8201],[123.8671,13.8257],[123.8706,13.8207],[123.8758,13.8178],[123.8797,13.8077],[123.8814,13.8062],[123.8841,13.8077],[123.8845,13.8035],[123.8881,13.8046],[123.8913,13.7996],[123.8992,13.7963],[123.9064,13.7947],[123.9125,13.7951],[123.9196,13.7914],[123.925,13.7927],[123.9281,13.7907],[123.935,13.7953],[123.9414,13.7957],[123.9439,13.7923],[123.9449,13.786],[123.9477,13.7863],[123.949,13.7846],[123.9472,13.7825],[123.9448,13.783],[123.9421,13.7761],[123.9384,13.7719],[123.9441,13.7732],[123.9465,13.7688],[123.9545,13.768],[123.9514,13.7638],[123.9544,13.7608],[123.9481,13.7544],[123.9523,13.754],[123.9571,13.7561],[123.9588,13.7532],[123.9611,13.7527],[123.9655,13.7571],[123.9673,13.7568],[123.9697,13.754],[123.9673,13.7444],[123.9752,13.7404],[123.974,13.7373]]],[[[123.9827,13.7256],[123.9815,13.7248],[123.9794,13.7267],[123.9822,13.7276],[123.9827,13.7256]]],[[[123.9919,13.7709],[123.9896,13.7731],[123.9898,13.7763],[123.9932,13.7737],[123.9919,13.7709]]],[[[123.9537,13.7766],[123.9543,13.7743],[123.9513,13.7742],[123.9507,13.7712],[123.9476,13.7734],[123.9488,13.7787],[123.9506,13.7756],[123.9537,13.7766]]],[[[123.9891,13.7872],[123.9906,13.7866],[123.9891,13.7825],[123.9839,13.7846],[123.9873,13.7945],[123.987,13.7908],[123.9891,13.7872]]],[[[123.8911,13.8025],[123.8897,13.8034],[123.89,13.8064],[123.8918,13.8055],[123.8911,13.8025]]],[[[123.9064,13.8061],[123.907,13.8082],[123.9077,13.8084],[123.9071,13.8048],[123.9064,13.8061]]],[[[123.8887,13.8071],[123.8872,13.8078],[123.8902,13.8091],[123.8902,13.8078],[123.8887,13.8071]]],[[[123.8983,13.812],[123.8987,13.8109],[123.8956,13.809],[123.8932,13.8098],[123.8944,13.8122],[123.8983,13.812]]],[[[123.9054,13.8122],[123.9073,13.8124],[123.9079,13.8112],[123.9059,13.8111],[123.9054,13.8122]]],[[[123.8567,13.8231],[123.8567,13.8206],[123.8533,13.8203],[123.8543,13.8235],[123.8567,13.8231]]],[[[123.8519,13.837],[123.8513,13.8338],[123.8527,13.8299],[123.8504,13.8275],[123.8462,13.8329],[123.8415,13.8331],[123.8438,13.8369],[123.8393,13.8381],[123.8467,13.8391],[123.8492,13.843],[123.8521,13.84],[123.8519,13.837]]],[[[123.8382,13.8429],[123.8372,13.845],[123.8387,13.8473],[123.8426,13.8473],[123.841,13.8427],[123.8382,13.8429]]],[[[123.859,13.8827],[123.8584,13.8802],[123.8539,13.8781],[123.8509,13.8711],[123.8518,13.8694],[123.8495,13.8634],[123.8516,13.8575],[123.8492,13.8566],[123.8467,13.8619],[123.844,13.8599],[123.8428,13.8605],[123.8407,13.8651],[123.8423,13.87],[123.8445,13.8722],[123.8494,13.8733],[123.8524,13.8822],[123.8553,13.8836],[123.8564,13.882],[123.859,13.8827]]],[[[123.8374,13.8682],[123.837,13.8728],[123.8387,13.8752],[123.8411,13.8731],[123.8408,13.8687],[123.8393,13.8667],[123.8374,13.8682]]],[[[123.868,13.8642],[123.8696,13.865],[123.8717,13.8641],[123.8689,13.8625],[123.868,13.8642]]],[[[123.8618,13.8653],[123.8625,13.8639],[123.8566,13.8591],[123.8531,13.8649],[123.8558,13.8685],[123.8576,13.8657],[123.8618,13.8653]]],[[[123.8494,13.8824],[123.8482,13.8825],[123.8512,13.8853],[123.8568,13.887],[123.8565,13.8856],[123.8494,13.8824]]],[[[123.865,13.9583],[123.8659,13.9561],[123.8707,13.9537],[123.8717,13.9504],[123.8685,13.9492],[123.8675,13.951],[123.8636,13.9514],[123.8583,13.9492],[123.8617,13.9568],[123.8545,13.9579],[123.8548,13.9653],[123.8601,13.9676],[123.8614,13.963],[123.8653,13.9599],[123.865,13.9583]]],[[[123.8417,13.886],[123.8394,13.8788],[123.8369,13.8768],[123.8362,13.8857],[123.8417,13.886]]],[[[123.8363,13.9246],[123.835,13.9237],[123.8367,13.9122],[123.8406,13.8992],[123.8384,13.8978],[123.8392,13.8964],[123.8372,13.8927],[123.8316,13.8897],[123.8285,13.8915],[123.825,13.8967],[123.8258,13.9053],[123.823,13.912],[123.8146,13.9095],[123.812,13.9124],[123.8155,13.9153],[123.8152,13.917],[123.8129,13.9175],[123.8159,13.9206],[123.8144,13.9236],[123.8112,13.9247],[123.8117,13.9288],[123.8124,13.9299],[123.8183,13.9279],[123.8139,13.9335],[123.8142,13.9367],[123.8165,13.9366],[123.8169,13.9381],[123.816,13.9402],[123.81,13.943],[123.8098,13.9447],[123.807,13.944],[123.8108,13.9478],[123.8168,13.9486],[123.8192,13.9524],[123.8176,13.9539],[123.8186,13.9567],[123.8166,13.9611],[123.8189,13.9672],[123.8189,13.9726],[123.8167,13.9768],[123.8178,13.981],[123.8211,13.9753],[123.8266,13.9736],[123.8313,13.9764],[123.8374,13.9735],[123.8401,13.9696],[123.8345,13.9662],[123.8335,13.9631],[123.8342,13.9521],[123.8377,13.9512],[123.8367,13.9486],[123.8383,13.9451],[123.8367,13.9431],[123.8341,13.9455],[123.8329,13.9445],[123.8342,13.9422],[123.8326,13.935],[123.8363,13.9246]]],[[[123.8525,13.9493],[123.848,13.9461],[123.8444,13.9473],[123.8503,13.9508],[123.8525,13.9493]]],[[[123.8123,13.9595],[123.814,13.9613],[123.8145,13.9583],[123.814,13.958],[123.8123,13.9595]]],[[[123.8133,13.9657],[123.811,13.9673],[123.8114,13.9691],[123.8136,13.9683],[123.8133,13.9657]]],[[[123.8272,13.9832],[123.8249,13.9816],[123.824,13.9822],[123.8255,13.9855],[123.8272,13.9851],[123.8272,13.9832]]],[[[123.8201,13.8631],[123.8217,13.8633],[123.8227,13.8612],[123.8206,13.8614],[123.8201,13.8631]]],[[[123.8094,13.8733],[123.8075,13.8711],[123.8045,13.8748],[123.8064,13.8757],[123.8069,13.8739],[123.8094,13.8733]]],[[[123.8332,13.8699],[123.8316,13.8717],[123.8246,13.8736],[123.8297,13.8813],[123.8319,13.8809],[123.8359,13.8751],[123.8332,13.8699]]],[[[123.7619,13.8671],[123.7608,13.8699],[123.7634,13.871],[123.7655,13.8685],[123.7619,13.8671]]],[[[123.7905,13.8813],[123.7932,13.8796],[123.7964,13.8729],[123.7937,13.8719],[123.795,13.8734],[123.7916,13.8767],[123.7908,13.8744],[123.7923,13.8722],[123.7905,13.868],[123.7863,13.8676],[123.7853,13.8715],[123.7879,13.8711],[123.7904,13.8804],[123.7876,13.8795],[123.787,13.8776],[123.7797,13.8826],[123.7788,13.8849],[123.7793,13.886],[123.7828,13.8853],[123.7845,13.8891],[123.7872,13.8906],[123.7861,13.8871],[123.7905,13.8813]]],[[[123.7749,14.0171],[123.7747,14.0189],[123.7776,14.0185],[123.7776,14.0165],[123.7749,14.0171]]]]},"properties":{"ADM3_EN":"Caramoan","name":"Caramoan","ADM3_PCODE":"PH51711000","psgc_code":"51711000","ADM2_EN":"Camarines Sur","ADM2_PCODE":"PH5171","ADM1_EN":"Region V (Bicol Region)","ADM1_PCODE":"PH05","ADM0_EN":"Philippines (the)","ADM0_PCODE":"PH","region_key":"bicol","province_key":"camarines_sur","type":"Municipality"}},{"type":"Feature","geometry":{"type":"MultiPolygon","coordinates":[[[[122.5877,13.8886],[122.5892,13.8925],[122.5916,13.8933],[122.5881,13.8847],[122.5877,13.8886]]],[[[122.6008,13.8974],[122.5921,13.8939],[122.5939,13.9016],[122.593,13.9052],[122.5911,13.9061],[122.5892,13.906],[122.5917,13.9044],[122.5922,13.9019],[122.5896,13.8961],[122.5665,13.9054],[122.5649,13.9128],[122.5617,13.9179],[122.5643,13.9191],[122.564,13.9171],[122.5669,13.9166],[122.5671,13.9097],[122.5697,13.9107],[122.5681,13.9076],[122.5772,13.9058],[122.5797,13.9088],[122.5775,13.9103],[122.5743,13.9092],[122.5717,13.9158],[122.5764,13.9153],[122.5778,13.9131],[122.5786,13.9178],[122.5844,13.9214],[122.5833,13.9231],[122.5817,13.9217],[122.5797,13.9247],[122.5817,13.9264],[122.5839,13.9244],[122.5853,13.9258],[122.5811,13.9297],[122.5769,13.9247],[122.5772,13.9218],[122.5753,13.9244],[122.5679,13.9276],[122.5694,13.9237],[122.5672,13.9256],[122.5663,13.9231],[122.5645,13.9253],[122.5605,13.9239],[122.5614,13.9208],[122.5639,13.9225],[122.5656,13.9217],[122.562,13.9193],[122.5547,13.9217],[122.5581,13.9259],[122.5642,13.9272],[122.5655,13.9302],[122.5689,13.9322],[122.5686,13.9339],[122.5627,13.9414],[122.5543,13.9425],[122.5485,13.9469],[122.5483,13.9495],[122.7926,14.0145],[122.8383,13.9903],[122.8434,13.9775],[122.8482,13.9346],[122.7046,13.8965],[122.6395,13.881],[122.6399,13.883],[122.6374,13.8839],[122.6306,13.8801],[122.6249,13.8864],[122.6181,13.8889],[122.6144,13.8953],[122.6051,13.8992],[122.6008,13.8974]]],[[[122.5704,13.921],[122.5704,13.9229],[122.5719,13.9234],[122.5719,13.9195],[122.5704,13.921]]],[[[122.5783,13.9231],[122.5796,13.9229],[122.5799,13.9209],[122.5786,13.9211],[122.5783,13.9231]]]]},"properties":{"ADM3_EN":"Del Gallego","name":"Del Gallego","ADM3_PCODE":"PH51712000","psgc_code":"51712000","ADM2_EN":"Camarines Sur","ADM2_PCODE":"PH5171","ADM1_EN":"Region V (Bicol Region)","ADM1_PCODE":"PH05","ADM0_EN":"Philippines (the)","ADM0_PCODE":"PH","region_key":"bicol","province_key":"camarines_sur","type":"Municipality"}},{"type":"Feature","geometry":{"type":"MultiPolygon","coordinates":[[[[123.1366,13.5987],[123.1248,13.5907],[123.1186,13.5951],[123.119,13.5988],[123.1161,13.6005],[123.1162,13.5991],[123.114,13.6004],[123.1132,13.5988],[123.106,13.5989],[123.1019,13.6055],[123.1076,13.6095],[123.1081,13.6113],[123.1208,13.6183],[123.1288,13.6161],[123.1505,13.623],[123.1518,13.6181],[123.1642,13.6187],[123.1653,13.6094],[123.1488,13.6046],[123.1366,13.5987]]]]},"properties":{"ADM3_EN":"Gainza","name":"Gainza","ADM3_PCODE":"PH51713000","psgc_code":"51713000","ADM2_EN":"Camarines Sur","ADM2_PCODE":"PH5171","ADM1_EN":"Region V (Bicol Region)","ADM1_PCODE":"PH05","ADM0_EN":"Philippines (the)","ADM0_PCODE":"PH","region_key":"bicol","province_key":"camarines_sur","type":"Municipality"}},{"type":"Feature","geometry":{"type":"MultiPolygon","coordinates":[[[[123.7295,13.8388],[123.7025,13.8107],[123.6899,13.8013],[123.6764,13.7995],[123.6699,13.7941],[123.654,13.7732],[123.6209,13.786],[123.5966,13.7979],[123.5846,13.8028],[123.5816,13.8049],[123.5362,13.8249],[123.5462,13.8277],[123.5519,13.8262],[123.5628,13.8279],[123.5662,13.8271],[123.5667,13.8291],[123.5631,13.8346],[123.5605,13.8355],[123.5617,13.8455],[123.5666,13.8568],[123.594,13.865],[123.5862,13.8842],[123.5854,13.8895],[123.5865,13.9039],[123.5889,13.9118],[123.5922,13.9119],[123.5941,13.9103],[123.5921,13.9077],[123.595,13.9021],[123.5923,13.899],[123.5971,13.9014],[123.5987,13.8989],[123.5969,13.8975],[123.5999,13.8966],[123.5991,13.8949],[123.6023,13.8931],[123.6036,13.8944],[123.6171,13.8927],[123.6291,13.8872],[123.6314,13.887],[123.6299,13.8883],[123.6309,13.889],[123.6397,13.8825],[123.6462,13.883],[123.6467,13.8912],[123.6512,13.8895],[123.6531,13.8927],[123.6558,13.8886],[123.6586,13.8898],[123.6596,13.8876],[123.6623,13.8936],[123.665,13.8929],[123.666,13.8903],[123.6639,13.8864],[123.668,13.8828],[123.6685,13.8798],[123.6706,13.8823],[123.679,13.88],[123.6801,13.8777],[123.6809,13.8794],[123.6846,13.8802],[123.6847,13.8829],[123.6907,13.8803],[123.698,13.8834],[123.7016,13.8893],[123.7061,13.8907],[123.7085,13.8895],[123.7104,13.8835],[123.7139,13.883],[123.7109,13.8845],[123.7084,13.8913],[123.7017,13.8913],[123.7059,13.8987],[123.7067,13.9032],[123.7052,13.908],[123.7028,13.9099],[123.7028,13.913],[123.7082,13.9177],[123.7172,13.9221],[123.714,13.9261],[123.7118,13.9263],[123.713,13.9311],[123.7117,13.9354],[123.7094,13.9371],[123.7066,13.9368],[123.7062,13.9417],[123.7076,13.943],[123.7167,13.9399],[123.7226,13.9346],[123.7262,13.9248],[123.7305,13.9202],[123.7332,13.9136],[123.7322,13.9124],[123.7343,13.9079],[123.7312,13.906],[123.7339,13.9036],[123.7334,13.9017],[123.7364,13.9012],[123.7337,13.8985],[123.739,13.8896],[123.7382,13.8849],[123.7397,13.885],[123.7424,13.8932],[123.7467,13.885],[123.7503,13.8827],[123.7539,13.8751],[123.7324,13.8518],[123.731,13.8469],[123.7333,13.844],[123.735,13.8448],[123.7295,13.8388]]],[[[123.6356,13.9058],[123.6364,13.9067],[123.6393,13.9077],[123.637,13.9049],[123.6356,13.9058]]],[[[123.6768,13.9569],[123.6781,13.956],[123.6753,13.9539],[123.6783,13.9513],[123.6792,13.9452],[123.6774,13.9416],[123.6696,13.9353],[123.6562,13.9332],[123.6518,13.9284],[123.6482,13.9199],[123.6458,13.9176],[123.638,13.9138],[123.6289,13.913],[123.6262,13.9076],[123.6241,13.9068],[123.617,13.9076],[123.617,13.9091],[123.6208,13.9104],[123.6184,13.9138],[123.6133,13.9142],[123.6135,13.9169],[123.6066,13.9131],[123.6005,13.9148],[123.606,13.9156],[123.6038,13.9184],[123.6032,13.9243],[123.6051,13.9247],[123.6065,13.9218],[123.6094,13.9237],[123.6067,13.9234],[123.6051,13.9266],[123.5967,13.9331],[123.5978,13.9349],[123.6066,13.9373],[123.6015,13.9417],[123.5962,13.9428],[123.5954,13.9458],[123.5975,13.9476],[123.5972,13.9443],[123.601,13.9433],[123.6013,13.9493],[123.605,13.9547],[123.6035,13.9574],[123.6043,13.9608],[123.6069,13.9618],[123.6097,13.9605],[123.6065,13.9553],[123.6062,13.947],[123.6102,13.9469],[123.6125,13.952],[123.6178,13.9502],[123.6202,13.946],[123.6189,13.944],[123.6194,13.94],[123.6218,13.9412],[123.622,13.9432],[123.6284,13.9429],[123.6236,13.9465],[123.624,13.9492],[123.6213,13.9529],[123.6258,13.9591],[123.6293,13.9599],[123.6319,13.9545],[123.6348,13.9518],[123.6373,13.9523],[123.6372,13.956],[123.6342,13.9611],[123.6352,13.9649],[123.6425,13.9634],[123.646,13.9578],[123.6492,13.9572],[123.6525,13.9482],[123.6559,13.9452],[123.6581,13.9454],[123.6585,13.9474],[123.6531,13.9586],[123.6542,13.9606],[123.6523,13.9615],[123.6503,13.9677],[123.6513,13.9731],[123.6454,13.976],[123.6441,13.9738],[123.6463,13.9682],[123.641,13.9691],[123.6384,13.9776],[123.6418,13.9819],[123.6449,13.9784],[123.6515,13.9773],[123.6547,13.9729],[123.6566,13.9733],[123.6591,13.9711],[123.6583,13.9657],[123.662,13.9605],[123.6665,13.9601],[123.6688,13.9629],[123.6683,13.9654],[123.6706,13.9665],[123.6748,13.9579],[123.6768,13.9569]]],[[[123.5966,13.7978],[123.5966,13.7977],[123.5964,13.7966],[123.5966,13.7978]]],[[[123.626,13.8967],[123.6271,13.8979],[123.6292,13.8967],[123.6282,13.8953],[123.626,13.8967]]],[[[123.6288,13.9011],[123.6324,13.9007],[123.6332,13.899],[123.6286,13.8987],[123.6248,13.9022],[123.6288,13.9011]]],[[[123.5862,13.9294],[123.5861,13.9272],[123.5956,13.9269],[123.5992,13.9242],[123.5993,13.9201],[123.5969,13.9192],[123.5958,13.9159],[123.5922,13.9214],[123.5854,13.9213],[123.5786,13.9274],[123.5787,13.93],[123.5816,13.9312],[123.5815,13.933],[123.5862,13.9294]]],[[[123.4786,13.9353],[123.4675,13.9512],[123.4581,13.9619],[123.4633,13.9592],[123.471,13.9609],[123.4733,13.9531],[123.4806,13.9517],[123.4815,13.9483],[123.4845,13.9462],[123.4837,13.9437],[123.489,13.9396],[123.4927,13.9392],[123.4981,13.9428],[123.5021,13.9405],[123.497,13.9361],[123.4957,13.9326],[123.4912,13.9304],[123.49,13.9273],[123.4883,13.926],[123.4884,13.9278],[123.4852,13.9252],[123.4786,13.9353]]],[[[123.5117,13.9553],[123.5124,13.9581],[123.516,13.9582],[123.5129,13.9531],[123.5113,13.9534],[123.5117,13.9553]]],[[[123.5357,13.9549],[123.5347,13.9558],[123.5365,13.9578],[123.5404,13.9594],[123.5399,13.957],[123.5357,13.9549]]],[[[123.523,13.9641],[123.5186,13.9624],[123.5173,13.9653],[123.5244,13.9676],[123.523,13.9641]]],[[[123.5775,13.972],[123.5783,13.9678],[123.5767,13.9667],[123.5758,13.9592],[123.5783,13.9566],[123.5771,13.9545],[123.5786,13.9525],[123.5757,13.9498],[123.5754,13.9472],[123.5723,13.9491],[123.5724,13.9455],[123.5704,13.9441],[123.5715,13.9405],[123.5757,13.9386],[123.5772,13.9331],[123.5746,13.9312],[123.5719,13.9327],[123.5703,13.9375],[123.567,13.9389],[123.5664,13.9426],[123.5684,13.9436],[123.5651,13.9501],[123.5596,13.9551],[123.5556,13.9558],[123.5576,13.9573],[123.5606,13.9568],[123.5609,13.9608],[123.5646,13.9582],[123.5635,13.9632],[123.5675,13.9647],[123.5695,13.9628],[123.5716,13.965],[123.574,13.9653],[123.5742,13.9695],[123.5716,13.9738],[123.5678,13.9746],[123.5672,13.9798],[123.562,13.9855],[123.5547,13.9873],[123.5523,13.9904],[123.5543,13.99],[123.5587,13.9938],[123.5601,13.9896],[123.5622,13.9899],[123.5624,13.988],[123.5678,13.9871],[123.5747,13.9829],[123.5773,13.9841],[123.5755,13.9875],[123.5793,13.9847],[123.5812,13.9863],[123.5795,13.9796],[123.5771,13.9778],[123.5775,13.972]]],[[[123.5673,13.9904],[123.5686,13.9903],[123.5697,13.9883],[123.5685,13.9885],[123.5673,13.9904]]],[[[123.6442,13.9815],[123.6438,13.9822],[123.6445,13.9847],[123.6463,13.9821],[123.6442,13.9815]]],[[[123.6387,13.9857],[123.6371,13.9883],[123.639,13.9907],[123.6392,13.9955],[123.643,13.9906],[123.6414,13.9855],[123.6402,13.9845],[123.6387,13.9857]]],[[[123.5633,13.9668],[123.5629,13.9688],[123.5672,13.9681],[123.5654,13.966],[123.5633,13.9668]]],[[[123.5479,13.9757],[123.5504,13.9774],[123.558,13.9714],[123.5572,13.9681],[123.5504,13.9732],[123.5482,13.973],[123.5474,13.9745],[123.5438,13.9736],[123.5395,13.9757],[123.5463,13.9776],[123.5479,13.9757]]],[[[123.5262,13.9838],[123.5282,13.9848],[123.5263,13.9794],[123.5141,13.9717],[123.5135,13.9779],[123.5163,13.98],[123.5188,13.9877],[123.5218,13.9887],[123.5216,13.9854],[123.525,13.9831],[123.5262,13.9838]]],[[[123.5292,13.9896],[123.5312,13.9902],[123.5322,13.9901],[123.5317,13.9885],[123.5279,13.9878],[123.5292,13.9896]]],[[[123.5214,13.9908],[123.5195,13.9902],[123.5226,13.9929],[123.5245,13.9925],[123.5214,13.9908]]],[[[123.5143,13.9995],[123.5154,14.002],[123.5175,14.0019],[123.5157,13.9984],[123.5143,13.9995]]],[[[123.4966,14.0479],[123.4985,14.0471],[123.4976,14.0456],[123.4966,14.0466],[123.4966,14.0479]]]]},"properties":{"ADM3_EN":"Garchitorena","name":"Garchitorena","ADM3_PCODE":"PH51714000","psgc_code":"51714000","ADM2_EN":"Camarines Sur","ADM2_PCODE":"PH5171","ADM1_EN":"Region V (Bicol Region)","ADM1_PCODE":"PH05","ADM0_EN":"Philippines (the)","ADM0_PCODE":"PH","region_key":"bicol","province_key":"camarines_sur","type":"Municipality"}},{"type":"Feature","geometry":{"type":"MultiPolygon","coordinates":[[[[123.5083,13.6826],[123.5134,13.6713],[123.49,13.6661],[123.4734,13.6568],[123.447,13.6472],[123.4315,13.6445],[123.4205,13.646],[123.4086,13.6448],[123.3822,13.6467],[123.3756,13.6488],[123.3787,13.6835],[123.3752,13.6986],[123.3721,13.7045],[123.37,13.7205],[123.3686,13.744],[123.3698,13.7824],[123.3754,13.8038],[123.3873,13.8319],[123.395,13.8632],[123.4025,13.8721],[123.4078,13.8706],[123.4092,13.8721],[123.4134,13.8685],[123.4148,13.8649],[123.4137,13.8573],[123.4093,13.8515],[123.409,13.8398],[123.4204,13.8335],[123.4222,13.8287],[123.4289,13.8302],[123.4328,13.8279],[123.4337,13.82],[123.4265,13.8169],[123.4265,13.8155],[123.4304,13.8047],[123.4311,13.8077],[123.4345,13.809],[123.4361,13.8064],[123.4385,13.8061],[123.437,13.8057],[123.4373,13.8033],[123.4337,13.8018],[123.4361,13.7986],[123.4358,13.7927],[123.474,13.7441],[123.4785,13.7366],[123.4868,13.7279],[123.5039,13.6947],[123.5083,13.6826]]]]},"properties":{"ADM3_EN":"Goa","name":"Goa","ADM3_PCODE":"PH51715000","psgc_code":"51715000","ADM2_EN":"Camarines Sur","ADM2_PCODE":"PH5171","ADM1_EN":"Region V (Bicol Region)","ADM1_PCODE":"PH05","ADM0_EN":"Philippines (the)","ADM0_PCODE":"PH","region_key":"bicol","province_key":"camarines_sur","type":"Municipality"}},{"type":"Feature","geometry":{"type":"MultiPolygon","coordinates":[[[[123.4091,13.346],[123.3966,13.3886],[123.3924,13.41],[123.3925,13.4201],[123.397,13.431],[123.3969,13.4347],[123.3923,13.442],[123.3941,13.4505],[123.393,13.4512],[123.3997,13.4562],[123.3997,13.4597],[123.4055,13.4624],[123.4058,13.4655],[123.4086,13.4683],[123.4084,13.4722],[123.4115,13.4761],[123.4104,13.4784],[123.4132,13.4815],[123.4187,13.4835],[123.421,13.4879],[123.4186,13.4894],[123.4221,13.4947],[123.421,13.4975],[123.4219,13.5017],[123.4176,13.511],[123.4172,13.5211],[123.4122,13.5254],[123.4098,13.5322],[123.4511,13.5523],[123.4788,13.5206],[123.4579,13.4552],[123.4596,13.3953],[123.4588,13.3694],[123.4567,13.3663],[123.4539,13.3661],[123.4514,13.3638],[123.4492,13.367],[123.4409,13.3608],[123.4332,13.3616],[123.4261,13.3547],[123.4224,13.354],[123.4212,13.3516],[123.4183,13.3521],[123.4109,13.3445],[123.4091,13.346]]]]},"properties":{"ADM3_EN":"Iriga City","name":"Iriga City","ADM3_PCODE":"PH51716000","psgc_code":"51716000","ADM2_EN":"Camarines Sur","ADM2_PCODE":"PH5171","ADM1_EN":"Region V (Bicol Region)","ADM1_PCODE":"PH05","ADM0_EN":"Philippines (the)","ADM0_PCODE":"PH","region_key":"bicol","province_key":"camarines_sur","type":"City"}},{"type":"Feature","geometry":{"type":"MultiPolygon","coordinates":[[[[123.5708,13.905],[123.568,13.9044],[123.5669,13.9019],[123.572,13.9042],[123.5794,13.9019],[123.5828,13.905],[123.5801,13.909],[123.5824,13.9144],[123.5889,13.9118],[123.5865,13.9039],[123.5854,13.8895],[123.5862,13.8842],[123.594,13.865],[123.5666,13.8568],[123.5617,13.8455],[123.5605,13.8355],[123.5631,13.8346],[123.5667,13.8291],[123.5662,13.8271],[123.5628,13.8279],[123.5519,13.8262],[123.5462,13.8277],[123.5362,13.8249],[123.5816,13.8049],[123.5846,13.8028],[123.5966,13.7979],[123.6209,13.786],[123.654,13.7732],[123.6466,13.7625],[123.639,13.746],[123.6393,13.7401],[123.6368,13.7371],[123.6366,13.73],[123.6386,13.7296],[123.6394,13.7259],[123.6351,13.726],[123.6283,13.7198],[123.6292,13.7224],[123.6268,13.7205],[123.6142,13.7249],[123.5872,13.7294],[123.5757,13.7232],[123.5721,13.7289],[123.5656,13.7295],[123.5645,13.7348],[123.5603,13.7361],[123.5634,13.7348],[123.5642,13.7298],[123.5714,13.7281],[123.5732,13.7242],[123.5374,13.7208],[123.4908,13.7208],[123.4858,13.7292],[123.4785,13.7366],[123.474,13.7441],[123.4358,13.7927],[123.4361,13.7986],[123.4337,13.8018],[123.4373,13.8033],[123.437,13.8057],[123.4385,13.8061],[123.4361,13.8064],[123.4345,13.809],[123.4311,13.8077],[123.4304,13.8047],[123.4265,13.8155],[123.4265,13.8169],[123.4337,13.82],[123.4328,13.8279],[123.4289,13.8302],[123.4222,13.8287],[123.4204,13.8335],[123.409,13.8398],[123.4082,13.8422],[123.4093,13.8515],[123.4137,13.8573],[123.4148,13.8649],[123.4134,13.8685],[123.4103,13.8708],[123.4158,13.8796],[123.4172,13.885],[123.4164,13.8926],[123.4222,13.8978],[123.425,13.9047],[123.4315,13.9109],[123.4318,13.92],[123.4336,13.9213],[123.431,13.9216],[123.4299,13.9257],[123.4407,13.9248],[123.4407,13.9187],[123.4448,13.9184],[123.45,13.9206],[123.4499,13.9277],[123.4524,13.9318],[123.4563,13.9329],[123.4577,13.9379],[123.4543,13.9348],[123.4486,13.9338],[123.4455,13.9399],[123.4466,13.9438],[123.445,13.9488],[123.4456,13.9534],[123.4475,13.9513],[123.4487,13.9534],[123.4476,13.9698],[123.4512,13.966],[123.4508,13.9644],[123.4488,13.9646],[123.4495,13.9621],[123.4548,13.9642],[123.4581,13.9619],[123.4675,13.9512],[123.4852,13.9252],[123.4884,13.9278],[123.489,13.9223],[123.492,13.9232],[123.4946,13.9219],[123.4939,13.9185],[123.4889,13.9137],[123.4895,13.9127],[123.495,13.9137],[123.5017,13.9248],[123.5036,13.9244],[123.5032,13.9208],[123.5044,13.9197],[123.5056,13.9254],[123.5087,13.926],[123.5079,13.9279],[123.51,13.9285],[123.5122,13.9266],[123.5135,13.9291],[123.5165,13.9303],[123.5222,13.9283],[123.5179,13.9188],[123.5205,13.9173],[123.5206,13.9145],[123.5231,13.9138],[123.5264,13.9166],[123.5289,13.9158],[123.5295,13.9191],[123.5335,13.9182],[123.5365,13.913],[123.5402,13.9132],[123.5427,13.9088],[123.544,13.9124],[123.5428,13.916],[123.5391,13.9185],[123.5389,13.9207],[123.541,13.921],[123.5422,13.9243],[123.5441,13.9236],[123.5403,13.9288],[123.5447,13.9329],[123.5456,13.9285],[123.5488,13.9278],[123.5497,13.9304],[123.555,13.9263],[123.5579,13.9208],[123.5603,13.9204],[123.5623,13.9224],[123.5655,13.9181],[123.5692,13.9178],[123.5699,13.9203],[123.5736,13.9167],[123.5756,13.9091],[123.5795,13.9048],[123.572,13.9064],[123.5708,13.905]],[[123.5966,13.7977],[123.5966,13.7978],[123.5964,13.7966],[123.5966,13.7977]]],[[[123.4456,13.9633],[123.4438,13.9629],[123.443,13.9634],[123.4462,13.9657],[123.4468,13.9639],[123.4456,13.9633]]],[[[123.5508,13.9315],[123.5517,13.9322],[123.5533,13.9322],[123.5514,13.9308],[123.5508,13.9315]]],[[[123.5762,13.9138],[123.5754,13.9151],[123.5769,13.9159],[123.5775,13.9136],[123.5762,13.9138]]]]},"properties":{"ADM3_EN":"Lagonoy","name":"Lagonoy","ADM3_PCODE":"PH51717000","psgc_code":"51717000","ADM2_EN":"Camarines Sur","ADM2_PCODE":"PH5171","ADM1_EN":"Region V (Bicol Region)","ADM1_PCODE":"PH05","ADM0_EN":"Philippines (the)","ADM0_PCODE":"PH","region_key":"bicol","province_key":"camarines_sur","type":"Municipality"}},{"type":"Feature","geometry":{"type":"MultiPolygon","coordinates":[[[[122.8886,13.5968],[122.8841,13.5983],[122.8753,13.5959],[122.8765,13.5935],[122.8716,13.5945],[122.8707,13.5954],[122.8723,13.5979],[122.8709,13.6003],[122.8502,13.6141],[122.844,13.6198],[122.841,13.6251],[122.8348,13.6293],[122.8316,13.64],[122.8236,13.6417],[122.816,13.6464],[122.8131,13.6464],[122.811,13.6441],[122.8072,13.6449],[122.7982,13.6513],[122.8015,13.6521],[122.8053,13.6492],[122.8119,13.6477],[122.823,13.6496],[122.829,13.6557],[122.8342,13.6714],[122.8403,13.6761],[122.8394,13.6778],[122.8428,13.6822],[122.8503,13.6792],[122.8569,13.6822],[122.8597,13.6788],[122.8625,13.6797],[122.8663,13.677],[122.8671,13.6788],[122.8747,13.6804],[122.8778,13.6842],[122.8826,13.6835],[122.8887,13.6867],[122.892,13.6867],[122.8969,13.6891],[122.9008,13.6977],[122.9035,13.7002],[122.9085,13.7017],[122.958,13.7324],[122.9853,13.7433],[123.0048,13.7562],[123.0232,13.7521],[123.0386,13.745],[123.0928,13.7155],[123.1047,13.7111],[123.1077,13.7086],[123.1066,13.7065],[123.1107,13.7034],[123.1103,13.7021],[123.1159,13.704],[123.1205,13.7008],[123.1154,13.693],[123.1008,13.6804],[123.0966,13.6727],[123.0877,13.662],[123.0859,13.6609],[123.0745,13.663],[123.0704,13.6627],[123.0688,13.6607],[123.0693,13.655],[123.0775,13.6468],[123.0813,13.6446],[123.0885,13.6445],[123.0873,13.6334],[123.0542,13.6295],[123.0327,13.6233],[123.0323,13.6215],[123.0303,13.6213],[123.0311,13.6179],[123.0355,13.6185],[123.0369,13.616],[123.0355,13.6111],[123.0376,13.6103],[123.0354,13.6029],[123.0344,13.604],[123.0315,13.6029],[123.0105,13.5804],[123.0022,13.585],[122.9724,13.5921],[122.8949,13.6145],[122.8949,13.6107],[122.8879,13.6031],[122.8886,13.5968]]],[[[122.7948,13.6553],[122.7968,13.6557],[122.7969,13.6533],[122.7958,13.6528],[122.7948,13.6553]]],[[[122.7827,13.6618],[122.7837,13.6641],[122.7862,13.6618],[122.7839,13.6601],[122.7827,13.6618]]]]},"properties":{"ADM3_EN":"Libmanan","name":"Libmanan","ADM3_PCODE":"PH51718000","psgc_code":"51718000","ADM2_EN":"Camarines Sur","ADM2_PCODE":"PH5171","ADM1_EN":"Region V (Bicol Region)","ADM1_PCODE":"PH05","ADM0_EN":"Philippines (the)","ADM0_PCODE":"PH","region_key":"bicol","province_key":"camarines_sur","type":"Municipality"}},{"type":"Feature","geometry":{"type":"MultiPolygon","coordinates":[[[[122.8558,13.7191],[122.848,13.7143],[122.8416,13.7167],[122.839,13.7264],[122.8351,13.7291],[122.8358,13.7349],[122.8299,13.7364],[122.8178,13.7459],[122.8485,13.7871],[122.8522,13.7933],[122.8592,13.814],[122.8604,13.8301],[122.8593,13.8463],[122.8529,13.9034],[122.8434,13.9775],[122.8383,13.9903],[122.8584,13.9792],[122.8651,13.9735],[122.8888,13.959],[122.9417,13.9298],[122.9418,13.8735],[122.944,13.8711],[122.9409,13.8706],[122.9404,13.8639],[122.9415,13.86],[122.9427,13.8612],[122.9427,13.8585],[122.9414,13.8586],[122.9426,13.857],[122.9392,13.8521],[122.9385,13.8461],[122.9419,13.8471],[122.9441,13.8446],[122.9435,13.8428],[122.938,13.8423],[122.94,13.8396],[122.934,13.8335],[122.9392,13.8339],[122.9388,13.8302],[122.9423,13.8286],[122.9443,13.8245],[122.9413,13.8233],[122.9394,13.8167],[122.9422,13.8137],[122.9398,13.8121],[122.9405,13.8065],[122.9326,13.8022],[122.9314,13.801],[122.9326,13.7982],[122.9299,13.7972],[122.9272,13.8018],[122.9252,13.8025],[122.9251,13.7976],[122.9272,13.7958],[122.9225,13.7953],[122.9223,13.7929],[122.9261,13.7901],[122.9277,13.7835],[122.932,13.7828],[122.9328,13.7788],[122.9298,13.7766],[122.925,13.7762],[122.9152,13.7634],[122.8899,13.7418],[122.8728,13.729],[122.8558,13.7191]]]]},"properties":{"ADM3_EN":"Lupi","name":"Lupi","ADM3_PCODE":"PH51719000","psgc_code":"51719000","ADM2_EN":"Camarines Sur","ADM2_PCODE":"PH5171","ADM1_EN":"Region V (Bicol Region)","ADM1_PCODE":"PH05","ADM0_EN":"Philippines (the)","ADM0_PCODE":"PH","region_key":"bicol","province_key":"camarines_sur","type":"Municipality"}},{"type":"Feature","geometry":{"type":"MultiPolygon","coordinates":[[[[123.1905,13.6543],[123.1563,13.6546],[123.1132,13.6618],[123.0859,13.6609],[123.0966,13.6727],[123.1008,13.6804],[123.1154,13.693],[123.1191,13.6983],[123.168,13.6763],[123.189,13.6694],[123.258,13.6654],[123.2181,13.6555],[123.1905,13.6543]]]]},"properties":{"ADM3_EN":"Magarao","name":"Magarao","ADM3_PCODE":"PH51720000","psgc_code":"51720000","ADM2_EN":"Camarines Sur","ADM2_PCODE":"PH5172","ADM1_EN":"Region V (Bicol Region)","ADM1_PCODE":"PH05","ADM0_EN":"Philippines (the)","ADM0_PCODE":"PH","region_key":"bicol","province_key":"camarines_sur","type":"Municipality"}},{"type":"Feature","geometry":{"type":"MultiPolygon","coordinates":[[[[123.1757,13.5756],[123.1643,13.5719],[123.1521,13.5719],[123.1321,13.576],[123.115,13.5837],[123.1274,13.5928],[123.1457,13.6033],[123.1697,13.6106],[123.1765,13.6117],[123.189,13.6054],[123.202,13.6109],[123.2115,13.608],[123.213,13.6106],[123.2213,13.6115],[123.2261,13.5917],[123.2135,13.5864],[123.1757,13.5756]]]]},"properties":{"ADM3_EN":"Milaor","name":"Milaor","ADM3_PCODE":"PH51721000","psgc_code":"51721000","ADM2_EN":"Camarines Sur","ADM2_PCODE":"PH5172","ADM1_EN":"Region V (Bicol Region)","ADM1_PCODE":"PH05","ADM0_EN":"Philippines (the)","ADM0_PCODE":"PH","region_key":"bicol","province_key":"camarines_sur","type":"Municipality"}},{"type":"Feature","geometry":{"type":"MultiPolygon","coordinates":[[[[123.2149,13.4143],[123.2156,13.4123],[123.2135,13.4097],[123.2077,13.4116],[123.1992,13.4067],[123.2013,13.4147],[123.2005,13.4179],[123.1889,13.4338],[123.1581,13.455],[123.1502,13.4571],[123.142,13.4987],[123.1418,13.5158],[123.1459,13.534],[123.1588,13.5494],[123.1627,13.5702],[123.1643,13.5719],[123.2135,13.5864],[123.2261,13.5917],[123.232,13.5775],[123.2611,13.5276],[123.2644,13.5178],[123.2501,13.5052],[123.2405,13.5027],[123.2367,13.5],[123.2332,13.5008],[123.2264,13.4947],[123.2256,13.4967],[123.2233,13.4969],[123.2197,13.4931],[123.2215,13.4896],[123.2212,13.4845],[123.2062,13.4764],[123.1898,13.4619],[123.1928,13.4548],[123.199,13.4484],[123.2053,13.4319],[123.2149,13.4143]]]]},"properties":{"ADM3_EN":"Minalabac","name":"Minalabac","ADM3_PCODE":"PH51722000","psgc_code":"51722000","ADM2_EN":"Camarines Sur","ADM2_PCODE":"PH5172","ADM1_EN":"Region V (Bicol Region)","ADM1_PCODE":"PH05","ADM0_EN":"Philippines (the)","ADM0_PCODE":"PH","region_key":"bicol","province_key":"camarines_sur","type":"Municipality"}},{"type":"Feature","geometry":{"type":"MultiPolygon","coordinates":[[[[123.2791,13.3789],[123.2741,13.4037],[123.2773,13.4067],[123.2798,13.4051],[123.2808,13.4079],[123.2834,13.4076],[123.2847,13.4056],[123.2883,13.4074],[123.2892,13.4144],[123.296,13.4137],[123.295,13.4108],[123.2971,13.4096],[123.2975,13.4111],[123.3009,13.4108],[123.3026,13.4134],[123.3018,13.4155],[123.3062,13.4188],[123.309,13.4172],[123.3128,13.4247],[123.3311,13.4323],[123.3956,13.4368],[123.397,13.4292],[123.3931,13.4226],[123.3924,13.41],[123.3966,13.3886],[123.4069,13.3514],[123.3953,13.3629],[123.3834,13.3687],[123.3744,13.3703],[123.3608,13.37],[123.3217,13.3544],[123.2903,13.3386],[123.2791,13.3789]]]]},"properties":{"ADM3_EN":"Nabua","name":"Nabua","ADM3_PCODE":"PH51723000","psgc_code":"51723000","ADM2_EN":"Camarines Sur","ADM2_PCODE":"PH5172","ADM1_EN":"Region V (Bicol Region)","ADM1_PCODE":"PH05","ADM0_EN":"Philippines (the)","ADM0_PCODE":"PH","region_key":"bicol","province_key":"camarines_sur","type":"Municipality"}},{"type":"Feature","geometry":{"type":"MultiPolygon","coordinates":[[[[123.178,13.6186],[123.1826,13.6346],[123.189,13.6428],[123.2021,13.6546],[123.2181,13.6555],[123.265,13.666],[123.2878,13.6744],[123.2968,13.6812],[123.3001,13.679],[123.3071,13.6782],[123.3169,13.6735],[123.324,13.6729],[123.3554,13.6611],[123.3756,13.6488],[123.3585,13.6493],[123.3487,13.6476],[123.3384,13.6491],[123.3242,13.6486],[123.318,13.6459],[123.3132,13.6469],[123.3,13.6411],[123.2973,13.6377],[123.2841,13.6329],[123.2794,13.6284],[123.2747,13.6287],[123.2691,13.6214],[123.2631,13.6209],[123.2585,13.6167],[123.2504,13.6169],[123.2511,13.6208],[123.2468,13.6211],[123.2466,13.6176],[123.246,13.619],[123.2443,13.6172],[123.2318,13.6134],[123.213,13.6106],[123.2115,13.608],[123.202,13.6109],[123.1878,13.6055],[123.1765,13.6117],[123.178,13.6186]]]]},"properties":{"ADM3_EN":"Naga City","name":"Naga City","ADM3_PCODE":"PH51724000","psgc_code":"51724000","ADM2_EN":"Camarines Sur","ADM2_PCODE":"PH5172","ADM1_EN":"Region V (Bicol Region)","ADM1_PCODE":"PH05","ADM0_EN":"Philippines (the)","ADM0_PCODE":"PH","region_key":"bicol","province_key":"camarines_sur","type":"City"}},{"type":"Feature","geometry":{"type":"MultiPolygon","coordinates":[[[[123.3543,13.5296],[123.351,13.526],[123.3475,13.5283],[123.3436,13.527],[123.3422,13.5323],[123.3369,13.5307],[123.3363,13.5351],[123.3328,13.5337],[123.3292,13.5357],[123.3225,13.5353],[123.3245,13.537],[123.3233,13.5397],[123.324,13.5492],[123.3206,13.5508],[123.3214,13.5525],[123.3198,13.5551],[123.321,13.5555],[123.321,13.5588],[123.3195,13.5684],[123.3171,13.5737],[123.3188,13.5805],[123.3178,13.5826],[123.3216,13.5857],[123.3242,13.5944],[123.3353,13.6034],[123.3432,13.6151],[123.3496,13.62],[123.3509,13.627],[123.3678,13.6402],[123.3756,13.6488],[123.3822,13.6467],[123.3994,13.6456],[123.4029,13.6273],[123.4078,13.6168],[123.4315,13.6087],[123.4464,13.5954],[123.4458,13.5935],[123.4507,13.5823],[123.4583,13.5777],[123.4476,13.5698],[123.449,13.5586],[123.4444,13.5539],[123.4452,13.5494],[123.4265,13.5398],[123.4098,13.5322],[123.4125,13.5388],[123.4097,13.5435],[123.4061,13.5423],[123.3978,13.5444],[123.3944,13.5385],[123.3874,13.5362],[123.3835,13.5385],[123.3808,13.5373],[123.3795,13.5405],[123.3733,13.5395],[123.3712,13.5409],[123.3543,13.5296]]]]},"properties":{"ADM3_EN":"Ocampo","name":"Ocampo","ADM3_PCODE":"PH51725000","psgc_code":"51725000","ADM2_EN":"Camarines Sur","ADM2_PCODE":"PH5172","ADM1_EN":"Region V (Bicol Region)","ADM1_PCODE":"PH05","ADM0_EN":"Philippines (the)","ADM0_PCODE":"PH","region_key":"bicol","province_key":"camarines_sur","type":"Municipality"}},{"type":"Feature","geometry":{"type":"MultiPolygon","coordinates":[[[[123.0628,13.55],[123.0513,13.5514],[123.0361,13.5572],[123.0274,13.5632],[123.0182,13.5744],[123.0105,13.5804],[123.0315,13.6029],[123.0344,13.604],[123.0354,13.6029],[123.0376,13.6103],[123.0355,13.6111],[123.0369,13.616],[123.0355,13.6185],[123.0311,13.6179],[123.0303,13.6213],[123.0323,13.6215],[123.0327,13.6233],[123.0542,13.6295],[123.0873,13.6334],[123.0885,13.6445],[123.0997,13.6493],[123.1088,13.6503],[123.1075,13.6427],[123.1093,13.6328],[123.0996,13.6185],[123.0996,13.6119],[123.1034,13.6095],[123.1081,13.6113],[123.1076,13.6095],[123.1019,13.6055],[123.106,13.5989],[123.1132,13.5988],[123.114,13.6004],[123.1162,13.5991],[123.1161,13.6005],[123.119,13.5988],[123.1186,13.5951],[123.1248,13.5907],[123.115,13.5837],[123.1025,13.5532],[123.0936,13.555],[123.0628,13.55]]]]},"properties":{"ADM3_EN":"Pamplona","name":"Pamplona","ADM3_PCODE":"PH51726000","psgc_code":"51726000","ADM2_EN":"Camarines Sur","ADM2_PCODE":"PH5172","ADM1_EN":"Region V (Bicol Region)","ADM1_PCODE":"PH05","ADM0_EN":"Philippines (the)","ADM0_PCODE":"PH","region_key":"bicol","province_key":"camarines_sur","type":"Municipality"}},{"type":"Feature","geometry":{"type":"MultiPolygon","coordinates":[[[[123.0568,13.4915],[123.0571,13.4926],[123.0592,13.4925],[123.0581,13.4908],[123.0568,13.4915]]],[[[123.1012,13.5117],[123.1012,13.4891],[123.0994,13.4863],[123.099,13.4812],[123.0795,13.4871],[123.0713,13.4956],[123.0624,13.5001],[123.0602,13.4995],[123.0602,13.5016],[123.0481,13.5082],[123.0421,13.508],[123.0405,13.5032],[123.0383,13.5009],[123.0358,13.5011],[123.0277,13.5087],[123.0021,13.5223],[122.9909,13.5198],[122.9755,13.5213],[122.9652,13.5328],[122.9621,13.5401],[122.9486,13.5501],[122.9218,13.5562],[122.914,13.5618],[122.9078,13.5703],[122.8877,13.5763],[122.8848,13.5809],[122.884,13.5882],[122.8794,13.5907],[122.8753,13.5959],[122.8841,13.5983],[122.8886,13.5968],[122.8879,13.6031],[122.8949,13.6107],[122.8949,13.6145],[122.9724,13.5921],[123.0022,13.585],[123.0182,13.5744],[123.0274,13.5632],[123.0439,13.5535],[123.0628,13.55],[123.0936,13.555],[123.1025,13.5532],[123.0968,13.5369],[123.0992,13.5294],[123.1012,13.5117]]]]},"properties":{"ADM3_EN":"Pasacao","name":"Pasacao","ADM3_PCODE":"PH51727000","psgc_code":"51727000","ADM2_EN":"Camarines Sur","ADM2_PCODE":"PH5172","ADM1_EN":"Region V (Bicol Region)","ADM1_PCODE":"PH05","ADM0_EN":"Philippines (the)","ADM0_PCODE":"PH","region_key":"bicol","province_key":"camarines_sur","type":"Municipality"}},{"type":"Feature","geometry":{"type":"MultiPolygon","coordinates":[[[[123.2592,13.5301],[123.232,13.5775],[123.2261,13.5917],[123.2213,13.6115],[123.235,13.6143],[123.2412,13.6173],[123.2443,13.6172],[123.246,13.619],[123.2466,13.6176],[123.2468,13.6211],[123.2511,13.6208],[123.2504,13.6169],[123.2585,13.6167],[123.2631,13.6209],[123.2691,13.6214],[123.2747,13.6287],[123.2794,13.6284],[123.2841,13.6329],[123.2973,13.6377],[123.3,13.6411],[123.3132,13.6469],[123.318,13.6459],[123.3242,13.6486],[123.3384,13.6491],[123.3487,13.6476],[123.3585,13.6493],[123.3756,13.6488],[123.3678,13.6402],[123.3509,13.627],[123.3496,13.62],[123.3432,13.6151],[123.3353,13.6034],[123.3242,13.5944],[123.3216,13.5857],[123.3178,13.5826],[123.3188,13.5805],[123.3171,13.5737],[123.3195,13.5684],[123.321,13.5588],[123.321,13.5555],[123.3198,13.5551],[123.3214,13.5525],[123.3206,13.5508],[123.324,13.5492],[123.3233,13.5397],[123.3245,13.537],[123.3225,13.5353],[123.3245,13.5348],[123.3223,13.5324],[123.3221,13.5292],[123.3167,13.5285],[123.3172,13.5255],[123.3094,13.5257],[123.3076,13.5245],[123.3056,13.5269],[123.3012,13.5285],[123.3031,13.5296],[123.2997,13.5307],[123.2926,13.5255],[123.2644,13.5178],[123.2592,13.5301]]]]},"properties":{"ADM3_EN":"Pili","name":"Pili","ADM3_PCODE":"PH51728000","psgc_code":"51728000","ADM2_EN":"Camarines Sur","ADM2_PCODE":"PH5172","ADM1_EN":"Region V (Bicol Region)","ADM1_PCODE":"PH05","ADM0_EN":"Philippines (the)","ADM0_PCODE":"PH","region_key":"bicol","province_key":"camarines_sur","type":"Municipality"}},{"type":"Feature","geometry":{"type":"MultiPolygon","coordinates":[[[[123.8388,13.7022],[123.8363,13.6976],[123.8331,13.6985],[123.829,13.6969],[123.8256,13.6922],[123.8219,13.6918],[123.8196,13.6896],[123.8016,13.6877],[123.7965,13.6922],[123.7932,13.6912],[123.7808,13.6933],[123.7771,13.6974],[123.7609,13.7026],[123.7522,13.7073],[123.7502,13.7107],[123.7503,13.7084],[123.7456,13.7083],[123.741,13.7056],[123.7267,13.7108],[123.7181,13.7083],[123.7011,13.7131],[123.6941,13.7194],[123.6741,13.721],[123.6661,13.7167],[123.6574,13.7069],[123.6331,13.7196],[123.6282,13.7191],[123.6277,13.7199],[123.6351,13.726],[123.6394,13.7259],[123.6386,13.7296],[123.6366,13.73],[123.6368,13.7371],[123.6393,13.7401],[123.639,13.746],[123.6466,13.7625],[123.6629,13.7865],[123.6764,13.7995],[123.6899,13.8013],[123.7025,13.8107],[123.7325,13.8013],[123.7579,13.7793],[123.8388,13.7022]]]]},"properties":{"ADM3_EN":"Presentacion","name":"Presentacion","ADM3_PCODE":"PH51729000","psgc_code":"51729000","ADM2_EN":"Camarines Sur","ADM2_PCODE":"PH5172","ADM1_EN":"Region V (Bicol Region)","ADM1_PCODE":"PH05","ADM0_EN":"Philippines (the)","ADM0_PCODE":"PH","region_key":"bicol","province_key":"camarines_sur","type":"Municipality"}},{"type":"Feature","geometry":{"type":"MultiPolygon","coordinates":[[[[122.8551,13.8794],[122.8604,13.8301],[122.8586,13.8106],[122.8485,13.7871],[122.8178,13.7459],[122.8046,13.75],[122.7983,13.7554],[122.7796,13.764],[122.7711,13.7727],[122.7727,13.7752],[122.7718,13.7768],[122.764,13.7786],[122.7544,13.7767],[122.7423,13.7771],[122.7454,13.7821],[122.7474,13.7809],[122.7576,13.7839],[122.7662,13.7834],[122.7695,13.7868],[122.7742,13.7855],[122.7779,13.7871],[122.771,13.79],[122.7637,13.7862],[122.7565,13.7913],[122.7493,13.7908],[122.7473,13.7931],[122.7479,13.7974],[122.7433,13.8014],[122.7444,13.8026],[122.7482,13.8023],[122.7326,13.8116],[122.7227,13.8155],[122.7264,13.8203],[122.7242,13.8184],[122.7179,13.8171],[122.7066,13.8208],[122.7044,13.8164],[122.7006,13.8149],[122.6907,13.8244],[122.6831,13.8256],[122.68,13.8278],[122.6773,13.8162],[122.6805,13.8088],[122.6791,13.8076],[122.6749,13.8102],[122.6681,13.8102],[122.661,13.819],[122.6535,13.8206],[122.6527,13.8275],[122.6507,13.8317],[122.648,13.8324],[122.6513,13.8344],[122.6441,13.8391],[122.6406,13.8376],[122.6371,13.8391],[122.638,13.841],[122.645,13.8447],[122.6478,13.8444],[122.6478,13.8473],[122.6508,13.8518],[122.6492,13.8612],[122.6469,13.8636],[122.642,13.8641],[122.6347,13.8768],[122.6395,13.882],[122.6395,13.881],[122.6513,13.8828],[122.8482,13.9346],[122.8551,13.8794]]],[[[122.7429,13.7804],[122.7408,13.7769],[122.7354,13.7757],[122.7349,13.7772],[122.7342,13.7762],[122.7321,13.7777],[122.7305,13.7762],[122.7284,13.7797],[122.7269,13.777],[122.7235,13.7791],[122.7339,13.7828],[122.7382,13.7809],[122.7396,13.7831],[122.7429,13.7837],[122.7429,13.7804]]]]},"properties":{"ADM3_EN":"Ragay","name":"Ragay","ADM3_PCODE":"PH51730000","psgc_code":"51730000","ADM2_EN":"Camarines Sur","ADM2_PCODE":"PH5173","ADM1_EN":"Region V (Bicol Region)","ADM1_PCODE":"PH05","ADM0_EN":"Philippines (the)","ADM0_PCODE":"PH","region_key":"bicol","province_key":"camarines_sur","type":"Municipality"}},{"type":"Feature","geometry":{"type":"MultiPolygon","coordinates":[[[[123.543,13.5178],[123.5379,13.5196],[123.488,13.5219],[123.4788,13.5206],[123.4511,13.5523],[123.4452,13.5494],[123.4444,13.5539],[123.449,13.5586],[123.4476,13.5698],[123.4792,13.5957],[123.5075,13.6142],[123.5194,13.6175],[123.5349,13.6191],[123.5371,13.6096],[123.5405,13.6059],[123.5452,13.6038],[123.5321,13.6052],[123.5301,13.6042],[123.545,13.6008],[123.5523,13.6023],[123.5434,13.5887],[123.5362,13.5841],[123.5305,13.5765],[123.5315,13.5664],[123.5334,13.5627],[123.5376,13.5585],[123.5451,13.5575],[123.548,13.5522],[123.5522,13.5565],[123.5596,13.5587],[123.5632,13.562],[123.5687,13.5619],[123.5796,13.5527],[123.5839,13.5538],[123.5811,13.55],[123.5839,13.5438],[123.5882,13.5414],[123.5939,13.5425],[123.5983,13.5373],[123.5977,13.5352],[123.6021,13.5282],[123.6004,13.5258],[123.6008,13.5233],[123.5794,13.5224],[123.5539,13.519],[123.5469,13.5139],[123.543,13.5178]]],[[[123.5764,13.5827],[123.5785,13.5835],[123.5778,13.5802],[123.5719,13.5787],[123.5664,13.5821],[123.5635,13.5869],[123.5704,13.5921],[123.5747,13.5855],[123.5742,13.5825],[123.5764,13.5827]]]]},"properties":{"ADM3_EN":"Sagnay","name":"Sagnay","ADM3_PCODE":"PH51731000","psgc_code":"51731000","ADM2_EN":"Camarines Sur","ADM2_PCODE":"PH5173","ADM1_EN":"Region V (Bicol Region)","ADM1_PCODE":"PH05","ADM0_EN":"Philippines (the)","ADM0_PCODE":"PH","region_key":"bicol","province_key":"camarines_sur","type":"Municipality"}},{"type":"Feature","geometry":{"type":"MultiPolygon","coordinates":[[[[123.1477,13.4668],[123.1502,13.4571],[123.1428,13.4545],[123.1382,13.4586],[123.138,13.4614],[123.1355,13.4642],[123.1167,13.4744],[123.1077,13.4754],[123.0987,13.4815],[123.1012,13.4891],[123.1013,13.5146],[123.0968,13.5369],[123.115,13.5837],[123.1321,13.576],[123.1521,13.5719],[123.1643,13.5719],[123.1627,13.5702],[123.1588,13.5494],[123.1485,13.5381],[123.1431,13.5255],[123.142,13.4987],[123.1477,13.4668]]]]},"properties":{"ADM3_EN":"San Fernando","name":"San Fernando","ADM3_PCODE":"PH51732000","psgc_code":"51732000","ADM2_EN":"Camarines Sur","ADM2_PCODE":"PH5173","ADM1_EN":"Region V (Bicol Region)","ADM1_PCODE":"PH05","ADM0_EN":"Philippines (the)","ADM0_PCODE":"PH","region_key":"bicol","province_key":"camarines_sur","type":"Municipality"}},{"type":"Feature","geometry":{"type":"MultiPolygon","coordinates":[[[[123.5329,13.6413],[123.5226,13.6551],[123.512,13.6739],[123.5039,13.6947],[123.4908,13.7208],[123.5374,13.7208],[123.5694,13.7246],[123.5732,13.7242],[123.5739,13.7227],[123.5726,13.7181],[123.5682,13.7203],[123.5689,13.7181],[123.572,13.7171],[123.5765,13.7219],[123.5834,13.7239],[123.5675,13.7079],[123.559,13.6945],[123.5537,13.677],[123.5506,13.6754],[123.5529,13.674],[123.5374,13.6352],[123.5329,13.6413]]]]},"properties":{"ADM3_EN":"San Jose","name":"San Jose","ADM3_PCODE":"PH51733000","psgc_code":"51733000","ADM2_EN":"Camarines Sur","ADM2_PCODE":"PH5173","ADM1_EN":"Region V (Bicol Region)","ADM1_PCODE":"PH05","ADM0_EN":"Philippines (the)","ADM0_PCODE":"PH","region_key":"bicol","province_key":"camarines_sur","type":"Municipality"}},{"type":"Feature","geometry":{"type":"MultiPolygon","coordinates":[[[[122.8747,13.6804],[122.8651,13.677],[122.8625,13.6797],[122.8597,13.6788],[122.8569,13.6822],[122.8614,13.6911],[122.8603,13.6933],[122.8575,13.6942],[122.8553,13.7022],[122.8495,13.7103],[122.8533,13.7147],[122.8505,13.716],[122.8759,13.7311],[122.9152,13.7634],[122.925,13.7762],[122.9298,13.7766],[122.9328,13.7788],[122.932,13.7828],[122.9277,13.7835],[122.9261,13.7901],[122.9223,13.7929],[122.9225,13.7953],[122.9272,13.7958],[122.9251,13.7976],[122.9252,13.8025],[122.9272,13.8018],[122.9299,13.7972],[122.9326,13.7982],[122.9314,13.801],[122.9326,13.8022],[122.9405,13.8065],[122.9398,13.8121],[122.9422,13.8137],[122.9394,13.8167],[122.9413,13.8233],[122.9443,13.8245],[122.9423,13.8286],[122.9388,13.8302],[122.9392,13.8339],[122.934,13.8335],[122.94,13.8396],[122.938,13.8423],[122.9435,13.8428],[122.9441,13.8446],[122.9419,13.8471],[122.9385,13.8461],[122.9392,13.8521],[122.9426,13.857],[122.9414,13.8586],[122.9427,13.8585],[122.9427,13.8612],[122.9415,13.86],[122.9404,13.8639],[122.9409,13.8706],[122.944,13.8711],[122.9418,13.8735],[122.9417,13.9298],[122.9929,13.8918],[123.0592,13.8371],[123.0557,13.8326],[123.053,13.8228],[123.0506,13.821],[123.0505,13.8187],[123.0478,13.8177],[123.0496,13.813],[123.0479,13.8104],[123.0482,13.8069],[123.0497,13.8062],[123.0504,13.802],[123.0455,13.7961],[123.0486,13.7904],[123.0484,13.7804],[123.0459,13.7767],[123.0472,13.7749],[123.041,13.7761],[123.0318,13.775],[122.9853,13.7433],[122.958,13.7324],[122.9085,13.7017],[122.9035,13.7002],[122.9008,13.6977],[122.8969,13.6891],[122.8826,13.6835],[122.8778,13.6842],[122.8747,13.6804]]]]},"properties":{"ADM3_EN":"Sipocot","name":"Sipocot","ADM3_PCODE":"PH51734000","psgc_code":"51734000","ADM2_EN":"Camarines Sur","ADM2_PCODE":"PH5173","ADM1_EN":"Region V (Bicol Region)","ADM1_PCODE":"PH05","ADM0_EN":"Philippines (the)","ADM0_PCODE":"PH","region_key":"bicol","province_key":"camarines_sur","type":"Municipality"}},{"type":"Feature","geometry":{"type":"MultiPolygon","coordinates":[[[[123.2509,13.9551],[123.2492,13.956],[123.2477,13.9581],[123.25,13.9579],[123.2518,13.9533],[123.2509,13.9551]]],[[[123.2753,13.9454],[123.2701,13.9464],[123.2714,13.9419],[123.27,13.9417],[123.2658,13.948],[123.2597,13.9487],[123.2598,13.9505],[123.2627,13.9493],[123.2613,13.9535],[123.2638,13.955],[123.2635,13.9573],[123.2667,13.9562],[123.2671,13.9599],[123.265,13.9622],[123.2602,13.9581],[123.254,13.9622],[123.2522,13.9601],[123.2546,13.9578],[123.2542,13.9565],[123.2508,13.9578],[123.2499,13.9637],[123.2475,13.9652],[123.244,13.967],[123.2415,13.9658],[123.2321,13.968],[123.2336,13.9765],[123.2298,13.982],[123.2285,13.9872],[123.2271,13.9869],[123.2274,13.9895],[123.2299,13.991],[123.2332,13.9891],[123.2344,13.9908],[123.2361,13.9883],[123.2372,13.9909],[123.2339,13.9929],[123.2346,13.9951],[123.228,13.9953],[123.2286,14.0034],[123.2305,14.0023],[123.2333,14.0047],[123.2356,14.0022],[123.2397,14.0022],[123.2422,14.0036],[123.247,14.0005],[123.2514,14.0025],[123.259,14.0015],[123.2589,14.0039],[123.2611,14.0047],[123.2555,14.0086],[123.2595,14.0083],[123.2633,14.0103],[123.2642,14.0133],[123.2589,14.0189],[123.2519,14.0204],[123.2457,14.0248],[123.235,14.0239],[123.2311,14.0253],[123.243,14.0319],[123.2569,14.0258],[123.2728,14.0331],[123.2763,14.0317],[123.2839,14.0338],[123.2872,14.0317],[123.2844,14.0353],[123.2783,14.0359],[123.2786,14.0408],[123.2744,14.0547],[123.2554,14.0709],[123.2551,14.0723],[123.2576,14.0736],[123.274,14.0736],[123.287,14.0642],[123.2925,14.0625],[123.2983,14.0575],[123.2986,14.0511],[123.3089,14.0458],[123.3105,14.0402],[123.3146,14.0391],[123.3154,14.0341],[123.3178,14.0344],[123.3161,14.0403],[123.3197,14.0403],[123.3214,14.0425],[123.3164,14.0461],[123.3172,14.0502],[123.312,14.0545],[123.3105,14.0594],[123.3125,14.0622],[123.3086,14.0675],[123.315,14.0724],[123.3186,14.0683],[123.3243,14.066],[123.3275,14.0675],[123.3292,14.0664],[123.3311,14.0692],[123.3336,14.0678],[123.3467,14.0686],[123.3422,14.0719],[123.3411,14.075],[123.3411,14.0772],[123.345,14.0792],[123.3431,14.0833],[123.3336,14.0869],[123.3302,14.0868],[123.3286,14.0908],[123.3311,14.0942],[123.3361,14.0944],[123.3386,14.0983],[123.3375,14.1033],[123.3389,14.1053],[123.3414,14.1056],[123.3407,14.1014],[123.3426,14.0997],[123.3439,14.095],[123.3477,14.092],[123.345,14.0864],[123.3464,14.0856],[123.3508,14.0875],[123.355,14.0864],[123.3561,14.0775],[123.36,14.0767],[123.3596,14.0657],[123.3545,14.0605],[123.3554,14.0544],[123.3607,14.0496],[123.3604,14.0469],[123.3622,14.0447],[123.3669,14.0417],[123.3714,14.0427],[123.3742,14.0414],[123.3744,14.0371],[123.3719,14.0357],[123.3699,14.0377],[123.3622,14.0375],[123.3606,14.0383],[123.3615,14.0399],[123.3592,14.0408],[123.3578,14.0397],[123.3594,14.0333],[123.3567,14.0319],[123.3553,14.0367],[123.3528,14.0386],[123.3515,14.0337],[123.3532,14.0295],[123.3469,14.0282],[123.3475,14.0247],[123.3431,14.0197],[123.3447,14.0172],[123.3433,14.0142],[123.3439,14.0131],[123.3464,14.0192],[123.3503,14.0175],[123.3522,14.0197],[123.3542,14.0194],[123.3536,14.0146],[123.3503,14.0136],[123.3494,14.0101],[123.3244,13.9916],[123.3024,13.9309],[123.2933,13.9272],[123.2868,13.933],[123.284,13.9331],[123.2775,13.9459],[123.2753,13.9454]]],[[[123.2316,13.9629],[123.2235,13.969],[123.2219,13.971],[123.2336,13.965],[123.2333,13.9629],[123.2316,13.9629]]],[[[123.2228,14.0253],[123.2193,14.0239],[123.2136,14.0252],[123.2103,14.0231],[123.2076,14.0249],[123.2133,14.0314],[123.2251,14.0256],[123.2228,14.0253]]],[[[123.3011,14.1272],[123.307,14.1272],[123.3149,14.1238],[123.3218,14.1156],[123.3217,14.1104],[123.3248,14.1096],[123.3255,14.1117],[123.3281,14.1106],[123.3286,14.1078],[123.3255,14.1053],[123.3268,14.0994],[123.321,14.0971],[123.3181,14.0889],[123.3159,14.0896],[123.3146,14.0964],[123.3084,14.1088],[123.294,14.117],[123.2904,14.1218],[123.2933,14.1273],[123.2989,14.1288],[123.3011,14.1272]]]]},"properties":{"ADM3_EN":"Siruma","name":"Siruma","ADM3_PCODE":"PH51735000","psgc_code":"51735000","ADM2_EN":"Camarines Sur","ADM2_PCODE":"PH5173","ADM1_EN":"Region V (Bicol Region)","ADM1_PCODE":"PH05","ADM0_EN":"Philippines (the)","ADM0_PCODE":"PH","region_key":"bicol","province_key":"camarines_sur","type":"Municipality"}},{"type":"Feature","geometry":{"type":"MultiPolygon","coordinates":[[[[123.4483,13.5887],[123.4449,13.5972],[123.4315,13.6087],[123.4078,13.6168],[123.4029,13.6273],[123.3994,13.6456],[123.4205,13.646],[123.4315,13.6445],[123.447,13.6472],[123.4734,13.6568],[123.49,13.6661],[123.5134,13.6713],[123.5226,13.6551],[123.5374,13.6352],[123.5349,13.6191],[123.5194,13.6175],[123.5075,13.6142],[123.4792,13.5957],[123.4583,13.5777],[123.4507,13.5823],[123.4483,13.5887]]]]},"properties":{"ADM3_EN":"Tigaon","name":"Tigaon","ADM3_PCODE":"PH51736000","psgc_code":"51736000","ADM2_EN":"Camarines Sur","ADM2_PCODE":"PH5173","ADM1_EN":"Region V (Bicol Region)","ADM1_PCODE":"PH05","ADM0_EN":"Philippines (the)","ADM0_PCODE":"PH","region_key":"bicol","province_key":"camarines_sur","type":"Municipality"}},{"type":"Feature","geometry":{"type":"MultiPolygon","coordinates":[[[[123.3305,13.7359],[123.3277,13.7436],[123.3247,13.744],[123.3158,13.7523],[123.3056,13.7582],[123.2956,13.771],[123.298,13.7742],[123.3003,13.7746],[123.2988,13.7757],[123.3076,13.7812],[123.3153,13.7887],[123.3218,13.8014],[123.323,13.8014],[123.323,13.7994],[123.3211,13.7949],[123.3211,13.7872],[123.3225,13.7857],[123.3258,13.7869],[123.3286,13.7853],[123.3286,13.7878],[123.3264,13.7892],[123.3289,13.7906],[123.3289,13.7922],[123.3269,13.7947],[123.3229,13.7955],[123.324,13.8023],[123.3216,13.8041],[123.3213,13.8065],[123.3218,13.8127],[123.3241,13.8144],[123.3226,13.8171],[123.322,13.8286],[123.3262,13.8272],[123.324,13.8296],[123.322,13.8302],[123.3198,13.8287],[123.3171,13.8306],[123.3173,13.8347],[123.3072,13.8594],[123.3027,13.8639],[123.2953,13.8654],[123.2972,13.8668],[123.2943,13.8708],[123.2934,13.8777],[123.2897,13.8806],[123.2913,13.8819],[123.2909,13.8848],[123.2854,13.8891],[123.285,13.8914],[123.2871,13.8939],[123.2842,13.8965],[123.2876,13.8962],[123.2891,13.8994],[123.288,13.9043],[123.2852,13.9066],[123.2863,13.9075],[123.2927,13.9058],[123.2979,13.9],[123.2959,13.9043],[123.2969,13.9064],[123.3095,13.9184],[123.3114,13.9222],[123.3164,13.9224],[123.3162,13.9258],[123.3224,13.9391],[123.3239,13.9388],[123.3248,13.9339],[123.3287,13.9365],[123.3293,13.9388],[123.3325,13.9393],[123.3346,13.9454],[123.334,13.9495],[123.3391,13.9559],[123.3391,13.9613],[123.3411,13.9613],[123.3397,13.9673],[123.3411,13.9717],[123.3391,13.9707],[123.3374,13.9738],[123.3344,13.9733],[123.3342,13.9768],[123.3303,13.9677],[123.3284,13.9582],[123.3252,13.9535],[123.3259,13.9681],[123.3214,13.9515],[123.3174,13.9463],[123.3154,13.9462],[123.3162,13.9436],[123.3147,13.9417],[123.3167,13.9381],[123.3135,13.9378],[123.3122,13.9358],[123.3122,13.9303],[123.3098,13.9305],[123.3076,13.9281],[123.3024,13.9309],[123.3244,13.9916],[123.3494,14.0101],[123.3531,14.0064],[123.355,14.0083],[123.3583,14.0072],[123.3611,14.0106],[123.3642,14.0094],[123.3631,14.0172],[123.3702,14.0233],[123.3775,14.0208],[123.375,14.0261],[123.3778,14.0267],[123.3797,14.0244],[123.3818,14.0248],[123.3804,14.0284],[123.388,14.0351],[123.3904,14.0326],[123.3886,14.0298],[123.3931,14.0274],[123.3922,14.025],[123.3939,14.0211],[123.3919,14.0131],[123.3842,14.0108],[123.383,14.0082],[123.3931,14.0097],[123.3967,14.0083],[123.398,14.0112],[123.4014,14.0083],[123.4028,14.0028],[123.4017,14.0014],[123.4055,13.9975],[123.3969,13.9906],[123.3938,13.9925],[123.3949,13.9906],[123.3939,13.987],[123.399,13.981],[123.4019,13.9819],[123.4017,13.9853],[123.4038,13.9895],[123.4075,13.9857],[123.4137,13.9859],[123.4162,13.9844],[123.4134,13.9812],[123.4171,13.9749],[123.4146,13.9706],[123.4166,13.9656],[123.4157,13.9629],[123.4124,13.9606],[123.4138,13.9577],[123.412,13.9555],[123.4136,13.9542],[123.4157,13.9558],[123.4169,13.9482],[123.4139,13.9501],[123.4082,13.9446],[123.415,13.9423],[123.4156,13.9329],[123.4174,13.936],[123.4264,13.9315],[123.4271,13.93],[123.4246,13.928],[123.424,13.9246],[123.4258,13.9205],[123.4268,13.9235],[123.4286,13.9221],[123.4296,13.9148],[123.4214,13.8997],[123.4157,13.8939],[123.4172,13.885],[123.4158,13.8796],[123.4103,13.8708],[123.4036,13.8727],[123.3961,13.8657],[123.3846,13.8235],[123.3754,13.8038],[123.3706,13.7872],[123.3686,13.7678],[123.3689,13.737],[123.3721,13.7045],[123.3771,13.6909],[123.3674,13.698],[123.3528,13.7147],[123.3305,13.7359]]],[[[123.4228,13.942],[123.4214,13.9418],[123.4207,13.9424],[123.4235,13.9433],[123.4228,13.942]]],[[[123.3314,13.9539],[123.3317,13.9525],[123.3299,13.9515],[123.33,13.9532],[123.3314,13.9539]]],[[[123.4192,13.9494],[123.4206,13.9499],[123.4211,13.9474],[123.4188,13.9467],[123.4192,13.9494]]],[[[123.4033,14.0097],[123.4056,14.0094],[123.4058,14.0083],[123.4039,14.0092],[123.4033,14.0097]]],[[[123.3919,14.0296],[123.3914,14.0313],[123.3921,14.0316],[123.3928,14.0292],[123.3919,14.0296]]]]},"properties":{"ADM3_EN":"Tinambac","name":"Tinambac","ADM3_PCODE":"PH51737000","psgc_code":"51737000","ADM2_EN":"Camarines Sur","ADM2_PCODE":"PH5173","ADM1_EN":"Region V (Bicol Region)","ADM1_PCODE":"PH05","ADM0_EN":"Philippines (the)","ADM0_PCODE":"PH","region_key":"bicol","province_key":"camarines_sur","type":"Municipality"}},{"type":"Feature","geometry":{"type":"MultiPolygon","coordinates":[[[[124.2904,13.9417],[124.2976,13.9438],[124.3022,13.9422],[124.3032,13.9364],[124.3061,13.9342],[124.3044,13.9305],[124.3008,13.9283],[124.2917,13.9275],[124.2763,13.9189],[124.1938,13.8901],[124.2268,13.9651],[124.2326,13.9688],[124.238,13.9764],[124.2403,13.9865],[124.239,13.9918],[124.2446,14.001],[124.2435,14.0092],[124.2522,14.0123],[124.2594,14.0194],[124.267,14.0131],[124.2693,14.0165],[124.2715,14.0168],[124.2741,14.0106],[124.2731,14.0096],[124.2743,14.0053],[124.2787,14.0019],[124.2804,13.9739],[124.2793,13.9716],[124.2844,13.9656],[124.2822,13.9639],[124.2819,13.9606],[124.2859,13.9525],[124.284,13.9472],[124.2853,13.9438],[124.2904,13.9417]]],[[[124.3069,13.964],[124.3067,13.9602],[124.3008,13.9537],[124.2989,13.9527],[124.2966,13.9542],[124.2997,13.965],[124.3044,13.9664],[124.3042,13.9643],[124.3069,13.964]]],[[[124.3215,13.9619],[124.325,13.9616],[124.3295,13.9688],[124.329,13.9703],[124.326,13.9705],[124.3285,13.9732],[124.3248,13.9811],[124.3261,13.9869],[124.3306,13.9804],[124.3324,13.9712],[124.339,13.9679],[124.3346,13.9629],[124.3331,13.9559],[124.3285,13.9482],[124.3242,13.9434],[124.3215,13.9459],[124.3206,13.9536],[124.3159,13.9543],[124.3091,13.9587],[124.3118,13.9611],[124.3129,13.9688],[124.3072,13.98],[124.3089,13.9821],[124.3108,13.981],[124.309,13.9789],[124.3244,13.9743],[124.3215,13.9619]]]]},"properties":{"ADM3_EN":"Bagamanoc","name":"Bagamanoc","ADM3_PCODE":"PH52001000","psgc_code":"52001000","ADM2_EN":"Catanduanes","ADM2_PCODE":"PH5200","ADM1_EN":"Region V (Bicol Region)","ADM1_PCODE":"PH05","ADM0_EN":"Philippines (the)","ADM0_PCODE":"PH","region_key":"bicol","province_key":"catanduanes","type":"Municipality"}},{"type":"Feature","geometry":{"type":"MultiPolygon","coordinates":[[[[124.3861,13.6361],[124.3847,13.6347],[124.3819,13.6361],[124.3847,13.6422],[124.3845,13.6372],[124.3861,13.6361]]],[[[124.3874,13.6519],[124.378,13.6438],[124.3764,13.6544],[124.3788,13.6572],[124.378,13.6619],[124.3675,13.6562],[124.3664,13.6592],[124.3643,13.6586],[124.3565,13.6501],[124.3478,13.6486],[124.3461,13.6427],[124.3422,13.6399],[124.3458,13.6352],[124.3483,13.6268],[124.33,13.6277],[124.334,13.6439],[124.3387,13.678],[124.3339,13.7027],[124.3161,13.7453],[124.3983,13.7375],[124.3917,13.7307],[124.389,13.7299],[124.3906,13.7269],[124.3931,13.7261],[124.3924,13.7215],[124.3906,13.7192],[124.3865,13.7193],[124.3851,13.7164],[124.3851,13.7131],[124.388,13.71],[124.3976,13.7092],[124.3965,13.7039],[124.3906,13.6993],[124.3906,13.6923],[124.3953,13.6922],[124.3972,13.689],[124.4039,13.6899],[124.4055,13.6872],[124.4082,13.689],[124.4113,13.6852],[124.4098,13.6791],[124.4106,13.6769],[124.406,13.6715],[124.4139,13.6699],[124.4169,13.6667],[124.4156,13.6635],[124.4117,13.6643],[124.4096,13.6602],[124.4066,13.6606],[124.4013,13.6577],[124.4016,13.6538],[124.3976,13.6528],[124.3906,13.6551],[124.3874,13.6519]]],[[[124.4006,13.7188],[124.3961,13.7153],[124.3938,13.7168],[124.3945,13.7192],[124.4,13.7213],[124.4015,13.7204],[124.4006,13.7188]]]]},"properties":{"ADM3_EN":"Baras","name":"Baras","ADM3_PCODE":"PH52002000","psgc_code":"52002000","ADM2_EN":"Catanduanes","ADM2_PCODE":"PH5200","ADM1_EN":"Region V (Bicol Region)","ADM1_PCODE":"PH05","ADM0_EN":"Philippines (the)","ADM0_PCODE":"PH","region_key":"bicol","province_key":"catanduanes","type":"Municipality"}},{"type":"Feature","geometry":{"type":"MultiPolygon","coordinates":[[[[124.3331,13.5647],[124.327,13.5564],[124.335,13.5542],[124.3379,13.5494],[124.3447,13.55],[124.345,13.5486],[124.3403,13.5462],[124.3336,13.5488],[124.329,13.5468],[124.3244,13.5524],[124.3214,13.5533],[124.3193,13.5511],[124.3177,13.5517],[124.3188,13.5577],[124.3142,13.5605],[124.318,13.5668],[124.3163,13.5689],[124.3163,13.573],[124.3129,13.5751],[124.3148,13.5854],[124.3114,13.589],[124.305,13.5913],[124.2948,13.5935],[124.2874,13.5932],[124.2956,13.6049],[124.2827,13.5931],[124.2733,13.5958],[124.2679,13.5952],[124.2667,13.6105],[124.2671,13.6226],[124.2687,13.6269],[124.3028,13.6297],[124.3483,13.6268],[124.3445,13.6234],[124.3464,13.6156],[124.3486,13.6161],[124.3486,13.6181],[124.3501,13.6163],[124.3464,13.6108],[124.35,13.609],[124.351,13.6065],[124.3472,13.5997],[124.351,13.5955],[124.3493,13.5941],[124.3461,13.5961],[124.3446,13.5921],[124.344,13.5848],[124.3462,13.5742],[124.3438,13.5723],[124.3353,13.5731],[124.3348,13.5713],[124.3376,13.5663],[124.3331,13.5647]]],[[[124.3369,13.5615],[124.3358,13.5603],[124.3339,13.5619],[124.3353,13.5633],[124.3369,13.5615]]]]},"properties":{"ADM3_EN":"Bato","name":"Bato","ADM3_PCODE":"PH52003000","psgc_code":"52003000","ADM2_EN":"Catanduanes","ADM2_PCODE":"PH5200","ADM1_EN":"Region V (Bicol Region)","ADM1_PCODE":"PH05","ADM0_EN":"Philippines (the)","ADM0_PCODE":"PH","region_key":"bicol","province_key":"catanduanes","type":"Municipality"}},{"type":"Feature","geometry":{"type":"MultiPolygon","coordinates":[[[[124.1336,13.7905],[124.1361,13.7973],[124.1324,13.8169],[124.1326,13.8284],[124.1337,13.841],[124.1373,13.8554],[124.1374,13.8653],[124.1362,13.8707],[124.1307,13.8732],[124.1319,13.8781],[124.128,13.8848],[124.1291,13.8862],[124.1324,13.8839],[124.1397,13.897],[124.1437,13.8997],[124.1386,13.9073],[124.1406,13.9104],[124.1431,13.909],[124.1466,13.9108],[124.141,13.9194],[124.1475,13.9243],[124.1481,13.9266],[124.147,13.9365],[124.1425,13.9416],[124.1376,13.9554],[124.1353,13.9569],[124.1349,13.9631],[124.1292,13.9709],[124.1278,13.9776],[124.1304,13.981],[124.1305,13.9877],[124.1278,13.9899],[124.1314,14.001],[124.1256,14.0025],[124.1341,14.0063],[124.1386,14.0121],[124.1385,14.011],[124.1805,13.9904],[124.2268,13.9651],[124.1938,13.8901],[124.1875,13.8616],[124.2588,13.7843],[124.2724,13.7798],[124.1767,13.7071],[124.1395,13.7481],[124.1358,13.7544],[124.1346,13.7713],[124.1282,13.7815],[124.1336,13.7905]]]]},"properties":{"ADM3_EN":"Caramoran","name":"Caramoran","ADM3_PCODE":"PH52004000","psgc_code":"52004000","ADM2_EN":"Catanduanes","ADM2_PCODE":"PH5200","ADM1_EN":"Region V (Bicol Region)","ADM1_PCODE":"PH05","ADM0_EN":"Philippines (the)","ADM0_PCODE":"PH","region_key":"bicol","province_key":"catanduanes","type":"Municipality"}},{"type":"Feature","geometry":{"type":"MultiPolygon","coordinates":[[[[124.2955,13.762],[124.2724,13.7798],[124.2728,13.789],[124.2741,13.7881],[124.2917,13.8032],[124.4071,13.8445],[124.4002,13.8389],[124.4003,13.8347],[124.4029,13.834],[124.4094,13.838],[124.4152,13.8354],[124.4154,13.8316],[124.4141,13.8301],[124.4163,13.8283],[124.4143,13.8272],[124.4153,13.8253],[124.4093,13.8257],[124.4079,13.8241],[124.41,13.821],[124.4122,13.8218],[124.4119,13.8193],[124.4141,13.8174],[124.41,13.814],[124.4152,13.8142],[124.4158,13.796],[124.4242,13.7978],[124.4261,13.7958],[124.4228,13.7958],[124.4196,13.7927],[124.4208,13.7904],[124.4188,13.7893],[124.4187,13.7824],[124.414,13.7807],[124.4078,13.7838],[124.4039,13.7795],[124.3982,13.7819],[124.3936,13.7797],[124.3943,13.7746],[124.4014,13.7692],[124.4053,13.7628],[124.4055,13.7609],[124.4024,13.7584],[124.4058,13.7566],[124.4063,13.7538],[124.4105,13.7522],[124.4086,13.7498],[124.4015,13.751],[124.3948,13.7499],[124.3944,13.7467],[124.3992,13.7444],[124.4003,13.7387],[124.3966,13.7373],[124.3161,13.7453],[124.2955,13.762]]],[[[124.4093,13.772],[124.4119,13.7717],[124.4133,13.7694],[124.4111,13.7656],[124.4036,13.7709],[124.4044,13.7734],[124.4093,13.772]]],[[[124.4217,13.7769],[124.4222,13.7792],[124.4247,13.7772],[124.4228,13.7758],[124.4217,13.7769]]],[[[124.4242,13.8061],[124.4237,13.8038],[124.4211,13.8053],[124.4214,13.8072],[124.4242,13.8061]]]]},"properties":{"ADM3_EN":"Gigmoto","name":"Gigmoto","ADM3_PCODE":"PH52005000","psgc_code":"52005000","ADM2_EN":"Catanduanes","ADM2_PCODE":"PH5200","ADM1_EN":"Region V (Bicol Region)","ADM1_PCODE":"PH05","ADM0_EN":"Philippines (the)","ADM0_PCODE":"PH","region_key":"bicol","province_key":"catanduanes","type":"Municipality"}},{"type":"Feature","geometry":{"type":"MultiPolygon","coordinates":[[[[124.1395,14.0132],[124.1387,14.0162],[124.134,14.0197],[124.1332,14.0243],[124.1296,14.0295],[124.1289,14.0393],[124.1251,14.0502],[124.1334,14.0472],[124.1351,14.0472],[124.1351,14.0498],[124.1287,14.0581],[124.1265,14.0581],[124.1262,14.0606],[124.1301,14.0601],[124.1303,14.062],[124.1384,14.0605],[124.1391,14.0638],[124.1413,14.0641],[124.1422,14.0617],[124.1452,14.0614],[124.1476,14.0572],[124.1525,14.0571],[124.1542,14.0533],[124.1531,14.0515],[124.1549,14.0506],[124.1571,14.05],[124.1603,14.0521],[124.1618,14.05],[124.162,14.0516],[124.1595,14.0532],[124.1604,14.0543],[124.1708,14.0513],[124.1768,14.0586],[124.1765,14.0635],[124.1745,14.0645],[124.1752,14.0662],[124.1764,14.0665],[124.1797,14.0618],[124.1821,14.0618],[124.1895,14.0676],[124.188,14.0764],[124.1908,14.0864],[124.1927,14.0888],[124.1974,14.0887],[124.1997,14.0967],[124.2019,14.0972],[124.2024,14.0991],[124.2046,14.098],[124.2057,14.1],[124.2121,14.0944],[124.2136,14.087],[124.2164,14.0833],[124.2145,14.0813],[124.2152,14.0796],[124.2178,14.0794],[124.2171,14.0772],[124.2205,14.0771],[124.2246,14.0702],[124.2294,14.0682],[124.2338,14.0641],[124.2363,14.0555],[124.239,14.0584],[124.2465,14.0544],[124.2457,14.0503],[124.2492,14.0508],[124.2511,14.0481],[124.2506,14.0444],[124.2524,14.0434],[124.2509,14.0368],[124.2528,14.0363],[124.2538,14.0384],[124.2576,14.0339],[124.2623,14.0342],[124.2634,14.0297],[124.2653,14.0288],[124.2654,14.0266],[124.2617,14.0251],[124.2623,14.0234],[124.2594,14.0215],[124.2593,14.0192],[124.2543,14.0139],[124.2435,14.0092],[124.2446,14.001],[124.239,13.9918],[124.2403,13.9865],[124.238,13.9764],[124.2326,13.9688],[124.2268,13.9651],[124.1805,13.9904],[124.1385,14.011],[124.1395,14.0132]]],[[[124.0197,14.0238],[124.0238,14.0188],[124.0256,14.0136],[124.0216,14.0151],[124.0181,14.0142],[124.0178,14.0158],[124.0204,14.0184],[124.0198,14.021],[124.0165,14.024],[124.0143,14.0232],[124.0128,14.0257],[124.0158,14.0264],[124.0197,14.0238]]],[[[124.0447,14.0328],[124.05,14.0328],[124.0522,14.0303],[124.0515,14.0285],[124.053,14.0269],[124.0489,14.0277],[124.0469,14.0242],[124.0475,14.0208],[124.0512,14.0174],[124.0479,14.016],[124.0469,14.0135],[124.0452,14.0147],[124.0452,14.018],[124.0419,14.0196],[124.0404,14.0183],[124.0419,14.015],[124.0399,14.0135],[124.0365,14.0179],[124.0371,14.0231],[124.0348,14.0269],[124.0358,14.0316],[124.0397,14.0339],[124.0406,14.0314],[124.045,14.0288],[124.0433,14.0339],[124.0447,14.0328]]],[[[124.0636,14.0276],[124.0672,14.0223],[124.0657,14.0206],[124.0612,14.0245],[124.0587,14.0321],[124.0612,14.0307],[124.0621,14.0275],[124.0636,14.0276]]],[[[124.0184,14.0293],[124.0167,14.0313],[124.017,14.0339],[124.0192,14.0303],[124.0184,14.0293]]],[[[124.2686,14.0201],[124.2666,14.0195],[124.2667,14.0231],[124.2684,14.0227],[124.2686,14.0201]]],[[[124.1589,14.0564],[124.1596,14.0553],[124.1587,14.0547],[124.158,14.0561],[124.1589,14.0564]]],[[[124.2811,14.1091],[124.2829,14.1093],[124.2837,14.1083],[124.2819,14.1075],[124.2811,14.1091]]],[[[124.1358,14.0644],[124.1364,14.0628],[124.1328,14.0643],[124.1336,14.0655],[124.1358,14.0644]]]]},"properties":{"ADM3_EN":"Pandan","name":"Pandan","ADM3_PCODE":"PH52006000","psgc_code":"52006000","ADM2_EN":"Catanduanes","ADM2_PCODE":"PH5200","ADM1_EN":"Region V (Bicol Region)","ADM1_PCODE":"PH05","ADM0_EN":"Philippines (the)","ADM0_PCODE":"PH","region_key":"bicol","province_key":"catanduanes","type":"Municipality"}},{"type":"Feature","geometry":{"type":"MultiPolygon","coordinates":[[[[124.3049,13.885],[124.2914,13.8803],[124.2889,13.8763],[124.2779,13.8682],[124.2728,13.8671],[124.2637,13.8618],[124.2608,13.8628],[124.2518,13.8595],[124.1875,13.8616],[124.1938,13.8901],[124.2763,13.9189],[124.2917,13.9275],[124.3008,13.9283],[124.3083,13.9331],[124.3086,13.9306],[124.3092,13.9347],[124.3111,13.9363],[124.3145,13.9336],[124.3122,13.9282],[124.3077,13.9261],[124.305,13.9201],[124.3105,13.9185],[124.3177,13.909],[124.3168,13.9016],[124.3092,13.8951],[124.3128,13.8942],[124.3148,13.8989],[124.3192,13.9014],[124.3237,13.8995],[124.3204,13.9091],[124.3225,13.9126],[124.3219,13.915],[124.3249,13.9184],[124.3248,13.9224],[124.3286,13.927],[124.3294,13.9326],[124.3328,13.9325],[124.3354,13.9371],[124.3441,13.938],[124.3467,13.9359],[124.3495,13.9393],[124.3541,13.9397],[124.3523,13.9368],[124.3558,13.9317],[124.3537,13.9278],[124.3551,13.9248],[124.3595,13.9244],[124.3555,13.9193],[124.3571,13.9118],[124.3352,13.8939],[124.3049,13.885]]],[[[124.3309,13.9527],[124.3365,13.9654],[124.339,13.9679],[124.3435,13.9686],[124.3464,13.9659],[124.3467,13.9624],[124.3488,13.9616],[124.3414,13.953],[124.3415,13.9508],[124.3439,13.9508],[124.3484,13.9565],[124.3512,13.9576],[124.3519,13.9535],[124.3553,13.951],[124.353,13.948],[124.3546,13.9461],[124.3476,13.9475],[124.3455,13.9464],[124.3439,13.942],[124.3398,13.941],[124.3335,13.9413],[124.3289,13.9454],[124.3279,13.9418],[124.3264,13.9414],[124.3241,13.9438],[124.3309,13.9527]]]]},"properties":{"ADM3_EN":"Panganiban","name":"Panganiban","ADM3_PCODE":"PH52007000","psgc_code":"52007000","ADM2_EN":"Catanduanes","ADM2_PCODE":"PH5200","ADM1_EN":"Region V (Bicol Region)","ADM1_PCODE":"PH05","ADM0_EN":"Philippines (the)","ADM0_PCODE":"PH","region_key":"bicol","province_key":"catanduanes","type":"Municipality"}},{"type":"Feature","geometry":{"type":"MultiPolygon","coordinates":[[[[124.1011,13.5933],[124.0942,13.5989],[124.082,13.6012],[124.0774,13.6041],[124.0737,13.602],[124.0685,13.6037],[124.0572,13.5957],[124.0527,13.6],[124.0475,13.6019],[124.0467,13.6063],[124.0508,13.6083],[124.0527,13.6034],[124.0555,13.6032],[124.0538,13.6064],[124.0545,13.6087],[124.0578,13.6079],[124.0613,13.61],[124.0638,13.6163],[124.0616,13.6169],[124.0591,13.6103],[124.0571,13.611],[124.0565,13.6199],[124.0531,13.6222],[124.05,13.6291],[124.0408,13.6353],[124.0405,13.6404],[124.0346,13.6493],[124.0311,13.6508],[124.0319,13.6525],[124.03,13.6531],[124.0294,13.6564],[124.0255,13.657],[124.0233,13.663],[124.0247,13.6651],[124.0306,13.6669],[124.0361,13.6647],[124.0389,13.6653],[124.0387,13.6705],[124.0443,13.6715],[124.0459,13.6778],[124.0576,13.6838],[124.057,13.6875],[124.0631,13.6933],[124.0712,13.6963],[124.0737,13.6951],[124.0859,13.6986],[124.0951,13.7046],[124.0971,13.7076],[124.097,13.7105],[124.1,13.7131],[124.1006,13.7195],[124.1062,13.728],[124.1052,13.7343],[124.1013,13.7357],[124.1216,13.7527],[124.1272,13.7657],[124.1282,13.7815],[124.134,13.7731],[124.135,13.7565],[124.1395,13.7481],[124.1767,13.7071],[124.1452,13.6637],[124.1365,13.6439],[124.1529,13.6103],[124.154,13.5993],[124.1529,13.5906],[124.148,13.5791],[124.1518,13.5717],[124.1526,13.5641],[124.1491,13.5545],[124.1463,13.5571],[124.1447,13.5659],[124.1406,13.5717],[124.1372,13.5742],[124.1241,13.5778],[124.1203,13.5831],[124.1186,13.5825],[124.1118,13.5864],[124.1088,13.5916],[124.1011,13.5933]]]]},"properties":{"ADM3_EN":"San Andres","name":"San Andres","ADM3_PCODE":"PH52008000","psgc_code":"52008000","ADM2_EN":"Catanduanes","ADM2_PCODE":"PH5200","ADM1_EN":"Region V (Bicol Region)","ADM1_PCODE":"PH05","ADM0_EN":"Philippines (the)","ADM0_PCODE":"PH","region_key":"bicol","province_key":"catanduanes","type":"Municipality"}},{"type":"Feature","geometry":{"type":"MultiPolygon","coordinates":[[[[124.257,13.6379],[124.237,13.6697],[124.1767,13.7071],[124.2724,13.7798],[124.3161,13.7453],[124.3339,13.7027],[124.3387,13.678],[124.334,13.6439],[124.33,13.6277],[124.3028,13.6297],[124.2687,13.6269],[124.2671,13.6226],[124.257,13.6379]]]]},"properties":{"ADM3_EN":"San Miguel","name":"San Miguel","ADM3_PCODE":"PH52009000","psgc_code":"52009000","ADM2_EN":"Catanduanes","ADM2_PCODE":"PH5200","ADM1_EN":"Region V (Bicol Region)","ADM1_PCODE":"PH05","ADM0_EN":"Philippines (the)","ADM0_PCODE":"PH","region_key":"bicol","province_key":"catanduanes","type":"Municipality"}},{"type":"Feature","geometry":{"type":"MultiPolygon","coordinates":[[[[124.2741,13.7881],[124.2728,13.789],[124.2724,13.7798],[124.2588,13.7843],[124.1875,13.8616],[124.2518,13.8595],[124.2608,13.8628],[124.2637,13.8618],[124.2728,13.8671],[124.2779,13.8682],[124.2889,13.8763],[124.2914,13.8803],[124.3352,13.8939],[124.3554,13.9114],[124.3565,13.9112],[124.355,13.909],[124.3576,13.9077],[124.3589,13.9042],[124.361,13.9047],[124.3655,13.9024],[124.3639,13.8986],[124.3657,13.8961],[124.3734,13.8956],[124.375,13.8892],[124.3788,13.8884],[124.3805,13.8917],[124.3849,13.8929],[124.3873,13.8895],[124.3859,13.8874],[124.3865,13.8732],[124.389,13.8715],[124.3907,13.8732],[124.3918,13.877],[124.3907,13.8812],[124.3933,13.8866],[124.3933,13.8984],[124.3957,13.8992],[124.3949,13.8943],[124.3988,13.8899],[124.3957,13.8843],[124.3994,13.8797],[124.3981,13.8764],[124.4003,13.8747],[124.4036,13.8774],[124.4018,13.8816],[124.4033,13.887],[124.4044,13.8831],[124.4082,13.8791],[124.4083,13.8725],[124.4131,13.8693],[124.4151,13.8657],[124.412,13.8637],[124.4092,13.8644],[124.4068,13.8609],[124.4015,13.8625],[124.3998,13.8611],[124.4003,13.8592],[124.4019,13.8573],[124.405,13.8589],[124.4075,13.8564],[124.4153,13.8596],[124.4181,13.8524],[124.4217,13.849],[124.4212,13.8466],[124.4078,13.8471],[124.4071,13.8445],[124.4002,13.8416],[124.2917,13.8032],[124.2741,13.7881]]]]},"properties":{"ADM3_EN":"Viga","name":"Viga","ADM3_PCODE":"PH52010000","psgc_code":"52010000","ADM2_EN":"Catanduanes","ADM2_PCODE":"PH5201","ADM1_EN":"Region V (Bicol Region)","ADM1_PCODE":"PH05","ADM0_EN":"Philippines (the)","ADM0_PCODE":"PH","region_key":"bicol","province_key":"catanduanes","type":"Municipality"}},{"type":"Feature","geometry":{"type":"MultiPolygon","coordinates":[[[[124.1931,13.5186],[124.1854,13.5223],[124.1814,13.5277],[124.1777,13.5282],[124.1787,13.5309],[124.1776,13.5322],[124.1717,13.5311],[124.1701,13.5352],[124.1645,13.5371],[124.1638,13.5395],[124.1578,13.5442],[124.1581,13.5472],[124.1491,13.5545],[124.1526,13.5641],[124.1518,13.5717],[124.148,13.5791],[124.1529,13.5906],[124.154,13.5993],[124.1529,13.6103],[124.1365,13.6439],[124.1452,13.6637],[124.1767,13.7071],[124.237,13.6697],[124.2671,13.6226],[124.2679,13.5952],[124.2494,13.5908],[124.242,13.5872],[124.2394,13.5819],[124.2372,13.5822],[124.2323,13.5772],[124.2315,13.578],[124.2256,13.5738],[124.2255,13.5672],[124.2149,13.5654],[124.2145,13.563],[124.2095,13.5574],[124.2061,13.543],[124.2151,13.5234],[124.2145,13.5213],[124.2115,13.5202],[124.2134,13.5173],[124.2082,13.5164],[124.1966,13.5198],[124.1931,13.5186]]]]},"properties":{"ADM3_EN":"Virac","name":"Virac","ADM3_PCODE":"PH52011000","psgc_code":"52011000","ADM2_EN":"Catanduanes","ADM2_PCODE":"PH5201","ADM1_EN":"Region V (Bicol Region)","ADM1_PCODE":"PH05","ADM0_EN":"Philippines (the)","ADM0_PCODE":"PH","region_key":"bicol","province_key":"catanduanes","type":"Municipality"}},{"type":"Feature","geometry":{"type":"MultiPolygon","coordinates":[[[[123.248,12.3836],[123.252,12.3811],[123.2528,12.3783],[123.2411,12.3647],[123.2383,12.3553],[123.2408,12.3458],[123.2375,12.3433],[123.2344,12.3472],[123.235,12.3533],[123.2322,12.3628],[123.233,12.3708],[123.2347,12.3736],[123.2386,12.3753],[123.24,12.3822],[123.2458,12.3844],[123.248,12.3836]]],[[[123.2974,12.3432],[123.2714,12.3442],[123.2674,12.3454],[123.2686,12.3469],[123.265,12.3447],[123.2625,12.3456],[123.2653,12.3489],[123.2644,12.3522],[123.2658,12.355],[123.2622,12.3608],[123.2653,12.3681],[123.2628,12.3706],[123.2633,12.3733],[123.2592,12.3772],[123.2653,12.3794],[123.2675,12.3819],[123.2711,12.3817],[123.2719,12.385],[123.2744,12.3869],[123.2742,12.3914],[123.2769,12.3936],[123.2769,12.3983],[123.2786,12.3994],[123.2781,12.4031],[123.2806,12.4056],[123.2811,12.4089],[123.2858,12.4117],[123.2828,12.4144],[123.2861,12.4169],[123.2878,12.4211],[123.285,12.4228],[123.2767,12.4186],[123.2753,12.4197],[123.2769,12.4233],[123.2761,12.4272],[123.2819,12.4294],[123.285,12.4325],[123.2892,12.4406],[123.2844,12.4367],[123.2828,12.4378],[123.2697,12.4567],[123.2683,12.4558],[123.2664,12.4578],[123.2628,12.4539],[123.26,12.4547],[123.2544,12.4525],[123.2506,12.4572],[123.2522,12.4722],[123.2503,12.4828],[123.252,12.4961],[123.25,12.5072],[123.2471,12.5137],[123.2497,12.5236],[123.2453,12.5431],[123.2408,12.5483],[123.2419,12.5492],[123.24,12.5517],[123.2417,12.555],[123.2392,12.56],[123.2405,12.5619],[123.2494,12.5619],[123.2467,12.565],[123.2425,12.5661],[123.2422,12.5758],[123.2319,12.5797],[123.237,12.5836],[123.2367,12.5872],[123.2342,12.5892],[123.2386,12.595],[123.2378,12.5986],[123.235,12.6003],[123.2367,12.6017],[123.2478,12.6008],[123.26,12.5939],[123.2786,12.5767],[123.285,12.5733],[123.2992,12.5775],[123.3022,12.5767],[123.305,12.5789],[123.3075,12.5772],[123.3083,12.5733],[123.3103,12.5728],[123.3128,12.5758],[123.3153,12.5747],[123.3267,12.5633],[123.3322,12.5625],[123.3347,12.5594],[123.3364,12.56],[123.3381,12.5567],[123.3464,12.5508],[123.3636,12.5458],[123.3697,12.5458],[123.3789,12.5417],[123.3739,12.5392],[123.3456,12.5411],[123.3394,12.5392],[123.3433,12.53],[123.3411,12.5256],[123.3436,12.5208],[123.35,12.5206],[123.3528,12.5189],[123.3553,12.5003],[123.3603,12.4939],[123.358,12.4856],[123.3608,12.4842],[123.3578,12.4786],[123.355,12.4819],[123.3508,12.4797],[123.3469,12.4831],[123.3439,12.4806],[123.3483,12.4781],[123.3481,12.4758],[123.3453,12.4767],[123.3375,12.4742],[123.3356,12.4686],[123.3292,12.4711],[123.3239,12.4675],[123.3228,12.4611],[123.325,12.4569],[123.3278,12.4542],[123.3322,12.4533],[123.33,12.4483],[123.3264,12.4469],[123.3272,12.4447],[123.3253,12.4419],[123.3297,12.4328],[123.3336,12.4386],[123.3339,12.4431],[123.3322,12.4444],[123.3339,12.4481],[123.3367,12.4458],[123.3372,12.4425],[123.3403,12.4411],[123.3439,12.4425],[123.3464,12.4381],[123.3481,12.4389],[123.3492,12.4411],[123.3481,12.4472],[123.3539,12.4547],[123.3486,12.4531],[123.3475,12.4564],[123.3606,12.4661],[123.3625,12.4714],[123.3689,12.4664],[123.3711,12.4672],[123.3717,12.47],[123.3781,12.4647],[123.3811,12.4661],[123.3836,12.4644],[123.3858,12.4664],[123.3845,12.4683],[123.3822,12.4667],[123.3785,12.4724],[123.3744,12.4739],[123.3761,12.4767],[123.3736,12.4797],[123.3778,12.48],[123.3736,12.4828],[123.3764,12.4869],[123.3717,12.4864],[123.3753,12.4897],[123.3706,12.4908],[123.3678,12.4936],[123.3714,12.4961],[123.3711,12.5053],[123.3725,12.5069],[123.3803,12.5106],[123.3845,12.5072],[123.388,12.5119],[123.3969,12.5133],[123.4047,12.5233],[123.4103,12.5222],[123.4125,12.5164],[123.4169,12.5211],[123.4214,12.5206],[123.4233,12.5156],[123.425,12.5186],[123.4323,12.5194],[123.4182,12.3306],[123.2974,12.3432]]],[[[123.2433,12.3886],[123.2411,12.3889],[123.2408,12.3903],[123.2431,12.3914],[123.2433,12.3886]]],[[[123.248,12.4011],[123.2464,12.4019],[123.2483,12.4056],[123.2536,12.4097],[123.2547,12.4061],[123.2497,12.4011],[123.248,12.4011]]],[[[123.3422,12.45],[123.3436,12.4553],[123.3478,12.4514],[123.3447,12.4478],[123.3422,12.45]]],[[[123.2497,12.4228],[123.2514,12.4278],[123.2506,12.4361],[123.2542,12.4397],[123.2575,12.4314],[123.2528,12.425],[123.2531,12.4217],[123.2506,12.4203],[123.2497,12.4228]]],[[[123.2072,12.4408],[123.2092,12.4397],[123.2067,12.4381],[123.2061,12.4397],[123.2072,12.4408]]],[[[123.3722,12.4756],[123.3725,12.4753],[123.3717,12.4736],[123.3711,12.4772],[123.3722,12.4756]]],[[[123.3692,12.4789],[123.3698,12.4767],[123.3689,12.4761],[123.3683,12.4786],[123.3692,12.4789]]],[[[123.3719,12.4806],[123.3706,12.4794],[123.3689,12.4817],[123.3714,12.4822],[123.3719,12.4806]]]]},"properties":{"ADM3_EN":"Aroroy","name":"Aroroy","ADM3_PCODE":"PH54101000","psgc_code":"54101000","ADM2_EN":"Masbate","ADM2_PCODE":"PH5410","ADM1_EN":"Region V (Bicol Region)","ADM1_PCODE":"PH05","ADM0_EN":"Philippines (the)","ADM0_PCODE":"PH","region_key":"bicol","province_key":"masbate","type":"Municipality"}},{"type":"Feature","geometry":{"type":"MultiPolygon","coordinates":[[[[123.5046,12.3504],[123.4892,12.3171],[123.4182,12.3306],[123.4323,12.5194],[123.4381,12.5164],[123.4414,12.5181],[123.4492,12.5147],[123.4547,12.5089],[123.4586,12.5078],[123.4647,12.5031],[123.475,12.4889],[123.4939,12.4794],[123.4994,12.4744],[123.4994,12.4719],[123.5028,12.4758],[123.5117,12.4669],[123.5172,12.4636],[123.5239,12.4558],[123.5375,12.455],[123.5383,12.4522],[123.5369,12.4487],[123.5428,12.4522],[123.5444,12.4578],[123.5467,12.4597],[123.5525,12.4631],[123.5556,12.4616],[123.5046,12.3504]]]]},"properties":{"ADM3_EN":"Baleno","name":"Baleno","ADM3_PCODE":"PH54102000","psgc_code":"54102000","ADM2_EN":"Masbate","ADM2_PCODE":"PH5410","ADM1_EN":"Region V (Bicol Region)","ADM1_PCODE":"PH05","ADM0_EN":"Philippines (the)","ADM0_PCODE":"PH","region_key":"bicol","province_key":"masbate","type":"Municipality"}},{"type":"Feature","geometry":{"type":"MultiPolygon","coordinates":[[[[122.9831,11.7123],[122.9828,11.7153],[122.9834,11.7157],[122.9856,11.7136],[122.9842,11.7106],[122.9831,11.7123]]],[[[123.0267,11.7578],[123.0242,11.7556],[123.0217,11.7575],[123.0239,11.7592],[123.0267,11.7578]]],[[[123.13,11.8392],[123.123,11.8347],[123.1178,11.8381],[123.1178,11.8528],[123.1239,11.8592],[123.1311,11.8619],[123.1364,11.8614],[123.1406,11.8569],[123.1422,11.8519],[123.1378,11.8456],[123.13,11.8392]]],[[[123.1847,11.9244],[123.1806,11.9131],[123.1733,11.9103],[123.1692,11.9053],[123.1653,11.9039],[123.1594,11.9061],[123.1519,11.9204],[123.1467,11.9233],[123.1417,11.9306],[123.1453,11.9389],[123.1469,11.9378],[123.1467,11.9358],[123.1481,11.9358],[123.1489,11.9389],[123.1461,11.9397],[123.1525,11.945],[123.1567,11.9522],[123.1578,11.9572],[123.1558,11.9614],[123.1564,11.9636],[123.1614,11.9678],[123.1694,11.9836],[123.1775,11.9931],[123.1803,12.0022],[123.1906,12.01],[123.1958,12.0194],[123.1936,12.0344],[123.19,12.0375],[123.1911,12.0442],[123.1925,12.0453],[123.1933,12.0442],[123.2008,12.0503],[123.2056,12.0586],[123.2053,12.0847],[123.2103,12.0947],[123.2108,12.1114],[123.2167,12.1242],[123.2172,12.1319],[123.2225,12.1331],[123.2264,12.1317],[123.2278,12.125],[123.2314,12.1214],[123.2289,12.1206],[123.2293,12.1169],[123.2342,12.1126],[123.234,12.1066],[123.2707,12.1004],[123.3234,12.1115],[123.3369,12.0933],[123.3331,12.0906],[123.3339,12.0864],[123.3269,12.0786],[123.3275,12.0742],[123.3244,12.0706],[123.3225,12.0703],[123.3186,12.0731],[123.318,12.0758],[123.315,12.0756],[123.3214,12.0669],[123.3183,12.0619],[123.3133,12.0578],[123.3145,12.0556],[123.3108,12.0486],[123.3114,12.0467],[123.3078,12.0453],[123.3089,12.0439],[123.3078,12.0375],[123.3003,12.035],[123.303,12.0319],[123.3025,12.0289],[123.2894,12.0167],[123.2767,12.0164],[123.2647,12.0058],[123.2614,11.9994],[123.2533,11.99],[123.2536,11.9853],[123.2499,11.9804],[123.2484,11.9748],[123.245,11.9742],[123.2422,11.9711],[123.2419,11.9675],[123.2344,11.9619],[123.2344,11.9597],[123.2317,11.9572],[123.2243,11.956],[123.2181,11.9514],[123.2106,11.95],[123.2036,11.9547],[123.205,11.9436],[123.1953,11.9361],[123.1847,11.9244]]]]},"properties":{"ADM3_EN":"Balud","name":"Balud","ADM3_PCODE":"PH54103000","psgc_code":"54103000","ADM2_EN":"Masbate","ADM2_PCODE":"PH5410","ADM1_EN":"Region V (Bicol Region)","ADM1_PCODE":"PH05","ADM0_EN":"Philippines (the)","ADM0_PCODE":"PH","region_key":"bicol","province_key":"masbate","type":"Municipality"}},{"type":"Feature","geometry":{"type":"MultiPolygon","coordinates":[[[[123.7967,12.3319],[123.8056,12.3272],[123.8092,12.3222],[123.8075,12.3161],[123.8092,12.3083],[123.8036,12.3164],[123.8,12.3253],[123.7942,12.3317],[123.7967,12.3319]]],[[[123.7861,12.3761],[123.7853,12.3725],[123.7881,12.3706],[123.7939,12.3769],[123.7981,12.375],[123.8006,12.3708],[123.7995,12.3639],[123.7955,12.3572],[123.7964,12.3486],[123.7914,12.345],[123.7889,12.3383],[123.7622,12.3714],[123.7625,12.3736],[123.7511,12.3836],[123.7461,12.3908],[123.74,12.3967],[123.7308,12.3997],[123.7275,12.4025],[123.7236,12.4106],[123.7231,12.4228],[123.7168,12.4265],[123.7149,12.434],[123.7066,12.4376],[123.7726,12.4552],[123.7753,12.4503],[123.7781,12.4353],[123.7822,12.4286],[123.7831,12.4239],[123.7831,12.4203],[123.7806,12.4181],[123.775,12.4169],[123.7747,12.4144],[123.7764,12.4128],[123.7858,12.4136],[123.7922,12.4083],[123.7931,12.3892],[123.7861,12.3831],[123.785,12.3803],[123.7861,12.3761]]]]},"properties":{"ADM3_EN":"Batuan","name":"Batuan","ADM3_PCODE":"PH54104000","psgc_code":"54104000","ADM2_EN":"Masbate","ADM2_PCODE":"PH5410","ADM1_EN":"Region V (Bicol Region)","ADM1_PCODE":"PH05","ADM0_EN":"Philippines (the)","ADM0_PCODE":"PH","region_key":"bicol","province_key":"masbate","type":"Municipality"}},{"type":"Feature","geometry":{"type":"MultiPolygon","coordinates":[[[[123.9626,11.927],[123.9615,11.929],[123.9641,11.9417],[123.957,11.9433],[123.9463,11.9393],[123.9313,11.9508],[123.9223,11.9584],[123.879,12.014],[123.9377,12.0795],[123.9561,12.1024],[123.9584,12.1027],[123.97,12.0928],[123.9758,12.0844],[123.9778,12.0756],[123.9806,12.0731],[123.9908,12.0539],[123.9903,12.0514],[123.9953,12.0469],[123.998,12.0389],[124.0075,12.0228],[124.0278,12.0039],[124.042,11.9796],[124.0517,11.9685],[124.0527,11.9552],[124.0509,11.9486],[124.0484,11.9474],[124.0448,11.9513],[124.0441,11.9562],[124.0389,11.9642],[124.0296,11.9753],[124.0175,11.9852],[124.0145,11.9924],[124.0165,11.9962],[124.0125,12.0083],[124.0068,12.0131],[123.9983,12.0117],[123.9976,12.0097],[123.9997,12.0044],[124.0011,12.0044],[124.0013,11.9989],[123.9945,11.9939],[123.9925,11.9878],[123.9983,11.9853],[123.9983,11.9794],[124.0036,11.9767],[124.0044,11.9733],[124.0078,11.9714],[124.01,11.9725],[124.011,11.9689],[124.0133,11.9683],[124.0119,11.9664],[124.013,11.9628],[124.0106,11.9621],[124.0101,11.9598],[124.0133,11.955],[124.0127,11.9512],[124.0152,11.9502],[124.022,11.9548],[124.025,11.9514],[124.0263,11.9455],[123.9829,11.8899],[123.9658,11.9256],[123.9626,11.927]]],[[[124.0553,11.9361],[124.0581,11.9364],[124.0583,11.9353],[124.0556,11.9344],[124.0553,11.9361]]]]},"properties":{"ADM3_EN":"Cataingan","name":"Cataingan","ADM3_PCODE":"PH54105000","psgc_code":"54105000","ADM2_EN":"Masbate","ADM2_PCODE":"PH5410","ADM1_EN":"Region V (Bicol Region)","ADM1_PCODE":"PH05","ADM0_EN":"Philippines (the)","ADM0_PCODE":"PH","region_key":"bicol","province_key":"masbate","type":"Municipality"}},{"type":"Feature","geometry":{"type":"MultiPolygon","coordinates":[[[[123.6661,11.8728],[123.6622,11.8761],[123.6586,11.8878],[123.6592,11.9008],[123.6581,11.9019],[123.6619,11.905],[123.6714,11.9042],[123.6747,11.9006],[123.6761,11.8853],[123.6736,11.8747],[123.6711,11.8706],[123.6661,11.8728]]],[[[123.5975,11.9175],[123.6011,11.915],[123.6058,11.9156],[123.6114,11.9108],[123.6114,11.9086],[123.6058,11.9047],[123.6028,11.91],[123.5961,11.9167],[123.5933,11.9172],[123.5944,11.9183],[123.5975,11.9175]]],[[[123.59,11.935],[123.5889,11.9342],[123.5872,11.9367],[123.5889,11.9369],[123.59,11.935]]],[[[123.7254,11.9306],[123.7207,11.9331],[123.728,11.9421],[123.7275,11.9465],[123.7236,11.95],[123.7207,11.95],[123.7129,11.954],[123.7112,11.9565],[123.7133,11.9575],[123.7158,11.9642],[123.7235,11.9696],[123.7308,11.9809],[123.74,11.9822],[123.7453,11.9803],[123.7472,11.9775],[123.7469,11.9808],[123.75,11.9831],[123.7442,11.9817],[123.7378,11.9856],[123.7389,11.9925],[123.7364,11.9972],[123.7322,11.9981],[123.7353,11.9967],[123.734,11.9962],[123.7312,11.9982],[123.7282,11.9976],[123.7335,11.9922],[123.7375,11.9908],[123.7372,11.9889],[123.733,11.9903],[123.7214,11.9994],[123.7302,11.9868],[123.7344,11.9859],[123.7333,11.9872],[123.7314,11.9866],[123.73,11.9906],[123.7276,11.9916],[123.7281,11.9928],[123.7301,11.9925],[123.7319,11.9889],[123.7349,11.9871],[123.7367,11.9886],[123.7367,11.9864],[123.7342,11.9844],[123.7297,11.9856],[123.712,12.0081],[123.7039,12.0136],[123.6994,12.0197],[123.6928,12.0244],[123.6892,12.0233],[123.6822,12.0267],[123.6567,12.0414],[123.6497,12.0475],[123.6408,12.0661],[123.6417,12.0669],[123.6436,12.0653],[123.6494,12.0733],[123.6531,12.0739],[123.6528,12.0719],[123.6489,12.0703],[123.6492,12.0675],[123.6544,12.0719],[123.6547,12.0744],[123.6614,12.0789],[123.6636,12.0783],[123.6672,12.0723],[123.6639,12.08],[123.6611,12.0797],[123.6575,12.0769],[123.6536,12.0772],[123.6492,12.0786],[123.647,12.0844],[123.6472,12.0792],[123.6453,12.075],[123.6411,12.0692],[123.6395,12.0699],[123.6439,12.0752],[123.6468,12.0849],[123.7124,12.1306],[123.8194,12.0825],[123.8157,12.0622],[123.8068,12.0296],[123.7858,11.9211],[123.7792,11.9199],[123.7681,11.9267],[123.7611,11.925],[123.7597,11.9225],[123.7564,11.9214],[123.7458,11.9217],[123.7372,11.9278],[123.7254,11.9306]]],[[[123.5547,11.9499],[123.5517,11.9566],[123.5515,11.9618],[123.5538,11.9602],[123.5564,11.9545],[123.5572,11.9492],[123.5547,11.9499]]],[[[123.6228,11.9556],[123.6242,11.9517],[123.6203,11.9536],[123.6189,11.9598],[123.6228,11.9556]]],[[[123.5781,11.9886],[123.5797,11.9867],[123.5789,11.9856],[123.5753,11.9883],[123.5758,11.9894],[123.5781,11.9886]]],[[[123.565,11.9941],[123.5656,11.9953],[123.5672,11.9925],[123.5667,11.9923],[123.565,11.9941]]],[[[123.7367,11.993],[123.7355,11.9957],[123.7355,11.9962],[123.7375,11.9914],[123.7367,11.993]]],[[[123.6358,12.0164],[123.6294,12.0192],[123.6347,12.0208],[123.6386,12.0258],[123.6358,12.0164]]]]},"properties":{"ADM3_EN":"Cawayan","name":"Cawayan","ADM3_PCODE":"PH54106000","psgc_code":"54106000","ADM2_EN":"Masbate","ADM2_PCODE":"PH5410","ADM1_EN":"Region V (Bicol Region)","ADM1_PCODE":"PH05","ADM0_EN":"Philippines (the)","ADM0_PCODE":"PH","region_key":"bicol","province_key":"masbate","type":"Municipality"}},{"type":"Feature","geometry":{"type":"MultiPolygon","coordinates":[[[[123.3772,12.7133],[123.3827,12.7015],[123.3864,12.6981],[123.3847,12.6933],[123.3742,12.6953],[123.37,12.6931],[123.3575,12.6975],[123.3494,12.7053],[123.3486,12.7108],[123.3419,12.7175],[123.3344,12.7219],[123.3308,12.7308],[123.3233,12.7408],[123.3125,12.7506],[123.3097,12.77],[123.3047,12.7747],[123.303,12.7825],[123.2917,12.7908],[123.2917,12.7983],[123.2881,12.8031],[123.2778,12.8122],[123.2739,12.8136],[123.2703,12.8128],[123.2672,12.8147],[123.2661,12.8228],[123.2619,12.8322],[123.2536,12.8339],[123.2422,12.8389],[123.2303,12.8378],[123.2264,12.8392],[123.2189,12.8358],[123.2167,12.8369],[123.2167,12.8397],[123.2111,12.8475],[123.205,12.8422],[123.1992,12.8414],[123.185,12.8606],[123.1786,12.8753],[123.1745,12.8808],[123.1617,12.8894],[123.1475,12.8875],[123.1469,12.8889],[123.15,12.8922],[123.1492,12.8931],[123.1433,12.8908],[123.1386,12.8919],[123.1372,12.8939],[123.1378,12.8967],[123.1406,12.8994],[123.1464,12.9008],[123.1475,12.9056],[123.1383,12.9089],[123.1322,12.9072],[123.1244,12.9125],[123.1217,12.9119],[123.1158,12.9219],[123.1078,12.9245],[123.1092,12.935],[123.1067,12.9403],[123.1081,12.9431],[123.1033,12.9447],[123.0983,12.94],[123.0856,12.9531],[123.0925,12.9553],[123.1408,12.9903],[123.1464,12.9822],[123.1428,12.9725],[123.1578,12.9622],[123.1594,12.9575],[123.1592,12.9519],[123.1622,12.9492],[123.1603,12.9453],[123.1617,12.9422],[123.1678,12.9383],[123.1725,12.9283],[123.1833,12.9144],[123.1878,12.9144],[123.1922,12.9106],[123.197,12.9089],[123.2081,12.9081],[123.2133,12.9097],[123.2221,12.9059],[123.2245,12.9061],[123.2303,12.9111],[123.2386,12.9106],[123.2421,12.9095],[123.2431,12.9067],[123.2467,12.9044],[123.2564,12.9012],[123.2622,12.8967],[123.2731,12.8933],[123.2778,12.8878],[123.2781,12.8825],[123.2825,12.8806],[123.2803,12.8742],[123.2761,12.8697],[123.2767,12.8661],[123.2836,12.8547],[123.28,12.844],[123.2808,12.8386],[123.2858,12.835],[123.2856,12.8256],[123.2878,12.8185],[123.2947,12.8092],[123.2975,12.8078],[123.2961,12.8047],[123.3057,12.7926],[123.3092,12.7803],[123.3131,12.7775],[123.3169,12.7806],[123.3164,12.7836],[123.3147,12.7817],[123.3125,12.7831],[123.3139,12.7917],[123.3192,12.7811],[123.3317,12.7667],[123.3322,12.7611],[123.3367,12.7561],[123.3361,12.7528],[123.3381,12.7483],[123.3457,12.7464],[123.3628,12.7281],[123.3724,12.7221],[123.3772,12.7133]]]]},"properties":{"ADM3_EN":"Claveria","name":"Claveria","ADM3_PCODE":"PH54107000","psgc_code":"54107000","ADM2_EN":"Masbate","ADM2_PCODE":"PH5410","ADM1_EN":"Region V (Bicol Region)","ADM1_PCODE":"PH05","ADM0_EN":"Philippines (the)","ADM0_PCODE":"PH","region_key":"bicol","province_key":"masbate","type":"Municipality"}},{"type":"Feature","geometry":{"type":"MultiPolygon","coordinates":[[[[123.8547,12.1944],[123.8611,12.1942],[123.8692,12.2006],[123.8686,12.2058],[123.8653,12.2092],[123.8647,12.2125],[123.8733,12.2222],[123.8783,12.2194],[123.8817,12.2203],[123.8861,12.2125],[123.8914,12.2119],[123.895,12.2089],[123.8978,12.205],[123.8964,12.2003],[123.9001,12.1913],[123.8442,12.1093],[123.8255,12.0795],[123.7834,12.0994],[123.8342,12.2239],[123.8414,12.2139],[123.8442,12.2067],[123.8547,12.1944]]],[[[123.8322,12.2686],[123.84,12.2661],[123.8339,12.2586],[123.8308,12.2628],[123.8311,12.267],[123.8297,12.2686],[123.8306,12.2697],[123.8322,12.2686]]],[[[123.8467,12.2531],[123.8642,12.2436],[123.8667,12.2442],[123.8671,12.2373],[123.8642,12.2286],[123.8433,12.2506],[123.8442,12.2542],[123.8467,12.2531]]],[[[123.8372,12.2497],[123.8343,12.2541],[123.8344,12.2557],[123.8376,12.2544],[123.8383,12.2478],[123.8372,12.2497]]],[[[123.8383,12.2561],[123.8386,12.2575],[123.84,12.2569],[123.8403,12.2539],[123.8383,12.2561]]]]},"properties":{"ADM3_EN":"Dimasalang","name":"Dimasalang","ADM3_PCODE":"PH54108000","psgc_code":"54108000","ADM2_EN":"Masbate","ADM2_PCODE":"PH5410","ADM1_EN":"Region V (Bicol Region)","ADM1_PCODE":"PH05","ADM0_EN":"Philippines (the)","ADM0_PCODE":"PH","region_key":"bicol","province_key":"masbate","type":"Municipality"}},{"type":"Feature","geometry":{"type":"MultiPolygon","coordinates":[[[[124.0688,11.7208],[124.0596,11.7209],[124.0541,11.7234],[124.0415,11.7354],[124.0284,11.7501],[124.0194,11.7727],[124.0139,11.7817],[124.0136,11.7864],[124.0119,11.7858],[124.0024,11.7974],[123.9822,11.8144],[123.98,11.8203],[123.9753,11.8258],[123.9475,11.8427],[123.9829,11.8899],[124.0661,11.7314],[124.0694,11.7245],[124.0701,11.7218],[124.0688,11.7208]]]]},"properties":{"ADM3_EN":"Esperanza","name":"Esperanza","ADM3_PCODE":"PH54109000","psgc_code":"54109000","ADM2_EN":"Masbate","ADM2_PCODE":"PH5410","ADM1_EN":"Region V (Bicol Region)","ADM1_PCODE":"PH05","ADM0_EN":"Philippines (the)","ADM0_PCODE":"PH","region_key":"bicol","province_key":"masbate","type":"Municipality"}},{"type":"Feature","geometry":{"type":"MultiPolygon","coordinates":[[[[123.2342,12.1126],[123.2293,12.1169],[123.2289,12.1206],[123.2313,12.1213],[123.2303,12.1194],[123.2358,12.1217],[123.2372,12.1253],[123.2405,12.1225],[123.2456,12.1217],[123.248,12.1256],[123.2514,12.1261],[123.2542,12.1219],[123.2575,12.1217],[123.2569,12.1239],[123.255,12.1233],[123.2544,12.1264],[123.2486,12.1272],[123.2494,12.1322],[123.2458,12.13],[123.2422,12.1353],[123.2405,12.1347],[123.2397,12.1375],[123.2456,12.1422],[123.2469,12.1456],[123.2586,12.1539],[123.263,12.1533],[123.2661,12.1578],[123.2694,12.1572],[123.2722,12.1619],[123.2781,12.1583],[123.2817,12.1622],[123.2814,12.1742],[123.2783,12.1803],[123.2767,12.1817],[123.2725,12.1806],[123.2681,12.185],[123.2672,12.1925],[123.2694,12.1983],[123.2781,12.205],[123.2803,12.2106],[123.2844,12.2142],[123.2867,12.2058],[123.2844,12.2008],[123.2881,12.1986],[123.2878,12.1967],[123.284,12.1952],[123.2844,12.1925],[123.2889,12.1964],[123.2897,12.2008],[123.2942,12.2064],[123.2972,12.205],[123.2955,12.2017],[123.2964,12.1997],[123.3003,12.2028],[123.3019,12.2008],[123.2995,12.1994],[123.2997,12.1981],[123.3011,12.1969],[123.3042,12.1986],[123.3032,12.2083],[123.3006,12.2067],[123.2997,12.2075],[123.3011,12.2153],[123.2978,12.22],[123.2986,12.2225],[123.2944,12.2264],[123.2981,12.2292],[123.2972,12.2308],[123.2986,12.2342],[123.2972,12.2378],[123.3064,12.2469],[123.3047,12.2483],[123.3061,12.2514],[123.2973,12.2494],[123.2989,12.2478],[123.3022,12.2486],[123.2995,12.2467],[123.2961,12.2472],[123.295,12.2447],[123.2939,12.2469],[123.2959,12.2495],[123.2937,12.2498],[123.2892,12.2439],[123.2931,12.2411],[123.295,12.235],[123.2919,12.2308],[123.2917,12.2192],[123.2878,12.2156],[123.2836,12.2175],[123.2842,12.2219],[123.2764,12.2358],[123.2692,12.2431],[123.2625,12.2458],[123.252,12.2419],[123.2494,12.2339],[123.2414,12.2228],[123.2289,12.2169],[123.2253,12.2189],[123.2256,12.2233],[123.2183,12.2319],[123.2167,12.2375],[123.2186,12.2411],[123.2322,12.2369],[123.2344,12.2397],[123.233,12.2431],[123.2258,12.2467],[123.2239,12.2517],[123.2208,12.2533],[123.2228,12.2581],[123.2228,12.2681],[123.2281,12.2747],[123.2272,12.2786],[123.2383,12.2825],[123.2422,12.2883],[123.2433,12.2931],[123.2419,12.2947],[123.2461,12.2972],[123.2458,12.3017],[123.2497,12.3053],[123.2506,12.3089],[123.2542,12.3111],[123.2525,12.3128],[123.2533,12.3158],[123.2578,12.3167],[123.2572,12.3219],[123.2553,12.3244],[123.2606,12.3292],[123.2633,12.3297],[123.2664,12.3342],[123.2644,12.3353],[123.2656,12.3431],[123.2672,12.3453],[123.3152,12.3417],[123.4182,12.3306],[123.3443,12.2134],[123.2707,12.1004],[123.234,12.1066],[123.2342,12.1126]]],[[[123.2264,12.1611],[123.2247,12.1617],[123.2264,12.1647],[123.2319,12.1672],[123.2314,12.1625],[123.2264,12.1611]]],[[[123.2639,12.1908],[123.2592,12.1869],[123.2586,12.1806],[123.255,12.1767],[123.2525,12.1775],[123.2536,12.1733],[123.2569,12.1736],[123.2583,12.1725],[123.2575,12.1714],[123.2322,12.1694],[123.2381,12.175],[123.2403,12.1747],[123.2447,12.1786],[123.2472,12.1769],[123.2517,12.1792],[123.2589,12.1897],[123.2622,12.1922],[123.2639,12.1908]]],[[[123.2217,12.285],[123.2264,12.2817],[123.2253,12.2808],[123.2217,12.2836],[123.2161,12.2811],[123.2128,12.2828],[123.2169,12.2853],[123.2217,12.285]]]]},"properties":{"ADM3_EN":"Mandaon","name":"Mandaon","ADM3_PCODE":"PH54110000","psgc_code":"54110000","ADM2_EN":"Masbate","ADM2_PCODE":"PH5411","ADM1_EN":"Region V (Bicol Region)","ADM1_PCODE":"PH05","ADM0_EN":"Philippines (the)","ADM0_PCODE":"PH","region_key":"bicol","province_key":"masbate","type":"Municipality"}},{"type":"Feature","geometry":{"type":"MultiPolygon","coordinates":[[[[123.5844,12.3492],[123.5847,12.3475],[123.59,12.3542],[123.5925,12.3533],[123.5986,12.3561],[123.608,12.3639],[123.6117,12.3636],[123.6169,12.36],[123.6217,12.3617],[123.6222,12.3642],[123.6192,12.3648],[123.6147,12.3703],[123.6214,12.3778],[123.6253,12.3783],[123.6317,12.3764],[123.6342,12.3778],[123.6378,12.3736],[123.6347,12.3681],[123.6345,12.3622],[123.6322,12.3594],[123.6347,12.3575],[123.6386,12.3606],[123.6414,12.3564],[123.6346,12.3469],[123.6328,12.3409],[123.6214,12.3335],[123.6217,12.3254],[123.6098,12.2444],[123.5362,12.2694],[123.5077,12.3132],[123.4892,12.3171],[123.5556,12.4616],[123.5625,12.4522],[123.5661,12.4333],[123.568,12.4297],[123.5647,12.4261],[123.5725,12.4167],[123.5706,12.4117],[123.5744,12.4103],[123.5769,12.4067],[123.5803,12.4072],[123.5933,12.3956],[123.5939,12.3889],[123.5958,12.3861],[123.6033,12.3878],[123.61,12.3831],[123.6103,12.3786],[123.6089,12.3767],[123.6025,12.3792],[123.5903,12.3761],[123.5861,12.3706],[123.5878,12.3633],[123.5867,12.3583],[123.5819,12.3569],[123.5806,12.3589],[123.5769,12.3547],[123.5736,12.3553],[123.5779,12.3539],[123.5803,12.3564],[123.5819,12.3539],[123.5811,12.3517],[123.5844,12.3492]]]]},"properties":{"ADM3_EN":"Masbate City","name":"Masbate City","ADM3_PCODE":"PH54111000","psgc_code":"54111000","ADM2_EN":"Masbate","ADM2_PCODE":"PH5411","ADM1_EN":"Region V (Bicol Region)","ADM1_PCODE":"PH05","ADM0_EN":"Philippines (the)","ADM0_PCODE":"PH","region_key":"bicol","province_key":"masbate","type":"City"}},{"type":"Feature","geometry":{"type":"MultiPolygon","coordinates":[[[[123.6019,12.0856],[123.6022,12.0869],[123.6044,12.0867],[123.6044,12.0858],[123.6019,12.0856]]],[[[123.6462,12.0833],[123.6439,12.0752],[123.6395,12.0699],[123.6345,12.0719],[123.6253,12.0697],[123.6139,12.0731],[123.6111,12.0717],[123.6006,12.0747],[123.6003,12.0783],[123.5983,12.0795],[123.6006,12.08],[123.6017,12.0828],[123.6144,12.0956],[123.6114,12.0961],[123.6064,12.1042],[123.6003,12.1203],[123.5944,12.13],[123.5944,12.1367],[123.59,12.1456],[123.5794,12.1572],[123.5669,12.1669],[123.5631,12.1781],[123.5639,12.1814],[123.5519,12.1958],[123.5408,12.205],[123.5397,12.2131],[123.5319,12.2172],[123.5317,12.2189],[123.5344,12.2211],[123.5417,12.2214],[123.545,12.2239],[123.5455,12.2258],[123.5417,12.2225],[123.5381,12.2225],[123.5403,12.2294],[123.5306,12.2197],[123.5325,12.215],[123.5383,12.2125],[123.5375,12.2106],[123.5319,12.2131],[123.5003,12.2178],[123.4992,12.2208],[123.5028,12.2233],[123.5,12.2242],[123.498,12.2225],[123.498,12.2172],[123.4878,12.2156],[123.485,12.2106],[123.4761,12.2117],[123.4561,12.2108],[123.4489,12.2092],[123.445,12.2058],[123.4389,12.2056],[123.4302,12.202],[123.4247,12.1947],[123.4245,12.1897],[123.4219,12.188],[123.4197,12.1808],[123.4008,12.16],[123.4014,12.1586],[123.3944,12.1478],[123.3892,12.1439],[123.3886,12.1397],[123.3817,12.1308],[123.38,12.1264],[123.3753,12.1219],[123.3722,12.1128],[123.3583,12.1],[123.3492,12.0961],[123.3436,12.0911],[123.3406,12.0942],[123.3369,12.0933],[123.3234,12.1115],[123.2707,12.1004],[123.3443,12.2134],[123.4182,12.3306],[123.5077,12.3132],[123.5362,12.2694],[123.6098,12.2444],[123.6815,12.1813],[123.7124,12.1306],[123.6462,12.0833]]],[[[123.5489,12.0397],[123.5497,12.0353],[123.5478,12.0317],[123.5455,12.0353],[123.5453,12.0419],[123.5489,12.0397]]],[[[123.4741,12.1388],[123.4761,12.1367],[123.475,12.1353],[123.4736,12.1364],[123.4741,12.1388]]]]},"properties":{"ADM3_EN":"Milagros","name":"Milagros","ADM3_PCODE":"PH54112000","psgc_code":"54112000","ADM2_EN":"Masbate","ADM2_PCODE":"PH5411","ADM1_EN":"Region V (Bicol Region)","ADM1_PCODE":"PH05","ADM0_EN":"Philippines (the)","ADM0_PCODE":"PH","region_key":"bicol","province_key":"masbate","type":"Municipality"}},{"type":"Feature","geometry":{"type":"MultiPolygon","coordinates":[[[[123.6193,12.2362],[123.6098,12.2444],[123.6219,12.3345],[123.6328,12.3409],[123.6346,12.3469],[123.6394,12.3519],[123.6511,12.3419],[123.6553,12.3406],[123.6628,12.3439],[123.6669,12.3433],[123.6683,12.3447],[123.6664,12.3478],[123.6675,12.3492],[123.6719,12.3481],[123.6814,12.3408],[123.6853,12.3411],[123.6895,12.3353],[123.6966,12.3309],[123.7042,12.3186],[123.7039,12.3156],[123.7106,12.3064],[123.7097,12.3003],[123.7169,12.2956],[123.7239,12.2842],[123.7292,12.2797],[123.7306,12.2742],[123.7331,12.2719],[123.7322,12.2697],[123.718,12.253],[123.6639,12.1972],[123.6193,12.2362]]]]},"properties":{"ADM3_EN":"Mobo","name":"Mobo","ADM3_PCODE":"PH54113000","psgc_code":"54113000","ADM2_EN":"Masbate","ADM2_PCODE":"PH5411","ADM1_EN":"Region V (Bicol Region)","ADM1_PCODE":"PH05","ADM0_EN":"Philippines (the)","ADM0_PCODE":"PH","region_key":"bicol","province_key":"masbate","type":"Municipality"}},{"type":"Feature","geometry":{"type":"MultiPolygon","coordinates":[[[[123.6131,12.5769],[123.6144,12.5744],[123.6139,12.5739],[123.6106,12.5775],[123.6131,12.5769]]],[[[123.6203,12.5744],[123.6175,12.5764],[123.6167,12.5811],[123.612,12.5839],[123.6139,12.5861],[123.6114,12.5881],[123.6142,12.5906],[123.6097,12.5997],[123.6108,12.6069],[123.5992,12.6067],[123.5981,12.605],[123.6006,12.6025],[123.5992,12.6006],[123.5944,12.6053],[123.5839,12.6286],[123.5789,12.6308],[123.5822,12.6356],[123.5819,12.6531],[123.5917,12.6325],[123.5953,12.6342],[123.5947,12.6403],[123.6022,12.6447],[123.6067,12.6408],[123.6092,12.635],[123.615,12.635],[123.6141,12.6375],[123.6111,12.6367],[123.6094,12.6381],[123.6089,12.6408],[123.6103,12.642],[123.6128,12.6411],[123.6131,12.6428],[123.6089,12.6519],[123.6089,12.6572],[123.5969,12.6747],[123.5997,12.6756],[123.6003,12.6725],[123.6019,12.6744],[123.5986,12.6775],[123.6008,12.6842],[123.6028,12.6833],[123.6042,12.685],[123.6044,12.682],[123.6078,12.6828],[123.6087,12.6815],[123.6103,12.6858],[123.615,12.6903],[123.62,12.6933],[123.6247,12.6936],[123.6345,12.6814],[123.6372,12.6731],[123.6439,12.6633],[123.6553,12.6497],[123.6619,12.6447],[123.68,12.6436],[123.682,12.6411],[123.6808,12.6381],[123.6833,12.6353],[123.6842,12.6389],[123.6864,12.6406],[123.6922,12.6383],[123.6947,12.6347],[123.7083,12.6253],[123.7117,12.6206],[123.7081,12.6136],[123.6983,12.6167],[123.7017,12.6136],[123.6994,12.6108],[123.6989,12.6058],[123.6954,12.6062],[123.6942,12.6037],[123.6907,12.6043],[123.6896,12.6011],[123.6751,12.598],[123.6701,12.594],[123.6203,12.5744]]],[[[123.5847,12.6528],[123.5822,12.6564],[123.5822,12.6653],[123.5864,12.6544],[123.5847,12.6528]]],[[[123.5936,12.6792],[123.5922,12.6828],[123.5961,12.6872],[123.5957,12.6782],[123.5945,12.6775],[123.5936,12.6792]]],[[[123.6044,12.7075],[123.6039,12.7064],[123.6078,12.7014],[123.6178,12.6944],[123.6167,12.6931],[123.6106,12.6928],[123.6103,12.695],[123.6021,12.7043],[123.6019,12.7086],[123.6044,12.7075]]],[[[123.6006,12.7072],[123.6,12.7058],[123.5986,12.7083],[123.5997,12.7083],[123.6006,12.7072]]],[[[123.5918,12.7176],[123.5992,12.7131],[123.5999,12.7113],[123.5981,12.7117],[123.5992,12.7097],[123.595,12.7114],[123.5886,12.7172],[123.5889,12.7183],[123.5918,12.7176]]]]},"properties":{"ADM3_EN":"Monreal","name":"Monreal","ADM3_PCODE":"PH54114000","psgc_code":"54114000","ADM2_EN":"Masbate","ADM2_PCODE":"PH5411","ADM1_EN":"Region V (Bicol Region)","ADM1_PCODE":"PH05","ADM0_EN":"Philippines (the)","ADM0_PCODE":"PH","region_key":"bicol","province_key":"masbate","type":"Municipality"}},{"type":"Feature","geometry":{"type":"MultiPolygon","coordinates":[[[[123.9103,12.1708],[123.9092,12.1672],[123.9158,12.1603],[123.9189,12.1522],[123.9272,12.1456],[123.9283,12.1428],[123.9347,12.1397],[123.9378,12.1314],[123.9428,12.1283],[123.9464,12.1222],[123.9503,12.1097],[123.9584,12.1027],[123.9561,12.1024],[123.9377,12.0795],[123.879,12.014],[123.8255,12.0795],[123.8442,12.1093],[123.9001,12.1913],[123.9031,12.1894],[123.905,12.1828],[123.9075,12.1817],[123.9117,12.1825],[123.9131,12.1808],[123.9125,12.1733],[123.9103,12.1708]]]]},"properties":{"ADM3_EN":"Palanas","name":"Palanas","ADM3_PCODE":"PH54115000","psgc_code":"54115000","ADM2_EN":"Masbate","ADM2_PCODE":"PH5411","ADM1_EN":"Region V (Bicol Region)","ADM1_PCODE":"PH05","ADM0_EN":"Philippines (the)","ADM0_PCODE":"PH","region_key":"bicol","province_key":"masbate","type":"Municipality"}},{"type":"Feature","geometry":{"type":"MultiPolygon","coordinates":[[[[124.0551,11.7527],[123.9829,11.8899],[124.0262,11.9456],[124.0288,11.938],[124.0297,11.9236],[124.0343,11.9175],[124.0372,11.9064],[124.0443,11.8974],[124.0648,11.8582],[124.0681,11.8575],[124.0699,11.8536],[124.0699,11.8481],[124.0659,11.8403],[124.0654,11.8351],[124.0676,11.8267],[124.056,11.8051],[124.0553,11.7952],[124.0559,11.7869],[124.0604,11.7726],[124.0744,11.7449],[124.0733,11.7286],[124.0702,11.7218],[124.0551,11.7527]]],[[[124.1025,11.8328],[124.1012,11.8321],[124.0993,11.8342],[124.1019,11.8364],[124.1036,11.8351],[124.1025,11.8328]]],[[[124.095,11.8706],[124.0878,11.8672],[124.0798,11.8757],[124.0877,11.8822],[124.0952,11.8761],[124.0965,11.8726],[124.095,11.8706]]]]},"properties":{"ADM3_EN":"Pio V.Corpuz","name":"Pio V.Corpuz","ADM3_PCODE":"PH54116000","psgc_code":"54116000","ADM2_EN":"Masbate","ADM2_PCODE":"PH5411","ADM1_EN":"Region V (Bicol Region)","ADM1_PCODE":"PH05","ADM0_EN":"Philippines (the)","ADM0_PCODE":"PH","region_key":"bicol","province_key":"masbate","type":"Municipality"}},{"type":"Feature","geometry":{"type":"MultiPolygon","coordinates":[[[[123.9167,11.8108],[123.9075,11.8078],[123.9044,11.81],[123.9033,11.8153],[123.9097,11.8192],[123.9133,11.8158],[123.9183,11.8147],[123.9167,11.8108]]],[[[123.9164,11.8658],[123.9094,11.8653],[123.905,11.8626],[123.8962,11.8668],[123.8859,11.8806],[123.8603,11.8992],[123.8636,11.9008],[123.8664,11.8986],[123.8678,11.8992],[123.8639,11.9019],[123.865,11.9061],[123.8637,11.9131],[123.8633,11.9039],[123.8611,11.9008],[123.858,11.9],[123.8371,11.9105],[123.8237,11.9113],[123.8164,11.9161],[123.8008,11.9214],[123.7906,11.9225],[123.7858,11.9211],[123.8068,12.0296],[123.8157,12.0622],[123.8194,12.0825],[123.8255,12.0795],[123.9223,11.9584],[123.9463,11.9393],[123.957,11.9433],[123.9645,11.9409],[123.9615,11.9275],[123.9658,11.9256],[123.9829,11.8899],[123.9475,11.8427],[123.9327,11.858],[123.9194,11.8656],[123.9233,11.8669],[123.9269,11.8708],[123.9303,11.8767],[123.9311,11.8867],[123.9376,11.8931],[123.9306,11.8878],[123.9286,11.8789],[123.9228,11.8708],[123.9222,11.8683],[123.9164,11.8658]]],[[[123.9238,11.8691],[123.9231,11.8706],[123.9257,11.8717],[123.9252,11.8702],[123.9238,11.8691]]],[[[123.8456,11.8172],[123.8441,11.8169],[123.8438,11.8192],[123.8464,11.8194],[123.8456,11.8172]]],[[[123.77,11.8572],[123.7706,11.8553],[123.7678,11.8561],[123.7664,11.8586],[123.7678,11.8592],[123.77,11.8572]]]]},"properties":{"ADM3_EN":"Placer","name":"Placer","ADM3_PCODE":"PH54117000","psgc_code":"54117000","ADM2_EN":"Masbate","ADM2_PCODE":"PH5411","ADM1_EN":"Region V (Bicol Region)","ADM1_PCODE":"PH05","ADM0_EN":"Philippines (the)","ADM0_PCODE":"PH","region_key":"bicol","province_key":"masbate","type":"Municipality"}},{"type":"Feature","geometry":{"type":"MultiPolygon","coordinates":[[[[123.7061,12.4383],[123.7011,12.4472],[123.6844,12.4639],[123.6836,12.4672],[123.6861,12.4731],[123.6861,12.4822],[123.6755,12.4887],[123.752,12.5295],[123.7544,12.5225],[123.7497,12.5178],[123.7517,12.5167],[123.755,12.5183],[123.7567,12.5167],[123.7703,12.4928],[123.7644,12.4878],[123.7644,12.4853],[123.7653,12.4811],[123.7714,12.4781],[123.7736,12.4742],[123.7736,12.4714],[123.7694,12.4672],[123.7733,12.4628],[123.7726,12.4552],[123.7061,12.4383]]]]},"properties":{"ADM3_EN":"San Fernando","name":"San Fernando","ADM3_PCODE":"PH54118000","psgc_code":"54118000","ADM2_EN":"Masbate","ADM2_PCODE":"PH5411","ADM1_EN":"Region V (Bicol Region)","ADM1_PCODE":"PH05","ADM0_EN":"Philippines (the)","ADM0_PCODE":"PH","region_key":"bicol","province_key":"masbate","type":"Municipality"}},{"type":"Feature","geometry":{"type":"MultiPolygon","coordinates":[[[[123.6745,12.4892],[123.6692,12.4922],[123.6653,12.4972],[123.6633,12.5106],[123.6578,12.5186],[123.6519,12.5225],[123.6497,12.5319],[123.6339,12.5431],[123.6339,12.5472],[123.6297,12.5517],[123.6294,12.5547],[123.625,12.5594],[123.6211,12.5669],[123.6225,12.5711],[123.6212,12.5739],[123.6701,12.594],[123.6734,12.5973],[123.6896,12.6011],[123.6907,12.6043],[123.6953,12.6041],[123.6954,12.6062],[123.7042,12.6042],[123.7081,12.5978],[123.7078,12.6031],[123.7036,12.6111],[123.7075,12.6119],[123.7114,12.6103],[123.7158,12.6142],[123.7233,12.6161],[123.7267,12.6119],[123.7361,12.5831],[123.7353,12.5797],[123.7317,12.5767],[123.7242,12.58],[123.7219,12.5794],[123.7208,12.5769],[123.7239,12.5733],[123.725,12.5669],[123.7272,12.5703],[123.7339,12.5714],[123.737,12.5697],[123.7405,12.5547],[123.7483,12.5383],[123.7475,12.5353],[123.7442,12.5328],[123.7381,12.5342],[123.7361,12.5325],[123.7389,12.5328],[123.7431,12.5303],[123.7506,12.5308],[123.752,12.5295],[123.6745,12.4892]]]]},"properties":{"ADM3_EN":"San Jacinto","name":"San Jacinto","ADM3_PCODE":"PH54119000","psgc_code":"54119000","ADM2_EN":"Masbate","ADM2_PCODE":"PH5411","ADM1_EN":"Region V (Bicol Region)","ADM1_PCODE":"PH05","ADM0_EN":"Philippines (the)","ADM0_PCODE":"PH","region_key":"bicol","province_key":"masbate","type":"Municipality"}},{"type":"Feature","geometry":{"type":"MultiPolygon","coordinates":[[[[123.0933,12.9567],[123.0903,12.9633],[123.0772,12.9569],[123.0744,12.9647],[123.0656,12.9778],[123.0683,12.9919],[123.0636,12.9981],[123.0528,12.9986],[123.0514,12.9914],[123.05,12.9908],[123.0461,12.9992],[123.0283,12.9975],[123.02,13.002],[123.0187,13.0058],[123.0173,13.0047],[123.0117,13.0063],[123.0092,13.0118],[123.0055,13.006],[123.001,13.0057],[122.998,13.0073],[122.9852,13.0062],[122.9783,13.01],[122.9671,13.0203],[122.9664,13.0231],[122.9682,13.026],[122.9641,13.026],[122.9634,13.0282],[122.9655,13.0334],[122.9647,13.0386],[122.9635,13.0365],[122.9617,13.0366],[122.9618,13.034],[122.9525,13.0318],[122.9481,13.0257],[122.9453,13.0257],[122.9459,13.0293],[122.9434,13.0342],[122.9478,13.0387],[122.9494,13.0429],[122.948,13.0482],[122.944,13.0497],[122.9431,13.0537],[122.9457,13.0573],[122.9457,13.0657],[122.9499,13.0765],[122.9509,13.0841],[122.9539,13.0858],[122.9594,13.08],[122.9562,13.0848],[122.9585,13.0832],[122.9598,13.0842],[122.9571,13.0864],[122.9551,13.095],[122.9482,13.0961],[122.9458,13.0936],[122.9317,13.1051],[122.9282,13.1131],[122.9304,13.1127],[122.9372,13.1195],[122.9422,13.1219],[122.9536,13.1228],[122.9594,13.1255],[122.9669,13.1195],[122.9667,13.1242],[122.9686,13.1288],[122.9734,13.1251],[122.9746,13.1178],[122.9803,13.1169],[122.9805,13.1223],[122.9791,13.1259],[122.9754,13.1279],[122.9754,13.1326],[122.9798,13.1388],[122.9837,13.1373],[122.9862,13.1383],[122.9851,13.1465],[122.9917,13.1461],[122.9925,13.148],[122.9903,13.1497],[122.9897,13.156],[122.9931,13.1587],[122.9971,13.158],[122.9989,13.1513],[123.0045,13.1479],[123.0048,13.1447],[123.0071,13.1439],[123.0081,13.1405],[123.0142,13.1367],[123.024,13.1364],[123.0309,13.1398],[123.0382,13.1396],[123.0429,13.1377],[123.0458,13.1341],[123.0466,13.1252],[123.0422,13.1186],[123.0406,13.1208],[123.0381,13.1202],[123.0384,13.118],[123.0406,13.1172],[123.0399,13.1136],[123.0354,13.1136],[123.0348,13.1164],[123.0332,13.1169],[123.025,13.1137],[123.0242,13.1097],[123.0275,13.1062],[123.028,13.0981],[123.0338,13.0967],[123.04,13.0994],[123.0415,13.1038],[123.0384,13.1063],[123.038,13.1107],[123.0398,13.109],[123.0412,13.1114],[123.0439,13.1114],[123.0428,13.1152],[123.0442,13.1161],[123.0454,13.1136],[123.045,13.1182],[123.0466,13.1217],[123.0495,13.1188],[123.0506,13.12],[123.0527,13.119],[123.0543,13.121],[123.0602,13.1112],[123.0655,13.0961],[123.0685,13.096],[123.0736,13.0886],[123.0752,13.0815],[123.0824,13.0798],[123.0886,13.0675],[123.0926,13.0626],[123.0959,13.0612],[123.0959,13.0524],[123.0976,13.0467],[123.1021,13.0403],[123.1063,13.0404],[123.1077,13.0388],[123.1027,13.0348],[123.1027,13.0319],[123.1077,13.0289],[123.1107,13.0332],[123.1144,13.0327],[123.1228,13.0248],[123.1361,13.0047],[123.1408,12.9903],[123.0933,12.9567]]],[[[122.9562,13.1282],[122.9573,13.1295],[122.9584,13.1279],[122.9573,13.1273],[122.9562,13.1282]]],[[[122.8452,13.1414],[122.8434,13.1433],[122.8438,13.1445],[122.8477,13.1414],[122.8452,13.1414]]],[[[122.9781,13.1556],[122.977,13.148],[122.9787,13.1434],[122.9722,13.1355],[122.9682,13.1339],[122.9625,13.1356],[122.9587,13.1297],[122.9539,13.1337],[122.95,13.1335],[122.9484,13.1353],[122.947,13.1416],[122.9515,13.1424],[122.9546,13.146],[122.9638,13.1481],[122.9738,13.1574],[122.9781,13.1556]]],[[[122.9519,13.1493],[122.9521,13.1503],[122.9551,13.1476],[122.9536,13.1477],[122.9519,13.1493]]],[[[122.8633,13.1724],[122.8669,13.1697],[122.8684,13.1635],[122.8743,13.1541],[122.8961,13.1466],[122.8969,13.1452],[122.8939,13.1403],[122.8858,13.14],[122.8792,13.1431],[122.8753,13.1417],[122.8712,13.1452],[122.8699,13.1538],[122.8676,13.1544],[122.8617,13.1628],[122.8619,13.1647],[122.8584,13.1677],[122.8582,13.1733],[122.8612,13.1717],[122.8633,13.1724]]],[[[122.9367,13.1751],[122.9356,13.1785],[122.9373,13.1807],[122.9388,13.1783],[122.9367,13.1751]]]]},"properties":{"ADM3_EN":"San Pascual","name":"San Pascual","ADM3_PCODE":"PH54120000","psgc_code":"54120000","ADM2_EN":"Masbate","ADM2_PCODE":"PH5412","ADM1_EN":"Region V (Bicol Region)","ADM1_PCODE":"PH05","ADM0_EN":"Philippines (the)","ADM0_PCODE":"PH","region_key":"bicol","province_key":"masbate","type":"Municipality"}},{"type":"Feature","geometry":{"type":"MultiPolygon","coordinates":[[[[123.7903,12.1964],[123.7914,12.2006],[123.7939,12.2011],[123.7936,12.2028],[123.7903,12.2039],[123.7842,12.2192],[123.7822,12.2208],[123.7811,12.2264],[123.7875,12.2364],[123.7947,12.2369],[123.7989,12.2439],[123.8056,12.2444],[123.8128,12.2425],[123.8172,12.2383],[123.8228,12.2364],[123.8342,12.2242],[123.7834,12.0994],[123.7124,12.1306],[123.6815,12.1813],[123.6639,12.1972],[123.7284,12.2641],[123.7325,12.2722],[123.7392,12.2675],[123.745,12.2528],[123.7483,12.2517],[123.7475,12.2478],[123.7506,12.245],[123.7528,12.2475],[123.7558,12.2458],[123.7581,12.2331],[123.7661,12.2225],[123.7647,12.2175],[123.7692,12.2153],[123.7767,12.2081],[123.7769,12.2039],[123.7806,12.2014],[123.7833,12.1956],[123.7903,12.1964]]],[[[123.7878,12.1989],[123.7878,12.1994],[123.7892,12.2008],[123.7897,12.1983],[123.7878,12.1989]]]]},"properties":{"ADM3_EN":"Uson","name":"Uson","ADM3_PCODE":"PH54121000","psgc_code":"54121000","ADM2_EN":"Masbate","ADM2_PCODE":"PH5412","ADM1_EN":"Region V (Bicol Region)","ADM1_PCODE":"PH05","ADM0_EN":"Philippines (the)","ADM0_PCODE":"PH","region_key":"bicol","province_key":"masbate","type":"Municipality"}},{"type":"Feature","geometry":{"type":"MultiPolygon","coordinates":[[[[124.1542,12.8144],[124.1557,12.8105],[124.1455,12.8122],[124.1401,12.8102],[124.1374,12.8129],[124.1338,12.8085],[124.1315,12.8083],[124.1305,12.8055],[124.1249,12.8071],[124.1213,12.804],[124.1115,12.8038],[124.1107,12.8024],[124.1063,12.8017],[124.095,12.8009],[124.073,12.8035],[124.0744,12.8198],[124.0765,12.823],[124.0763,12.8257],[124.0823,12.832],[124.0843,12.8459],[124.0903,12.8647],[124.1134,12.8779],[124.1224,12.8805],[124.141,12.8762],[124.1464,12.8662],[124.1516,12.8618],[124.1545,12.8617],[124.1544,12.8581],[124.1581,12.8583],[124.1578,12.8539],[124.1553,12.853],[124.1528,12.8553],[124.1476,12.8446],[124.1484,12.8413],[124.1544,12.8356],[124.1558,12.8294],[124.1536,12.8219],[124.1542,12.8144]]]]},"properties":{"ADM3_EN":"Barcelona","name":"Barcelona","ADM3_PCODE":"PH56202000","psgc_code":"56202000","ADM2_EN":"Sorsogon","ADM2_PCODE":"PH5620","ADM1_EN":"Region V (Bicol Region)","ADM1_PCODE":"PH05","ADM0_EN":"Philippines (the)","ADM0_PCODE":"PH","region_key":"bicol","province_key":"sorsogon","type":"Municipality"}},{"type":"Feature","geometry":{"type":"MultiPolygon","coordinates":[[[[123.9727,12.5596],[123.9706,12.5608],[123.9697,12.5656],[123.9672,12.5689],[123.9644,12.5692],[123.9611,12.5744],[123.9581,12.5742],[123.9561,12.5758],[123.9556,12.5836],[123.9472,12.5908],[123.9458,12.6014],[123.9444,12.6019],[123.94,12.5981],[123.9372,12.5994],[123.9369,12.6028],[123.9419,12.6067],[123.9367,12.6128],[123.9369,12.615],[123.94,12.6178],[123.9383,12.6239],[123.9355,12.6267],[123.9306,12.6281],[123.9275,12.6247],[123.9264,12.6181],[123.9245,12.6161],[123.9181,12.6175],[123.9158,12.6197],[123.9128,12.6358],[123.91,12.6397],[123.9053,12.6422],[123.8928,12.6442],[123.8753,12.6561],[123.8772,12.6594],[123.8753,12.6578],[123.8739,12.6592],[123.8714,12.6733],[123.8669,12.6817],[123.862,12.6856],[123.86,12.6892],[123.8569,12.7019],[123.8508,12.7158],[123.8489,12.7222],[123.8461,12.7516],[123.8683,12.7514],[123.9271,12.7548],[123.9538,12.76],[123.9512,12.73],[123.9586,12.731],[123.9761,12.6934],[123.9868,12.6744],[123.9897,12.6624],[123.9868,12.6258],[123.9842,12.6162],[123.9752,12.5996],[123.9727,12.5596]]]]},"properties":{"ADM3_EN":"Bulan","name":"Bulan","ADM3_PCODE":"PH56203000","psgc_code":"56203000","ADM2_EN":"Sorsogon","ADM2_PCODE":"PH5620","ADM1_EN":"Region V (Bicol Region)","ADM1_PCODE":"PH05","ADM0_EN":"Philippines (the)","ADM0_PCODE":"PH","region_key":"bicol","province_key":"sorsogon","type":"Municipality"}},{"type":"Feature","geometry":{"type":"MultiPolygon","coordinates":[[[[124.1417,12.7019],[124.1425,12.6992],[124.1406,12.6972],[124.1308,12.693],[124.1192,12.6963],[124.1056,12.6933],[124.0495,12.778],[124.045,12.7913],[124.073,12.8035],[124.095,12.8009],[124.1063,12.8017],[124.1107,12.8024],[124.1115,12.8038],[124.1213,12.804],[124.1249,12.8071],[124.1305,12.8055],[124.1315,12.8083],[124.1338,12.8085],[124.1374,12.8129],[124.1401,12.8102],[124.1455,12.8122],[124.1557,12.8105],[124.1492,12.7947],[124.1489,12.7868],[124.1514,12.7769],[124.1478,12.7719],[124.1436,12.7711],[124.1375,12.7656],[124.1402,12.7556],[124.1394,12.7508],[124.1378,12.7492],[124.1364,12.7392],[124.1333,12.7372],[124.1314,12.7322],[124.135,12.7261],[124.1346,12.7228],[124.1369,12.7197],[124.1358,12.7181],[124.14,12.7125],[124.1386,12.7092],[124.1417,12.7019]]]]},"properties":{"ADM3_EN":"Bulusan","name":"Bulusan","ADM3_PCODE":"PH56204000","psgc_code":"56204000","ADM2_EN":"Sorsogon","ADM2_PCODE":"PH5620","ADM1_EN":"Region V (Bicol Region)","ADM1_PCODE":"PH05","ADM0_EN":"Philippines (the)","ADM0_PCODE":"PH","region_key":"bicol","province_key":"sorsogon","type":"Municipality"}},{"type":"Feature","geometry":{"type":"MultiPolygon","coordinates":[[[[124.0189,12.8071],[124.0138,12.8179],[124.011,12.8312],[123.996,12.8677],[124.0036,12.8753],[124.0157,12.8763],[124.0198,12.8796],[124.0225,12.8864],[124.0264,12.8904],[124.0292,12.8996],[124.0275,12.9037],[124.0297,12.9054],[124.0275,12.9061],[124.0272,12.9081],[124.0325,12.9097],[124.0358,12.9203],[124.0414,12.9249],[124.0408,12.936],[124.0535,12.939],[124.0637,12.9304],[124.0753,12.9238],[124.0725,12.9093],[124.0704,12.8737],[124.0671,12.8497],[124.0685,12.8366],[124.0765,12.823],[124.0744,12.8198],[124.073,12.8035],[124.045,12.7913],[124.0254,12.8011],[124.0189,12.8071]]]]},"properties":{"ADM3_EN":"Casiguran","name":"Casiguran","ADM3_PCODE":"PH56205000","psgc_code":"56205000","ADM2_EN":"Sorsogon","ADM2_PCODE":"PH5620","ADM1_EN":"Region V (Bicol Region)","ADM1_PCODE":"PH05","ADM0_EN":"Philippines (the)","ADM0_PCODE":"PH","region_key":"bicol","province_key":"sorsogon","type":"Municipality"}},{"type":"Feature","geometry":{"type":"MultiPolygon","coordinates":[[[[123.7636,12.8383],[123.7639,12.8408],[123.7702,12.8488],[123.7697,12.8417],[123.7653,12.8364],[123.7636,12.8383]]],[[[123.746,12.8533],[123.7487,12.8629],[123.7462,12.8748],[123.7487,12.8842],[123.746,12.8914],[123.7486,12.8975],[123.7485,12.9205],[123.754,12.9244],[123.7583,12.9302],[123.7552,12.9536],[123.7686,12.9858],[123.7742,12.9911],[123.7835,12.9958],[123.785,13.0028],[123.7924,13.0066],[123.7974,13.0126],[123.8577,13.0405],[123.8735,13.0422],[123.8791,13.0409],[123.8734,13.0233],[123.8775,13.0136],[123.875,13.0033],[123.8766,12.9958],[123.875,12.9858],[123.8768,12.9803],[123.8838,12.9757],[123.8814,12.96],[123.8836,12.9522],[123.8814,12.9472],[123.8703,12.9461],[123.8681,12.9422],[123.873,12.945],[123.8783,12.945],[123.8792,12.9406],[123.8822,12.9375],[123.8805,12.9369],[123.8803,12.9336],[123.8772,12.9358],[123.8714,12.9344],[123.8717,12.9319],[123.8686,12.9294],[123.87,12.9264],[123.8647,12.9225],[123.8594,12.9211],[123.862,12.9175],[123.8578,12.9164],[123.8583,12.9117],[123.8569,12.9081],[123.8594,12.9069],[123.8567,12.9053],[123.8583,12.9036],[123.8547,12.9017],[123.8542,12.8997],[123.8558,12.8984],[123.8533,12.8978],[123.8497,12.9011],[123.8486,12.8975],[123.8372,12.9042],[123.8339,12.9017],[123.8353,12.8992],[123.8331,12.8992],[123.8346,12.8963],[123.832,12.8961],[123.8361,12.8906],[123.8311,12.8858],[123.8319,12.8831],[123.8294,12.8811],[123.8303,12.8789],[123.8281,12.8778],[123.8292,12.8756],[123.82,12.8756],[123.8229,12.8809],[123.8189,12.8858],[123.8189,12.8894],[123.8172,12.89],[123.8156,12.8858],[123.8169,12.8808],[123.8147,12.8789],[123.8142,12.8749],[123.81,12.8756],[123.8094,12.8711],[123.8058,12.8695],[123.8058,12.8658],[123.8008,12.8653],[123.7986,12.8669],[123.7961,12.8625],[123.79,12.8644],[123.7883,12.868],[123.7858,12.8667],[123.7811,12.8683],[123.7786,12.8731],[123.7767,12.8728],[123.7747,12.8756],[123.7717,12.8761],[123.7711,12.8808],[123.7675,12.8803],[123.7669,12.8819],[123.763,12.8786],[123.7608,12.8792],[123.763,12.8817],[123.7625,12.8869],[123.7617,12.8822],[123.7578,12.8822],[123.76,12.88],[123.7586,12.8753],[123.7606,12.8769],[123.7622,12.875],[123.7617,12.8775],[123.7636,12.8772],[123.7633,12.8664],[123.7464,12.8472],[123.746,12.8533]]],[[[123.8122,12.8695],[123.8105,12.8722],[123.8105,12.8736],[123.8133,12.8715],[123.8142,12.8686],[123.8122,12.8695]]],[[[123.8389,12.8747],[123.8381,12.8728],[123.8339,12.875],[123.8372,12.8756],[123.8389,12.8747]]],[[[123.8409,12.8817],[123.8414,12.88],[123.8361,12.8808],[123.8392,12.8844],[123.8409,12.8817]]],[[[123.8358,12.8944],[123.8378,12.8958],[123.8392,12.8947],[123.8381,12.8933],[123.8358,12.8944]]],[[[123.8414,12.8998],[123.8396,12.8973],[123.8364,12.8974],[123.836,12.9008],[123.8387,12.9031],[123.8414,12.8998]]]]},"properties":{"ADM3_EN":"Castilla","name":"Castilla","ADM3_PCODE":"PH56206000","psgc_code":"56206000","ADM2_EN":"Sorsogon","ADM2_PCODE":"PH5620","ADM1_EN":"Region V (Bicol Region)","ADM1_PCODE":"PH05","ADM0_EN":"Philippines (the)","ADM0_PCODE":"PH","region_key":"bicol","province_key":"sorsogon","type":"Municipality"}},{"type":"Feature","geometry":{"type":"MultiPolygon","coordinates":[[[[123.6067,12.8997],[123.595,12.9019],[123.5922,12.9042],[123.5933,12.9131],[123.5919,12.9211],[123.5889,12.9272],[123.5886,12.9356],[123.5867,12.9308],[123.5911,12.9194],[123.5917,12.9133],[123.5914,12.9083],[123.5892,12.9042],[123.5867,12.9122],[123.5717,12.9283],[123.5686,12.9335],[123.555,12.9464],[123.5458,12.9497],[123.5381,12.9489],[123.535,12.9466],[123.535,12.9394],[123.532,12.9364],[123.5292,12.9372],[123.5269,12.9394],[123.5242,12.9475],[123.5114,12.9581],[123.5086,12.9642],[123.498,12.9736],[123.4939,12.9819],[123.4881,12.9864],[123.4804,12.9889],[123.4825,12.9939],[123.4893,13.0006],[123.5266,13.0175],[123.5464,13.024],[123.5633,13.0247],[123.5652,13.0272],[123.574,13.031],[123.5859,13.0218],[123.5943,13.0203],[123.6144,13.0204],[123.6191,13.0225],[123.6269,13.0148],[123.6276,13.0105],[123.6316,13.0108],[123.6339,13.0133],[123.6324,13.0033],[123.6221,12.9871],[123.6246,12.9802],[123.6309,12.9823],[123.6315,12.9808],[123.634,12.9819],[123.6357,12.9801],[123.6375,12.9806],[123.6428,12.9774],[123.6443,12.9722],[123.6389,12.9635],[123.6405,12.9588],[123.6373,12.9531],[123.6398,12.9527],[123.6411,12.9481],[123.6358,12.9364],[123.6382,12.9214],[123.642,12.9165],[123.6417,12.9091],[123.6376,12.9071],[123.634,12.9097],[123.6254,12.9054],[123.6259,12.8984],[123.6311,12.8992],[123.632,12.8979],[123.6272,12.8953],[123.6093,12.898],[123.6067,12.8997]]]]},"properties":{"ADM3_EN":"Donsol","name":"Donsol","ADM3_PCODE":"PH56207000","psgc_code":"56207000","ADM2_EN":"Sorsogon","ADM2_PCODE":"PH5620","ADM1_EN":"Region V (Bicol Region)","ADM1_PCODE":"PH05","ADM0_EN":"Philippines (the)","ADM0_PCODE":"PH","region_key":"bicol","province_key":"sorsogon","type":"Municipality"}},{"type":"Feature","geometry":{"type":"MultiPolygon","coordinates":[[[[124.0823,12.832],[124.0792,12.8297],[124.0763,12.8241],[124.0749,12.8246],[124.0685,12.8366],[124.0671,12.8497],[124.0704,12.8737],[124.0725,12.9093],[124.081,12.9451],[124.0904,12.969],[124.1168,12.9965],[124.1197,13.0054],[124.1356,13.011],[124.138,13.0135],[124.1388,13.0091],[124.1423,13.0065],[124.1461,12.9996],[124.1514,12.9964],[124.1488,12.9876],[124.1422,12.9807],[124.1412,12.9692],[124.1436,12.9692],[124.1486,12.9725],[124.152,12.9715],[124.1536,12.9689],[124.1497,12.9667],[124.1458,12.96],[124.1471,12.9541],[124.1453,12.9442],[124.1419,12.9369],[124.1425,12.9339],[124.1392,12.9314],[124.1356,12.9314],[124.1336,12.9361],[124.1336,12.9306],[124.1275,12.9289],[124.1258,12.9264],[124.1267,12.92],[124.1314,12.9161],[124.1275,12.9128],[124.1171,12.9109],[124.1169,12.9075],[124.1226,12.8949],[124.1261,12.8925],[124.1331,12.8915],[124.1397,12.8939],[124.1428,12.8989],[124.1458,12.8983],[124.1483,12.893],[124.1486,12.8853],[124.1472,12.8842],[124.1442,12.8858],[124.1423,12.8844],[124.1414,12.8753],[124.1316,12.8794],[124.1224,12.8805],[124.1148,12.8786],[124.092,12.8666],[124.088,12.8601],[124.0823,12.832]]]]},"properties":{"ADM3_EN":"Gubat","name":"Gubat","ADM3_PCODE":"PH56208000","psgc_code":"56208000","ADM2_EN":"Sorsogon","ADM2_PCODE":"PH5620","ADM1_EN":"Region V (Bicol Region)","ADM1_PCODE":"PH05","ADM0_EN":"Philippines (the)","ADM0_PCODE":"PH","region_key":"bicol","province_key":"sorsogon","type":"Municipality"}},{"type":"Feature","geometry":{"type":"MultiPolygon","coordinates":[[[[124.02,12.6582],[124.0041,12.663],[123.9868,12.6744],[123.9761,12.6934],[123.9586,12.731],[123.9854,12.7341],[123.9785,12.7443],[123.979,12.7495],[123.9859,12.757],[124.0176,12.769],[124.0495,12.778],[124.1056,12.6933],[124.0799,12.6812],[124.0461,12.6618],[124.0359,12.6587],[124.02,12.6582]]]]},"properties":{"ADM3_EN":"Irosin","name":"Irosin","ADM3_PCODE":"PH56209000","psgc_code":"56209000","ADM2_EN":"Sorsogon","ADM2_PCODE":"PH5620","ADM1_EN":"Region V (Bicol Region)","ADM1_PCODE":"PH05","ADM0_EN":"Philippines (the)","ADM0_PCODE":"PH","region_key":"bicol","province_key":"sorsogon","type":"Municipality"}},{"type":"Feature","geometry":{"type":"MultiPolygon","coordinates":[[[[123.9517,12.7395],[123.9545,12.7719],[123.9407,12.7692],[123.9393,12.7936],[123.9345,12.8096],[123.9277,12.8198],[123.9137,12.8331],[123.91,12.855],[123.9125,12.8569],[123.9175,12.8494],[123.9203,12.8528],[123.925,12.8458],[123.9273,12.8473],[123.9272,12.8514],[123.9292,12.8531],[123.9322,12.8456],[123.9344,12.8444],[123.9364,12.8453],[123.9393,12.856],[123.9411,12.85],[123.9428,12.8489],[123.9442,12.8503],[123.9442,12.8592],[123.9411,12.8653],[123.9428,12.8675],[123.9419,12.8703],[123.9478,12.8756],[123.9608,12.8758],[123.9646,12.8792],[123.9747,12.8767],[123.9758,12.8806],[123.9778,12.8792],[123.9856,12.88],[123.987,12.8786],[123.9811,12.875],[123.9881,12.8767],[123.9881,12.8742],[123.9922,12.8711],[123.9933,12.8672],[123.9905,12.865],[123.9953,12.8633],[123.9966,12.8677],[123.998,12.8653],[124.011,12.8312],[124.0172,12.8094],[124.0254,12.8011],[124.045,12.7913],[124.0495,12.778],[124.0176,12.769],[123.9859,12.757],[123.979,12.7495],[123.9785,12.7443],[123.9854,12.7341],[123.9512,12.73],[123.9517,12.7395]]],[[[123.9083,12.8631],[123.9108,12.8603],[123.9103,12.8589],[123.905,12.8586],[123.9039,12.8619],[123.9008,12.8606],[123.8994,12.8617],[123.9003,12.8636],[123.9058,12.8661],[123.9083,12.8631]]],[[[123.8908,12.8869],[123.8922,12.8792],[123.9025,12.8806],[123.9003,12.8783],[123.9003,12.8756],[123.9042,12.8711],[123.9042,12.8689],[123.9022,12.8675],[123.8956,12.8685],[123.8917,12.8722],[123.8886,12.8692],[123.8864,12.8706],[123.8808,12.885],[123.8864,12.8889],[123.8889,12.8892],[123.8908,12.8869]]]]},"properties":{"ADM3_EN":"Juban","name":"Juban","ADM3_PCODE":"PH56210000","psgc_code":"56210000","ADM2_EN":"Sorsogon","ADM2_PCODE":"PH5621","ADM1_EN":"Region V (Bicol Region)","ADM1_PCODE":"PH05","ADM0_EN":"Philippines (the)","ADM0_PCODE":"PH","region_key":"bicol","province_key":"sorsogon","type":"Municipality"}},{"type":"Feature","geometry":{"type":"MultiPolygon","coordinates":[[[[123.8516,12.7512],[123.8461,12.7516],[123.8458,12.7528],[123.8458,12.795],[123.8442,12.8041],[123.8394,12.8203],[123.8303,12.8289],[123.8375,12.8328],[123.8422,12.8256],[123.8486,12.8239],[123.8519,12.825],[123.8533,12.8283],[123.8633,12.8325],[123.8669,12.8364],[123.8658,12.8378],[123.86,12.8331],[123.8586,12.8356],[123.8597,12.8372],[123.8583,12.8375],[123.855,12.8333],[123.8506,12.8331],[123.85,12.83],[123.8467,12.8306],[123.8417,12.8275],[123.8403,12.8297],[123.8433,12.8297],[123.8436,12.8319],[123.8397,12.8322],[123.8356,12.8369],[123.8372,12.8383],[123.8428,12.8381],[123.8425,12.84],[123.8464,12.8436],[123.8456,12.8458],[123.8483,12.8483],[123.8519,12.8467],[123.855,12.8489],[123.8528,12.8533],[123.85,12.8525],[123.8464,12.8547],[123.8469,12.8569],[123.8517,12.8583],[123.8569,12.8564],[123.8636,12.8601],[123.8589,12.8669],[123.8578,12.8722],[123.8589,12.8753],[123.8611,12.8736],[123.8681,12.8733],[123.8744,12.87],[123.8767,12.8711],[123.8822,12.8661],[123.8914,12.8636],[123.8951,12.8602],[123.8956,12.8572],[123.8973,12.8578],[123.8967,12.8561],[123.8983,12.8536],[123.8989,12.8589],[123.9075,12.8514],[123.9106,12.8533],[123.9137,12.8331],[123.9277,12.8198],[123.9345,12.8096],[123.9393,12.7936],[123.9407,12.7692],[123.9545,12.7719],[123.9541,12.7644],[123.9538,12.76],[123.9309,12.7553],[123.8516,12.7512]]],[[[123.8133,12.8344],[123.8178,12.8311],[123.822,12.8325],[123.8261,12.8317],[123.8289,12.8256],[123.8281,12.8217],[123.8197,12.8178],[123.8172,12.8219],[123.8097,12.8222],[123.8003,12.8272],[123.7981,12.8303],[123.7906,12.8325],[123.7917,12.8367],[123.7931,12.8358],[123.7975,12.8392],[123.8014,12.84],[123.8089,12.8389],[123.8133,12.8344]]]]},"properties":{"ADM3_EN":"Magallanes","name":"Magallanes","ADM3_PCODE":"PH56211000","psgc_code":"56211000","ADM2_EN":"Sorsogon","ADM2_PCODE":"PH5621","ADM1_EN":"Region V (Bicol Region)","ADM1_PCODE":"PH05","ADM0_EN":"Philippines (the)","ADM0_PCODE":"PH","region_key":"bicol","province_key":"sorsogon","type":"Municipality"}},{"type":"Feature","geometry":{"type":"MultiPolygon","coordinates":[[[[124.0981,12.525],[124.0906,12.5233],[124.0889,12.5283],[124.0928,12.5336],[124.095,12.5417],[124.0975,12.5442],[124.0983,12.5422],[124.1,12.5433],[124.1031,12.5419],[124.1047,12.5445],[124.1036,12.549],[124.1084,12.5456],[124.1062,12.5502],[124.1113,12.5493],[124.1134,12.5427],[124.1101,12.5441],[124.1039,12.5403],[124.1033,12.5358],[124.1061,12.5322],[124.1061,12.5294],[124.1042,12.53],[124.0981,12.525]]],[[[124.0906,12.5458],[124.0892,12.5433],[124.0867,12.5481],[124.0897,12.5489],[124.0906,12.5458]]],[[[124.1192,12.5593],[124.1198,12.5559],[124.1164,12.5525],[124.1186,12.5483],[124.1175,12.544],[124.112,12.5522],[124.1133,12.555],[124.1161,12.5561],[124.1158,12.5592],[124.1111,12.5569],[124.1103,12.5517],[124.1086,12.5525],[124.112,12.5594],[124.117,12.5611],[124.1192,12.5593]]],[[[124.0889,12.5869],[124.0875,12.5858],[124.0883,12.5839],[124.0853,12.5826],[124.0856,12.5799],[124.0907,12.5778],[124.0989,12.5706],[124.0994,12.5658],[124.0981,12.5653],[124.0961,12.5689],[124.095,12.5679],[124.0967,12.5647],[124.095,12.5622],[124.0967,12.5638],[124.0961,12.5606],[124.098,12.5564],[124.0906,12.5519],[124.0883,12.5531],[124.0892,12.5571],[124.0822,12.5533],[124.0842,12.5458],[124.0767,12.5422],[124.0792,12.5406],[124.0811,12.5427],[124.0812,12.5359],[124.0775,12.5361],[124.0758,12.5403],[124.0714,12.5378],[124.0514,12.5397],[124.0442,12.5328],[124.0425,12.5328],[124.0364,12.5361],[124.0347,12.5422],[124.036,12.5433],[124.0356,12.5465],[124.0322,12.5406],[124.0319,12.5356],[124.0278,12.5367],[124.0256,12.5347],[124.0214,12.5428],[124.0203,12.5367],[124.0125,12.5408],[124.0108,12.5394],[124.0031,12.5397],[123.9964,12.5425],[123.9983,12.5442],[123.9964,12.5469],[123.9917,12.5444],[123.9889,12.545],[123.9822,12.5542],[123.9794,12.5542],[123.9772,12.5561],[123.9742,12.5542],[123.9727,12.5596],[123.9752,12.5996],[123.9842,12.6162],[123.9886,12.639],[123.9897,12.6624],[123.9868,12.6744],[123.997,12.6667],[124.0117,12.6604],[124.02,12.6582],[124.0401,12.6594],[124.0436,12.6381],[124.0514,12.6282],[124.0646,12.6236],[124.0867,12.6129],[124.1049,12.6088],[124.1089,12.6003],[124.11,12.5939],[124.1078,12.5919],[124.0986,12.5913],[124.0956,12.5881],[124.0889,12.5869]]],[[[124.13,12.5822],[124.128,12.5781],[124.1229,12.5777],[124.122,12.5809],[124.1243,12.5835],[124.13,12.5822]]]]},"properties":{"ADM3_EN":"Matnog","name":"Matnog","ADM3_PCODE":"PH56212000","psgc_code":"56212000","ADM2_EN":"Sorsogon","ADM2_PCODE":"PH5621","ADM1_EN":"Region V (Bicol Region)","ADM1_PCODE":"PH05","ADM0_EN":"Philippines (the)","ADM0_PCODE":"PH","region_key":"bicol","province_key":"sorsogon","type":"Municipality"}},{"type":"Feature","geometry":{"type":"MultiPolygon","coordinates":[[[[123.6572,12.8917],[123.6619,12.8892],[123.655,12.8808],[123.6556,12.8753],[123.6522,12.87],[123.6369,12.8864],[123.6239,12.8942],[123.6119,12.8978],[123.6248,12.8954],[123.63,12.8964],[123.632,12.8979],[123.6311,12.8992],[123.6259,12.8984],[123.6248,12.9005],[123.6254,12.9054],[123.634,12.9097],[123.6376,12.9071],[123.6417,12.9091],[123.642,12.9165],[123.6382,12.9214],[123.6358,12.9364],[123.6411,12.9481],[123.6398,12.9527],[123.6373,12.9531],[123.6405,12.9588],[123.6389,12.9635],[123.6443,12.9722],[123.6428,12.9774],[123.6375,12.9806],[123.6357,12.9801],[123.634,12.9819],[123.6315,12.9808],[123.6309,12.9823],[123.6246,12.9802],[123.6221,12.9871],[123.6324,13.0033],[123.635,13.0156],[123.641,13.0151],[123.6486,13.0168],[123.6495,13.0145],[123.6523,13.0153],[123.6536,13.0132],[123.6566,13.0167],[123.6595,13.0169],[123.6616,13.0229],[123.6702,13.0261],[123.7118,13.0268],[123.7202,13.0245],[123.7348,13.0237],[123.7365,13.0166],[123.7432,13.0056],[123.7445,12.9996],[123.7502,12.9978],[123.7542,12.9989],[123.7558,12.9971],[123.7581,12.9989],[123.7611,12.998],[123.7662,12.9879],[123.7686,12.9858],[123.7552,12.9536],[123.7583,12.9302],[123.754,12.9244],[123.7485,12.9205],[123.7486,12.8975],[123.746,12.8914],[123.7487,12.8842],[123.7462,12.8748],[123.7487,12.8629],[123.7461,12.8553],[123.7462,12.8472],[123.7425,12.845],[123.7319,12.8458],[123.7228,12.8603],[123.7281,12.8683],[123.7281,12.8708],[123.7239,12.8708],[123.7197,12.8758],[123.7161,12.8747],[123.7103,12.8764],[123.7122,12.8811],[123.7233,12.8842],[123.7281,12.8822],[123.7294,12.8858],[123.7322,12.8822],[123.7336,12.8847],[123.7389,12.8856],[123.7442,12.8819],[123.7439,12.8839],[123.7383,12.8875],[123.7319,12.885],[123.7297,12.8886],[123.7347,12.8944],[123.7333,12.8972],[123.7322,12.8942],[123.7269,12.8892],[123.7258,12.8856],[123.7225,12.8867],[123.7194,12.8847],[123.7156,12.8847],[123.7139,12.8861],[123.7089,12.8861],[123.7081,12.8831],[123.7047,12.8839],[123.7025,12.8881],[123.6989,12.8883],[123.6956,12.8925],[123.6983,12.8953],[123.7008,12.8931],[123.7014,12.8964],[123.6978,12.8967],[123.6958,12.8944],[123.6908,12.8972],[123.6889,12.8967],[123.6878,12.8956],[123.6897,12.8933],[123.6886,12.8906],[123.6897,12.8875],[123.6881,12.8858],[123.6994,12.8758],[123.7061,12.8781],[123.7039,12.8725],[123.697,12.8717],[123.695,12.8667],[123.6922,12.865],[123.6825,12.8756],[123.6844,12.8789],[123.6814,12.8872],[123.682,12.89],[123.6783,12.8961],[123.6772,12.9028],[123.6722,12.9089],[123.675,12.9094],[123.6778,12.9056],[123.6797,12.9092],[123.6806,12.9081],[123.6786,12.905],[123.6822,12.9039],[123.6836,12.9053],[123.6828,12.9097],[123.6855,12.9111],[123.6872,12.9092],[123.6897,12.9114],[123.6875,12.9131],[123.6858,12.9122],[123.6872,12.9144],[123.6933,12.9172],[123.6958,12.9164],[123.6939,12.9194],[123.697,12.9228],[123.6986,12.9289],[123.7022,12.9308],[123.7042,12.9342],[123.7081,12.9331],[123.7125,12.9272],[123.7181,12.9258],[123.7164,12.9292],[123.7131,12.9281],[123.7117,12.9319],[123.7072,12.9353],[123.7106,12.9364],[123.7153,12.9353],[123.7144,12.9378],[123.7086,12.9378],[123.7119,12.9428],[123.7108,12.945],[123.7133,12.9475],[123.7197,12.9481],[123.7233,12.9506],[123.7139,12.9486],[123.7119,12.9497],[123.7078,12.9383],[123.7053,12.9358],[123.7028,12.9361],[123.6981,12.9336],[123.6934,12.9433],[123.6947,12.9469],[123.6937,12.9497],[123.6964,12.954],[123.6889,12.9647],[123.6886,12.9617],[123.6953,12.9542],[123.693,12.9508],[123.6922,12.945],[123.6967,12.9331],[123.6961,12.9286],[123.6944,12.9314],[123.6933,12.9306],[123.695,12.925],[123.6933,12.9231],[123.6906,12.9258],[123.6914,12.9228],[123.6892,12.9211],[123.6914,12.9183],[123.6861,12.9164],[123.6814,12.9189],[123.6839,12.9208],[123.6864,12.92],[123.6886,12.9231],[123.6858,12.9217],[123.6828,12.9231],[123.6836,12.9256],[123.68,12.9272],[123.6803,12.9303],[123.6783,12.9292],[123.6745,12.9311],[123.6705,12.9297],[123.6697,12.9289],[123.6717,12.9267],[123.6764,12.9292],[123.6772,12.9281],[123.6756,12.9267],[123.6783,12.9269],[123.682,12.9228],[123.6808,12.9217],[123.675,12.9225],[123.6667,12.9167],[123.6633,12.9172],[123.6625,12.9136],[123.6575,12.9103],[123.6547,12.9056],[123.6544,12.9006],[123.6525,12.8986],[123.6492,12.8992],[123.6497,12.8972],[123.6472,12.8961],[123.65,12.8947],[123.6525,12.8969],[123.6544,12.8925],[123.6572,12.8917]]],[[[123.6561,12.8989],[123.6578,12.9003],[123.6583,12.8997],[123.6558,12.8972],[123.6561,12.8989]]]]},"properties":{"ADM3_EN":"Pilar","name":"Pilar","ADM3_PCODE":"PH56213000","psgc_code":"56213000","ADM2_EN":"Sorsogon","ADM2_PCODE":"PH5621","ADM1_EN":"Region V (Bicol Region)","ADM1_PCODE":"PH05","ADM0_EN":"Philippines (the)","ADM0_PCODE":"PH","region_key":"bicol","province_key":"sorsogon","type":"Municipality"}},{"type":"Feature","geometry":{"type":"MultiPolygon","coordinates":[[[[124.1622,12.9983],[124.1689,13.0036],[124.1715,13.0023],[124.1647,12.9969],[124.1622,12.9983]]],[[[124.1619,13.0106],[124.1617,13.0142],[124.1638,13.0162],[124.1636,13.0194],[124.1672,13.0253],[124.1664,13.0267],[124.1568,13.0166],[124.1581,13.0131],[124.1611,13.0122],[124.1623,13.0044],[124.1558,13.0016],[124.1514,12.9964],[124.1461,12.9996],[124.1423,13.0065],[124.1388,13.0091],[124.138,13.0135],[124.1356,13.011],[124.1197,13.0054],[124.1308,13.0203],[124.1368,13.0354],[124.138,13.0587],[124.1342,13.0757],[124.1437,13.0755],[124.1457,13.0736],[124.1452,13.0708],[124.1506,13.0733],[124.1536,13.0717],[124.1579,13.0718],[124.1611,13.0695],[124.1868,13.0674],[124.1905,13.0661],[124.1949,13.0575],[124.195,13.0431],[124.1967,13.0403],[124.195,13.0353],[124.1907,13.0317],[124.1839,13.03],[124.1828,13.0244],[124.1797,13.0261],[124.1764,13.0244],[124.1836,13.0231],[124.1858,13.0254],[124.1878,13.0234],[124.1899,13.0239],[124.188,13.0261],[124.1847,13.0258],[124.1842,13.0275],[124.1855,13.0297],[124.1886,13.0302],[124.1936,13.0253],[124.1961,13.0256],[124.1967,13.0225],[124.1989,13.0225],[124.1983,13.0183],[124.1917,13.013],[124.1891,13.0086],[124.1862,13.0091],[124.1843,13.0072],[124.1729,13.0032],[124.1696,13.0055],[124.1659,13.0059],[124.1619,13.0106]]],[[[124.1978,13.0311],[124.1944,13.0303],[124.193,13.0317],[124.1978,13.0336],[124.1989,13.0328],[124.1978,13.0311]]]]},"properties":{"ADM3_EN":"Prieto Diaz","name":"Prieto Diaz","ADM3_PCODE":"PH56214000","psgc_code":"56214000","ADM2_EN":"Sorsogon","ADM2_PCODE":"PH5621","ADM1_EN":"Region V (Bicol Region)","ADM1_PCODE":"PH05","ADM0_EN":"Philippines (the)","ADM0_PCODE":"PH","region_key":"bicol","province_key":"sorsogon","type":"Municipality"}},{"type":"Feature","geometry":{"type":"MultiPolygon","coordinates":[[[[124.073,12.6194],[124.0514,12.6282],[124.0473,12.6322],[124.0436,12.6381],[124.0401,12.6594],[124.0799,12.6812],[124.1056,12.6933],[124.1192,12.6963],[124.1304,12.6934],[124.1292,12.6814],[124.1345,12.6761],[124.1361,12.6717],[124.1333,12.6683],[124.1339,12.6625],[124.1283,12.6586],[124.1236,12.6575],[124.1211,12.6539],[124.1147,12.6513],[124.1053,12.6425],[124.0978,12.6403],[124.0946,12.636],[124.096,12.6336],[124.0949,12.62],[124.1032,12.614],[124.1046,12.6084],[124.092,12.611],[124.073,12.6194]]]]},"properties":{"ADM3_EN":"Santa Magdalena","name":"Santa Magdalena","ADM3_PCODE":"PH56215000","psgc_code":"56215000","ADM2_EN":"Sorsogon","ADM2_PCODE":"PH5621","ADM1_EN":"Region V (Bicol Region)","ADM1_PCODE":"PH05","ADM0_EN":"Philippines (the)","ADM0_PCODE":"PH","region_key":"bicol","province_key":"sorsogon","type":"Municipality"}},{"type":"Feature","geometry":{"type":"MultiPolygon","coordinates":[[[[124.0404,12.9378],[124.0392,12.9442],[124.0338,12.9517],[124.0311,12.9594],[124.0326,12.9637],[124.0225,12.9724],[124.013,12.9714],[124.0072,12.9672],[123.9995,12.9649],[124.0011,12.9641],[124.0006,12.963],[123.9967,12.9658],[123.9928,12.9625],[123.9905,12.9631],[123.9856,12.9603],[123.9842,12.9614],[123.9872,12.9625],[123.9856,12.9633],[123.9675,12.9547],[123.9647,12.9572],[123.9586,12.9553],[123.9522,12.9575],[123.9494,12.9558],[123.94,12.9575],[123.9378,12.9592],[123.9364,12.9639],[123.9278,12.9662],[123.9269,12.9692],[123.9286,12.9728],[123.9208,12.9792],[123.9128,12.9761],[123.9061,12.9767],[123.9003,12.9725],[123.8964,12.9731],[123.8956,12.975],[123.8889,12.9781],[123.885,12.9775],[123.8838,12.9757],[123.8768,12.9803],[123.875,12.9858],[123.8766,12.9958],[123.875,13.0033],[123.8775,13.0136],[123.8734,13.0233],[123.8765,13.0359],[123.8791,13.0409],[123.8939,13.0376],[123.9003,13.0387],[123.9081,13.0442],[123.9137,13.0548],[123.9186,13.0787],[123.9238,13.095],[123.9349,13.1133],[123.94,13.1181],[123.9484,13.1067],[123.96,13.1017],[123.9665,13.1032],[123.9724,13.109],[123.975,13.0998],[123.9788,13.0934],[123.9938,13.0918],[124.0078,13.0758],[124.0099,13.0697],[124.0143,13.0663],[124.0165,13.0604],[124.0211,13.0584],[124.0225,13.0521],[124.0323,13.0476],[124.0372,13.0416],[124.0434,13.0417],[124.058,13.0351],[124.0606,13.0362],[124.0655,13.0332],[124.0707,13.0212],[124.0708,13.0169],[124.0745,13.0142],[124.0722,13.0106],[124.0749,13.0075],[124.0749,13.0052],[124.0847,13.0022],[124.0894,13.0043],[124.0911,13.0092],[124.095,13.0119],[124.0979,13.0248],[124.1047,13.0344],[124.1069,13.0451],[124.1053,13.052],[124.1076,13.0601],[124.1109,13.0618],[124.115,13.0673],[124.1342,13.0757],[124.1382,13.0565],[124.1357,13.0319],[124.1308,13.0203],[124.1181,13.0024],[124.1168,12.9965],[124.0904,12.969],[124.081,12.9451],[124.0753,12.9238],[124.0637,12.9304],[124.0535,12.939],[124.0408,12.936],[124.0404,12.9378]]]]},"properties":{"ADM3_EN":"Sorsogon City","name":"Sorsogon City","ADM3_PCODE":"PH56216000","psgc_code":"56216000","ADM2_EN":"Sorsogon","ADM2_PCODE":"PH5621","ADM1_EN":"Region V (Bicol Region)","ADM1_PCODE":"PH05","ADM0_EN":"Philippines (the)","ADM0_PCODE":"PH","region_key":"bicol","province_key":"sorsogon","type":"City"}}]}