{"type":"FeatureCollection","name":"central_visayas_municipalities","crs":{"type":"name","properties":{"name":"urn:ogc:def:crs:OGC:1.3:CRS84"}},"features":[{"type":"Feature","geometry":{"type":"MultiPolygon","coordinates":[[[[123.9539,9.6076],[123.9458,9.6086],[123.9401,9.6124],[123.9543,9.6663],[123.9908,9.66],[123.9764,9.6033],[123.9742,9.605],[123.9704,9.6014],[123.9674,9.6012],[123.9539,9.6076]]]]},"properties":{"ADM3_EN":"Albuquerque","name":"Albuquerque","ADM3_PCODE":"PH71201000","psgc_code":"71201000","ADM2_EN":"Bohol","ADM2_PCODE":"PH7120","ADM1_EN":"Region VII (Central Visayas)","ADM1_PCODE":"PH07","ADM0_EN":"Philippines (the)","ADM0_PCODE":"PH","region_key":"central_visayas","province_key":"bohol","type":"Municipality"}},{"type":"Feature","geometry":{"type":"MultiPolygon","coordinates":[[[[124.409,9.8463],[124.4058,9.8453],[124.3988,9.8503],[124.3932,9.8545],[124.3856,9.8638],[124.3817,9.8632],[124.3768,9.8649],[124.3732,9.8716],[124.3727,9.8778],[124.3783,9.8816],[124.3749,9.947],[124.3815,9.949],[124.3934,9.9457],[124.4066,9.9474],[124.4106,9.9454],[124.4153,9.9461],[124.4254,9.9425],[124.4302,9.9425],[124.4878,9.9511],[124.487,9.923],[124.4887,9.9026],[124.4713,9.8631],[124.409,9.8463]]]]},"properties":{"ADM3_EN":"Alicia","name":"Alicia","ADM3_PCODE":"PH71202000","psgc_code":"71202000","ADM2_EN":"Bohol","ADM2_PCODE":"PH7120","ADM1_EN":"Region VII (Central Visayas)","ADM1_PCODE":"PH07","ADM0_EN":"Philippines (the)","ADM0_PCODE":"PH","region_key":"central_visayas","province_key":"bohol","type":"Municipality"}},{"type":"Feature","geometry":{"type":"MultiPolygon","coordinates":[[[[124.5482,9.7286],[124.5273,9.725],[124.5205,9.7217],[124.5165,9.7221],[124.5331,9.7928],[124.563,9.7934],[124.5949,9.806],[124.5964,9.8054],[124.5969,9.8035],[124.5939,9.8012],[124.5933,9.7969],[124.5947,9.7937],[124.5926,9.7884],[124.5957,9.7713],[124.5936,9.7575],[124.5878,9.7511],[124.5795,9.7478],[124.5714,9.7324],[124.5482,9.7286]]]]},"properties":{"ADM3_EN":"Anda","name":"Anda","ADM3_PCODE":"PH71203000","psgc_code":"71203000","ADM2_EN":"Bohol","ADM2_PCODE":"PH7120","ADM1_EN":"Region VII (Central Visayas)","ADM1_PCODE":"PH07","ADM0_EN":"Philippines (the)","ADM0_PCODE":"PH","region_key":"central_visayas","province_key":"bohol","type":"Municipality"}},{"type":"Feature","geometry":{"type":"MultiPolygon","coordinates":[[[[123.9104,9.7436],[123.9058,9.7414],[123.9061,9.7432],[123.904,9.743],[123.9028,9.7446],[123.9042,9.7515],[123.9004,9.7547],[123.9011,9.7585],[123.8969,9.7605],[123.8955,9.7651],[123.8911,9.7662],[123.8532,9.7934],[123.8745,9.8103],[123.8995,9.8272],[123.9095,9.8184],[123.9319,9.8049],[123.9585,9.7863],[123.9526,9.7758],[123.9492,9.778],[123.9429,9.776],[123.9447,9.766],[123.9393,9.762],[123.931,9.7488],[123.9242,9.7502],[123.9258,9.7448],[123.9212,9.7448],[123.9173,9.7403],[123.9145,9.7414],[123.9134,9.7446],[123.9104,9.7436]]]]},"properties":{"ADM3_EN":"Antequera","name":"Antequera","ADM3_PCODE":"PH71204000","psgc_code":"71204000","ADM2_EN":"Bohol","ADM2_PCODE":"PH7120","ADM1_EN":"Region VII (Central Visayas)","ADM1_PCODE":"PH07","ADM0_EN":"Philippines (the)","ADM0_PCODE":"PH","region_key":"central_visayas","province_key":"bohol","type":"Municipality"}},{"type":"Feature","geometry":{"type":"MultiPolygon","coordinates":[[[[123.9203,9.4875],[123.9183,9.4897],[123.9203,9.4992],[123.9228,9.5003],[123.928,9.4981],[123.93,9.4917],[123.9261,9.4875],[123.9217,9.4858],[123.9203,9.4875]]],[[[123.9158,9.6214],[123.8883,9.625],[123.8882,9.6654],[123.912,9.6607],[123.9528,9.6603],[123.9401,9.6124],[123.9158,9.6214]]]]},"properties":{"ADM3_EN":"Baclayon","name":"Baclayon","ADM3_PCODE":"PH71205000","psgc_code":"71205000","ADM2_EN":"Bohol","ADM2_PCODE":"PH7120","ADM1_EN":"Region VII (Central Visayas)","ADM1_PCODE":"PH07","ADM0_EN":"Philippines (the)","ADM0_PCODE":"PH","region_key":"central_visayas","province_key":"bohol","type":"Municipality"}},{"type":"Feature","geometry":{"type":"MultiPolygon","coordinates":[[[[123.9352,9.7304],[123.931,9.7488],[123.9393,9.762],[123.9447,9.766],[123.9429,9.776],[123.9492,9.778],[123.9526,9.7758],[123.9571,9.782],[123.9597,9.7911],[123.9635,9.7948],[123.9646,9.8016],[123.9703,9.8088],[123.9712,9.8251],[123.9759,9.8331],[123.9875,9.8206],[124.0275,9.7995],[124.0322,9.8061],[124.0299,9.8206],[124.0329,9.8264],[124.074,9.8188],[124.0751,9.816],[124.0685,9.8064],[124.0684,9.7995],[124.0648,9.7961],[124.0677,9.7858],[124.0585,9.7687],[124.0565,9.7672],[124.0523,9.7677],[124.0468,9.7649],[124.0439,9.7671],[124.0348,9.7685],[124.0169,9.7297],[123.9988,9.7133],[123.9693,9.7034],[123.9384,9.7189],[123.9354,9.7258],[123.9352,9.7304]]]]},"properties":{"ADM3_EN":"Balilihan","name":"Balilihan","ADM3_PCODE":"PH71206000","psgc_code":"71206000","ADM2_EN":"Bohol","ADM2_PCODE":"PH7120","ADM1_EN":"Region VII (Central Visayas)","ADM1_PCODE":"PH07","ADM0_EN":"Philippines (the)","ADM0_PCODE":"PH","region_key":"central_visayas","province_key":"bohol","type":"Municipality"}},{"type":"Feature","geometry":{"type":"MultiPolygon","coordinates":[[[[124.1917,9.7458],[124.1973,9.7354],[124.2009,9.7245],[124.1892,9.7213],[124.1789,9.7426],[124.1685,9.7491],[124.1597,9.7602],[124.1469,9.7657],[124.1215,9.7705],[124.1125,9.7696],[124.1043,9.7664],[124.1001,9.7692],[124.0945,9.7683],[124.0935,9.7731],[124.0917,9.7745],[124.0928,9.7758],[124.0904,9.779],[124.0842,9.7796],[124.0816,9.7832],[124.0674,9.7898],[124.0648,9.7961],[124.0684,9.7995],[124.0685,9.8064],[124.0751,9.816],[124.0742,9.8194],[124.0768,9.8163],[124.0789,9.8166],[124.0794,9.8209],[124.0919,9.8323],[124.0907,9.8387],[124.0959,9.8416],[124.0988,9.8412],[124.099,9.8482],[124.0974,9.8532],[124.0999,9.8539],[124.1,9.8571],[124.0979,9.8611],[124.1008,9.8627],[124.105,9.8709],[124.1079,9.8692],[124.1109,9.8699],[124.113,9.8669],[124.1112,9.8636],[124.1147,9.8624],[124.1242,9.8691],[124.1484,9.8381],[124.1508,9.8401],[124.1542,9.8373],[124.1593,9.8265],[124.158,9.8226],[124.1609,9.8175],[124.1575,9.8112],[124.1465,9.8042],[124.1452,9.8],[124.1584,9.7942],[124.1605,9.7874],[124.1679,9.7788],[124.169,9.77],[124.1917,9.7458]]]]},"properties":{"ADM3_EN":"Batuan","name":"Batuan","ADM3_PCODE":"PH71207000","psgc_code":"71207000","ADM2_EN":"Bohol","ADM2_PCODE":"PH7120","ADM1_EN":"Region VII (Central Visayas)","ADM1_PCODE":"PH07","ADM0_EN":"Philippines (the)","ADM0_PCODE":"PH","region_key":"central_visayas","province_key":"bohol","type":"Municipality"}},{"type":"Feature","geometry":{"type":"MultiPolygon","coordinates":[[[[124.3897,10.1025],[124.3905,10.0974],[124.3928,10.0966],[124.3678,10.09],[124.3583,10.0954],[124.3461,10.0946],[124.3474,10.1001],[124.345,10.1042],[124.3436,10.1169],[124.3453,10.125],[124.3472,10.1288],[124.3491,10.1291],[124.35,10.1267],[124.3514,10.1269],[124.362,10.1353],[124.3631,10.1436],[124.3655,10.146],[124.3684,10.1541],[124.3736,10.1505],[124.3809,10.1369],[124.3921,10.1304],[124.3933,10.1227],[124.3897,10.1025]]],[[[124.3725,10.1794],[124.3767,10.1842],[124.3805,10.185],[124.3875,10.1822],[124.3925,10.1775],[124.3856,10.1744],[124.3771,10.1667],[124.3718,10.1778],[124.3725,10.1794]]],[[[124.4413,10.1592],[124.4411,10.1617],[124.4435,10.1621],[124.4432,10.1593],[124.4413,10.1592]]],[[[124.4574,10.1742],[124.4594,10.1794],[124.4621,10.1793],[124.4618,10.175],[124.4574,10.1742]]],[[[124.4144,10.2021],[124.4121,10.2031],[124.4135,10.205],[124.4185,10.2034],[124.4144,10.2021]]],[[[124.4879,10.2425],[124.4903,10.2399],[124.4883,10.2372],[124.4815,10.2412],[124.4835,10.243],[124.4879,10.2425]]],[[[124.4471,10.2505],[124.4458,10.2522],[124.4574,10.2461],[124.4708,10.242],[124.4579,10.2446],[124.4471,10.2505]]]]},"properties":{"ADM3_EN":"Bien Unido","name":"Bien Unido","ADM3_PCODE":"PH71248000","psgc_code":"71248000","ADM2_EN":"Bohol","ADM2_PCODE":"PH7124","ADM1_EN":"Region VII (Central Visayas)","ADM1_PCODE":"PH07","ADM0_EN":"Philippines (the)","ADM0_PCODE":"PH","region_key":"central_visayas","province_key":"bohol","type":"Municipality"}},{"type":"Feature","geometry":{"type":"MultiPolygon","coordinates":[[[[124.1412,9.6667],[124.096,9.6323],[124.0855,9.6662],[124.0814,9.6874],[124.0718,9.7227],[124.0636,9.7397],[124.0554,9.7672],[124.0577,9.7676],[124.0605,9.7742],[124.0641,9.7779],[124.0677,9.7858],[124.0674,9.7898],[124.0816,9.7832],[124.0842,9.7796],[124.0904,9.779],[124.0928,9.7758],[124.0917,9.7745],[124.0935,9.7731],[124.0945,9.7683],[124.1001,9.7692],[124.1043,9.7664],[124.1125,9.7696],[124.1215,9.7705],[124.1506,9.7646],[124.1613,9.7592],[124.1685,9.7491],[124.1804,9.7405],[124.1892,9.7213],[124.1889,9.7142],[124.1802,9.706],[124.1796,9.7006],[124.1699,9.6951],[124.1671,9.6959],[124.1625,9.6931],[124.1633,9.691],[124.1601,9.6875],[124.1543,9.6892],[124.154,9.6875],[124.1504,9.6892],[124.148,9.6865],[124.1505,9.6838],[124.1516,9.6774],[124.1451,9.675],[124.1435,9.668],[124.1412,9.6667]]]]},"properties":{"ADM3_EN":"Bilar","name":"Bilar","ADM3_PCODE":"PH71208000","psgc_code":"71208000","ADM2_EN":"Bohol","ADM2_PCODE":"PH7120","ADM1_EN":"Region VII (Central Visayas)","ADM1_PCODE":"PH07","ADM0_EN":"Philippines (the)","ADM0_PCODE":"PH","region_key":"central_visayas","province_key":"bohol","type":"Municipality"}},{"type":"Feature","geometry":{"type":"MultiPolygon","coordinates":[[[[124.2131,9.9819],[124.1992,9.9844],[124.1466,10.0093],[124.1529,10.0312],[124.117,10.0452],[124.1155,10.0387],[124.1044,10.0363],[124.1059,10.0441],[124.1033,10.0461],[124.1007,10.0523],[124.0941,10.052],[124.0931,10.0549],[124.0898,10.0538],[124.0889,10.0563],[124.084,10.0538],[124.0856,10.0572],[124.0827,10.0619],[124.0841,10.0649],[124.0901,10.0617],[124.0987,10.0664],[124.0937,10.0717],[124.0989,10.0798],[124.1072,10.0869],[124.1124,10.0892],[124.118,10.0879],[124.1192,10.0944],[124.1319,10.1067],[124.1321,10.109],[124.1387,10.098],[124.1911,10.0719],[124.2292,10.0569],[124.2131,9.9819]]],[[[124.0448,10.1593],[124.0481,10.1547],[124.0442,10.1533],[124.041,10.1566],[124.0394,10.1633],[124.0448,10.1593]]]]},"properties":{"ADM3_EN":"Buenavista","name":"Buenavista","ADM3_PCODE":"PH71209000","psgc_code":"71209000","ADM2_EN":"Bohol","ADM2_PCODE":"PH7120","ADM1_EN":"Region VII (Central Visayas)","ADM1_PCODE":"PH07","ADM0_EN":"Philippines (the)","ADM0_PCODE":"PH","region_key":"central_visayas","province_key":"bohol","type":"Municipality"}},{"type":"Feature","geometry":{"type":"MultiPolygon","coordinates":[[[[123.8915,9.9118],[123.901,9.9172],[123.9042,9.9261],[123.9095,9.9311],[123.9385,9.8853],[123.9284,9.8745],[123.9177,9.8495],[123.9184,9.8345],[123.9151,9.8288],[123.9127,9.8163],[123.8778,9.8419],[123.8472,9.8726],[123.8389,9.8761],[123.8385,9.881],[123.84,9.8835],[123.8427,9.8826],[123.8428,9.8788],[123.8453,9.8786],[123.8488,9.8821],[123.8484,9.8858],[123.8525,9.8859],[123.8537,9.8899],[123.8581,9.8895],[123.8639,9.8924],[123.8678,9.892],[123.8725,9.8962],[123.8684,9.9008],[123.8665,9.9112],[123.8697,9.9172],[123.8775,9.9167],[123.8819,9.9198],[123.8818,9.9235],[123.879,9.9264],[123.8806,9.9286],[123.8892,9.9297],[123.8927,9.9264],[123.8913,9.92],[123.8886,9.9191],[123.8877,9.9163],[123.8884,9.9139],[123.8915,9.9118]]],[[[123.8383,9.8881],[123.8357,9.885],[123.8315,9.8883],[123.8249,9.8876],[123.8203,9.89],[123.8185,9.8931],[123.8189,9.8961],[123.8087,9.9061],[123.8086,9.9079],[123.8112,9.91],[123.8151,9.9081],[123.8196,9.9084],[123.8238,9.9111],[123.8377,9.9031],[123.8459,9.9017],[123.8547,9.9061],[123.8622,9.9072],[123.8575,9.9011],[123.8468,9.8989],[123.8384,9.8905],[123.8383,9.8881]]],[[[123.8708,9.9269],[123.8733,9.9217],[123.8657,9.9173],[123.8648,9.9281],[123.8696,9.9296],[123.8708,9.9269]]],[[[123.8561,9.9417],[123.8536,9.9431],[123.8519,9.945],[123.8556,9.9453],[123.8544,9.9446],[123.858,9.9419],[123.8575,9.9406],[123.8561,9.9417]]]]},"properties":{"ADM3_EN":"Calape","name":"Calape","ADM3_PCODE":"PH71210000","psgc_code":"71210000","ADM2_EN":"Bohol","ADM2_PCODE":"PH7121","ADM1_EN":"Region VII (Central Visayas)","ADM1_PCODE":"PH07","ADM0_EN":"Philippines (the)","ADM0_PCODE":"PH","region_key":"central_visayas","province_key":"bohol","type":"Municipality"}},{"type":"Feature","geometry":{"type":"MultiPolygon","coordinates":[[[[124.5386,9.8392],[124.546,9.838],[124.5475,9.8314],[124.5539,9.8307],[124.5562,9.8288],[124.5574,9.827],[124.5551,9.824],[124.5554,9.8212],[124.5608,9.8165],[124.5659,9.816],[124.572,9.8109],[124.5826,9.8087],[124.59,9.8117],[124.5949,9.806],[124.563,9.7934],[124.4936,9.7928],[124.4463,9.8127],[124.4053,9.8278],[124.4058,9.8453],[124.4713,9.8631],[124.5097,9.8556],[124.5175,9.8516],[124.5137,9.8495],[124.5183,9.8488],[124.5225,9.8447],[124.5272,9.8428],[124.5244,9.8403],[124.5194,9.8403],[124.5194,9.8375],[124.5299,9.841],[124.5356,9.8383],[124.5386,9.8392]]],[[[124.5625,9.8297],[124.5614,9.8283],[124.5589,9.83],[124.5611,9.8308],[124.5625,9.8297]]],[[[124.5638,9.8328],[124.5614,9.8336],[124.5609,9.8349],[124.5641,9.8355],[124.5658,9.8337],[124.5638,9.8328]]],[[[124.5523,9.8338],[124.5525,9.8391],[124.5546,9.8398],[124.557,9.8355],[124.5543,9.8331],[124.5523,9.8338]]]]},"properties":{"ADM3_EN":"Candijay","name":"Candijay","ADM3_PCODE":"PH71211000","psgc_code":"71211000","ADM2_EN":"Bohol","ADM2_PCODE":"PH7121","ADM1_EN":"Region VII (Central Visayas)","ADM1_PCODE":"PH07","ADM0_EN":"Philippines (the)","ADM0_PCODE":"PH","region_key":"central_visayas","province_key":"bohol","type":"Municipality"}},{"type":"Feature","geometry":{"type":"MultiPolygon","coordinates":[[[[124.194,9.7423],[124.169,9.77],[124.1679,9.7788],[124.1605,9.7874],[124.1584,9.7942],[124.1452,9.8],[124.1465,9.8042],[124.1591,9.813],[124.1609,9.8175],[124.158,9.8226],[124.1593,9.8265],[124.1542,9.8373],[124.1508,9.8401],[124.1484,9.8381],[124.1217,9.8723],[124.1316,9.8991],[124.1424,9.916],[124.1516,9.9001],[124.1671,9.8947],[124.1565,9.9192],[124.1501,9.9277],[124.1583,9.928],[124.1619,9.9232],[124.1682,9.923],[124.2042,9.8935],[124.2087,9.9057],[124.2258,9.909],[124.254,9.8779],[124.2855,9.8638],[124.2828,9.859],[124.28,9.8591],[124.2803,9.8554],[124.2773,9.8517],[124.2781,9.8501],[124.2756,9.849],[124.2765,9.8465],[124.2746,9.8446],[124.2774,9.8427],[124.2772,9.8381],[124.2747,9.8376],[124.2729,9.8349],[124.2747,9.8316],[124.2708,9.8281],[124.2707,9.8228],[124.2659,9.8242],[124.262,9.8168],[124.2497,9.8033],[124.2528,9.8],[124.2499,9.7879],[124.2498,9.7726],[124.2413,9.7296],[124.2009,9.7245],[124.194,9.7423]]]]},"properties":{"ADM3_EN":"Carmen","name":"Carmen","ADM3_PCODE":"PH71212000","psgc_code":"71212000","ADM2_EN":"Bohol","ADM2_PCODE":"PH7121","ADM1_EN":"Region VII (Central Visayas)","ADM1_PCODE":"PH07","ADM0_EN":"Philippines (the)","ADM0_PCODE":"PH","region_key":"central_visayas","province_key":"bohol","type":"Municipality"}},{"type":"Feature","geometry":{"type":"MultiPolygon","coordinates":[[[[124.045,9.8678],[124.1034,9.8681],[124.1008,9.8627],[124.0979,9.8611],[124.1,9.8571],[124.0999,9.8539],[124.0974,9.8532],[124.099,9.8482],[124.0988,9.8412],[124.0959,9.8416],[124.0907,9.8387],[124.0919,9.8323],[124.0794,9.8209],[124.0789,9.8166],[124.0763,9.8167],[124.0748,9.8199],[124.074,9.8188],[124.0329,9.8264],[124.0299,9.8206],[124.0322,9.8061],[124.0275,9.7995],[123.9875,9.8206],[123.9759,9.8331],[123.9815,9.8507],[123.9789,9.8603],[123.9762,9.8629],[123.9756,9.8686],[123.9768,9.8704],[123.9756,9.872],[123.9819,9.8772],[123.981,9.8791],[123.9949,9.8864],[123.9992,9.8931],[124.0073,9.8959],[124.0113,9.8951],[124.0244,9.883],[124.045,9.8678]]]]},"properties":{"ADM3_EN":"Catigbian","name":"Catigbian","ADM3_PCODE":"PH71213000","psgc_code":"71213000","ADM2_EN":"Bohol","ADM2_PCODE":"PH7121","ADM1_EN":"Region VII (Central Visayas)","ADM1_PCODE":"PH07","ADM0_EN":"Philippines (the)","ADM0_PCODE":"PH","region_key":"central_visayas","province_key":"bohol","type":"Municipality"}},{"type":"Feature","geometry":{"type":"MultiPolygon","coordinates":[[[[124.0395,9.9042],[124.0244,9.883],[124.0113,9.8951],[124.007,9.9253],[124.0013,9.9332],[123.9959,9.9497],[123.9989,9.9578],[123.9988,9.9637],[124.0169,9.965],[124.0256,9.9672],[124.0324,9.9759],[124.0369,9.976],[124.0438,9.9725],[124.0587,9.9745],[124.0646,9.9698],[124.0706,9.9709],[124.0835,9.9552],[124.0594,9.932],[124.0395,9.9042]]]]},"properties":{"ADM3_EN":"Clarin","name":"Clarin","ADM3_PCODE":"PH71214000","psgc_code":"71214000","ADM2_EN":"Bohol","ADM2_PCODE":"PH7121","ADM1_EN":"Region VII (Central Visayas)","ADM1_PCODE":"PH07","ADM0_EN":"Philippines (the)","ADM0_PCODE":"PH","region_key":"central_visayas","province_key":"bohol","type":"Municipality"}},{"type":"Feature","geometry":{"type":"MultiPolygon","coordinates":[[[[123.8885,9.6823],[123.8895,9.6922],[123.8959,9.6929],[123.9347,9.7178],[123.9384,9.7189],[123.9693,9.7034],[123.9563,9.673],[123.9528,9.6603],[123.912,9.6607],[123.8882,9.6654],[123.8885,9.6823]]]]},"properties":{"ADM3_EN":"Corella","name":"Corella","ADM3_PCODE":"PH71215000","psgc_code":"71215000","ADM2_EN":"Bohol","ADM2_PCODE":"PH7121","ADM1_EN":"Region VII (Central Visayas)","ADM1_PCODE":"PH07","ADM0_EN":"Philippines (the)","ADM0_PCODE":"PH","region_key":"central_visayas","province_key":"bohol","type":"Municipality"}},{"type":"Feature","geometry":{"type":"MultiPolygon","coordinates":[[[[123.8622,9.7017],[123.8617,9.7127],[123.8666,9.7168],[123.8719,9.7143],[123.8736,9.7286],[123.8757,9.7291],[123.8789,9.7255],[123.8788,9.728],[123.8848,9.7302],[123.8913,9.729],[123.8968,9.733],[123.895,9.7367],[123.8989,9.741],[123.9058,9.7414],[123.9128,9.7448],[123.9145,9.7414],[123.9173,9.7403],[123.9212,9.7448],[123.9258,9.7448],[123.9242,9.7502],[123.931,9.7488],[123.9354,9.7258],[123.9384,9.7189],[123.9347,9.7178],[123.8948,9.6925],[123.8895,9.6922],[123.8865,9.6943],[123.8806,9.6939],[123.8796,9.6969],[123.8761,9.6987],[123.8741,9.6958],[123.8699,9.6937],[123.8632,9.6946],[123.8622,9.7017]]]]},"properties":{"ADM3_EN":"Cortes","name":"Cortes","ADM3_PCODE":"PH71216000","psgc_code":"71216000","ADM2_EN":"Bohol","ADM2_PCODE":"PH7121","ADM1_EN":"Region VII (Central Visayas)","ADM1_PCODE":"PH07","ADM0_EN":"Philippines (the)","ADM0_PCODE":"PH","region_key":"central_visayas","province_key":"bohol","type":"Municipality"}},{"type":"Feature","geometry":{"type":"MultiPolygon","coordinates":[[[[124.2505,9.8816],[124.2258,9.909],[124.2239,9.9222],[124.2505,9.9212],[124.2511,9.9238],[124.2663,9.9298],[124.2595,9.9355],[124.2582,9.9396],[124.2605,9.9462],[124.2598,9.9499],[124.2983,9.9536],[124.3155,9.926],[124.33,9.9198],[124.3242,9.8833],[124.3107,9.8734],[124.2988,9.858],[124.254,9.8779],[124.2505,9.8816]]]]},"properties":{"ADM3_EN":"Dagohoy","name":"Dagohoy","ADM3_PCODE":"PH71217000","psgc_code":"71217000","ADM2_EN":"Bohol","ADM2_PCODE":"PH7121","ADM1_EN":"Region VII (Central Visayas)","ADM1_PCODE":"PH07","ADM0_EN":"Philippines (the)","ADM0_PCODE":"PH","region_key":"central_visayas","province_key":"bohol","type":"Municipality"}},{"type":"Feature","geometry":{"type":"MultiPolygon","coordinates":[[[[124.1826,9.9119],[124.1682,9.923],[124.1619,9.9232],[124.1583,9.928],[124.1501,9.9277],[124.1565,9.9192],[124.1671,9.8947],[124.1516,9.9001],[124.1424,9.916],[124.1454,9.9286],[124.1454,9.9689],[124.1293,9.9891],[124.1466,10.0093],[124.1992,9.9844],[124.2131,9.9819],[124.2237,10.0299],[124.2501,10.0288],[124.2588,10.0067],[124.2937,9.9525],[124.2598,9.9499],[124.2605,9.9462],[124.2582,9.9396],[124.2595,9.9355],[124.2663,9.9298],[124.2511,9.9238],[124.2505,9.9212],[124.2239,9.9222],[124.2258,9.909],[124.2087,9.9057],[124.2042,9.8935],[124.1826,9.9119]]]]},"properties":{"ADM3_EN":"Danao","name":"Danao","ADM3_PCODE":"PH71218000","psgc_code":"71218000","ADM2_EN":"Bohol","ADM2_PCODE":"PH7121","ADM1_EN":"Region VII (Central Visayas)","ADM1_PCODE":"PH07","ADM0_EN":"Philippines (the)","ADM0_PCODE":"PH","region_key":"central_visayas","province_key":"bohol","type":"Municipality"}},{"type":"Feature","geometry":{"type":"MultiPolygon","coordinates":[[[[123.837,9.5845],[123.8289,9.5756],[123.8208,9.5734],[123.8161,9.57],[123.7894,9.6235],[123.7721,9.6171],[123.7861,9.6235],[123.8077,9.6279],[123.8161,9.6367],[123.8265,9.6373],[123.8331,9.6441],[123.8361,9.6444],[123.8429,9.6406],[123.8473,9.6402],[123.8617,9.6272],[123.8637,9.6264],[123.8653,9.6276],[123.8685,9.625],[123.8721,9.6257],[123.8718,9.6222],[123.8689,9.6178],[123.87,9.6048],[123.8636,9.5953],[123.8579,9.5909],[123.837,9.5845]]]]},"properties":{"ADM3_EN":"Dauis","name":"Dauis","ADM3_PCODE":"PH71219000","psgc_code":"71219000","ADM2_EN":"Bohol","ADM2_PCODE":"PH7121","ADM1_EN":"Region VII (Central Visayas)","ADM1_PCODE":"PH07","ADM0_EN":"Philippines (the)","ADM0_PCODE":"PH","region_key":"central_visayas","province_key":"bohol","type":"Municipality"}},{"type":"Feature","geometry":{"type":"MultiPolygon","coordinates":[[[[124.1534,9.6031],[124.1439,9.5986],[124.1392,9.5978],[124.1357,9.5992],[124.1349,9.6006],[124.1369,9.6037],[124.1348,9.6068],[124.1355,9.6139],[124.1314,9.6191],[124.13,9.6247],[124.1222,9.6328],[124.1164,9.634],[124.1096,9.642],[124.1407,9.6657],[124.1416,9.668],[124.1435,9.668],[124.1451,9.675],[124.1516,9.6774],[124.1505,9.6838],[124.148,9.6865],[124.1504,9.6892],[124.154,9.6875],[124.1543,9.6892],[124.1601,9.6875],[124.1633,9.691],[124.1625,9.6931],[124.1671,9.6959],[124.1699,9.6951],[124.1796,9.7006],[124.1802,9.706],[124.1889,9.7142],[124.1852,9.6603],[124.1824,9.6562],[124.1824,9.6514],[124.1798,9.6492],[124.1799,9.645],[124.1752,9.6325],[124.1792,9.6234],[124.1778,9.6193],[124.1809,9.6191],[124.1838,9.6146],[124.1832,9.6092],[124.1783,9.6067],[124.1684,9.6072],[124.1566,9.6017],[124.1534,9.6031]]]]},"properties":{"ADM3_EN":"Dimiao","name":"Dimiao","ADM3_PCODE":"PH71220000","psgc_code":"71220000","ADM2_EN":"Bohol","ADM2_PCODE":"PH7122","ADM1_EN":"Region VII (Central Visayas)","ADM1_PCODE":"PH07","ADM0_EN":"Philippines (the)","ADM0_PCODE":"PH","region_key":"central_visayas","province_key":"bohol","type":"Municipality"}},{"type":"Feature","geometry":{"type":"MultiPolygon","coordinates":[[[[124.4325,9.7357],[124.4365,9.7271],[124.4327,9.7208],[124.4262,9.7205],[124.4081,9.7097],[124.4011,9.6916],[124.4021,9.6808],[124.4,9.6798],[124.3969,9.6855],[124.3945,9.6865],[124.3918,9.6853],[124.3907,9.6868],[124.3883,9.6857],[124.3862,9.6876],[124.3787,9.6875],[124.3769,9.6946],[124.3778,9.6999],[124.3722,9.7031],[124.3704,9.7066],[124.3705,9.7112],[124.3657,9.7193],[124.36,9.7247],[124.3571,9.7385],[124.3533,9.7416],[124.3341,9.7688],[124.3628,9.7909],[124.3678,9.7929],[124.3816,9.8062],[124.4178,9.7554],[124.4199,9.7543],[124.4221,9.7492],[124.4289,9.7452],[124.4281,9.7432],[124.4305,9.7403],[124.4294,9.7377],[124.4325,9.7357]]]]},"properties":{"ADM3_EN":"Duero","name":"Duero","ADM3_PCODE":"PH71221000","psgc_code":"71221000","ADM2_EN":"Bohol","ADM2_PCODE":"PH7122","ADM1_EN":"Region VII (Central Visayas)","ADM1_PCODE":"PH07","ADM0_EN":"Philippines (the)","ADM0_PCODE":"PH","region_key":"central_visayas","province_key":"bohol","type":"Municipality"}},{"type":"Feature","geometry":{"type":"MultiPolygon","coordinates":[[[[124.3115,9.6209],[124.308,9.6156],[124.2925,9.611],[124.2841,9.6045],[124.2706,9.6034],[124.2577,9.5979],[124.2433,9.5981],[124.2481,9.6241],[124.2507,9.6266],[124.251,9.6352],[124.2491,9.6981],[124.2413,9.7296],[124.2817,9.7398],[124.3252,9.6525],[124.3292,9.6418],[124.3362,9.6344],[124.3365,9.6255],[124.3115,9.6209]]]]},"properties":{"ADM3_EN":"Garcia Hernandez","name":"Garcia Hernandez","ADM3_PCODE":"PH71222000","psgc_code":"71222000","ADM2_EN":"Bohol","ADM2_PCODE":"PH7122","ADM1_EN":"Region VII (Central Visayas)","ADM1_PCODE":"PH07","ADM0_EN":"Philippines (the)","ADM0_PCODE":"PH","region_key":"central_visayas","province_key":"bohol","type":"Municipality"}},{"type":"Feature","geometry":{"type":"MultiPolygon","coordinates":[[[[124.4862,9.7959],[124.4936,9.7928],[124.5331,9.7928],[124.5165,9.7221],[124.5115,9.7245],[124.5042,9.7343],[124.4975,9.7611],[124.4937,9.7631],[124.4844,9.7606],[124.4781,9.7564],[124.4741,9.7479],[124.4628,9.738],[124.4588,9.7308],[124.4471,9.7213],[124.4377,9.7193],[124.4327,9.7208],[124.4365,9.7271],[124.4332,9.7354],[124.4294,9.7377],[124.4305,9.7403],[124.4281,9.7432],[124.4289,9.7452],[124.4221,9.7492],[124.4199,9.7543],[124.4178,9.7554],[124.3848,9.8017],[124.4053,9.8278],[124.4862,9.7959]]]]},"properties":{"ADM3_EN":"Guindulman","name":"Guindulman","ADM3_PCODE":"PH71223000","psgc_code":"71223000","ADM2_EN":"Bohol","ADM2_PCODE":"PH7122","ADM1_EN":"Region VII (Central Visayas)","ADM1_PCODE":"PH07","ADM0_EN":"Philippines (the)","ADM0_PCODE":"PH","region_key":"central_visayas","province_key":"bohol","type":"Municipality"}},{"type":"Feature","geometry":{"type":"MultiPolygon","coordinates":[[[[124.1184,9.9589],[124.1112,9.961],[124.1064,9.9564],[124.0835,9.9552],[124.0706,9.9709],[124.0646,9.9698],[124.0587,9.9745],[124.0438,9.9725],[124.0369,9.976],[124.0324,9.9759],[124.0386,9.9812],[124.0428,9.9875],[124.0439,9.9945],[124.0461,9.9972],[124.0463,10.0035],[124.049,10.007],[124.0496,10.014],[124.0542,10.0234],[124.058,10.0366],[124.0581,10.0481],[124.0608,10.0546],[124.0621,10.0681],[124.0684,10.07],[124.0739,10.0744],[124.0753,10.0718],[124.071,10.0671],[124.0694,10.0625],[124.0766,10.0709],[124.0785,10.0755],[124.081,10.0755],[124.0832,10.069],[124.0819,10.064],[124.0856,10.0572],[124.084,10.0538],[124.0889,10.0563],[124.0898,10.0538],[124.0931,10.0549],[124.0941,10.052],[124.1007,10.0523],[124.1033,10.0461],[124.1059,10.0441],[124.1044,10.0363],[124.1155,10.0387],[124.117,10.0452],[124.1529,10.0312],[124.1466,10.0093],[124.1293,9.9891],[124.1454,9.9689],[124.1454,9.9508],[124.1184,9.9589]]],[[[124.015,10.0008],[124.0117,10.0011],[124.0142,10.0024],[124.0142,10.0073],[124.0161,10.0024],[124.015,10.0008]]],[[[124.0172,10.0417],[124.0161,10.0436],[124.0181,10.0444],[124.0197,10.0417],[124.0172,10.0417]]],[[[124.025,10.0697],[124.0239,10.0689],[124.0209,10.0717],[124.0228,10.0725],[124.025,10.0697]]],[[[124.0595,10.0838],[124.0578,10.0808],[124.0551,10.0816],[124.0561,10.0846],[124.0595,10.0838]]],[[[123.9894,10.1117],[123.9878,10.1119],[123.9856,10.1131],[123.99,10.1136],[123.9908,10.1125],[123.9894,10.1117]]]]},"properties":{"ADM3_EN":"Inabanga","name":"Inabanga","ADM3_PCODE":"PH71224000","psgc_code":"71224000","ADM2_EN":"Bohol","ADM2_PCODE":"PH7122","ADM1_EN":"Region VII (Central Visayas)","ADM1_PCODE":"PH07","ADM0_EN":"Philippines (the)","ADM0_PCODE":"PH","region_key":"central_visayas","province_key":"bohol","type":"Municipality"}},{"type":"Feature","geometry":{"type":"MultiPolygon","coordinates":[[[[124.4011,9.6595],[124.4013,9.6551],[124.3979,9.6518],[124.3793,9.6523],[124.3747,9.6489],[124.3709,9.6502],[124.3656,9.6484],[124.3648,9.6461],[124.3678,9.6398],[124.3614,9.639],[124.3584,9.6292],[124.3365,9.6255],[124.3362,9.6344],[124.3292,9.6418],[124.3252,9.6525],[124.2817,9.7398],[124.29,9.7445],[124.299,9.7528],[124.3116,9.7599],[124.3214,9.7624],[124.3252,9.7656],[124.3341,9.7688],[124.3533,9.7416],[124.3571,9.7385],[124.36,9.7247],[124.3657,9.7193],[124.3705,9.7112],[124.3704,9.7066],[124.3722,9.7031],[124.3778,9.6999],[124.3769,9.6946],[124.3787,9.6875],[124.3862,9.6876],[124.3883,9.6857],[124.3907,9.6868],[124.3918,9.6853],[124.3945,9.6865],[124.3969,9.6855],[124.4,9.6798],[124.4017,9.68],[124.3991,9.6718],[124.4023,9.6662],[124.4011,9.6595]]]]},"properties":{"ADM3_EN":"Jagna","name":"Jagna","ADM3_PCODE":"PH71225000","psgc_code":"71225000","ADM2_EN":"Bohol","ADM2_PCODE":"PH7122","ADM1_EN":"Region VII (Central Visayas)","ADM1_PCODE":"PH07","ADM0_EN":"Philippines (the)","ADM0_PCODE":"PH","region_key":"central_visayas","province_key":"bohol","type":"Municipality"}},{"type":"Feature","geometry":{"type":"MultiPolygon","coordinates":[[[[124.1331,10.1073],[124.1307,10.1098],[124.1333,10.1101],[124.1371,10.1138],[124.1332,10.1243],[124.1344,10.1291],[124.137,10.1299],[124.1372,10.133],[124.1425,10.1351],[124.1442,10.1436],[124.1525,10.1536],[124.1644,10.1537],[124.1708,10.1478],[124.1792,10.1461],[124.19,10.1514],[124.1916,10.1513],[124.1929,10.1481],[124.1977,10.1497],[124.2014,10.1523],[124.205,10.1598],[124.2071,10.1609],[124.2121,10.1596],[124.226,10.1616],[124.2292,10.0569],[124.1911,10.0719],[124.1387,10.098],[124.1331,10.1073]]],[[[124.1822,10.1593],[124.1781,10.1544],[124.1766,10.1566],[124.1725,10.1562],[124.1694,10.1591],[124.1637,10.1597],[124.1594,10.1639],[124.1658,10.1656],[124.1644,10.1678],[124.1689,10.1731],[124.1711,10.1739],[124.1723,10.1725],[124.175,10.175],[124.178,10.1739],[124.1817,10.1781],[124.1828,10.1767],[124.1844,10.1781],[124.1925,10.1717],[124.1889,10.1669],[124.1861,10.1667],[124.184,10.1643],[124.1822,10.1593]]],[[[124.1144,10.1739],[124.1144,10.1725],[124.1128,10.1728],[124.1131,10.1747],[124.1144,10.1739]]],[[[124.0808,10.1778],[124.0792,10.1781],[124.0847,10.1803],[124.0833,10.1783],[124.0808,10.1778]]],[[[124.2183,10.1769],[124.2158,10.175],[124.2061,10.1783],[124.215,10.1831],[124.2186,10.1808],[124.2214,10.1844],[124.2258,10.1858],[124.2231,10.1875],[124.2258,10.19],[124.215,10.1894],[124.2108,10.1861],[124.2094,10.1872],[124.2106,10.19],[124.2089,10.1908],[124.2081,10.1861],[124.2036,10.182],[124.1975,10.1872],[124.2025,10.1964],[124.2147,10.1958],[124.2183,10.1992],[124.22,10.1983],[124.2231,10.2003],[124.2225,10.1964],[124.2267,10.1939],[124.2265,10.1789],[124.2183,10.1769]]],[[[124.1742,10.2097],[124.1814,10.2045],[124.1831,10.1989],[124.1853,10.1972],[124.1842,10.1956],[124.1808,10.1961],[124.1764,10.1939],[124.1747,10.1953],[124.17,10.1931],[124.169,10.1946],[124.1617,10.1908],[124.1581,10.1928],[124.1533,10.1892],[124.1492,10.1922],[124.15,10.1956],[124.1539,10.1989],[124.1522,10.2008],[124.1561,10.2061],[124.16,10.2072],[124.1625,10.205],[124.165,10.2081],[124.1639,10.2103],[124.1683,10.2119],[124.1719,10.2106],[124.17,10.2081],[124.1728,10.2081],[124.1742,10.2097]]],[[[124.1858,10.2081],[124.1833,10.2058],[124.185,10.2042],[124.1833,10.2022],[124.182,10.2064],[124.1842,10.2094],[124.1858,10.2081]]],[[[124.1806,10.2092],[124.1794,10.2078],[124.1761,10.2108],[124.1775,10.2114],[124.1806,10.2092]]],[[[124.1903,10.2036],[124.1889,10.2017],[124.1883,10.2022],[124.1889,10.205],[124.1903,10.2036]]],[[[124.1967,10.2136],[124.1981,10.2125],[124.197,10.2103],[124.1958,10.2111],[124.1967,10.2136]]],[[[124.1828,10.2153],[124.184,10.2179],[124.1874,10.2161],[124.1846,10.2131],[124.1828,10.2153]]],[[[124.0888,10.1805],[124.0883,10.1802],[124.0869,10.1802],[124.0894,10.1814],[124.0888,10.1805]]],[[[124.1331,10.1853],[124.1367,10.1844],[124.135,10.1842],[124.1369,10.1836],[124.1351,10.1806],[124.1375,10.1797],[124.1347,10.18],[124.1347,10.1825],[124.1305,10.1825],[124.1305,10.1842],[124.1286,10.182],[124.1286,10.1842],[124.1331,10.1853]]]]},"properties":{"ADM3_EN":"Jetafe","name":"Jetafe","ADM3_PCODE":"PH71226000","psgc_code":"71226000","ADM2_EN":"Bohol","ADM2_PCODE":"PH7122","ADM1_EN":"Region VII (Central Visayas)","ADM1_PCODE":"PH07","ADM0_EN":"Philippines (the)","ADM0_PCODE":"PH","region_key":"central_visayas","province_key":"bohol","type":"Municipality"}},{"type":"Feature","geometry":{"type":"MultiPolygon","coordinates":[[[[124.0873,9.5877],[124.0632,9.5892],[124.06,9.6052],[124.0629,9.6201],[124.0829,9.623],[124.1096,9.642],[124.1164,9.634],[124.1222,9.6328],[124.13,9.6247],[124.1314,9.6191],[124.1355,9.6139],[124.1348,9.6068],[124.1369,9.6037],[124.1349,9.6006],[124.1357,9.5992],[124.1195,9.5964],[124.1046,9.5898],[124.0946,9.5897],[124.0873,9.5877]]]]},"properties":{"ADM3_EN":"Lila","name":"Lila","ADM3_PCODE":"PH71227000","psgc_code":"71227000","ADM2_EN":"Bohol","ADM2_PCODE":"PH7122","ADM1_EN":"Region VII (Central Visayas)","ADM1_PCODE":"PH07","ADM0_EN":"Philippines (the)","ADM0_PCODE":"PH","region_key":"central_visayas","province_key":"bohol","type":"Municipality"}},{"type":"Feature","geometry":{"type":"MultiPolygon","coordinates":[[[[124.0151,9.5965],[124.0117,9.5967],[124.0088,9.6006],[124.0054,9.5979],[124.0025,9.5983],[124.0024,9.6015],[123.9989,9.6044],[123.9921,9.6001],[123.9827,9.5978],[123.9764,9.6033],[123.9882,9.6488],[124.0057,9.6304],[124.0284,9.6158],[124.0629,9.6201],[124.06,9.6052],[124.0632,9.5892],[124.0551,9.5892],[124.0433,9.5933],[124.0382,9.5922],[124.0341,9.5979],[124.0262,9.5928],[124.0151,9.5965]]],[[[124.0017,9.5972],[124.003,9.5975],[124.0032,9.596],[124.0017,9.5954],[124.0017,9.5972]]]]},"properties":{"ADM3_EN":"Loay","name":"Loay","ADM3_PCODE":"PH71228000","psgc_code":"71228000","ADM2_EN":"Bohol","ADM2_PCODE":"PH7122","ADM1_EN":"Region VII (Central Visayas)","ADM1_PCODE":"PH07","ADM0_EN":"Philippines (the)","ADM0_PCODE":"PH","region_key":"central_visayas","province_key":"bohol","type":"Municipality"}},{"type":"Feature","geometry":{"type":"MultiPolygon","coordinates":[[[[124.0346,9.6166],[124.0284,9.6158],[124.0057,9.6304],[123.9882,9.6488],[123.9908,9.66],[123.994,9.6598],[124.0044,9.6747],[124.0256,9.6698],[124.048,9.6698],[124.0829,9.6758],[124.096,9.6323],[124.0829,9.623],[124.0346,9.6166]]]]},"properties":{"ADM3_EN":"Loboc","name":"Loboc","ADM3_PCODE":"PH71229000","psgc_code":"71229000","ADM2_EN":"Bohol","ADM2_PCODE":"PH7122","ADM1_EN":"Region VII (Central Visayas)","ADM1_PCODE":"PH07","ADM0_EN":"Philippines (the)","ADM0_PCODE":"PH","region_key":"central_visayas","province_key":"bohol","type":"Municipality"}},{"type":"Feature","geometry":{"type":"MultiPolygon","coordinates":[[[[123.7885,9.7374],[123.7864,9.7409],[123.783,9.7583],[123.7832,9.7761],[123.7855,9.7851],[123.7845,9.7931],[123.7876,9.7969],[123.7921,9.8098],[123.7949,9.8123],[123.7948,9.8162],[123.7976,9.8167],[123.7983,9.8209],[123.7965,9.8225],[123.7982,9.8259],[123.8058,9.8331],[123.8044,9.8379],[123.8031,9.8362],[123.8004,9.8379],[123.8019,9.84],[123.8008,9.8415],[123.7958,9.8401],[123.7874,9.8471],[123.785,9.8525],[123.7858,9.8578],[123.79,9.8644],[123.7936,9.865],[123.8156,9.855],[123.8164,9.8506],[123.8114,9.8456],[123.8033,9.8438],[123.8039,9.8415],[123.8051,9.8426],[123.8093,9.8406],[123.8232,9.853],[123.8319,9.8645],[123.8351,9.8631],[123.8358,9.861],[123.8339,9.8675],[123.8392,9.8754],[123.8472,9.8726],[123.8778,9.8419],[123.8995,9.8272],[123.8745,9.8103],[123.8454,9.7875],[123.8259,9.7706],[123.7901,9.7349],[123.7885,9.7374]]],[[[123.7727,9.8644],[123.7677,9.8604],[123.764,9.8615],[123.7609,9.8724],[123.7591,9.8895],[123.7659,9.8925],[123.7759,9.8899],[123.7815,9.8923],[123.7918,9.8867],[123.7922,9.8854],[123.7807,9.8754],[123.7727,9.8644]]]]},"properties":{"ADM3_EN":"Loon","name":"Loon","ADM3_PCODE":"PH71230000","psgc_code":"71230000","ADM2_EN":"Bohol","ADM2_PCODE":"PH7123","ADM1_EN":"Region VII (Central Visayas)","ADM1_PCODE":"PH07","ADM0_EN":"Philippines (the)","ADM0_PCODE":"PH","region_key":"central_visayas","province_key":"bohol","type":"Municipality"}},{"type":"Feature","geometry":{"type":"MultiPolygon","coordinates":[[[[124.5697,9.8625],[124.5691,9.859],[124.566,9.8572],[124.5663,9.8541],[124.5626,9.8517],[124.5595,9.8567],[124.5609,9.8635],[124.5684,9.8662],[124.5697,9.8625]]],[[[124.5686,9.8919],[124.57,9.8858],[124.5633,9.88],[124.5583,9.8714],[124.5528,9.8692],[124.5506,9.8719],[124.5416,9.8664],[124.5394,9.8676],[124.5391,9.8699],[124.5375,9.8699],[124.538,9.8668],[124.5365,9.865],[124.5347,9.8636],[124.5322,9.8656],[124.5289,9.8625],[124.5297,9.8594],[124.5283,9.8575],[124.5171,9.8561],[124.517,9.8514],[124.5097,9.8556],[124.4713,9.8631],[124.4887,9.9026],[124.487,9.923],[124.4878,9.9511],[124.5425,9.96],[124.5449,9.9631],[124.5458,9.9617],[124.5494,9.9617],[124.5524,9.9558],[124.5523,9.9526],[124.5498,9.9505],[124.5461,9.9519],[124.5442,9.9481],[124.5467,9.9444],[124.5517,9.9422],[124.5495,9.9397],[124.5514,9.9356],[124.5503,9.9319],[124.5546,9.9294],[124.5513,9.928],[124.5442,9.9289],[124.5385,9.9258],[124.5372,9.9225],[124.5423,9.9204],[124.5606,9.9197],[124.5695,9.9151],[124.5757,9.9147],[124.5755,9.9096],[124.5717,9.9089],[124.5679,9.9053],[124.5701,9.9002],[124.5699,9.8969],[124.568,9.895],[124.5686,9.8919]]],[[[124.5553,9.9283],[124.5564,9.9278],[124.557,9.9267],[124.555,9.9267],[124.5553,9.9283]]]]},"properties":{"ADM3_EN":"Mabini","name":"Mabini","ADM3_PCODE":"PH71231000","psgc_code":"71231000","ADM2_EN":"Bohol","ADM2_PCODE":"PH7123","ADM1_EN":"Region VII (Central Visayas)","ADM1_PCODE":"PH07","ADM0_EN":"Philippines (the)","ADM0_PCODE":"PH","region_key":"central_visayas","province_key":"bohol","type":"Municipality"}},{"type":"Feature","geometry":{"type":"MultiPolygon","coordinates":[[[[123.8725,9.7225],[123.8712,9.714],[123.8666,9.7168],[123.8699,9.7172],[123.8686,9.7189],[123.8622,9.7151],[123.856,9.7162],[123.8538,9.7189],[123.8487,9.719],[123.8481,9.7204],[123.8511,9.7249],[123.855,9.7236],[123.8569,9.7181],[123.8609,9.7194],[123.8607,9.7223],[123.8626,9.724],[123.8485,9.7276],[123.8433,9.7358],[123.8432,9.7384],[123.8362,9.7422],[123.8171,9.7353],[123.8058,9.7332],[123.7962,9.7331],[123.7899,9.7354],[123.8259,9.7706],[123.8532,9.7934],[123.8911,9.7662],[123.8955,9.7651],[123.8969,9.7605],[123.9011,9.7585],[123.9004,9.7547],[123.9042,9.7515],[123.9028,9.7446],[123.904,9.743],[123.9061,9.7432],[123.8989,9.741],[123.896,9.7384],[123.895,9.7367],[123.8968,9.733],[123.8913,9.729],[123.8862,9.7305],[123.8795,9.7284],[123.8789,9.7255],[123.8757,9.7291],[123.8736,9.7286],[123.8725,9.7225]]]]},"properties":{"ADM3_EN":"Maribojoc","name":"Maribojoc","ADM3_PCODE":"PH71232000","psgc_code":"71232000","ADM2_EN":"Bohol","ADM2_PCODE":"PH7123","ADM1_EN":"Region VII (Central Visayas)","ADM1_PCODE":"PH07","ADM0_EN":"Philippines (the)","ADM0_PCODE":"PH","region_key":"central_visayas","province_key":"bohol","type":"Municipality"}},{"type":"Feature","geometry":{"type":"MultiPolygon","coordinates":[[[[123.6831,9.5144],[123.6814,9.5157],[123.6814,9.5183],[123.6849,9.5202],[123.6877,9.5165],[123.6863,9.5145],[123.6831,9.5144]]],[[[123.7724,9.5478],[123.7655,9.5456],[123.7547,9.5455],[123.7442,9.5523],[123.7437,9.5545],[123.7466,9.556],[123.7484,9.5591],[123.7484,9.5649],[123.7498,9.5665],[123.751,9.5516],[123.7529,9.5522],[123.753,9.5641],[123.7481,9.5741],[123.7366,9.5831],[123.718,9.5881],[123.7212,9.5908],[123.7245,9.589],[123.7365,9.5893],[123.7395,9.5915],[123.7433,9.5909],[123.7499,9.594],[123.7498,9.5963],[123.7457,9.5954],[123.7451,9.5967],[123.7477,9.5991],[123.7573,9.6018],[123.7706,9.6164],[123.7894,9.6235],[123.8161,9.57],[123.8225,9.5738],[123.8158,9.5688],[123.805,9.5556],[123.7988,9.5518],[123.7909,9.5517],[123.7724,9.5478]]]]},"properties":{"ADM3_EN":"Panglao","name":"Panglao","ADM3_PCODE":"PH71233000","psgc_code":"71233000","ADM2_EN":"Bohol","ADM2_PCODE":"PH7123","ADM1_EN":"Region VII (Central Visayas)","ADM1_PCODE":"PH07","ADM0_EN":"Philippines (the)","ADM0_PCODE":"PH","region_key":"central_visayas","province_key":"bohol","type":"Municipality"}},{"type":"Feature","geometry":{"type":"MultiPolygon","coordinates":[[[[124.3195,9.806],[124.311,9.8139],[124.3021,9.815],[124.2965,9.8178],[124.2964,9.8274],[124.3036,9.8314],[124.3018,9.8382],[124.3036,9.8435],[124.3067,9.8462],[124.2988,9.858],[124.3107,9.8734],[124.3242,9.8833],[124.33,9.9198],[124.35,9.9112],[124.3427,9.9379],[124.3635,9.9548],[124.3749,9.947],[124.3783,9.8816],[124.3727,9.8778],[124.3732,9.8716],[124.3768,9.8649],[124.3817,9.8632],[124.3856,9.8638],[124.3932,9.8545],[124.4058,9.8453],[124.4053,9.8278],[124.3848,9.8017],[124.3816,9.8062],[124.3678,9.7929],[124.3628,9.7909],[124.3568,9.7947],[124.3518,9.7933],[124.3335,9.7942],[124.3291,9.7978],[124.3275,9.7966],[124.3195,9.806]]]]},"properties":{"ADM3_EN":"Pilar","name":"Pilar","ADM3_PCODE":"PH71234000","psgc_code":"71234000","ADM2_EN":"Bohol","ADM2_PCODE":"PH7123","ADM1_EN":"Region VII (Central Visayas)","ADM1_PCODE":"PH07","ADM0_EN":"Philippines (the)","ADM0_PCODE":"PH","region_key":"central_visayas","province_key":"bohol","type":"Municipality"}},{"type":"Feature","geometry":{"type":"MultiPolygon","coordinates":[[[[124.55,10.0645],[124.5522,10.0623],[124.5522,10.0548],[124.5464,10.0517],[124.54,10.0517],[124.5342,10.0556],[124.5312,10.0618],[124.5311,10.066],[124.5278,10.0686],[124.5273,10.0829],[124.5294,10.0855],[124.5324,10.0846],[124.533,10.0873],[124.5318,10.0974],[124.5355,10.0973],[124.5346,10.0946],[124.5365,10.0927],[124.5381,10.0983],[124.5369,10.0997],[124.5394,10.1018],[124.5316,10.0997],[124.5253,10.1039],[124.5244,10.1028],[124.5264,10.0972],[124.525,10.0972],[124.5211,10.1057],[124.5244,10.1175],[124.5313,10.1197],[124.534,10.1167],[124.537,10.1159],[124.5387,10.1118],[124.5407,10.1109],[124.5448,10.1131],[124.546,10.117],[124.5498,10.1164],[124.5497,10.1142],[124.5519,10.1133],[124.5527,10.1176],[124.5498,10.118],[124.5516,10.1242],[124.5511,10.1297],[124.555,10.1328],[124.5617,10.1292],[124.5633,10.1225],[124.5617,10.1206],[124.575,10.1114],[124.5708,10.1169],[124.5721,10.1241],[124.5705,10.1263],[124.5715,10.1281],[124.5791,10.1304],[124.5801,10.1277],[124.5849,10.1271],[124.5797,10.1336],[124.5803,10.1392],[124.5828,10.1381],[124.5861,10.1294],[124.5872,10.1306],[124.5852,10.1347],[124.5859,10.1369],[124.5905,10.1372],[124.5946,10.142],[124.595,10.1441],[124.592,10.1463],[124.6077,10.1524],[124.6165,10.1531],[124.6186,10.1484],[124.6114,10.1404],[124.6031,10.1371],[124.5994,10.1336],[124.5967,10.1202],[124.5892,10.1105],[124.5917,10.1103],[124.5987,10.1149],[124.6027,10.1131],[124.603,10.107],[124.6068,10.0984],[124.6037,10.0946],[124.6042,10.0873],[124.5964,10.0845],[124.5944,10.0812],[124.5877,10.0839],[124.5814,10.0947],[124.5771,10.0953],[124.5768,10.0921],[124.5748,10.0906],[124.5617,10.0919],[124.5534,10.0858],[124.5499,10.0806],[124.5585,10.0757],[124.5613,10.0688],[124.5508,10.0686],[124.5478,10.0664],[124.55,10.0645]]],[[[124.5281,10.0656],[124.53,10.0653],[124.5294,10.0631],[124.5283,10.0642],[124.5281,10.0656]]],[[[124.5263,10.0713],[124.5253,10.0731],[124.5264,10.0738],[124.5274,10.0711],[124.5263,10.0713]]],[[[124.5412,10.1241],[124.5381,10.1277],[124.5399,10.1334],[124.5447,10.1317],[124.5461,10.1294],[124.545,10.1258],[124.5412,10.1241]]],[[[124.5053,10.1582],[124.5059,10.1589],[124.5064,10.1576],[124.506,10.1574],[124.5053,10.1582]]],[[[124.5001,10.1631],[124.5009,10.1638],[124.5009,10.1619],[124.5006,10.1625],[124.5001,10.1631]]],[[[124.6411,10.1208],[124.6407,10.1241],[124.6433,10.125],[124.6454,10.1239],[124.6434,10.1199],[124.6411,10.1208]]],[[[124.5803,10.145],[124.5828,10.1433],[124.5795,10.1414],[124.5778,10.1456],[124.5789,10.1467],[124.5803,10.145]]],[[[124.5598,10.187],[124.5596,10.1899],[124.5676,10.1974],[124.568,10.1954],[124.5619,10.1865],[124.5605,10.1856],[124.5598,10.187]]],[[[124.6169,10.2633],[124.6165,10.2655],[124.6193,10.264],[124.6184,10.2628],[124.6169,10.2633]]]]},"properties":{"ADM3_EN":"Pres.Carlos P.Garcia","name":"Pres.Carlos P.Garcia","ADM3_PCODE":"PH71235000","psgc_code":"71235000","ADM2_EN":"Bohol","ADM2_PCODE":"PH7123","ADM1_EN":"Region VII (Central Visayas)","ADM1_PCODE":"PH07","ADM0_EN":"Philippines (the)","ADM0_PCODE":"PH","region_key":"central_visayas","province_key":"bohol","type":"Municipality"}},{"type":"Feature","geometry":{"type":"MultiPolygon","coordinates":[[[[124.1223,9.8671],[124.1147,9.8624],[124.1112,9.8636],[124.113,9.8669],[124.1109,9.8699],[124.1079,9.8692],[124.1059,9.871],[124.1034,9.8681],[124.045,9.8678],[124.0244,9.883],[124.0594,9.932],[124.0835,9.9552],[124.1064,9.9564],[124.1112,9.961],[124.1454,9.9508],[124.1454,9.9286],[124.1424,9.916],[124.1316,9.8991],[124.1217,9.8723],[124.1242,9.8691],[124.1223,9.8671]]]]},"properties":{"ADM3_EN":"Sagbayan","name":"Sagbayan","ADM3_PCODE":"PH71236000","psgc_code":"71236000","ADM2_EN":"Bohol","ADM2_PCODE":"PH7123","ADM1_EN":"Region VII (Central Visayas)","ADM1_PCODE":"PH07","ADM0_EN":"Philippines (the)","ADM0_PCODE":"PH","region_key":"central_visayas","province_key":"bohol","type":"Municipality"}},{"type":"Feature","geometry":{"type":"MultiPolygon","coordinates":[[[[123.9132,9.819],[123.9151,9.8288],[123.9184,9.8345],[123.9177,9.8495],[123.9284,9.8745],[123.9385,9.8853],[123.9474,9.8919],[123.9569,9.8962],[123.9638,9.896],[123.9816,9.879],[123.9819,9.8772],[123.9756,9.872],[123.9768,9.8704],[123.9756,9.8686],[123.9762,9.8629],[123.9789,9.8603],[123.9815,9.8507],[123.9795,9.8468],[123.979,9.8402],[123.9712,9.8251],[123.9703,9.8088],[123.9646,9.8016],[123.9635,9.7948],[123.9597,9.7911],[123.9585,9.7863],[123.9319,9.8049],[123.9127,9.8163],[123.9132,9.819]]]]},"properties":{"ADM3_EN":"San Isidro","name":"San Isidro","ADM3_PCODE":"PH71237000","psgc_code":"71237000","ADM2_EN":"Bohol","ADM2_PCODE":"PH7123","ADM1_EN":"Region VII (Central Visayas)","ADM1_PCODE":"PH07","ADM0_EN":"Philippines (the)","ADM0_PCODE":"PH","region_key":"central_visayas","province_key":"bohol","type":"Municipality"}},{"type":"Feature","geometry":{"type":"MultiPolygon","coordinates":[[[[124.3427,9.9379],[124.35,9.9112],[124.3155,9.926],[124.2983,9.9536],[124.2937,9.9525],[124.2588,10.0067],[124.3658,10.0284],[124.3975,10.0365],[124.4063,9.9988],[124.4038,9.9966],[124.3895,9.9924],[124.3749,9.947],[124.3635,9.9548],[124.3427,9.9379]]]]},"properties":{"ADM3_EN":"San Miguel","name":"San Miguel","ADM3_PCODE":"PH71238000","psgc_code":"71238000","ADM2_EN":"Bohol","ADM2_PCODE":"PH7123","ADM1_EN":"Region VII (Central Visayas)","ADM1_PCODE":"PH07","ADM0_EN":"Philippines (the)","ADM0_PCODE":"PH","region_key":"central_visayas","province_key":"bohol","type":"Municipality"}},{"type":"Feature","geometry":{"type":"MultiPolygon","coordinates":[[[[124.048,9.6698],[124.0256,9.6698],[124.0044,9.6747],[123.9996,9.6993],[123.9988,9.7133],[124.0169,9.7297],[124.0348,9.7685],[124.0439,9.7671],[124.0468,9.7649],[124.0523,9.7677],[124.0554,9.7672],[124.0636,9.7397],[124.0718,9.7227],[124.0814,9.6874],[124.0829,9.6758],[124.048,9.6698]]]]},"properties":{"ADM3_EN":"Sevilla","name":"Sevilla","ADM3_PCODE":"PH71239000","psgc_code":"71239000","ADM2_EN":"Bohol","ADM2_PCODE":"PH7123","ADM1_EN":"Region VII (Central Visayas)","ADM1_PCODE":"PH07","ADM0_EN":"Philippines (the)","ADM0_PCODE":"PH","region_key":"central_visayas","province_key":"bohol","type":"Municipality"}},{"type":"Feature","geometry":{"type":"MultiPolygon","coordinates":[[[[124.3028,9.7539],[124.299,9.7528],[124.29,9.7445],[124.2817,9.7398],[124.2413,9.7296],[124.2498,9.7726],[124.2499,9.7879],[124.2528,9.8],[124.2497,9.8033],[124.262,9.8168],[124.2659,9.8242],[124.2707,9.8228],[124.2708,9.8281],[124.2747,9.8316],[124.2729,9.8349],[124.2747,9.8376],[124.2772,9.8381],[124.2774,9.8427],[124.2746,9.8446],[124.2765,9.8465],[124.2756,9.849],[124.2781,9.8501],[124.2773,9.8517],[124.2803,9.8554],[124.28,9.8591],[124.2828,9.859],[124.2855,9.8638],[124.2988,9.858],[124.3067,9.8462],[124.3036,9.8435],[124.3018,9.8382],[124.3036,9.8314],[124.2964,9.8274],[124.2965,9.8178],[124.3021,9.815],[124.311,9.8139],[124.3275,9.7966],[124.3291,9.7978],[124.3329,9.7944],[124.3384,9.7937],[124.3518,9.7933],[124.3568,9.7947],[124.3628,9.7909],[124.3341,9.7688],[124.3252,9.7656],[124.3214,9.7624],[124.3116,9.7599],[124.3028,9.7539]]]]},"properties":{"ADM3_EN":"Sierra Bullones","name":"Sierra Bullones","ADM3_PCODE":"PH71240000","psgc_code":"71240000","ADM2_EN":"Bohol","ADM2_PCODE":"PH7124","ADM1_EN":"Region VII (Central Visayas)","ADM1_PCODE":"PH07","ADM0_EN":"Philippines (the)","ADM0_PCODE":"PH","region_key":"central_visayas","province_key":"bohol","type":"Municipality"}},{"type":"Feature","geometry":{"type":"MultiPolygon","coordinates":[[[[123.9859,9.7093],[123.9988,9.7133],[123.9996,9.6993],[124.0044,9.6747],[123.994,9.6598],[123.9543,9.6663],[123.9693,9.7034],[123.9859,9.7093]]]]},"properties":{"ADM3_EN":"Sikatuna","name":"Sikatuna","ADM3_PCODE":"PH71241000","psgc_code":"71241000","ADM2_EN":"Bohol","ADM2_PCODE":"PH7124","ADM1_EN":"Region VII (Central Visayas)","ADM1_PCODE":"PH07","ADM0_EN":"Philippines (the)","ADM0_PCODE":"PH","region_key":"central_visayas","province_key":"bohol","type":"Municipality"}},{"type":"Feature","geometry":{"type":"MultiPolygon","coordinates":[[[[123.872,9.6276],[123.8704,9.6306],[123.865,9.6338],[123.8532,9.6367],[123.8527,9.643],[123.8504,9.6449],[123.8508,9.647],[123.844,9.6626],[123.8442,9.6674],[123.8496,9.6799],[123.8558,9.6893],[123.8548,9.6981],[123.8606,9.7011],[123.8625,9.6999],[123.8632,9.6946],[123.8699,9.6937],[123.8741,9.6958],[123.8761,9.6987],[123.8796,9.6969],[123.8802,9.694],[123.8865,9.6943],[123.8895,9.6922],[123.8881,9.6614],[123.8886,9.6253],[123.8821,9.6251],[123.872,9.6276]]],[[[123.8474,9.648],[123.8448,9.6488],[123.8445,9.6499],[123.8461,9.6506],[123.8474,9.648]]]]},"properties":{"ADM3_EN":"Tagbilaran City","name":"Tagbilaran City","ADM3_PCODE":"PH71242000","psgc_code":"71242000","ADM2_EN":"Bohol","ADM2_PCODE":"PH7124","ADM1_EN":"Region VII (Central Visayas)","ADM1_PCODE":"PH07","ADM0_EN":"Philippines (the)","ADM0_PCODE":"PH","region_key":"central_visayas","province_key":"bohol","type":"City"}},{"type":"Feature","geometry":{"type":"MultiPolygon","coordinates":[[[[124.228,10.126],[124.226,10.1616],[124.2322,10.1597],[124.2441,10.1625],[124.2558,10.1573],[124.2783,10.1551],[124.2845,10.1587],[124.2881,10.1634],[124.2872,10.167],[124.2821,10.1735],[124.2912,10.1735],[124.3009,10.1645],[124.3053,10.1637],[124.3142,10.1654],[124.3252,10.1537],[124.3285,10.1527],[124.3302,10.1474],[124.335,10.1449],[124.3418,10.1376],[124.3428,10.1333],[124.3403,10.1281],[124.3414,10.1267],[124.3433,10.1283],[124.3439,10.1261],[124.3406,10.1158],[124.3422,10.1144],[124.3439,10.1165],[124.345,10.1042],[124.3474,10.1001],[124.3461,10.0946],[124.2546,10.0615],[124.2413,10.0451],[124.2501,10.0288],[124.2237,10.0299],[124.2292,10.0569],[124.228,10.126]]],[[[124.2853,10.1924],[124.2858,10.1903],[124.2842,10.1878],[124.2831,10.1923],[124.277,10.1917],[124.2778,10.1897],[124.2819,10.1894],[124.2808,10.1875],[124.2733,10.1894],[124.2717,10.1933],[124.2811,10.1946],[124.2853,10.1924]]],[[[124.3033,10.1822],[124.3042,10.18],[124.3014,10.1783],[124.2953,10.1801],[124.2992,10.1869],[124.3016,10.1865],[124.3033,10.1822]]],[[[124.3307,10.2221],[124.3227,10.2158],[124.318,10.2158],[124.318,10.2181],[124.3249,10.224],[124.331,10.225],[124.332,10.2239],[124.3307,10.2221]]],[[[124.2283,10.1942],[124.2364,10.1978],[124.2397,10.2022],[124.2408,10.2],[124.2503,10.2056],[124.26,10.2069],[124.2642,10.2047],[124.2617,10.2003],[124.2522,10.1964],[124.2531,10.1944],[124.2555,10.1939],[124.2553,10.1922],[124.2508,10.1919],[124.2467,10.1872],[124.24,10.1872],[124.2383,10.1886],[124.237,10.1828],[124.2383,10.18],[124.2353,10.1781],[124.2333,10.18],[124.2314,10.1778],[124.2265,10.1789],[124.2267,10.1939],[124.2283,10.1942]]],[[[124.2809,10.2255],[124.2815,10.2286],[124.2841,10.228],[124.2834,10.2253],[124.2809,10.2255]]],[[[124.3627,10.1672],[124.3521,10.1654],[124.3495,10.174],[124.3513,10.1752],[124.3644,10.1748],[124.3715,10.1786],[124.3771,10.1667],[124.3692,10.1631],[124.3665,10.1661],[124.3627,10.1672]]],[[[124.351,10.2101],[124.3489,10.2115],[124.3492,10.2138],[124.3552,10.215],[124.3561,10.2129],[124.3546,10.2098],[124.351,10.2101]]],[[[124.3838,10.2399],[124.3858,10.2367],[124.3836,10.2361],[124.3843,10.2282],[124.3823,10.2262],[124.3794,10.2264],[124.3808,10.2311],[124.3794,10.2325],[124.3792,10.24],[124.3833,10.2411],[124.3853,10.24],[124.3838,10.2399]]],[[[124.4023,10.2467],[124.404,10.247],[124.4054,10.2459],[124.4045,10.2452],[124.4023,10.2467]]],[[[124.3361,10.2478],[124.3347,10.2475],[124.3333,10.2494],[124.3381,10.2503],[124.3361,10.2478]]],[[[124.2916,10.2408],[124.2931,10.2435],[124.2994,10.2468],[124.296,10.243],[124.2916,10.2408]]],[[[124.2922,10.2506],[124.2968,10.2486],[124.2974,10.2471],[124.2939,10.2464],[124.2903,10.2503],[124.2906,10.2514],[124.2922,10.2506]]]]},"properties":{"ADM3_EN":"Talibon","name":"Talibon","ADM3_PCODE":"PH71243000","psgc_code":"71243000","ADM2_EN":"Bohol","ADM2_PCODE":"PH7124","ADM1_EN":"Region VII (Central Visayas)","ADM1_PCODE":"PH07","ADM0_EN":"Philippines (the)","ADM0_PCODE":"PH","region_key":"central_visayas","province_key":"bohol","type":"Municipality"}},{"type":"Feature","geometry":{"type":"MultiPolygon","coordinates":[[[[124.2588,10.0067],[124.2474,10.0357],[124.2413,10.0451],[124.2546,10.0615],[124.3461,10.0946],[124.3583,10.0954],[124.3678,10.09],[124.3928,10.0966],[124.3983,10.088],[124.4034,10.0865],[124.4007,10.0765],[124.4051,10.0683],[124.4082,10.0664],[124.4082,10.0643],[124.4053,10.0631],[124.4047,10.0609],[124.4056,10.0554],[124.4078,10.0536],[124.4076,10.05],[124.4055,10.0482],[124.406,10.0451],[124.4027,10.0434],[124.4017,10.0392],[124.3975,10.0365],[124.3658,10.0284],[124.2588,10.0067]]]]},"properties":{"ADM3_EN":"Trinidad","name":"Trinidad","ADM3_PCODE":"PH71244000","psgc_code":"71244000","ADM2_EN":"Bohol","ADM2_PCODE":"PH7124","ADM1_EN":"Region VII (Central Visayas)","ADM1_PCODE":"PH07","ADM0_EN":"Philippines (the)","ADM0_PCODE":"PH","region_key":"central_visayas","province_key":"bohol","type":"Municipality"}},{"type":"Feature","geometry":{"type":"MultiPolygon","coordinates":[[[[123.9992,9.8931],[123.9949,9.8864],[123.981,9.8791],[123.9638,9.896],[123.961,9.8969],[123.9515,9.8941],[123.9385,9.8853],[123.9095,9.9311],[123.9172,9.9335],[123.9226,9.9325],[123.9236,9.9339],[123.9282,9.934],[123.9355,9.9382],[123.9423,9.9394],[123.9441,9.9417],[123.9497,9.9419],[123.9588,9.9494],[123.9602,9.9522],[123.9589,9.9549],[123.9604,9.9566],[123.9694,9.9564],[123.9783,9.963],[123.9864,9.9649],[123.9954,9.9642],[123.9981,9.9657],[123.9996,9.9647],[123.999,9.9587],[123.9959,9.9497],[124.0013,9.9332],[124.007,9.9253],[124.0113,9.8951],[124.0073,9.8959],[123.9992,9.8931]]],[[[123.9931,9.9745],[123.9906,9.9723],[123.9896,9.9738],[123.9914,9.9739],[123.9911,9.9758],[123.9881,9.9753],[123.9883,9.979],[123.9922,9.9767],[123.9931,9.9745]]],[[[123.9088,9.9451],[123.9074,9.9471],[123.9098,9.9478],[123.9125,9.9451],[123.9088,9.9451]]],[[[123.9186,9.9542],[123.9181,9.9558],[123.9225,9.9533],[123.9192,9.9522],[123.9186,9.9542]]],[[[123.8967,9.9581],[123.8956,9.9589],[123.9028,9.9589],[123.9014,9.9569],[123.8967,9.9581]]],[[[123.884,9.9887],[123.8823,9.987],[123.8802,9.9883],[123.8814,9.9895],[123.884,9.9887]]],[[[123.9867,9.9793],[123.9881,9.9809],[123.9894,9.9807],[123.9853,9.9771],[123.9867,9.9793]]],[[[123.9682,10.0243],[123.9697,10.0256],[123.971,10.025],[123.9671,10.0226],[123.9682,10.0243]]],[[[123.9905,10.0125],[123.9878,10.015],[123.9867,10.0169],[123.9878,10.0172],[123.9905,10.0125]]],[[[123.9423,9.9975],[123.9408,9.9979],[123.9437,9.9984],[123.9435,9.9977],[123.9423,9.9975]]],[[[123.9008,10.0553],[123.8997,10.0539],[123.8975,10.0561],[123.8992,10.0564],[123.9008,10.0553]]],[[[123.9267,10.0714],[123.926,10.0722],[123.929,10.071],[123.9276,10.0711],[123.9267,10.0714]]]]},"properties":{"ADM3_EN":"Tubigon","name":"Tubigon","ADM3_PCODE":"PH71245000","psgc_code":"71245000","ADM2_EN":"Bohol","ADM2_PCODE":"PH7124","ADM1_EN":"Region VII (Central Visayas)","ADM1_PCODE":"PH07","ADM0_EN":"Philippines (the)","ADM0_PCODE":"PH","region_key":"central_visayas","province_key":"bohol","type":"Municipality"}},{"type":"Feature","geometry":{"type":"MultiPolygon","coordinates":[[[[124.4178,9.945],[124.4106,9.9454],[124.4066,9.9474],[124.3934,9.9457],[124.3815,9.949],[124.3749,9.947],[124.3895,9.9924],[124.4044,9.9968],[124.4064,9.9995],[124.3975,10.0365],[124.4017,10.0392],[124.4027,10.0434],[124.406,10.0451],[124.4055,10.0482],[124.4076,10.05],[124.4078,10.0536],[124.4056,10.0554],[124.4047,10.0609],[124.4053,10.0631],[124.4085,10.065],[124.4007,10.0765],[124.4038,10.0855],[124.4012,10.0881],[124.3983,10.088],[124.3967,10.0917],[124.3928,10.1025],[124.3931,10.105],[124.3956,10.1067],[124.4161,10.1022],[124.4189,10.0989],[124.421,10.0916],[124.4236,10.0894],[124.432,10.0886],[124.4367,10.0833],[124.4383,10.0848],[124.443,10.085],[124.4589,10.0661],[124.4664,10.0615],[124.4706,10.0611],[124.4719,10.0628],[124.4736,10.0619],[124.4742,10.0589],[124.4774,10.0571],[124.4929,10.0583],[124.4935,10.0616],[124.4997,10.0644],[124.5,10.0715],[124.5038,10.0758],[124.506,10.0757],[124.5082,10.0724],[124.5143,10.0704],[124.516,10.0667],[124.5193,10.0652],[124.5222,10.0573],[124.5291,10.0492],[124.5274,10.0473],[124.5296,10.044],[124.5395,10.0432],[124.5423,10.0412],[124.5469,10.0408],[124.5483,10.0381],[124.5464,10.0328],[124.5567,10.0259],[124.5556,10.0211],[124.553,10.0194],[124.554,10.0153],[124.5523,10.0125],[124.5606,10.01],[124.5614,10.0037],[124.5598,9.9993],[124.5627,10.0004],[124.5669,9.9996],[124.5694,9.9967],[124.57,9.9764],[124.5672,9.9728],[124.5617,9.9703],[124.5578,9.9728],[124.5573,9.977],[124.5592,9.9733],[124.5622,9.9718],[124.5594,9.9778],[124.5611,9.9831],[124.56,9.9903],[124.5619,9.995],[124.56,9.9947],[124.5583,9.9914],[124.5527,9.989],[124.5504,9.9909],[124.5455,9.9894],[124.5443,9.9864],[124.5482,9.9893],[124.5506,9.9853],[124.5469,9.9767],[124.5439,9.9756],[124.5437,9.9728],[124.5511,9.9686],[124.5508,9.9644],[124.5448,9.9631],[124.5425,9.96],[124.4302,9.9425],[124.4178,9.945]]],[[[124.5703,9.9568],[124.5695,9.9626],[124.573,9.9639],[124.5743,9.9607],[124.5735,9.9571],[124.572,9.9559],[124.5703,9.9568]]],[[[124.5495,9.9789],[124.5502,9.9808],[124.5517,9.9783],[124.5508,9.9778],[124.5495,9.9789]]],[[[124.557,10.0243],[124.5583,10.0253],[124.5594,10.0231],[124.5583,10.0222],[124.557,10.0243]]],[[[124.5125,10.0908],[124.5133,10.0843],[124.511,10.0834],[124.5053,10.0876],[124.504,10.0921],[124.5104,10.0943],[124.5125,10.0908]]]]},"properties":{"ADM3_EN":"Ubay","name":"Ubay","ADM3_PCODE":"PH71246000","psgc_code":"71246000","ADM2_EN":"Bohol","ADM2_PCODE":"PH7124","ADM1_EN":"Region VII (Central Visayas)","ADM1_PCODE":"PH07","ADM0_EN":"Philippines (the)","ADM0_PCODE":"PH","region_key":"central_visayas","province_key":"bohol","type":"Municipality"}},{"type":"Feature","geometry":{"type":"MultiPolygon","coordinates":[[[[124.2213,9.6048],[124.2198,9.6037],[124.217,9.6052],[124.2135,9.6046],[124.2067,9.6075],[124.2009,9.6067],[124.1922,9.6096],[124.1832,9.6092],[124.1829,9.6164],[124.1809,9.6191],[124.1778,9.6193],[124.1792,9.6234],[124.1752,9.6325],[124.1799,9.645],[124.1798,9.6492],[124.1824,9.6514],[124.1824,9.6562],[124.1852,9.6603],[124.1892,9.7213],[124.2226,9.7282],[124.2413,9.7296],[124.2491,9.6981],[124.2507,9.6266],[124.2481,9.6241],[124.2433,9.5981],[124.2328,9.5983],[124.2261,9.6013],[124.2237,9.6048],[124.2213,9.6048]]]]},"properties":{"ADM3_EN":"Valencia","name":"Valencia","ADM3_PCODE":"PH71247000","psgc_code":"71247000","ADM2_EN":"Bohol","ADM2_PCODE":"PH7124","ADM1_EN":"Region VII (Central Visayas)","ADM1_PCODE":"PH07","ADM0_EN":"Philippines (the)","ADM0_PCODE":"PH","region_key":"central_visayas","province_key":"bohol","type":"Municipality"}},{"type":"Feature","geometry":{"type":"MultiPolygon","coordinates":[[[[123.4901,9.98],[123.5044,9.9819],[123.493,9.9468],[123.4412,9.9564],[123.4035,9.9586],[123.3936,9.9624],[123.3929,9.9682],[123.3895,9.9674],[123.3912,9.9713],[123.3948,9.9738],[123.4018,9.9733],[123.4027,9.9761],[123.3992,9.9761],[123.3986,9.9778],[123.4002,9.9787],[123.3994,9.9833],[123.4022,9.9867],[123.4188,9.9802],[123.4498,9.9767],[123.4593,9.976],[123.4901,9.98]]],[[[123.3939,9.9779],[123.3954,9.9785],[123.3966,9.9771],[123.3938,9.9757],[123.3939,9.9779]]]]},"properties":{"ADM3_EN":"Alcantara","name":"Alcantara","ADM3_PCODE":"PH72201000","psgc_code":"72201000","ADM2_EN":"Cebu","ADM2_PCODE":"PH7220","ADM1_EN":"Region VII (Central Visayas)","ADM1_PCODE":"PH07","ADM0_EN":"Philippines (the)","ADM0_PCODE":"PH","region_key":"central_visayas","province_key":"cebu","type":"Municipality"}},{"type":"Feature","geometry":{"type":"MultiPolygon","coordinates":[[[[123.5031,9.6821],[123.5033,9.6706],[123.5017,9.6655],[123.4236,9.6903],[123.4287,9.7071],[123.4288,9.7193],[123.4254,9.7421],[123.427,9.7704],[123.4312,9.7792],[123.4435,9.7652],[123.46,9.7517],[123.4729,9.7458],[123.4896,9.7432],[123.5126,9.7361],[123.5095,9.7303],[123.5108,9.7165],[123.5102,9.6963],[123.5066,9.6864],[123.5031,9.6821]]]]},"properties":{"ADM3_EN":"Alcoy","name":"Alcoy","ADM3_PCODE":"PH72202000","psgc_code":"72202000","ADM2_EN":"Cebu","ADM2_PCODE":"PH7220","ADM1_EN":"Region VII (Central Visayas)","ADM1_PCODE":"PH07","ADM0_EN":"Philippines (the)","ADM0_PCODE":"PH","region_key":"central_visayas","province_key":"cebu","type":"Municipality"}},{"type":"Feature","geometry":{"type":"MultiPolygon","coordinates":[[[[123.3892,9.7009],[123.3701,9.7054],[123.3582,9.7064],[123.3521,9.7092],[123.3378,9.712],[123.3395,9.7258],[123.3395,9.7432],[123.3425,9.747],[123.342,9.7513],[123.3458,9.7688],[123.3437,9.7788],[123.3448,9.7879],[123.3459,9.791],[123.3506,9.7956],[123.3574,9.7997],[123.3653,9.8076],[123.3663,9.812],[123.4051,9.7951],[123.4312,9.7792],[123.427,9.7704],[123.4254,9.7421],[123.4288,9.7193],[123.4287,9.7071],[123.4236,9.6903],[123.3892,9.7009]]]]},"properties":{"ADM3_EN":"Alegria","name":"Alegria","ADM3_PCODE":"PH72203000","psgc_code":"72203000","ADM2_EN":"Cebu","ADM2_PCODE":"PH7220","ADM1_EN":"Region VII (Central Visayas)","ADM1_PCODE":"PH07","ADM0_EN":"Philippines (the)","ADM0_PCODE":"PH","region_key":"central_visayas","province_key":"cebu","type":"Municipality"}},{"type":"Feature","geometry":{"type":"MultiPolygon","coordinates":[[[[123.5826,10.1532],[123.5244,10.187],[123.5278,10.1948],[123.5392,10.2084],[123.5474,10.2236],[123.55,10.2233],[123.5484,10.2257],[123.5506,10.2305],[123.559,10.2397],[123.5643,10.2423],[123.5705,10.2482],[123.5743,10.2459],[123.5722,10.243],[123.5724,10.2347],[123.5751,10.233],[123.5785,10.2259],[123.631,10.1982],[123.5988,10.1436],[123.5826,10.1532]]]]},"properties":{"ADM3_EN":"Aloguinsan","name":"Aloguinsan","ADM3_PCODE":"PH72204000","psgc_code":"72204000","ADM2_EN":"Cebu","ADM2_PCODE":"PH7220","ADM1_EN":"Region VII (Central Visayas)","ADM1_PCODE":"PH07","ADM0_EN":"Philippines (the)","ADM0_PCODE":"PH","region_key":"central_visayas","province_key":"cebu","type":"Municipality"}},{"type":"Feature","geometry":{"type":"MultiPolygon","coordinates":[[[[123.5612,9.8319],[123.5614,9.8207],[123.5588,9.8151],[123.4963,9.8614],[123.4735,9.8752],[123.4997,9.969],[123.5081,9.9912],[123.6217,9.9659],[123.6203,9.9594],[123.6233,9.9537],[123.6215,9.9518],[123.6251,9.9498],[123.6242,9.9431],[123.6212,9.9386],[123.6232,9.946],[123.6223,9.9468],[123.6202,9.9407],[123.6214,9.9365],[123.6203,9.9292],[123.6148,9.9212],[123.6125,9.9136],[123.6111,9.9128],[123.6106,9.9139],[123.6133,9.9191],[123.6097,9.9156],[123.6101,9.9117],[123.6075,9.9107],[123.6064,9.9051],[123.6086,9.9028],[123.6064,9.8939],[123.6108,9.8872],[123.6084,9.8791],[123.6087,9.8743],[123.5944,9.8719],[123.5834,9.8656],[123.574,9.8577],[123.5661,9.8461],[123.5674,9.8399],[123.5612,9.8319]]]]},"properties":{"ADM3_EN":"Argao","name":"Argao","ADM3_PCODE":"PH72205000","psgc_code":"72205000","ADM2_EN":"Cebu","ADM2_PCODE":"PH7220","ADM1_EN":"Region VII (Central Visayas)","ADM1_PCODE":"PH07","ADM0_EN":"Philippines (the)","ADM0_PCODE":"PH","region_key":"central_visayas","province_key":"cebu","type":"Municipality"}},{"type":"Feature","geometry":{"type":"MultiPolygon","coordinates":[[[[123.7046,10.54],[123.704,10.5438],[123.7129,10.5533],[123.713,10.5573],[123.7111,10.5608],[123.7122,10.5674],[123.7163,10.5704],[123.726,10.5717],[123.73,10.5756],[123.7294,10.5789],[123.7338,10.5924],[123.7399,10.5993],[123.7473,10.615],[123.7467,10.6207],[123.7409,10.6306],[123.7415,10.633],[123.7465,10.6354],[123.744,10.636],[123.7523,10.6418],[123.7554,10.6453],[123.755,10.6479],[123.7583,10.6509],[123.7629,10.6511],[123.7997,10.6393],[123.8318,10.6411],[123.859,10.6453],[123.8902,10.6535],[123.915,10.6625],[123.9291,10.6707],[123.9427,10.681],[123.939,10.6525],[123.9237,10.5911],[123.9088,10.5557],[123.9023,10.5471],[123.9019,10.5403],[123.8995,10.5388],[123.8968,10.5333],[123.8914,10.5328],[123.8876,10.5279],[123.8831,10.5294],[123.8815,10.5324],[123.8718,10.5326],[123.8696,10.5344],[123.8709,10.5361],[123.8674,10.5388],[123.8688,10.5421],[123.8655,10.5422],[123.8648,10.5444],[123.8593,10.5405],[123.8583,10.5422],[123.8551,10.5425],[123.8531,10.5369],[123.8496,10.5401],[123.8477,10.5364],[123.8397,10.5367],[123.8381,10.5336],[123.8358,10.5359],[123.8343,10.535],[123.8333,10.5373],[123.8202,10.537],[123.8158,10.5411],[123.8147,10.5374],[123.8138,10.538],[123.8121,10.5352],[123.8089,10.5347],[123.8068,10.5359],[123.8061,10.5408],[123.8039,10.5432],[123.7999,10.543],[123.7973,10.5458],[123.7926,10.5462],[123.7878,10.5495],[123.7833,10.5493],[123.7776,10.5515],[123.7736,10.5507],[123.7693,10.5469],[123.7645,10.5476],[123.7632,10.5461],[123.7664,10.5429],[123.7639,10.5408],[123.76,10.5439],[123.7236,10.5416],[123.7211,10.5386],[123.7102,10.5372],[123.7057,10.5377],[123.7046,10.54]]]]},"properties":{"ADM3_EN":"Asturias","name":"Asturias","ADM3_PCODE":"PH72206000","psgc_code":"72206000","ADM2_EN":"Cebu","ADM2_PCODE":"PH7220","ADM1_EN":"Region VII (Central Visayas)","ADM1_PCODE":"PH07","ADM0_EN":"Philippines (the)","ADM0_PCODE":"PH","region_key":"central_visayas","province_key":"cebu","type":"Municipality"}},{"type":"Feature","geometry":{"type":"MultiPolygon","coordinates":[[[[123.3667,9.8124],[123.3708,9.8166],[123.372,9.822],[123.371,9.8289],[123.3728,9.8417],[123.3687,9.8484],[123.3675,9.8561],[123.3701,9.8673],[123.3724,9.8703],[123.3846,9.8677],[123.3821,9.8649],[123.3761,9.8662],[123.3788,9.8608],[123.391,9.8674],[123.3897,9.8716],[123.3971,9.8776],[123.3986,9.8814],[123.4,9.9012],[123.4376,9.8966],[123.4743,9.8804],[123.4744,9.8607],[123.4695,9.8424],[123.4378,9.7951],[123.4312,9.7792],[123.4051,9.7951],[123.3667,9.8124]]],[[[123.3811,9.8742],[123.3735,9.8761],[123.3722,9.8781],[123.3754,9.8891],[123.3809,9.8936],[123.3837,9.892],[123.3851,9.8877],[123.3811,9.8742]]]]},"properties":{"ADM3_EN":"Badian","name":"Badian","ADM3_PCODE":"PH72207000","psgc_code":"72207000","ADM2_EN":"Cebu","ADM2_PCODE":"PH7220","ADM1_EN":"Region VII (Central Visayas)","ADM1_PCODE":"PH07","ADM0_EN":"Philippines (the)","ADM0_PCODE":"PH","region_key":"central_visayas","province_key":"cebu","type":"Municipality"}},{"type":"Feature","geometry":{"type":"MultiPolygon","coordinates":[[[[123.7747,10.3959],[123.7697,10.3906],[123.742,10.4093],[123.7403,10.4121],[123.7425,10.4167],[123.7419,10.419],[123.7351,10.4195],[123.7313,10.4252],[123.7296,10.4242],[123.7212,10.4302],[123.7217,10.4325],[123.7196,10.4327],[123.7153,10.4275],[123.7122,10.4261],[123.7055,10.4275],[123.7057,10.4304],[123.7009,10.4299],[123.7,10.4334],[123.6982,10.4342],[123.695,10.4405],[123.6962,10.4424],[123.6947,10.4452],[123.6868,10.4484],[123.6853,10.4515],[123.6829,10.4512],[123.6792,10.454],[123.6746,10.4527],[123.6767,10.4566],[123.6906,10.4636],[123.6915,10.4691],[123.6892,10.4725],[123.6921,10.4734],[123.692,10.4777],[123.7052,10.4897],[123.7067,10.4937],[123.714,10.4975],[123.715,10.5003],[123.7121,10.5033],[123.7125,10.5061],[123.7108,10.5092],[123.7075,10.5067],[123.7063,10.5116],[123.7105,10.5165],[123.7151,10.5189],[123.7111,10.5176],[123.7051,10.5135],[123.7034,10.5192],[123.7065,10.5349],[123.7057,10.5377],[123.7211,10.5386],[123.7236,10.5416],[123.76,10.5439],[123.7639,10.5408],[123.7664,10.5429],[123.7632,10.5461],[123.7645,10.5476],[123.7693,10.5469],[123.7736,10.5507],[123.7776,10.5515],[123.7833,10.5493],[123.7878,10.5495],[123.7926,10.5462],[123.7973,10.5458],[123.7999,10.543],[123.8039,10.5432],[123.8061,10.5408],[123.8068,10.5359],[123.8089,10.5347],[123.8121,10.5352],[123.8138,10.538],[123.8147,10.5374],[123.8158,10.5411],[123.8202,10.537],[123.8333,10.5373],[123.8343,10.535],[123.8358,10.5359],[123.8381,10.5336],[123.8397,10.5367],[123.8477,10.5364],[123.8496,10.5401],[123.8531,10.5369],[123.8544,10.5393],[123.8532,10.5402],[123.856,10.5426],[123.8585,10.5343],[123.8631,10.5325],[123.8616,10.5277],[123.8582,10.5241],[123.8636,10.5233],[123.8675,10.5149],[123.8713,10.5184],[123.8754,10.5196],[123.8825,10.5172],[123.8813,10.5133],[123.8859,10.5127],[123.8866,10.5111],[123.8851,10.5103],[123.8843,10.5068],[123.888,10.5048],[123.8843,10.5038],[123.8908,10.5003],[123.8888,10.4934],[123.826,10.4447],[123.809,10.4352],[123.8059,10.4299],[123.8026,10.427],[123.8008,10.4272],[123.7976,10.4181],[123.7747,10.3959]]]]},"properties":{"ADM3_EN":"Balamban","name":"Balamban","ADM3_PCODE":"PH72208000","psgc_code":"72208000","ADM2_EN":"Cebu","ADM2_PCODE":"PH7220","ADM1_EN":"Region VII (Central Visayas)","ADM1_PCODE":"PH07","ADM0_EN":"Philippines (the)","ADM0_PCODE":"PH","region_key":"central_visayas","province_key":"cebu","type":"Municipality"}},{"type":"Feature","geometry":{"type":"MultiPolygon","coordinates":[[[[123.5884,11.0329],[123.5891,11.0344],[123.5909,11.0345],[123.5908,11.0317],[123.5884,11.0329]]],[[[123.6061,11.0356],[123.6075,11.0347],[123.6056,11.0331],[123.6008,11.035],[123.6028,11.0378],[123.6061,11.0356]]],[[[123.6345,11.0579],[123.6314,11.0494],[123.6244,11.045],[123.6217,11.0469],[123.6217,11.0528],[123.6258,11.0581],[123.6345,11.0606],[123.6345,11.0579]]],[[[123.6533,11.0789],[123.6494,11.0734],[123.6419,11.0706],[123.6373,11.0664],[123.6342,11.0675],[123.6319,11.0744],[123.6389,11.0792],[123.6378,11.0831],[123.635,11.0853],[123.645,11.0861],[123.6475,11.0933],[123.6503,11.0897],[123.6575,11.0928],[123.6591,11.092],[123.6533,11.0789]]],[[[123.6619,11.0956],[123.6669,11.1047],[123.6703,11.1067],[123.6731,11.1047],[123.6719,11.1014],[123.6733,11.0983],[123.6711,11.0956],[123.6631,11.0925],[123.6619,11.0956]]],[[[123.6994,11.1283],[123.6975,11.1261],[123.693,11.1265],[123.69,11.1315],[123.696,11.1308],[123.6943,11.1344],[123.6999,11.135],[123.6994,11.1283]]],[[[123.7014,11.1419],[123.703,11.1426],[123.7036,11.1414],[123.7014,11.1407],[123.7014,11.1419]]],[[[123.7083,11.1233],[123.7094,11.1195],[123.7078,11.1178],[123.7017,11.1172],[123.7019,11.125],[123.699,11.1259],[123.7019,11.1286],[123.7089,11.1257],[123.7083,11.1233]]],[[[123.7137,11.1317],[123.7142,11.1306],[123.7119,11.1311],[123.7125,11.1317],[123.7137,11.1317]]],[[[123.7153,11.1337],[123.7189,11.1358],[123.7203,11.1353],[123.7158,11.1325],[123.7153,11.1337]]],[[[123.7203,11.1583],[123.7192,11.1572],[123.7153,11.1581],[123.7175,11.16],[123.7203,11.1583]]],[[[123.6983,11.1422],[123.6983,11.1436],[123.6997,11.1453],[123.7014,11.1436],[123.7008,11.1417],[123.6989,11.1406],[123.6983,11.1422]]],[[[123.6475,11.145],[123.6494,11.1422],[123.6442,11.1419],[123.6389,11.1478],[123.644,11.1494],[123.6475,11.145]]],[[[123.7049,11.1485],[123.7064,11.1485],[123.7066,11.1457],[123.7036,11.1441],[123.7014,11.1478],[123.7049,11.1485]]],[[[123.6945,11.216],[123.6901,11.2185],[123.6877,11.2285],[123.6902,11.2327],[123.6921,11.2331],[123.6927,11.2318],[123.694,11.2329],[123.6996,11.2453],[123.76,11.2447],[123.7661,11.2258],[123.7675,11.2108],[123.7756,11.2011],[123.7739,11.1978],[123.7772,11.1937],[123.7666,11.1827],[123.7628,11.1747],[123.7598,11.1588],[123.7602,11.1497],[123.7547,11.15],[123.7483,11.1475],[123.7319,11.1369],[123.7236,11.1361],[123.7208,11.1375],[123.7214,11.1442],[123.7181,11.1486],[123.7244,11.1558],[123.7274,11.1568],[123.7281,11.1606],[123.7308,11.1597],[123.7318,11.1644],[123.7281,11.1618],[123.7227,11.1657],[123.7211,11.1614],[123.7167,11.165],[123.715,11.1739],[123.7067,11.1942],[123.7019,11.1992],[123.6989,11.2125],[123.6945,11.216]]],[[[123.7933,11.2194],[123.7961,11.2172],[123.7964,11.2147],[123.7914,11.2144],[123.7883,11.2178],[123.7914,11.2203],[123.7933,11.2194]]]]},"properties":{"ADM3_EN":"Bantayan","name":"Bantayan","ADM3_PCODE":"PH72209000","psgc_code":"72209000","ADM2_EN":"Cebu","ADM2_PCODE":"PH7220","ADM1_EN":"Region VII (Central Visayas)","ADM1_PCODE":"PH07","ADM0_EN":"Philippines (the)","ADM0_PCODE":"PH","region_key":"central_visayas","province_key":"cebu","type":"Municipality"}},{"type":"Feature","geometry":{"type":"MultiPolygon","coordinates":[[[[123.5221,10.0508],[123.4661,10.0953],[123.4721,10.1024],[123.4725,10.1057],[123.4774,10.1083],[123.4788,10.1138],[123.4833,10.1186],[123.4919,10.1175],[123.4933,10.1233],[123.4906,10.1258],[123.4912,10.1276],[123.5002,10.1334],[123.5174,10.1528],[123.5154,10.1572],[123.5154,10.163],[123.5208,10.1763],[123.5222,10.1841],[123.5244,10.187],[123.5988,10.1436],[123.5821,10.1144],[123.5785,10.0959],[123.5584,10.0762],[123.533,10.042],[123.5221,10.0508]]]]},"properties":{"ADM3_EN":"Barili","name":"Barili","ADM3_PCODE":"PH72210000","psgc_code":"72210000","ADM2_EN":"Cebu","ADM2_PCODE":"PH7221","ADM1_EN":"Region VII (Central Visayas)","ADM1_PCODE":"PH07","ADM0_EN":"Philippines (the)","ADM0_PCODE":"PH","region_key":"central_visayas","province_key":"cebu","type":"Municipality"}},{"type":"Feature","geometry":{"type":"MultiPolygon","coordinates":[[[[123.9705,10.9736],[123.9604,10.9706],[123.9579,10.9713],[123.9527,10.9777],[123.9589,11.0002],[123.961,11.0226],[123.9557,11.0663],[123.953,11.0828],[123.9505,11.0883],[123.9611,11.0858],[123.965,11.0828],[123.9642,11.0814],[123.9685,11.0757],[123.9687,11.0774],[123.9736,11.078],[123.9756,11.0768],[123.9773,11.0713],[123.9748,11.069],[123.9781,11.0656],[123.9803,11.0672],[123.9812,11.071],[123.9793,11.0684],[123.9789,11.07],[123.9821,11.0732],[123.9853,11.0728],[123.9881,11.0764],[123.99,11.0764],[123.9972,11.0703],[123.9978,11.0675],[123.9942,11.0636],[123.9936,11.0608],[123.9964,11.0556],[123.9958,11.0536],[123.998,11.0517],[124.0011,11.0515],[124.0031,11.0542],[124.0081,11.0545],[124.0141,11.0587],[124.0203,11.0571],[124.0263,11.0587],[124.0329,11.0576],[124.035,11.0553],[124.0407,11.0566],[124.0423,11.0546],[124.0373,11.0439],[124.0396,11.0316],[124.0381,11.0195],[124.0407,11.0139],[124.0449,10.9909],[124.0431,10.9859],[124.0445,10.977],[123.9865,10.9869],[123.9705,10.9736]]],[[[124.0306,11.0597],[124.0283,11.0593],[124.0275,11.0614],[124.0292,11.0622],[124.0306,11.0597]]]]},"properties":{"ADM3_EN":"Bogo City","name":"Bogo City","ADM3_PCODE":"PH72211000","psgc_code":"72211000","ADM2_EN":"Cebu","ADM2_PCODE":"PH7221","ADM1_EN":"Region VII (Central Visayas)","ADM1_PCODE":"PH07","ADM0_EN":"Philippines (the)","ADM0_PCODE":"PH","region_key":"central_visayas","province_key":"cebu","type":"City"}},{"type":"Feature","geometry":{"type":"MultiPolygon","coordinates":[[[[123.4762,9.6022],[123.478,9.6005],[123.4726,9.5941],[123.4704,9.5832],[123.393,9.6224],[123.402,9.6487],[123.4152,9.6775],[123.4236,9.6903],[123.5017,9.6655],[123.4953,9.6605],[123.4849,9.6354],[123.4807,9.6303],[123.4805,9.623],[123.4734,9.608],[123.4737,9.6044],[123.4762,9.6022]]]]},"properties":{"ADM3_EN":"Boljoon","name":"Boljoon","ADM3_PCODE":"PH72212000","psgc_code":"72212000","ADM2_EN":"Cebu","ADM2_PCODE":"PH7221","ADM1_EN":"Region VII (Central Visayas)","ADM1_PCODE":"PH07","ADM0_EN":"Philippines (the)","ADM0_PCODE":"PH","region_key":"central_visayas","province_key":"cebu","type":"Municipality"}},{"type":"Feature","geometry":{"type":"MultiPolygon","coordinates":[[[[124.0342,10.806],[124.0333,10.8004],[124.0313,10.8002],[124.0279,10.8019],[124.0196,10.8014],[124.017,10.8038],[124.012,10.8003],[124.0012,10.8011],[123.9826,10.8054],[123.9785,10.8068],[123.9746,10.8135],[123.9683,10.8159],[123.9657,10.8148],[123.9625,10.8154],[123.9615,10.8173],[123.957,10.8173],[123.9568,10.8196],[123.955,10.8196],[123.9518,10.8236],[123.951,10.8274],[123.9477,10.8289],[123.9473,10.8325],[123.9434,10.8383],[123.9367,10.8365],[123.9345,10.8411],[123.9365,10.844],[123.9397,10.8451],[123.9378,10.8464],[123.9427,10.8532],[123.9387,10.8587],[123.9421,10.8646],[123.9437,10.8636],[123.9441,10.8662],[123.9464,10.8663],[123.9472,10.8717],[123.9459,10.874],[123.9537,10.8815],[123.9602,10.8926],[123.9908,10.8881],[124.0117,10.8869],[124.0139,10.8854],[124.0176,10.8881],[124.0235,10.8878],[124.0292,10.8905],[124.0362,10.8851],[124.0387,10.8872],[124.0403,10.8866],[124.0439,10.8812],[124.0495,10.8814],[124.0505,10.8787],[124.0489,10.8773],[124.0466,10.8675],[124.0406,10.86],[124.0419,10.8518],[124.0399,10.8432],[124.0368,10.8402],[124.0332,10.8406],[124.0321,10.8389],[124.0302,10.8236],[124.0342,10.8144],[124.0342,10.806]]]]},"properties":{"ADM3_EN":"Borbon","name":"Borbon","ADM3_PCODE":"PH72213000","psgc_code":"72213000","ADM2_EN":"Cebu","ADM2_PCODE":"PH7221","ADM1_EN":"Region VII (Central Visayas)","ADM1_PCODE":"PH07","ADM0_EN":"Philippines (the)","ADM0_PCODE":"PH","region_key":"central_visayas","province_key":"cebu","type":"Municipality"}},{"type":"Feature","geometry":{"type":"MultiPolygon","coordinates":[[[[123.6405,10.0756],[123.6391,10.0734],[123.6397,10.0683],[123.6355,10.0611],[123.6201,10.0751],[123.5785,10.0959],[123.5805,10.1088],[123.5852,10.1207],[123.618,10.1757],[123.6409,10.1622],[123.6676,10.1437],[123.6741,10.1324],[123.6813,10.1306],[123.6829,10.1265],[123.6877,10.1267],[123.6861,10.1206],[123.6869,10.1169],[123.6839,10.1144],[123.6836,10.1114],[123.6808,10.1092],[123.68,10.1106],[123.682,10.1131],[123.6778,10.1142],[123.6794,10.1122],[123.6789,10.1089],[123.6827,10.1031],[123.6828,10.0917],[123.6808,10.0855],[123.6757,10.0824],[123.6635,10.0834],[123.6596,10.0817],[123.659,10.0839],[123.6606,10.0861],[123.6625,10.0872],[123.6639,10.0861],[123.6664,10.09],[123.6614,10.0928],[123.6594,10.0892],[123.6551,10.0912],[123.6536,10.0895],[123.6515,10.0898],[123.649,10.0857],[123.6419,10.0848],[123.6396,10.081],[123.6405,10.0756]]]]},"properties":{"ADM3_EN":"Carcar","name":"Carcar","ADM3_PCODE":"PH72214000","psgc_code":"72214000","ADM2_EN":"Cebu","ADM2_PCODE":"PH7221","ADM1_EN":"Region VII (Central Visayas)","ADM1_PCODE":"PH07","ADM0_EN":"Philippines (the)","ADM0_PCODE":"PH","region_key":"central_visayas","province_key":"cebu","type":"Municipality"}},{"type":"Feature","geometry":{"type":"MultiPolygon","coordinates":[[[[124.022,10.5704],[124.0244,10.5678],[124.0253,10.5722],[124.0297,10.5744],[124.0286,10.5694],[124.0229,10.5619],[124.027,10.5581],[124.0248,10.5563],[124.0255,10.5533],[124.0126,10.5584],[123.9934,10.57],[123.9565,10.5858],[123.9347,10.5925],[123.9237,10.5911],[123.9364,10.6404],[123.9511,10.636],[123.9636,10.6301],[123.9789,10.6261],[124.0168,10.6108],[124.0268,10.6103],[124.0272,10.6024],[124.0327,10.5956],[124.0337,10.5814],[124.0324,10.58],[124.0304,10.5813],[124.0319,10.5873],[124.0308,10.5906],[124.0274,10.5885],[124.0235,10.59],[124.0203,10.5888],[124.0193,10.585],[124.0236,10.5831],[124.0276,10.577],[124.0222,10.5722],[124.022,10.5704]]],[[[124.035,10.5687],[124.035,10.5662],[124.0347,10.5662],[124.0336,10.5693],[124.035,10.5687]]]]},"properties":{"ADM3_EN":"Carmen","name":"Carmen","ADM3_PCODE":"PH72215000","psgc_code":"72215000","ADM2_EN":"Cebu","ADM2_PCODE":"PH7221","ADM1_EN":"Region VII (Central Visayas)","ADM1_PCODE":"PH07","ADM0_EN":"Philippines (the)","ADM0_PCODE":"PH","region_key":"central_visayas","province_key":"cebu","type":"Municipality"}},{"type":"Feature","geometry":{"type":"MultiPolygon","coordinates":[[[[124.0081,10.7306],[124.0143,10.7327],[124.0157,10.7308],[124.015,10.7208],[124.0163,10.7174],[124.0122,10.7009],[124.0169,10.6839],[124.0164,10.6799],[124.0214,10.6702],[124.0209,10.6605],[124.0267,10.6461],[124.0262,10.6381],[124.0291,10.6327],[124.0268,10.6103],[124.0168,10.6108],[123.9789,10.6261],[123.9636,10.6301],[123.9511,10.636],[123.9364,10.6404],[123.9403,10.6593],[123.9427,10.681],[123.9446,10.6822],[123.9436,10.684],[123.9456,10.6849],[123.9499,10.693],[123.9482,10.6936],[123.9488,10.699],[123.9477,10.7001],[123.9496,10.6998],[123.9524,10.7016],[123.9524,10.7039],[123.9544,10.704],[123.9566,10.7127],[123.9583,10.7113],[123.9591,10.7136],[123.9614,10.7143],[123.966,10.7208],[123.9659,10.7237],[123.9742,10.7256],[123.9753,10.728],[123.9804,10.7301],[123.9855,10.7301],[123.9874,10.728],[123.9911,10.7293],[123.9953,10.7274],[124.002,10.7311],[124.0041,10.7289],[124.0081,10.7306]]]]},"properties":{"ADM3_EN":"Catmon","name":"Catmon","ADM3_PCODE":"PH72216000","psgc_code":"72216000","ADM2_EN":"Cebu","ADM2_PCODE":"PH7221","ADM1_EN":"Region VII (Central Visayas)","ADM1_PCODE":"PH07","ADM0_EN":"Philippines (the)","ADM0_PCODE":"PH","region_key":"central_visayas","province_key":"cebu","type":"Municipality"}},{"type":"Feature","geometry":{"type":"MultiPolygon","coordinates":[[[[123.8838,10.2876],[123.8869,10.2885],[123.8879,10.2858],[123.8823,10.2794],[123.8809,10.2748],[123.8828,10.2719],[123.8778,10.2642],[123.8756,10.2621],[123.8657,10.2619],[123.8534,10.2694],[123.8481,10.2782],[123.8413,10.2805],[123.8197,10.3074],[123.8249,10.3201],[123.8235,10.3245],[123.8195,10.3282],[123.818,10.3267],[123.8149,10.3284],[123.8132,10.3269],[123.8035,10.3263],[123.7913,10.3285],[123.7827,10.3256],[123.7706,10.3267],[123.7729,10.3492],[123.7719,10.3792],[123.7697,10.3906],[123.7976,10.4181],[123.8008,10.4272],[123.8026,10.427],[123.8059,10.4299],[123.809,10.4352],[123.826,10.4447],[123.8888,10.4934],[123.8927,10.4894],[123.8962,10.4908],[123.9042,10.4861],[123.9159,10.4846],[123.9208,10.4732],[123.926,10.4729],[123.9245,10.403],[123.9259,10.3971],[123.9162,10.3359],[123.9187,10.3346],[123.923,10.3278],[123.9242,10.3199],[123.9231,10.3121],[123.9244,10.3099],[123.926,10.31],[123.9123,10.2991],[123.9086,10.2917],[123.9003,10.2908],[123.8973,10.2883],[123.8854,10.2896],[123.8838,10.2876]]]]},"properties":{"ADM3_EN":"Cebu City","name":"Cebu City","ADM3_PCODE":"PH72217000","psgc_code":"72217000","ADM2_EN":"Cebu","ADM2_PCODE":"PH7221","ADM1_EN":"Region VII (Central Visayas)","ADM1_PCODE":"PH07","ADM0_EN":"Philippines (the)","ADM0_PCODE":"PH","region_key":"central_visayas","province_key":"cebu","type":"City"}},{"type":"Feature","geometry":{"type":"MultiPolygon","coordinates":[[[[124.0108,10.4471],[124.0108,10.4343],[124.0057,10.4287],[124.0033,10.4305],[124.0036,10.4351],[124.0013,10.4354],[123.9995,10.4381],[123.9961,10.4345],[123.9909,10.4361],[123.9875,10.4352],[123.9856,10.4382],[123.9872,10.4394],[123.9862,10.443],[123.983,10.4447],[123.9838,10.4481],[123.9818,10.447],[123.9784,10.4492],[123.9737,10.4478],[123.9716,10.4496],[123.9675,10.4494],[123.9619,10.4543],[123.9638,10.4568],[123.962,10.4594],[123.9647,10.4602],[123.9634,10.4617],[123.9639,10.4651],[123.9582,10.4658],[123.9546,10.4691],[123.9508,10.4765],[123.9448,10.4769],[123.9447,10.4746],[123.9387,10.4693],[123.9344,10.4698],[123.9339,10.4723],[123.9324,10.4723],[123.9334,10.4686],[123.9323,10.4679],[123.9249,10.4737],[123.9208,10.4732],[123.9159,10.4846],[123.9042,10.4861],[123.8962,10.4908],[123.8918,10.4898],[123.8888,10.4934],[123.8908,10.5003],[123.9608,10.5034],[123.9879,10.4919],[124.021,10.47],[124.0156,10.4604],[124.0108,10.4471]]]]},"properties":{"ADM3_EN":"Compostela","name":"Compostela","ADM3_PCODE":"PH72218000","psgc_code":"72218000","ADM2_EN":"Cebu","ADM2_PCODE":"PH7221","ADM1_EN":"Region VII (Central Visayas)","ADM1_PCODE":"PH07","ADM0_EN":"Philippines (the)","ADM0_PCODE":"PH","region_key":"central_visayas","province_key":"cebu","type":"Municipality"}},{"type":"Feature","geometry":{"type":"MultiPolygon","coordinates":[[[[124.0026,10.3597],[123.9891,10.3552],[123.9905,10.35],[123.9875,10.3544],[123.9822,10.3519],[123.985,10.35],[123.9844,10.3486],[123.9814,10.3506],[123.9794,10.3475],[123.9767,10.3492],[123.9777,10.3508],[123.9741,10.3514],[123.9753,10.3486],[123.9739,10.3481],[123.9706,10.3486],[123.9686,10.3508],[123.9718,10.3549],[123.9728,10.3603],[123.9764,10.3606],[123.9744,10.3636],[123.9754,10.3666],[123.9775,10.3658],[123.9808,10.3685],[123.983,10.368],[123.9815,10.3707],[123.9844,10.3762],[124.0039,10.3614],[124.0026,10.3597]]],[[[123.9678,10.362],[123.9669,10.3629],[123.9618,10.3584],[123.9529,10.373],[123.9447,10.3754],[123.9305,10.3848],[123.9245,10.403],[123.9257,10.4516],[123.9487,10.417],[123.9836,10.3774],[123.982,10.3785],[123.9783,10.3772],[123.9783,10.3744],[123.9721,10.368],[123.9722,10.362],[123.9708,10.3596],[123.9678,10.362]]]]},"properties":{"ADM3_EN":"Consolacion","name":"Consolacion","ADM3_PCODE":"PH72219000","psgc_code":"72219000","ADM2_EN":"Cebu","ADM2_PCODE":"PH7221","ADM1_EN":"Region VII (Central Visayas)","ADM1_PCODE":"PH07","ADM0_EN":"Philippines (the)","ADM0_PCODE":"PH","region_key":"central_visayas","province_key":"cebu","type":"Municipality"}},{"type":"Feature","geometry":{"type":"MultiPolygon","coordinates":[[[[123.9919,10.2047],[123.9914,10.2028],[123.9885,10.2058],[123.9863,10.2048],[123.9885,10.2099],[123.9919,10.2047]]],[[[123.9859,10.2616],[123.9831,10.2579],[123.975,10.2539],[123.9801,10.2592],[123.9831,10.2593],[123.9866,10.2627],[123.9859,10.2616]]],[[[123.9783,10.2581],[123.9727,10.2539],[123.9686,10.2558],[123.9706,10.2633],[123.9796,10.2593],[123.9783,10.2581]]],[[[123.9691,10.2623],[123.9657,10.2558],[123.962,10.2555],[123.9548,10.2506],[123.9494,10.2461],[123.9475,10.2422],[123.9429,10.2431],[123.9426,10.2459],[123.9372,10.2471],[123.9319,10.251],[123.9355,10.2602],[123.9377,10.2617],[123.9393,10.2597],[123.9428,10.2623],[123.9391,10.2649],[123.9519,10.2777],[123.9548,10.2779],[123.9601,10.27],[123.9665,10.2661],[123.9691,10.2623]]],[[[123.9156,10.2569],[123.918,10.248],[123.9156,10.2458],[123.9142,10.2472],[123.9153,10.2519],[123.9136,10.2578],[123.9156,10.2569]]]]},"properties":{"ADM3_EN":"Cordoba","name":"Cordoba","ADM3_PCODE":"PH72220000","psgc_code":"72220000","ADM2_EN":"Cebu","ADM2_PCODE":"PH7222","ADM1_EN":"Region VII (Central Visayas)","ADM1_PCODE":"PH07","ADM0_EN":"Philippines (the)","ADM0_PCODE":"PH","region_key":"central_visayas","province_key":"cebu","type":"Municipality"}},{"type":"Feature","geometry":{"type":"MultiPolygon","coordinates":[[[[124.0356,11.1493],[124.034,11.1458],[124.0323,11.1456],[124.0319,11.1427],[124.0294,11.1434],[124.0283,11.1419],[124.0249,11.1331],[124.0197,11.1355],[124.0021,11.17],[123.9985,11.1706],[123.9614,11.2058],[123.9872,11.2256],[123.995,11.2372],[123.9978,11.2494],[123.9953,11.2656],[123.9992,11.2719],[124.0196,11.2701],[124.0258,11.2801],[124.0314,11.2784],[124.0459,11.2789],[124.055,11.2815],[124.0638,11.2862],[124.0647,11.2854],[124.0622,11.2789],[124.064,11.274],[124.0588,11.2694],[124.0566,11.2653],[124.0577,11.2638],[124.0563,11.2602],[124.0626,11.2567],[124.0692,11.2571],[124.0702,11.2553],[124.063,11.2418],[124.0541,11.2328],[124.0488,11.2296],[124.0461,11.225],[124.0454,11.2182],[124.0423,11.2147],[124.0427,11.2107],[124.0375,11.2067],[124.0368,11.2024],[124.0392,11.1816],[124.0357,11.1729],[124.0367,11.1585],[124.0356,11.1493]]],[[[124.0645,11.3058],[124.0636,11.3048],[124.0626,11.3058],[124.0636,11.3072],[124.0645,11.3058]]],[[[124.1184,11.3434],[124.1186,11.3341],[124.1214,11.3309],[124.1215,11.3285],[124.1183,11.3261],[124.1126,11.3262],[124.1115,11.3278],[124.1139,11.3295],[124.1119,11.3341],[124.1141,11.3342],[124.1118,11.3367],[124.1136,11.3372],[124.1105,11.3434],[124.1065,11.3463],[124.1149,11.3456],[124.1171,11.3478],[124.1189,11.3462],[124.1184,11.3434]]],[[[124.0973,11.5224],[124.1037,11.5174],[124.1054,11.5128],[124.1033,11.5083],[124.105,11.5069],[124.1024,11.5053],[124.0992,11.5049],[124.0928,11.5129],[124.0903,11.5138],[124.0899,11.519],[124.092,11.5198],[124.0932,11.5228],[124.0973,11.5224]]],[[[124.0455,11.5775],[124.0453,11.5804],[124.0465,11.5821],[124.0466,11.5777],[124.0454,11.5764],[124.0455,11.5775]]]]},"properties":{"ADM3_EN":"Daanbantayan","name":"Daanbantayan","ADM3_PCODE":"PH72221000","psgc_code":"72221000","ADM2_EN":"Cebu","ADM2_PCODE":"PH7222","ADM1_EN":"Region VII (Central Visayas)","ADM1_PCODE":"PH07","ADM0_EN":"Philippines (the)","ADM0_PCODE":"PH","region_key":"central_visayas","province_key":"cebu","type":"Municipality"}},{"type":"Feature","geometry":{"type":"MultiPolygon","coordinates":[[[[123.5201,9.7479],[123.5142,9.7422],[123.5119,9.7362],[123.4896,9.7432],[123.4729,9.7458],[123.46,9.7517],[123.4539,9.7563],[123.4435,9.7652],[123.4312,9.7792],[123.4378,9.7951],[123.4695,9.8424],[123.4744,9.8607],[123.4735,9.8752],[123.4963,9.8614],[123.5588,9.8151],[123.553,9.8109],[123.548,9.8112],[123.5404,9.805],[123.5365,9.804],[123.5347,9.7957],[123.5374,9.7885],[123.5308,9.7749],[123.5363,9.7654],[123.5377,9.7578],[123.5201,9.7479]]]]},"properties":{"ADM3_EN":"Dalaguete","name":"Dalaguete","ADM3_PCODE":"PH72222000","psgc_code":"72222000","ADM2_EN":"Cebu","ADM2_PCODE":"PH7222","ADM1_EN":"Region VII (Central Visayas)","ADM1_PCODE":"PH07","ADM0_EN":"Philippines (the)","ADM0_PCODE":"PH","region_key":"central_visayas","province_key":"cebu","type":"Municipality"}},{"type":"Feature","geometry":{"type":"MultiPolygon","coordinates":[[[[124.0113,10.4763],[123.9915,10.49],[123.9608,10.5034],[123.8908,10.5003],[123.8865,10.502],[123.8843,10.5038],[123.888,10.5048],[123.8842,10.5077],[123.8865,10.5119],[123.8813,10.5133],[123.8825,10.5172],[123.8754,10.5196],[123.8713,10.5184],[123.8675,10.5149],[123.8636,10.5233],[123.8582,10.5241],[123.8616,10.5277],[123.8631,10.5325],[123.8585,10.5343],[123.857,10.542],[123.8607,10.5409],[123.8648,10.5444],[123.8655,10.5422],[123.8688,10.5421],[123.8674,10.5388],[123.8709,10.5361],[123.8698,10.5337],[123.8757,10.5333],[123.8772,10.5316],[123.8815,10.5324],[123.8854,10.5282],[123.8863,10.5294],[123.8876,10.5279],[123.8914,10.5328],[123.8985,10.5345],[123.8995,10.5388],[123.9019,10.5403],[123.9023,10.5471],[123.9088,10.5557],[123.9237,10.5911],[123.9289,10.5926],[123.94,10.5914],[123.9705,10.5805],[124.0267,10.5523],[124.0297,10.5519],[124.0316,10.5547],[124.0343,10.5541],[124.0342,10.5618],[124.0371,10.5472],[124.0336,10.544],[124.0298,10.5352],[124.0333,10.5275],[124.029,10.5189],[124.0281,10.5127],[124.0327,10.5041],[124.0326,10.4971],[124.0218,10.4792],[124.021,10.47],[124.0113,10.4763]]]]},"properties":{"ADM3_EN":"Danao City","name":"Danao City","ADM3_PCODE":"PH72223000","psgc_code":"72223000","ADM2_EN":"Cebu","ADM2_PCODE":"PH7222","ADM1_EN":"Region VII (Central Visayas)","ADM1_PCODE":"PH07","ADM0_EN":"Philippines (the)","ADM0_PCODE":"PH","region_key":"central_visayas","province_key":"cebu","type":"City"}},{"type":"Feature","geometry":{"type":"MultiPolygon","coordinates":[[[[123.4481,10.0647],[123.4473,10.0671],[123.4497,10.0688],[123.4465,10.0687],[123.4464,10.0728],[123.4442,10.0729],[123.444,10.0746],[123.4495,10.0816],[123.4661,10.0953],[123.533,10.042],[123.5081,9.9912],[123.4108,10.0353],[123.4096,10.0331],[123.4145,10.0507],[123.421,10.0585],[123.4259,10.0603],[123.438,10.06],[123.4423,10.062],[123.444,10.0649],[123.4481,10.0647]]]]},"properties":{"ADM3_EN":"Dumanjug","name":"Dumanjug","ADM3_PCODE":"PH72224000","psgc_code":"72224000","ADM2_EN":"Cebu","ADM2_PCODE":"PH7222","ADM1_EN":"Region VII (Central Visayas)","ADM1_PCODE":"PH07","ADM0_EN":"Philippines (the)","ADM0_PCODE":"PH","region_key":"central_visayas","province_key":"cebu","type":"Municipality"}},{"type":"Feature","geometry":{"type":"MultiPolygon","coordinates":[[[[123.3078,9.5536],[123.3109,9.5724],[123.3162,9.5798],[123.3156,9.5867],[123.3205,9.6116],[123.3187,9.6185],[123.3228,9.6241],[123.393,9.6224],[123.383,9.5943],[123.3707,9.5518],[123.3078,9.5536]]]]},"properties":{"ADM3_EN":"Ginatilan","name":"Ginatilan","ADM3_PCODE":"PH72225000","psgc_code":"72225000","ADM2_EN":"Cebu","ADM2_PCODE":"PH7222","ADM1_EN":"Region VII (Central Visayas)","ADM1_PCODE":"PH07","ADM0_EN":"Philippines (the)","ADM0_PCODE":"PH","region_key":"central_visayas","province_key":"cebu","type":"Municipality"}},{"type":"Feature","geometry":{"type":"MultiPolygon","coordinates":[[[[124.0214,10.2022],[124.0181,10.2022],[124.0178,10.2039],[124.0211,10.2033],[124.0214,10.2022]]],[[[124.04,10.2236],[124.0417,10.2206],[124.0431,10.2211],[124.0433,10.2172],[124.0372,10.2169],[124.032,10.2138],[124.0358,10.2178],[124.0389,10.2264],[124.04,10.2236]]],[[[124.0453,10.2213],[124.0453,10.2208],[124.0439,10.2205],[124.0431,10.2219],[124.0453,10.2213]]],[[[124.0497,10.2342],[124.0503,10.2361],[124.0518,10.2333],[124.0503,10.2333],[124.0497,10.2342]]],[[[124.0486,10.2376],[124.0483,10.2361],[124.0452,10.2364],[124.0464,10.2347],[124.0444,10.2358],[124.0451,10.2379],[124.0486,10.2376]]],[[[124.0114,10.2369],[124.0109,10.2383],[124.0123,10.2383],[124.0123,10.2378],[124.0114,10.2369]]],[[[124.0461,10.2394],[124.0458,10.2406],[124.0467,10.2408],[124.0467,10.2383],[124.0461,10.2394]]],[[[124.0505,10.2393],[124.05,10.2385],[124.0492,10.2411],[124.047,10.2411],[124.048,10.243],[124.0505,10.2393]]],[[[124.0591,10.2477],[124.058,10.2469],[124.0586,10.2494],[124.0597,10.2488],[124.0591,10.2477]]],[[[124.0617,10.2534],[124.06,10.2497],[124.0583,10.2497],[124.0578,10.2483],[124.0575,10.2453],[124.0586,10.2438],[124.057,10.243],[124.0569,10.2399],[124.0535,10.2371],[124.0508,10.2381],[124.0508,10.2419],[124.0481,10.2459],[124.0489,10.2474],[124.0504,10.2466],[124.0494,10.2513],[124.0455,10.255],[124.0426,10.2543],[124.0461,10.2456],[124.0424,10.2423],[124.0403,10.2436],[124.0399,10.2457],[124.0416,10.2472],[124.0397,10.2486],[124.0361,10.2488],[124.0364,10.2475],[124.0339,10.2462],[124.0336,10.2522],[124.0353,10.2537],[124.0339,10.2544],[124.0261,10.2475],[124.025,10.2438],[124.0233,10.245],[124.0204,10.242],[124.0247,10.2497],[124.0297,10.2548],[124.0308,10.2596],[124.0403,10.2589],[124.0375,10.26],[124.0397,10.2613],[124.0398,10.2633],[124.0414,10.2628],[124.0403,10.2604],[124.0414,10.2596],[124.0425,10.2631],[124.0497,10.2683],[124.0497,10.2702],[124.0505,10.2715],[124.0495,10.2702],[124.0483,10.2711],[124.0502,10.2722],[124.0511,10.271],[124.05,10.2691],[124.0564,10.2695],[124.0558,10.2733],[124.0472,10.2772],[124.0528,10.2769],[124.0511,10.28],[124.055,10.2828],[124.0572,10.281],[124.0565,10.2835],[124.0584,10.2849],[124.0615,10.2831],[124.0633,10.2837],[124.0649,10.2859],[124.0603,10.2847],[124.0623,10.2876],[124.0722,10.2887],[124.0747,10.2858],[124.0728,10.2755],[124.0694,10.2713],[124.0686,10.2667],[124.0631,10.2631],[124.0625,10.2597],[124.0647,10.2606],[124.0648,10.2594],[124.0634,10.2561],[124.0614,10.2553],[124.0617,10.2534]]],[[[124.0027,10.3164],[124.0074,10.313],[124.01,10.3157],[124.0174,10.314],[124.0199,10.318],[124.0216,10.316],[124.0234,10.3166],[124.042,10.3338],[124.0459,10.3339],[124.0441,10.3293],[124.0356,10.318],[124.0267,10.3137],[124.0139,10.294],[124.0075,10.2876],[123.9982,10.284],[123.9991,10.2813],[123.9939,10.2764],[123.9891,10.2655],[123.9831,10.2593],[123.9721,10.2619],[123.967,10.2671],[123.9597,10.2712],[123.9555,10.2781],[123.9564,10.2822],[123.9551,10.2837],[123.9525,10.2825],[123.9483,10.276],[123.9412,10.2716],[123.9381,10.2653],[123.9368,10.2697],[123.9344,10.2717],[123.9369,10.2725],[123.9442,10.2839],[123.9408,10.2836],[123.9346,10.2749],[123.9302,10.2763],[123.9382,10.288],[123.9381,10.2899],[123.9354,10.2908],[123.9339,10.294],[123.9349,10.296],[123.9371,10.294],[123.9351,10.2993],[123.94,10.3036],[123.94,10.3059],[123.9374,10.304],[123.9372,10.3061],[123.943,10.3117],[123.9547,10.3178],[123.9604,10.3188],[123.9757,10.3281],[123.9759,10.3306],[123.9774,10.3294],[123.985,10.3341],[123.9882,10.3344],[123.9899,10.3334],[123.9928,10.3235],[123.9986,10.3194],[124.0,10.3167],[124.0027,10.3164]]],[[[123.928,10.2703],[123.9336,10.2692],[123.9344,10.2661],[123.9297,10.2631],[123.925,10.2633],[123.9236,10.2653],[123.9253,10.2678],[123.9219,10.2692],[123.9211,10.2717],[123.9247,10.2756],[123.9283,10.2722],[123.928,10.2703]]],[[[123.9067,10.2797],[123.9071,10.2783],[123.9039,10.2762],[123.9042,10.2708],[123.9022,10.2692],[123.9,10.2739],[123.9016,10.2748],[123.9036,10.2819],[123.9061,10.2817],[123.9067,10.2797]]],[[[123.9242,10.2775],[123.9214,10.2739],[123.919,10.2737],[123.915,10.2775],[123.9167,10.28],[123.9197,10.2769],[123.9228,10.2789],[123.9242,10.2775]]],[[[123.9144,10.2814],[123.9157,10.2799],[123.9142,10.2781],[123.9086,10.2789],[123.9117,10.2825],[123.9144,10.2814]]],[[[123.9058,10.2853],[123.9072,10.2828],[123.9011,10.285],[123.9019,10.2861],[123.9058,10.2853]]],[[[123.9911,10.3339],[123.9931,10.335],[123.994,10.3339],[123.9914,10.3324],[123.9911,10.3339]]],[[[124.085,10.3423],[124.0853,10.3438],[124.0876,10.345],[124.0864,10.3424],[124.085,10.3423]]],[[[124.0884,10.3502],[124.0827,10.3454],[124.0803,10.3449],[124.0811,10.3482],[124.0884,10.3502]]]]},"properties":{"ADM3_EN":"Lapu-Lapu City","name":"Lapu-Lapu City","ADM3_PCODE":"PH72226000","psgc_code":"72226000","ADM2_EN":"Cebu","ADM2_PCODE":"PH7222","ADM1_EN":"Region VII (Central Visayas)","ADM1_PCODE":"PH07","ADM0_EN":"Philippines (the)","ADM0_PCODE":"PH","region_key":"central_visayas","province_key":"cebu","type":"City"}},{"type":"Feature","geometry":{"type":"MultiPolygon","coordinates":[[[[124.0014,10.3627],[123.9844,10.3762],[123.943,10.4246],[123.9257,10.4516],[123.926,10.4729],[123.9292,10.4692],[123.933,10.4678],[123.9324,10.4723],[123.9339,10.4723],[123.9344,10.4698],[123.9387,10.4693],[123.9447,10.4746],[123.9448,10.4769],[123.9508,10.4765],[123.9546,10.4691],[123.9582,10.4658],[123.9639,10.4651],[123.9634,10.4617],[123.9647,10.4602],[123.962,10.4594],[123.9638,10.4568],[123.9619,10.4543],[123.9675,10.4494],[123.9716,10.4496],[123.9737,10.4478],[123.9784,10.4492],[123.9818,10.447],[123.9838,10.4481],[123.983,10.4447],[123.9862,10.443],[123.9872,10.4394],[123.9856,10.4382],[123.9875,10.4352],[123.9909,10.4361],[123.9961,10.4345],[124.0001,10.4378],[124.0013,10.4354],[124.0036,10.4351],[124.0031,10.4317],[124.0051,10.4285],[124.0108,10.4343],[124.005,10.4211],[123.9988,10.4151],[123.9986,10.4078],[124.0028,10.3959],[124.0119,10.3882],[124.0203,10.3865],[124.0214,10.3834],[124.0109,10.3755],[124.0039,10.3614],[124.0014,10.3627]]]]},"properties":{"ADM3_EN":"Liloan","name":"Liloan","ADM3_PCODE":"PH72227000","psgc_code":"72227000","ADM2_EN":"Cebu","ADM2_PCODE":"PH7222","ADM1_EN":"Region VII (Central Visayas)","ADM1_PCODE":"PH07","ADM0_EN":"Philippines (the)","ADM0_PCODE":"PH","region_key":"central_visayas","province_key":"cebu","type":"Municipality"}},{"type":"Feature","geometry":{"type":"MultiPolygon","coordinates":[[[[123.7002,11.2468],[123.701,11.2491],[123.7055,11.2464],[123.7065,11.2472],[123.7025,11.2521],[123.7054,11.2513],[123.7094,11.2547],[123.7164,11.2711],[123.7196,11.2843],[123.7242,11.2919],[123.7244,11.2958],[123.7297,11.3006],[123.7405,11.2964],[123.7492,11.2861],[123.7522,11.2744],[123.7572,11.2681],[123.7575,11.2572],[123.76,11.2447],[123.6996,11.2453],[123.7002,11.2468]]]]},"properties":{"ADM3_EN":"Madridejos","name":"Madridejos","ADM3_PCODE":"PH72228000","psgc_code":"72228000","ADM2_EN":"Cebu","ADM2_PCODE":"PH7222","ADM1_EN":"Region VII (Central Visayas)","ADM1_PCODE":"PH07","ADM0_EN":"Philippines (the)","ADM0_PCODE":"PH","region_key":"central_visayas","province_key":"cebu","type":"Municipality"}},{"type":"Feature","geometry":{"type":"MultiPolygon","coordinates":[[[[123.402,9.6487],[123.393,9.6224],[123.3228,9.6241],[123.3258,9.6375],[123.322,9.6473],[123.3247,9.6558],[123.3254,9.6761],[123.3361,9.7041],[123.3361,9.7084],[123.338,9.7128],[123.3582,9.7064],[123.3873,9.7015],[123.4236,9.6903],[123.4152,9.6775],[123.402,9.6487]]]]},"properties":{"ADM3_EN":"Malabuyoc","name":"Malabuyoc","ADM3_PCODE":"PH72229000","psgc_code":"72229000","ADM2_EN":"Cebu","ADM2_PCODE":"PH7222","ADM1_EN":"Region VII (Central Visayas)","ADM1_PCODE":"PH07","ADM0_EN":"Philippines (the)","ADM0_PCODE":"PH","region_key":"central_visayas","province_key":"cebu","type":"Municipality"}},{"type":"Feature","geometry":{"type":"MultiPolygon","coordinates":[[[[123.9511,10.3194],[123.948,10.3181],[123.9468,10.3189],[123.9475,10.321],[123.9459,10.3191],[123.9399,10.3222],[123.9397,10.32],[123.9326,10.3155],[123.9302,10.3102],[123.9245,10.3124],[123.9244,10.3099],[123.9231,10.3121],[123.9242,10.3199],[123.923,10.3278],[123.9187,10.3346],[123.9162,10.3359],[123.9259,10.3971],[123.9305,10.3848],[123.9447,10.3754],[123.9529,10.373],[123.9618,10.3584],[123.9638,10.3594],[123.9619,10.3555],[123.9642,10.3551],[123.9662,10.352],[123.9631,10.3492],[123.9661,10.3465],[123.9639,10.3439],[123.968,10.3425],[123.9679,10.3463],[123.9699,10.3443],[123.973,10.3467],[123.9744,10.3452],[123.9735,10.3396],[123.972,10.3387],[123.9699,10.3403],[123.968,10.3353],[123.9641,10.3388],[123.9605,10.3381],[123.9603,10.3356],[123.9659,10.328],[123.9633,10.3277],[123.9627,10.3248],[123.9511,10.3194]]]]},"properties":{"ADM3_EN":"Mandaue City","name":"Mandaue City","ADM3_PCODE":"PH72230000","psgc_code":"72230000","ADM2_EN":"Cebu","ADM2_PCODE":"PH7223","ADM1_EN":"Region VII (Central Visayas)","ADM1_PCODE":"PH07","ADM0_EN":"Philippines (the)","ADM0_PCODE":"PH","region_key":"central_visayas","province_key":"cebu","type":"City"}},{"type":"Feature","geometry":{"type":"MultiPolygon","coordinates":[[[[123.9748,11.069],[123.9773,11.0713],[123.9765,11.0761],[123.9736,11.078],[123.9687,11.0774],[123.9685,11.0757],[123.9642,11.0814],[123.9664,11.0844],[123.9575,11.0908],[123.9585,11.0987],[123.9554,11.1021],[123.9555,11.105],[123.9599,11.1063],[123.9594,11.11],[123.9553,11.1128],[123.9615,11.1182],[123.9606,11.12],[123.9639,11.1242],[123.9592,11.1265],[123.9584,11.1296],[123.9563,11.1297],[123.9533,11.135],[123.9503,11.1369],[123.9417,11.1606],[123.9447,11.1801],[123.9439,11.1867],[123.9614,11.2058],[123.9985,11.1706],[124.0021,11.17],[124.0197,11.1355],[124.025,11.1333],[124.0214,11.1203],[124.0183,11.1227],[124.0135,11.1225],[124.013,11.1203],[124.0092,11.1179],[124.0074,11.1112],[124.0055,11.1107],[124.005,11.1071],[124.0005,11.1026],[124.0,11.0975],[123.9936,11.0944],[123.9908,11.0814],[123.9894,11.08],[123.9853,11.0814],[123.9835,11.0788],[123.9844,11.0744],[123.9789,11.07],[123.9793,11.0684],[123.9812,11.071],[123.9803,11.0672],[123.9774,11.0659],[123.9748,11.069]]],[[[123.925,11.1944],[123.9261,11.1931],[123.925,11.1878],[123.9267,11.1819],[123.9261,11.1747],[123.9247,11.1728],[123.9214,11.1722],[123.9144,11.1892],[123.9169,11.1939],[123.9214,11.1956],[123.925,11.1944]]]]},"properties":{"ADM3_EN":"Medellin","name":"Medellin","ADM3_PCODE":"PH72231000","psgc_code":"72231000","ADM2_EN":"Cebu","ADM2_PCODE":"PH7223","ADM1_EN":"Region VII (Central Visayas)","ADM1_PCODE":"PH07","ADM0_EN":"Philippines (the)","ADM0_PCODE":"PH","region_key":"central_visayas","province_key":"cebu","type":"Municipality"}},{"type":"Feature","geometry":{"type":"MultiPolygon","coordinates":[[[[123.8073,10.2379],[123.7938,10.2369],[123.7914,10.2332],[123.7846,10.2298],[123.7826,10.2354],[123.7795,10.2377],[123.7762,10.2438],[123.7754,10.2489],[123.7726,10.2511],[123.772,10.2579],[123.7664,10.2593],[123.7606,10.2631],[123.7615,10.2651],[123.7582,10.2683],[123.758,10.2737],[123.7542,10.2793],[123.7545,10.2856],[123.7481,10.2883],[123.7419,10.2999],[123.7429,10.3024],[123.7554,10.3107],[123.7456,10.3346],[123.7616,10.3603],[123.7717,10.3725],[123.7729,10.3492],[123.7706,10.3267],[123.7827,10.3256],[123.7854,10.2878],[123.7935,10.2807],[123.7978,10.2816],[123.806,10.2687],[123.8128,10.2642],[123.8134,10.2609],[123.8116,10.2576],[123.8124,10.2487],[123.8156,10.2455],[123.8162,10.2417],[123.8146,10.2377],[123.8073,10.2379]]]]},"properties":{"ADM3_EN":"Minglanilla","name":"Minglanilla","ADM3_PCODE":"PH72232000","psgc_code":"72232000","ADM2_EN":"Cebu","ADM2_PCODE":"PH7223","ADM1_EN":"Region VII (Central Visayas)","ADM1_PCODE":"PH07","ADM0_EN":"Philippines (the)","ADM0_PCODE":"PH","region_key":"central_visayas","province_key":"cebu","type":"Municipality"}},{"type":"Feature","geometry":{"type":"MultiPolygon","coordinates":[[[[123.4588,9.8878],[123.4376,9.8966],[123.4,9.9012],[123.4014,9.9054],[123.3986,9.9111],[123.3985,9.921],[123.3947,9.9333],[123.3876,9.9377],[123.3794,9.9336],[123.3736,9.935],[123.3663,9.9459],[123.3652,9.9502],[123.3714,9.9725],[123.3685,9.9843],[123.3692,9.9881],[123.3749,9.9973],[123.3827,9.9976],[123.3841,9.9909],[123.3917,9.9825],[123.3891,9.9797],[123.3909,9.9758],[123.3891,9.9694],[123.3873,9.9713],[123.3857,9.9698],[123.3876,9.9593],[123.386,9.9569],[123.3905,9.9479],[123.3949,9.9447],[123.3968,9.9473],[123.3938,9.9532],[123.3936,9.9624],[123.4035,9.9586],[123.4412,9.9564],[123.4938,9.9471],[123.4743,9.8804],[123.4588,9.8878]]],[[[123.3433,9.9231],[123.3433,9.9242],[123.3444,9.9242],[123.3444,9.9222],[123.3433,9.9231]]]]},"properties":{"ADM3_EN":"Moalboal","name":"Moalboal","ADM3_PCODE":"PH72233000","psgc_code":"72233000","ADM2_EN":"Cebu","ADM2_PCODE":"PH7223","ADM1_EN":"Region VII (Central Visayas)","ADM1_PCODE":"PH07","ADM0_EN":"Philippines (the)","ADM0_PCODE":"PH","region_key":"central_visayas","province_key":"cebu","type":"Municipality"}},{"type":"Feature","geometry":{"type":"MultiPolygon","coordinates":[[[[123.7631,10.2623],[123.7649,10.2601],[123.772,10.2579],[123.7726,10.2511],[123.7754,10.2489],[123.7762,10.2438],[123.7795,10.2377],[123.7826,10.2354],[123.7846,10.2298],[123.7796,10.2297],[123.7654,10.2254],[123.7633,10.2226],[123.7634,10.2162],[123.7599,10.2144],[123.7612,10.2129],[123.7596,10.2104],[123.7603,10.2069],[123.7562,10.196],[123.7478,10.1944],[123.7459,10.1881],[123.7384,10.1831],[123.7379,10.1811],[123.7363,10.1816],[123.7311,10.1783],[123.7066,10.2038],[123.6635,10.2378],[123.6872,10.2697],[123.7241,10.3057],[123.7424,10.3017],[123.7419,10.2999],[123.7481,10.2883],[123.7545,10.2856],[123.7539,10.2806],[123.758,10.2737],[123.7582,10.2683],[123.7612,10.2659],[123.7606,10.2631],[123.7631,10.2623]]]]},"properties":{"ADM3_EN":"Naga City","name":"Naga City","ADM3_PCODE":"PH72234000","psgc_code":"72234000","ADM2_EN":"Cebu","ADM2_PCODE":"PH7223","ADM1_EN":"Region VII (Central Visayas)","ADM1_PCODE":"PH07","ADM0_EN":"Philippines (the)","ADM0_PCODE":"PH","region_key":"central_visayas","province_key":"cebu","type":"City"}},{"type":"Feature","geometry":{"type":"MultiPolygon","coordinates":[[[[123.3914,9.4339],[123.392,9.43],[123.3897,9.4283],[123.3862,9.4341],[123.3914,9.4339]]],[[[123.373,9.4492],[123.3631,9.435],[123.3524,9.4235],[123.3505,9.4887],[123.3553,9.5109],[123.374,9.5606],[123.3747,9.5679],[123.393,9.6224],[123.4704,9.5832],[123.4703,9.5813],[123.467,9.5713],[123.4547,9.5572],[123.4522,9.5481],[123.4447,9.5397],[123.4424,9.533],[123.4381,9.5284],[123.4357,9.5204],[123.428,9.5168],[123.4154,9.5057],[123.3978,9.4933],[123.3917,9.4811],[123.3845,9.4733],[123.3775,9.4558],[123.373,9.4492]]]]},"properties":{"ADM3_EN":"Oslob","name":"Oslob","ADM3_PCODE":"PH72235000","psgc_code":"72235000","ADM2_EN":"Cebu","ADM2_PCODE":"PH7223","ADM1_EN":"Region VII (Central Visayas)","ADM1_PCODE":"PH07","ADM0_EN":"Philippines (the)","ADM0_PCODE":"PH","region_key":"central_visayas","province_key":"cebu","type":"Municipality"}},{"type":"Feature","geometry":{"type":"MultiPolygon","coordinates":[[[[124.5039,10.7297],[124.5008,10.7297],[124.4936,10.7439],[124.4983,10.7586],[124.5147,10.7759],[124.5223,10.7853],[124.5239,10.7911],[124.5322,10.7989],[124.5406,10.805],[124.5455,10.8058],[124.5581,10.8125],[124.5639,10.8142],[124.5669,10.8131],[124.5689,10.8108],[124.5678,10.7997],[124.5631,10.7939],[124.5595,10.7934],[124.5557,10.7892],[124.5545,10.7776],[124.5567,10.7742],[124.5511,10.7678],[124.5467,10.7589],[124.5408,10.7547],[124.5381,10.7489],[124.5308,10.7419],[124.5272,10.7414],[124.5178,10.7342],[124.5086,10.7325],[124.5039,10.7297]]]]},"properties":{"ADM3_EN":"Pilar","name":"Pilar","ADM3_PCODE":"PH72236000","psgc_code":"72236000","ADM2_EN":"Cebu","ADM2_PCODE":"PH7223","ADM1_EN":"Region VII (Central Visayas)","ADM1_PCODE":"PH07","ADM0_EN":"Philippines (the)","ADM0_PCODE":"PH","region_key":"central_visayas","province_key":"cebu","type":"Municipality"}},{"type":"Feature","geometry":{"type":"MultiPolygon","coordinates":[[[[123.6422,10.2143],[123.631,10.1982],[123.5785,10.2259],[123.5751,10.233],[123.5724,10.2347],[123.5722,10.243],[123.5748,10.2464],[123.574,10.252],[123.577,10.2572],[123.5775,10.2618],[123.5824,10.2643],[123.5832,10.2712],[123.5811,10.2752],[123.5818,10.2872],[123.5783,10.2947],[123.5843,10.3021],[123.586,10.3085],[123.5824,10.3133],[123.5823,10.3176],[123.5795,10.3235],[123.5811,10.3291],[123.5883,10.341],[123.6128,10.3219],[123.6423,10.3027],[123.6858,10.2676],[123.6635,10.2378],[123.6554,10.2309],[123.6422,10.2143]]]]},"properties":{"ADM3_EN":"Pinamungahan","name":"Pinamungahan","ADM3_PCODE":"PH72237000","psgc_code":"72237000","ADM2_EN":"Cebu","ADM2_PCODE":"PH7223","ADM1_EN":"Region VII (Central Visayas)","ADM1_PCODE":"PH07","ADM0_EN":"Philippines (the)","ADM0_PCODE":"PH","region_key":"central_visayas","province_key":"cebu","type":"Municipality"}},{"type":"Feature","geometry":{"type":"MultiPolygon","coordinates":[[[[124.411,10.6279],[124.401,10.6286],[124.3917,10.6374],[124.393,10.6385],[124.3928,10.6414],[124.3888,10.6416],[124.3886,10.6433],[124.383,10.6466],[124.3822,10.6486],[124.3824,10.6498],[124.3886,10.6499],[124.3891,10.6542],[124.3927,10.6553],[124.3913,10.6579],[124.3951,10.6631],[124.3988,10.6838],[124.4092,10.6981],[124.4126,10.706],[124.4278,10.7163],[124.4366,10.7183],[124.4519,10.7153],[124.4634,10.7079],[124.4818,10.7006],[124.4657,10.6821],[124.4542,10.6647],[124.4458,10.6444],[124.4438,10.6352],[124.4441,10.6279],[124.424,10.6261],[124.4146,10.6289],[124.411,10.6279]]]]},"properties":{"ADM3_EN":"Poro","name":"Poro","ADM3_PCODE":"PH72238000","psgc_code":"72238000","ADM2_EN":"Cebu","ADM2_PCODE":"PH7223","ADM1_EN":"Region VII (Central Visayas)","ADM1_PCODE":"PH07","ADM0_EN":"Philippines (the)","ADM0_PCODE":"PH","region_key":"central_visayas","province_key":"cebu","type":"Municipality"}},{"type":"Feature","geometry":{"type":"MultiPolygon","coordinates":[[[[123.4847,9.9793],[123.4593,9.976],[123.4498,9.9767],[123.4188,9.9802],[123.4022,9.9867],[123.4013,9.9903],[123.4094,10.005],[123.4088,10.0152],[123.4053,10.022],[123.4108,10.0353],[123.5081,9.9912],[123.5044,9.9819],[123.4847,9.9793]]]]},"properties":{"ADM3_EN":"Ronda","name":"Ronda","ADM3_PCODE":"PH72239000","psgc_code":"72239000","ADM2_EN":"Cebu","ADM2_PCODE":"PH7223","ADM1_EN":"Region VII (Central Visayas)","ADM1_PCODE":"PH07","ADM0_EN":"Philippines (the)","ADM0_PCODE":"PH","region_key":"central_visayas","province_key":"cebu","type":"Municipality"}},{"type":"Feature","geometry":{"type":"MultiPolygon","coordinates":[[[[123.3434,9.4761],[123.333,9.4675],[123.3173,9.4623],[123.3006,9.4603],[123.2996,9.4623],[123.2967,9.4741],[123.2967,9.4866],[123.3008,9.5106],[123.3003,9.5153],[123.3049,9.5315],[123.3048,9.5417],[123.3079,9.5537],[123.3707,9.5518],[123.3553,9.5109],[123.3505,9.4887],[123.3434,9.4761]]]]},"properties":{"ADM3_EN":"Samboan","name":"Samboan","ADM3_PCODE":"PH72240000","psgc_code":"72240000","ADM2_EN":"Cebu","ADM2_PCODE":"PH7224","ADM1_EN":"Region VII (Central Visayas)","ADM1_PCODE":"PH07","ADM0_EN":"Philippines (the)","ADM0_PCODE":"PH","region_key":"central_visayas","province_key":"cebu","type":"Municipality"}},{"type":"Feature","geometry":{"type":"MultiPolygon","coordinates":[[[[123.7087,10.1565],[123.7086,10.1529],[123.7062,10.1552],[123.6974,10.1455],[123.6905,10.1319],[123.6855,10.1271],[123.6877,10.1267],[123.6829,10.1265],[123.6813,10.1306],[123.6735,10.1331],[123.6733,10.1359],[123.6676,10.1437],[123.6409,10.1622],[123.618,10.1757],[123.631,10.1982],[123.6445,10.2175],[123.657,10.2326],[123.6635,10.2378],[123.7066,10.2038],[123.7311,10.1783],[123.7268,10.1767],[123.72,10.1684],[123.7118,10.1638],[123.7116,10.16],[123.7087,10.1565]]]]},"properties":{"ADM3_EN":"San Fernando","name":"San Fernando","ADM3_PCODE":"PH72241000","psgc_code":"72241000","ADM2_EN":"Cebu","ADM2_PCODE":"PH7224","ADM1_EN":"Region VII (Central Visayas)","ADM1_PCODE":"PH07","ADM0_EN":"Philippines (the)","ADM0_PCODE":"PH","region_key":"central_visayas","province_key":"cebu","type":"Municipality"}},{"type":"Feature","geometry":{"type":"MultiPolygon","coordinates":[[[[124.3201,10.5966],[124.3111,10.5862],[124.3064,10.5895],[124.2963,10.5858],[124.2818,10.5873],[124.2756,10.5903],[124.2737,10.5944],[124.2762,10.6089],[124.2783,10.6129],[124.2869,10.621],[124.2888,10.6252],[124.2924,10.6272],[124.2934,10.6305],[124.2977,10.6334],[124.2983,10.6388],[124.3025,10.6447],[124.3041,10.6447],[124.3046,10.6533],[124.3108,10.6656],[124.3088,10.6693],[124.31,10.6718],[124.3101,10.6921],[124.3162,10.7043],[124.315,10.7085],[124.3176,10.7099],[124.3357,10.7074],[124.3442,10.7088],[124.3659,10.6931],[124.375,10.6898],[124.3777,10.6809],[124.3772,10.6687],[124.3801,10.6608],[124.3804,10.6523],[124.3824,10.6473],[124.3892,10.6423],[124.3843,10.6443],[124.3831,10.643],[124.3842,10.6381],[124.3814,10.6324],[124.3823,10.6274],[124.381,10.6237],[124.3735,10.6214],[124.3642,10.6139],[124.3595,10.6174],[124.3548,10.6174],[124.3444,10.6081],[124.3364,10.6085],[124.3326,10.6042],[124.3248,10.6012],[124.3201,10.5966]],[[124.3597,10.6655],[124.3603,10.6671],[124.3589,10.6702],[124.3573,10.6704],[124.3572,10.6733],[124.3495,10.6822],[124.3422,10.6816],[124.3382,10.6764],[124.3376,10.6801],[124.3309,10.6865],[124.3236,10.6878],[124.3193,10.6844],[124.3217,10.6795],[124.3208,10.6766],[124.3238,10.6726],[124.3331,10.6751],[124.34,10.6718],[124.3394,10.6703],[124.3453,10.6665],[124.3562,10.6643],[124.3597,10.6655]]],[[[124.3192,10.7256],[124.3269,10.7147],[124.3261,10.7139],[124.3217,10.7183],[124.3147,10.7211],[124.3145,10.725],[124.3192,10.7256]]]]},"properties":{"ADM3_EN":"San Francisco","name":"San Francisco","ADM3_PCODE":"PH72242000","psgc_code":"72242000","ADM2_EN":"Cebu","ADM2_PCODE":"PH7224","ADM1_EN":"Region VII (Central Visayas)","ADM1_PCODE":"PH07","ADM0_EN":"Philippines (the)","ADM0_PCODE":"PH","region_key":"central_visayas","province_key":"cebu","type":"Municipality"}},{"type":"Feature","geometry":{"type":"MultiPolygon","coordinates":[[[[123.9298,10.9764],[123.9272,10.9827],[123.9297,10.9862],[123.9299,10.9902],[123.9337,10.9935],[123.93,10.9951],[123.9283,11.0064],[123.9333,11.01],[123.9322,11.0111],[123.9283,11.0083],[123.9267,11.0089],[123.9252,11.0044],[123.9217,11.0022],[123.9156,11.0079],[123.9025,11.0258],[123.9011,11.0339],[123.9333,11.0656],[123.9361,11.0744],[123.9317,11.0911],[123.932,11.1],[123.9336,11.1067],[123.9369,11.1078],[123.9425,11.0972],[123.9518,11.0867],[123.9605,11.0303],[123.9589,11.0002],[123.9527,10.9777],[123.9548,10.9535],[123.959,10.9328],[123.9589,10.9188],[123.9632,10.9047],[123.9602,10.8926],[123.9278,10.8953],[123.9118,10.9005],[123.907,10.9004],[123.8999,10.9074],[123.8971,10.9068],[123.8951,10.909],[123.8983,10.9216],[123.9007,10.9263],[123.9041,10.928],[123.9018,10.9326],[123.9067,10.9372],[123.9105,10.9339],[123.9108,10.9368],[123.9133,10.938],[123.9127,10.9406],[123.9146,10.9464],[123.921,10.9495],[123.9192,10.9632],[123.9205,10.9664],[123.9253,10.9694],[123.9266,10.9741],[123.9298,10.9764]]]]},"properties":{"ADM3_EN":"San Remigio","name":"San Remigio","ADM3_PCODE":"PH72243000","psgc_code":"72243000","ADM2_EN":"Cebu","ADM2_PCODE":"PH7224","ADM1_EN":"Region VII (Central Visayas)","ADM1_PCODE":"PH07","ADM0_EN":"Philippines (the)","ADM0_PCODE":"PH","region_key":"central_visayas","province_key":"cebu","type":"Municipality"}},{"type":"Feature","geometry":{"type":"MultiPolygon","coordinates":[[[[123.8067,11.1619],[123.8092,11.1531],[123.8042,11.1506],[123.7953,11.1497],[123.7924,11.147],[123.7815,11.1456],[123.7763,11.1465],[123.77,11.15],[123.7602,11.1497],[123.7598,11.1588],[123.7628,11.1747],[123.7666,11.1827],[123.7772,11.1937],[123.7811,11.1892],[123.7836,11.1886],[123.7819,11.1875],[123.7833,11.1855],[123.8028,11.1725],[123.8058,11.1669],[123.8083,11.1661],[123.8061,11.1642],[123.8067,11.1619]]],[[[123.8236,11.2147],[123.8278,11.2119],[123.8292,11.2047],[123.8244,11.1922],[123.82,11.1897],[123.8158,11.1906],[123.8114,11.1936],[123.813,11.1978],[123.8111,11.2036],[123.8114,11.21],[123.8158,11.2144],[123.8236,11.2147]]],[[[123.8986,11.3167],[123.8994,11.305],[123.8911,11.2958],[123.888,11.2956],[123.8845,11.2994],[123.8831,11.305],[123.8833,11.3111],[123.8861,11.3192],[123.8847,11.3336],[123.8908,11.3481],[123.8972,11.3531],[123.9022,11.3439],[123.9011,11.3375],[123.9025,11.3344],[123.9022,11.3269],[123.8986,11.3208],[123.8986,11.3167]]],[[[124.0198,11.4451],[124.0192,11.4465],[124.0212,11.4484],[124.0214,11.4464],[124.0198,11.4451]]]]},"properties":{"ADM3_EN":"Santa Fe","name":"Santa Fe","ADM3_PCODE":"PH72244000","psgc_code":"72244000","ADM2_EN":"Cebu","ADM2_PCODE":"PH7224","ADM1_EN":"Region VII (Central Visayas)","ADM1_PCODE":"PH07","ADM0_EN":"Philippines (the)","ADM0_PCODE":"PH","region_key":"central_visayas","province_key":"cebu","type":"Municipality"}},{"type":"Feature","geometry":{"type":"MultiPolygon","coordinates":[[[[123.3263,9.4125],[123.3083,9.4169],[123.302,9.4164],[123.3003,9.4181],[123.3001,9.4301],[123.3027,9.4457],[123.3006,9.4603],[123.3173,9.4623],[123.3358,9.4691],[123.3434,9.4761],[123.3505,9.4887],[123.3524,9.4235],[123.3402,9.4156],[123.3314,9.4123],[123.3263,9.4125]]]]},"properties":{"ADM3_EN":"Santander","name":"Santander","ADM3_PCODE":"PH72245000","psgc_code":"72245000","ADM2_EN":"Cebu","ADM2_PCODE":"PH7224","ADM1_EN":"Region VII (Central Visayas)","ADM1_PCODE":"PH07","ADM0_EN":"Philippines (the)","ADM0_PCODE":"PH","region_key":"central_visayas","province_key":"cebu","type":"Municipality"}},{"type":"Feature","geometry":{"type":"MultiPolygon","coordinates":[[[[123.5958,9.9715],[123.5081,9.9912],[123.5353,10.0459],[123.5584,10.0762],[123.5785,10.0959],[123.6201,10.0751],[123.6355,10.0613],[123.6335,10.0567],[123.6309,10.0563],[123.6338,10.0588],[123.6342,10.0613],[123.6286,10.0568],[123.6302,10.0531],[123.6262,10.0482],[123.6272,10.046],[123.6246,10.0355],[123.6212,10.03],[123.6208,10.0058],[123.6186,10.0014],[123.6161,10.0003],[123.615,9.9956],[123.6187,9.9857],[123.624,9.98],[123.6256,9.9757],[123.6217,9.9659],[123.5958,9.9715]]]]},"properties":{"ADM3_EN":"Sibonga","name":"Sibonga","ADM3_PCODE":"PH72246000","psgc_code":"72246000","ADM2_EN":"Cebu","ADM2_PCODE":"PH7224","ADM1_EN":"Region VII (Central Visayas)","ADM1_PCODE":"PH07","ADM0_EN":"Philippines (the)","ADM0_PCODE":"PH","region_key":"central_visayas","province_key":"cebu","type":"Municipality"}},{"type":"Feature","geometry":{"type":"MultiPolygon","coordinates":[[[[123.966,10.7208],[123.9583,10.7113],[123.9566,10.7127],[123.9548,10.709],[123.9556,10.7067],[123.9544,10.704],[123.9524,10.7039],[123.9524,10.7016],[123.9477,10.7001],[123.9488,10.699],[123.9482,10.6936],[123.9499,10.693],[123.9456,10.6849],[123.9436,10.684],[123.9446,10.6822],[123.9427,10.681],[123.9415,10.701],[123.949,10.7443],[123.9447,10.807],[123.9511,10.8262],[123.9578,10.8167],[123.9615,10.8173],[123.9635,10.8151],[123.9683,10.8159],[123.9746,10.8135],[123.9785,10.8068],[123.9826,10.8054],[124.0012,10.8011],[124.012,10.8003],[124.017,10.8038],[124.0196,10.8014],[124.0221,10.8024],[124.0333,10.8004],[124.0333,10.7944],[124.0282,10.7807],[124.0193,10.7731],[124.0119,10.7708],[124.0105,10.7663],[124.0059,10.7614],[124.0047,10.754],[124.0058,10.7466],[124.0087,10.7436],[124.0142,10.7321],[124.0041,10.7289],[124.002,10.7311],[123.9953,10.7274],[123.9911,10.7293],[123.9874,10.728],[123.9855,10.7301],[123.9804,10.7301],[123.9753,10.728],[123.9742,10.7256],[123.9659,10.7237],[123.966,10.7208]]]]},"properties":{"ADM3_EN":"Sogod","name":"Sogod","ADM3_PCODE":"PH72247000","psgc_code":"72247000","ADM2_EN":"Cebu","ADM2_PCODE":"PH7224","ADM1_EN":"Region VII (Central Visayas)","ADM1_PCODE":"PH07","ADM0_EN":"Philippines (the)","ADM0_PCODE":"PH","region_key":"central_visayas","province_key":"cebu","type":"Municipality"}},{"type":"Feature","geometry":{"type":"MultiPolygon","coordinates":[[[[124.0486,10.8818],[124.0439,10.8812],[124.0403,10.8866],[124.0387,10.8872],[124.0362,10.8851],[124.0292,10.8905],[124.0235,10.8878],[124.0176,10.8881],[124.0139,10.8854],[124.0117,10.8869],[123.9908,10.8881],[123.9602,10.8926],[123.9632,10.9047],[123.9589,10.9188],[123.959,10.9328],[123.9548,10.9535],[123.9527,10.9777],[123.9579,10.9713],[123.964,10.9711],[123.9738,10.9757],[123.9865,10.9869],[124.0445,10.977],[124.0413,10.9714],[124.0417,10.9631],[124.0384,10.9522],[124.0328,10.9507],[124.0304,10.9463],[124.0323,10.9379],[124.0312,10.9362],[124.0333,10.935],[124.0303,10.9289],[124.0361,10.9178],[124.0356,10.9125],[124.0457,10.9099],[124.0518,10.8938],[124.0544,10.8793],[124.0505,10.8787],[124.0486,10.8818]]],[[[124.0324,10.9487],[124.0346,10.9507],[124.0359,10.9503],[124.0319,10.9469],[124.0324,10.9487]]]]},"properties":{"ADM3_EN":"Tabogon","name":"Tabogon","ADM3_PCODE":"PH72248000","psgc_code":"72248000","ADM2_EN":"Cebu","ADM2_PCODE":"PH7224","ADM1_EN":"Region VII (Central Visayas)","ADM1_PCODE":"PH07","ADM0_EN":"Philippines (the)","ADM0_PCODE":"PH","region_key":"central_visayas","province_key":"cebu","type":"Municipality"}},{"type":"Feature","geometry":{"type":"MultiPolygon","coordinates":[[[[123.8783,10.8041],[123.8626,10.8074],[123.8676,10.8194],[123.8675,10.8316],[123.8707,10.831],[123.8715,10.8256],[123.8768,10.8272],[123.8791,10.8255],[123.8774,10.8286],[123.8808,10.8335],[123.8773,10.8325],[123.8761,10.8287],[123.874,10.8276],[123.8735,10.8343],[123.8717,10.8353],[123.8692,10.8338],[123.8686,10.8361],[123.8772,10.8624],[123.8816,10.8656],[123.8801,10.8718],[123.8856,10.8828],[123.8842,10.8839],[123.889,10.8913],[123.8931,10.908],[123.8951,10.9093],[123.8971,10.9068],[123.8999,10.9074],[123.9064,10.9005],[123.9118,10.9005],[123.9278,10.8953],[123.9602,10.8926],[123.9537,10.8815],[123.9459,10.874],[123.9472,10.8717],[123.9464,10.8663],[123.9441,10.8662],[123.9437,10.8636],[123.9421,10.8646],[123.9387,10.8587],[123.9426,10.8529],[123.9378,10.8464],[123.9397,10.8451],[123.9365,10.844],[123.9345,10.8411],[123.9367,10.8365],[123.9441,10.8379],[123.9477,10.8289],[123.951,10.8274],[123.9447,10.807],[123.9448,10.7907],[123.8783,10.8041]]]]},"properties":{"ADM3_EN":"Tabuelan","name":"Tabuelan","ADM3_PCODE":"PH72249000","psgc_code":"72249000","ADM2_EN":"Cebu","ADM2_PCODE":"PH7224","ADM1_EN":"Region VII (Central Visayas)","ADM1_PCODE":"PH07","ADM0_EN":"Philippines (the)","ADM0_PCODE":"PH","region_key":"central_visayas","province_key":"cebu","type":"Municipality"}},{"type":"Feature","geometry":{"type":"MultiPolygon","coordinates":[[[[123.8422,10.2376],[123.8367,10.2342],[123.8345,10.2393],[123.8338,10.234],[123.8232,10.2378],[123.814,10.238],[123.8163,10.2431],[123.8124,10.2487],[123.8116,10.2576],[123.8136,10.2621],[123.8121,10.2655],[123.806,10.2687],[123.7978,10.2816],[123.7935,10.2807],[123.7854,10.2878],[123.7827,10.3256],[123.7913,10.3285],[123.8035,10.3263],[123.8132,10.3269],[123.8149,10.3284],[123.818,10.3267],[123.8195,10.3282],[123.8235,10.3245],[123.8249,10.3201],[123.8197,10.3074],[123.8413,10.2805],[123.8481,10.2782],[123.8534,10.2694],[123.8632,10.263],[123.8756,10.2621],[123.8674,10.2554],[123.8638,10.2486],[123.8539,10.2464],[123.848,10.2401],[123.8422,10.2376]]]]},"properties":{"ADM3_EN":"Talisay City","name":"Talisay City","ADM3_PCODE":"PH72250000","psgc_code":"72250000","ADM2_EN":"Cebu","ADM2_PCODE":"PH7225","ADM1_EN":"Region VII (Central Visayas)","ADM1_PCODE":"PH07","ADM0_EN":"Philippines (the)","ADM0_PCODE":"PH","region_key":"central_visayas","province_key":"cebu","type":"City"}},{"type":"Feature","geometry":{"type":"MultiPolygon","coordinates":[[[[123.6589,10.2899],[123.6311,10.3107],[123.6128,10.3219],[123.5883,10.341],[123.5925,10.3479],[123.6094,10.3553],[123.6145,10.3594],[123.616,10.3649],[123.6215,10.3664],[123.6245,10.3709],[123.6384,10.3794],[123.64,10.3842],[123.6383,10.3842],[123.6369,10.3867],[123.641,10.3933],[123.6422,10.3992],[123.6433,10.3997],[123.6442,10.3964],[123.6453,10.3967],[123.6459,10.4038],[123.6484,10.4043],[123.6532,10.4088],[123.6619,10.4104],[123.6676,10.4143],[123.6663,10.4181],[123.668,10.4223],[123.6687,10.4326],[123.673,10.4358],[123.6766,10.4416],[123.6746,10.4527],[123.6792,10.454],[123.6829,10.4512],[123.6853,10.4515],[123.6868,10.4484],[123.6957,10.4442],[123.695,10.4405],[123.7009,10.4299],[123.7057,10.4304],[123.7055,10.4275],[123.7122,10.4261],[123.7209,10.4328],[123.7212,10.4302],[123.7296,10.4242],[123.7313,10.4252],[123.7351,10.4195],[123.7419,10.419],[123.7425,10.4167],[123.7403,10.4121],[123.7413,10.4099],[123.7697,10.3906],[123.7717,10.3725],[123.7616,10.3603],[123.7456,10.3346],[123.7553,10.3121],[123.7545,10.3097],[123.7424,10.3017],[123.7241,10.3057],[123.6858,10.2676],[123.6589,10.2899]]]]},"properties":{"ADM3_EN":"Toledo City","name":"Toledo City","ADM3_PCODE":"PH72251000","psgc_code":"72251000","ADM2_EN":"Cebu","ADM2_PCODE":"PH7225","ADM1_EN":"Region VII (Central Visayas)","ADM1_PCODE":"PH07","ADM0_EN":"Philippines (the)","ADM0_PCODE":"PH","region_key":"central_visayas","province_key":"cebu","type":"City"}},{"type":"Feature","geometry":{"type":"MultiPolygon","coordinates":[[[[123.7703,10.6489],[123.7583,10.6509],[123.761,10.6568],[123.7691,10.6648],[123.7701,10.6678],[123.7758,10.6718],[123.7856,10.6875],[123.7916,10.6935],[123.7939,10.7001],[123.7915,10.7066],[123.7994,10.7133],[123.8008,10.7213],[123.8064,10.721],[123.803,10.7233],[123.8105,10.725],[123.817,10.7288],[123.8226,10.7289],[123.8318,10.7351],[123.8343,10.7418],[123.8311,10.7481],[123.8306,10.7544],[123.8378,10.7639],[123.8378,10.7742],[123.8411,10.7769],[123.8512,10.797],[123.858,10.8042],[123.8627,10.8077],[123.9448,10.7907],[123.949,10.7443],[123.9415,10.701],[123.9427,10.681],[123.9379,10.6768],[123.915,10.6625],[123.8902,10.6535],[123.859,10.6453],[123.8074,10.6389],[123.7959,10.6399],[123.7703,10.6489]]]]},"properties":{"ADM3_EN":"Tuburan","name":"Tuburan","ADM3_PCODE":"PH72252000","psgc_code":"72252000","ADM2_EN":"Cebu","ADM2_PCODE":"PH7225","ADM1_EN":"Region VII (Central Visayas)","ADM1_PCODE":"PH07","ADM0_EN":"Philippines (the)","ADM0_PCODE":"PH","region_key":"central_visayas","province_key":"cebu","type":"Municipality"}},{"type":"Feature","geometry":{"type":"MultiPolygon","coordinates":[[[[124.4741,10.6343],[124.4686,10.6357],[124.4548,10.6285],[124.4441,10.6279],[124.4434,10.63],[124.4458,10.6444],[124.4542,10.6647],[124.4657,10.6821],[124.4818,10.7006],[124.4869,10.6979],[124.4965,10.6849],[124.5085,10.6805],[124.5116,10.6777],[124.5164,10.6667],[124.5169,10.6602],[124.512,10.6531],[124.5012,10.6443],[124.4865,10.6374],[124.4741,10.6343]]]]},"properties":{"ADM3_EN":"Tudela","name":"Tudela","ADM3_PCODE":"PH72253000","psgc_code":"72253000","ADM2_EN":"Cebu","ADM2_PCODE":"PH7225","ADM1_EN":"Region VII (Central Visayas)","ADM1_PCODE":"PH07","ADM0_EN":"Philippines (the)","ADM0_PCODE":"PH","region_key":"central_visayas","province_key":"cebu","type":"Municipality"}},{"type":"Feature","geometry":{"type":"MultiPolygon","coordinates":[[[[123.1877,9.4055],[123.1704,9.3738],[123.1216,9.3814],[123.1154,9.3854],[123.177,9.466],[123.184,9.4814],[123.1935,9.4737],[123.2277,9.4658],[123.2309,9.4608],[123.2228,9.4425],[123.1985,9.4246],[123.1877,9.4055]]]]},"properties":{"ADM3_EN":"Amlan","name":"Amlan","ADM3_PCODE":"PH74601000","psgc_code":"74601000","ADM2_EN":"Negros Oriental","ADM2_PCODE":"PH7460","ADM1_EN":"Region VII (Central Visayas)","ADM1_PCODE":"PH07","ADM0_EN":"Philippines (the)","ADM0_PCODE":"PH","region_key":"central_visayas","province_key":"negros_oriental","type":"Municipality"}},{"type":"Feature","geometry":{"type":"MultiPolygon","coordinates":[[[[123.1433,9.8105],[123.1418,9.8022],[123.1385,9.8016],[123.1374,9.8031],[123.1354,9.8014],[123.137,9.7998],[123.141,9.8005],[123.1422,9.797],[123.1371,9.7949],[123.1305,9.7962],[123.0321,9.852],[122.9692,9.8839],[122.9912,9.9099],[123.0037,9.9485],[123.0697,9.9181],[123.1373,9.9007],[123.1496,9.8997],[123.1472,9.8918],[123.1507,9.8815],[123.1484,9.8678],[123.1512,9.8547],[123.1453,9.8535],[123.142,9.8481],[123.1389,9.8461],[123.1404,9.8394],[123.1394,9.8375],[123.1315,9.8394],[123.1352,9.8351],[123.1332,9.8322],[123.1338,9.8295],[123.1383,9.8283],[123.1432,9.8203],[123.1433,9.8105]]]]},"properties":{"ADM3_EN":"Ayungon","name":"Ayungon","ADM3_PCODE":"PH74602000","psgc_code":"74602000","ADM2_EN":"Negros Oriental","ADM2_PCODE":"PH7460","ADM1_EN":"Region VII (Central Visayas)","ADM1_PCODE":"PH07","ADM0_EN":"Philippines (the)","ADM0_PCODE":"PH","region_key":"central_visayas","province_key":"negros_oriental","type":"Municipality"}},{"type":"Feature","geometry":{"type":"MultiPolygon","coordinates":[[[[123.29,9.2275],[123.2865,9.2153],[123.2458,9.2334],[123.2283,9.2457],[123.251,9.2554],[123.2632,9.2521],[123.2642,9.2662],[123.3,9.2723],[123.3002,9.2631],[123.2974,9.2457],[123.2941,9.2343],[123.29,9.2275]]]]},"properties":{"ADM3_EN":"Bacong","name":"Bacong","ADM3_PCODE":"PH74603000","psgc_code":"74603000","ADM2_EN":"Negros Oriental","ADM2_PCODE":"PH7460","ADM1_EN":"Region VII (Central Visayas)","ADM1_PCODE":"PH07","ADM0_EN":"Philippines (the)","ADM0_PCODE":"PH","region_key":"central_visayas","province_key":"negros_oriental","type":"Municipality"}},{"type":"Feature","geometry":{"type":"MultiPolygon","coordinates":[[[[123.1304,9.5751],[123.1225,9.5536],[123.1198,9.5505],[123.1207,9.5481],[123.1153,9.5498],[123.1161,9.5461],[123.1138,9.546],[123.1128,9.548],[123.1035,9.5409],[123.0781,9.5397],[122.8855,9.5667],[122.9511,9.6749],[122.998,9.6278],[123.0393,9.6302],[123.04,9.6919],[123.0959,9.646],[123.1039,9.641],[123.1145,9.6407],[123.11,9.6319],[123.1064,9.6297],[123.1083,9.6233],[123.1112,9.6238],[123.1164,9.6214],[123.1158,9.6169],[123.1228,9.6061],[123.1229,9.5999],[123.1253,9.5992],[123.1249,9.6054],[123.1275,9.6078],[123.1317,9.6051],[123.1353,9.6061],[123.1364,9.6022],[123.1414,9.5975],[123.1414,9.5947],[123.149,9.5971],[123.1575,9.5955],[123.1542,9.5905],[123.1549,9.5859],[123.1596,9.5798],[123.164,9.5768],[123.1598,9.5717],[123.1576,9.5616],[123.1547,9.563],[123.1513,9.5617],[123.1492,9.5628],[123.1541,9.5691],[123.1508,9.5698],[123.1525,9.5737],[123.1522,9.5786],[123.1459,9.5849],[123.1377,9.5853],[123.1385,9.5817],[123.1356,9.5803],[123.1325,9.5819],[123.1304,9.5751]]],[[[123.1445,9.6152],[123.1425,9.6183],[123.1466,9.621],[123.1483,9.6192],[123.148,9.6166],[123.1462,9.6147],[123.1445,9.6152]]]]},"properties":{"ADM3_EN":"Bais City","name":"Bais City","ADM3_PCODE":"PH74604000","psgc_code":"74604000","ADM2_EN":"Negros Oriental","ADM2_PCODE":"PH7460","ADM1_EN":"Region VII (Central Visayas)","ADM1_PCODE":"PH07","ADM0_EN":"Philippines (the)","ADM0_PCODE":"PH","region_key":"central_visayas","province_key":"negros_oriental","type":"City"}},{"type":"Feature","geometry":{"type":"MultiPolygon","coordinates":[[[[122.7299,9.4478],[122.7196,9.4374],[122.7198,9.4331],[122.7172,9.4288],[122.7179,9.4252],[122.7129,9.4183],[122.7132,9.4148],[122.7255,9.408],[122.7193,9.4003],[122.7209,9.3943],[122.7157,9.388],[122.7233,9.3789],[122.7196,9.3801],[122.7186,9.3769],[122.711,9.3803],[122.7064,9.3749],[122.7028,9.3772],[122.6994,9.3761],[122.6883,9.3817],[122.6831,9.3822],[122.6747,9.3797],[122.6683,9.3875],[122.6503,9.4011],[122.6411,9.4036],[122.6261,9.4214],[122.6194,9.4219],[122.6129,9.4203],[122.6481,9.5001],[122.681,9.5384],[122.6826,9.5326],[122.6863,9.5311],[122.6883,9.5332],[122.692,9.526],[122.6916,9.5136],[122.6882,9.5095],[122.6889,9.5076],[122.6932,9.5039],[122.6969,9.4971],[122.7042,9.4945],[122.7086,9.4883],[122.7094,9.4839],[122.7234,9.4756],[122.7264,9.4709],[122.7303,9.469],[122.7326,9.4591],[122.7301,9.4541],[122.7299,9.4478]]]]},"properties":{"ADM3_EN":"Basay","name":"Basay","ADM3_PCODE":"PH74605000","psgc_code":"74605000","ADM2_EN":"Negros Oriental","ADM2_PCODE":"PH7460","ADM1_EN":"Region VII (Central Visayas)","ADM1_PCODE":"PH07","ADM0_EN":"Philippines (the)","ADM0_PCODE":"PH","region_key":"central_visayas","province_key":"negros_oriental","type":"Municipality"}},{"type":"Feature","geometry":{"type":"MultiPolygon","coordinates":[[[[122.8011,9.36],[122.78,9.3669],[122.7531,9.3672],[122.7439,9.3722],[122.7267,9.3742],[122.7217,9.3769],[122.7211,9.379],[122.7233,9.3789],[122.7157,9.388],[122.7209,9.3943],[122.7193,9.4003],[122.7255,9.408],[122.7159,9.413],[122.7127,9.4163],[122.7179,9.4252],[122.7172,9.4288],[122.7198,9.4331],[122.7196,9.4374],[122.7299,9.4478],[122.7301,9.4541],[122.7325,9.4609],[122.7303,9.469],[122.7264,9.4709],[122.7234,9.4756],[122.7094,9.4839],[122.7086,9.4883],[122.7042,9.4945],[122.6969,9.4971],[122.6932,9.5039],[122.6889,9.5076],[122.6882,9.5095],[122.6916,9.5136],[122.692,9.526],[122.6883,9.5332],[122.6863,9.5311],[122.6843,9.5312],[122.6805,9.5367],[122.6959,9.5548],[122.737,9.589],[122.7589,9.6165],[122.8155,9.6949],[122.8283,9.7102],[122.8354,9.7104],[122.8394,9.7086],[122.8413,9.7051],[122.8619,9.7059],[122.867,9.7021],[122.8683,9.6955],[122.8662,9.6916],[122.8619,9.6896],[122.8512,9.6891],[122.8467,9.6869],[122.842,9.6813],[122.8433,9.6753],[122.8478,9.6733],[122.8511,9.669],[122.8512,9.6651],[122.8539,9.6628],[122.8459,9.658],[122.8464,9.6537],[122.8481,9.6533],[122.8512,9.6566],[122.8541,9.6394],[122.856,9.6371],[122.8581,9.639],[122.8631,9.6395],[122.8652,9.6425],[122.8679,9.6433],[122.8693,9.6293],[122.8784,9.6206],[122.8812,9.6205],[122.8845,9.618],[122.8849,9.6121],[122.8888,9.6083],[122.8901,9.6032],[122.896,9.5943],[122.9021,9.5934],[122.8855,9.5667],[122.9384,9.459],[122.9585,9.4265],[122.943,9.4179],[122.9422,9.4195],[122.9329,9.4186],[122.9299,9.4206],[122.9243,9.4184],[122.9136,9.3997],[122.9122,9.3923],[122.906,9.3935],[122.8962,9.391],[122.8957,9.3882],[122.891,9.386],[122.8919,9.3816],[122.8898,9.3742],[122.8847,9.3723],[122.8817,9.3682],[122.8769,9.3687],[122.8742,9.3718],[122.871,9.3714],[122.8686,9.3595],[122.8653,9.3573],[122.8557,9.3413],[122.8536,9.3402],[122.8378,9.3361],[122.8172,9.3539],[122.81,9.3583],[122.8011,9.36]]]]},"properties":{"ADM3_EN":"Bayawan City","name":"Bayawan City","ADM3_PCODE":"PH74606000","psgc_code":"74606000","ADM2_EN":"Negros Oriental","ADM2_PCODE":"PH7460","ADM1_EN":"Region VII (Central Visayas)","ADM1_PCODE":"PH07","ADM0_EN":"Philippines (the)","ADM0_PCODE":"PH","region_key":"central_visayas","province_key":"negros_oriental","type":"City"}},{"type":"Feature","geometry":{"type":"MultiPolygon","coordinates":[[[[123.1318,9.7119],[123.1245,9.7086],[123.113,9.7114],[123.0495,9.7475],[122.9365,9.8457],[122.9692,9.8839],[123.0321,9.852],[123.1305,9.7962],[123.1393,9.7951],[123.1437,9.7985],[123.1461,9.7982],[123.148,9.794],[123.1479,9.789],[123.1519,9.7794],[123.1499,9.7736],[123.1457,9.7715],[123.1448,9.7682],[123.1524,9.7581],[123.1544,9.7502],[123.1522,9.7416],[123.1529,9.7292],[123.1572,9.7207],[123.1528,9.7194],[123.1503,9.7161],[123.1461,9.7168],[123.1421,9.7145],[123.1371,9.715],[123.1318,9.7119]]]]},"properties":{"ADM3_EN":"Bindoy","name":"Bindoy","ADM3_PCODE":"PH74607000","psgc_code":"74607000","ADM2_EN":"Negros Oriental","ADM2_PCODE":"PH7460","ADM1_EN":"Region VII (Central Visayas)","ADM1_PCODE":"PH07","ADM0_EN":"Philippines (the)","ADM0_PCODE":"PH","region_key":"central_visayas","province_key":"negros_oriental","type":"Municipality"}},{"type":"Feature","geometry":{"type":"MultiPolygon","coordinates":[[[[123.2443,10.3882],[123.2593,10.3337],[123.255,10.2755],[123.1987,10.2727],[123.1712,10.3318],[123.1291,10.4103],[123.2385,10.4131],[123.2443,10.3882]]]]},"properties":{"ADM3_EN":"Canlaon City","name":"Canlaon City","ADM3_PCODE":"PH74608000","psgc_code":"74608000","ADM2_EN":"Negros Oriental","ADM2_PCODE":"PH7460","ADM1_EN":"Region VII (Central Visayas)","ADM1_PCODE":"PH07","ADM0_EN":"Philippines (the)","ADM0_PCODE":"PH","region_key":"central_visayas","province_key":"negros_oriental","type":"City"}},{"type":"Feature","geometry":{"type":"MultiPolygon","coordinates":[[[[123.2733,9.0842],[123.2755,9.0773],[123.2678,9.0715],[123.2679,9.0837],[123.2701,9.085],[123.2733,9.0842]]],[[[123.2719,9.192],[123.2704,9.1869],[123.2645,9.1864],[123.2543,9.1761],[123.2461,9.1643],[123.2423,9.1526],[123.2022,9.1823],[123.14,9.2418],[123.152,9.2503],[123.1625,9.2442],[123.1776,9.2395],[123.1984,9.2372],[123.2104,9.2381],[123.2283,9.2457],[123.2458,9.2334],[123.2865,9.2153],[123.2827,9.2059],[123.2743,9.1969],[123.2719,9.192]]]]},"properties":{"ADM3_EN":"Dauin","name":"Dauin","ADM3_PCODE":"PH74609000","psgc_code":"74609000","ADM2_EN":"Negros Oriental","ADM2_PCODE":"PH7460","ADM1_EN":"Region VII (Central Visayas)","ADM1_PCODE":"PH07","ADM0_EN":"Philippines (the)","ADM0_PCODE":"PH","region_key":"central_visayas","province_key":"negros_oriental","type":"Municipality"}},{"type":"Feature","geometry":{"type":"MultiPolygon","coordinates":[[[[123.2648,9.2989],[123.259,9.3153],[123.2545,9.3209],[123.267,9.3257],[123.2708,9.3311],[123.2757,9.3295],[123.2784,9.3256],[123.2857,9.3277],[123.2937,9.3269],[123.3078,9.3282],[123.3104,9.33],[123.3132,9.3188],[123.3127,9.3138],[123.3096,9.3101],[123.3116,9.3005],[123.3073,9.2916],[123.3042,9.2792],[123.3,9.2723],[123.2742,9.2678],[123.2648,9.2989]]]]},"properties":{"ADM3_EN":"Dumaguete City","name":"Dumaguete City","ADM3_PCODE":"PH74610000","psgc_code":"74610000","ADM2_EN":"Negros Oriental","ADM2_PCODE":"PH7461","ADM1_EN":"Region VII (Central Visayas)","ADM1_PCODE":"PH07","ADM0_EN":"Philippines (the)","ADM0_PCODE":"PH","region_key":"central_visayas","province_key":"negros_oriental","type":"City"}},{"type":"Feature","geometry":{"type":"MultiPolygon","coordinates":[[[[123.1761,10.0955],[123.0895,10.1207],[123.1141,10.1641],[123.2009,10.2679],[123.1987,10.2727],[123.3314,10.2795],[123.3275,10.2739],[123.3294,10.2706],[123.3258,10.2644],[123.3258,10.2535],[123.3212,10.2451],[123.3191,10.2365],[123.3141,10.2279],[123.3097,10.2275],[123.3051,10.2217],[123.3057,10.2163],[123.3025,10.2086],[123.3019,10.2028],[123.2956,10.1912],[123.2879,10.1885],[123.2856,10.1854],[123.2866,10.179],[123.2825,10.1728],[123.2833,10.1683],[123.281,10.1596],[123.2822,10.147],[123.2806,10.1416],[123.2839,10.1388],[123.2817,10.1301],[123.2773,10.1262],[123.2775,10.122],[123.2718,10.118],[123.2698,10.1144],[123.2702,10.1084],[123.2657,10.0981],[123.2664,10.0913],[123.2625,10.0894],[123.2621,10.0857],[123.2595,10.0833],[123.2567,10.0764],[123.254,10.0743],[123.2504,10.0751],[123.2453,10.0784],[123.2354,10.0816],[123.1761,10.0955]]]]},"properties":{"ADM3_EN":"Guihulngan City","name":"Guihulngan City","ADM3_PCODE":"PH74611000","psgc_code":"74611000","ADM2_EN":"Negros Oriental","ADM2_PCODE":"PH7461","ADM1_EN":"Region VII (Central Visayas)","ADM1_PCODE":"PH07","ADM0_EN":"Philippines (the)","ADM0_PCODE":"PH","region_key":"central_visayas","province_key":"negros_oriental","type":"City"}},{"type":"Feature","geometry":{"type":"MultiPolygon","coordinates":[[[[123.1827,9.9529],[123.1828,9.9504],[123.1814,9.9497],[123.1546,9.9606],[123.037,10.0359],[123.0622,10.075],[123.1132,10.0504],[123.1251,10.0488],[123.1817,10.0317],[123.2238,10.0026],[123.2128,9.9963],[123.2084,9.9882],[123.2036,9.9843],[123.1983,9.9717],[123.1956,9.9682],[123.1904,9.966],[123.1896,9.9601],[123.1827,9.9529]]]]},"properties":{"ADM3_EN":"Jimalalud","name":"Jimalalud","ADM3_PCODE":"PH74612000","psgc_code":"74612000","ADM2_EN":"Negros Oriental","ADM2_PCODE":"PH7461","ADM1_EN":"Region VII (Central Visayas)","ADM1_PCODE":"PH07","ADM0_EN":"Philippines (the)","ADM0_PCODE":"PH","region_key":"central_visayas","province_key":"negros_oriental","type":"Municipality"}},{"type":"Feature","geometry":{"type":"MultiPolygon","coordinates":[[[[123.2083,10.0877],[123.2354,10.0816],[123.254,10.0743],[123.253,10.0666],[123.2496,10.0644],[123.248,10.0554],[123.2431,10.0484],[123.2397,10.0462],[123.2366,10.0302],[123.2302,10.0295],[123.2367,10.0261],[123.2281,10.0194],[123.2267,10.0142],[123.2283,10.005],[123.2244,10.0022],[123.1817,10.0317],[123.1251,10.0488],[123.1132,10.0504],[123.0622,10.075],[123.0895,10.1207],[123.1632,10.0989],[123.2083,10.0877]]]]},"properties":{"ADM3_EN":"La Libertad","name":"La Libertad","ADM3_PCODE":"PH74613000","psgc_code":"74613000","ADM2_EN":"Negros Oriental","ADM2_PCODE":"PH7461","ADM1_EN":"Region VII (Central Visayas)","ADM1_PCODE":"PH07","ADM0_EN":"Philippines (the)","ADM0_PCODE":"PH","region_key":"central_visayas","province_key":"negros_oriental","type":"Municipality"}},{"type":"Feature","geometry":{"type":"MultiPolygon","coordinates":[[[[122.893,9.5981],[122.8888,9.6083],[122.8844,9.6131],[122.8845,9.618],[122.8812,9.6205],[122.8784,9.6206],[122.8683,9.6309],[122.8679,9.6433],[122.8652,9.6425],[122.8631,9.6395],[122.8581,9.639],[122.856,9.6371],[122.8541,9.6394],[122.8512,9.6566],[122.8481,9.6533],[122.8464,9.6537],[122.8459,9.658],[122.8539,9.6628],[122.8512,9.6651],[122.8511,9.669],[122.8478,9.6733],[122.8433,9.6753],[122.842,9.6813],[122.8467,9.6869],[122.8512,9.6891],[122.8619,9.6896],[122.8662,9.6916],[122.8683,9.6955],[122.867,9.7021],[122.8619,9.7059],[122.8439,9.7047],[122.8413,9.7051],[122.8394,9.7086],[122.8354,9.7104],[122.8283,9.7102],[122.9365,9.8457],[123.0393,9.7565],[123.0364,9.6947],[123.04,9.6919],[123.0393,9.6302],[122.998,9.6278],[122.9511,9.6749],[122.9021,9.5934],[122.896,9.5943],[122.893,9.5981]]]]},"properties":{"ADM3_EN":"Mabinay","name":"Mabinay","ADM3_PCODE":"PH74614000","psgc_code":"74614000","ADM2_EN":"Negros Oriental","ADM2_PCODE":"PH7461","ADM1_EN":"Region VII (Central Visayas)","ADM1_PCODE":"PH07","ADM0_EN":"Philippines (the)","ADM0_PCODE":"PH","region_key":"central_visayas","province_key":"negros_oriental","type":"Municipality"}},{"type":"Feature","geometry":{"type":"MultiPolygon","coordinates":[[[[123.1525,9.6704],[123.1497,9.6658],[123.1498,9.6512],[123.155,9.6386],[123.1558,9.6352],[123.1546,9.6338],[123.1488,9.6478],[123.1455,9.6514],[123.1423,9.651],[123.1403,9.6531],[123.1289,9.6539],[123.1239,9.6562],[123.1172,9.6517],[123.1136,9.6518],[123.1135,9.6462],[123.1175,9.6433],[123.1145,9.6407],[123.1039,9.641],[123.0959,9.646],[123.0666,9.6713],[123.0364,9.6947],[123.0393,9.7565],[123.0495,9.7475],[123.1113,9.7123],[123.12,9.7089],[123.1258,9.7088],[123.1371,9.715],[123.1421,9.7145],[123.1461,9.7168],[123.1503,9.7161],[123.1528,9.7194],[123.157,9.7202],[123.1611,9.7073],[123.1596,9.6998],[123.1522,9.6861],[123.1514,9.6762],[123.1535,9.6723],[123.1525,9.6704]]]]},"properties":{"ADM3_EN":"Manjuyod","name":"Manjuyod","ADM3_PCODE":"PH74615000","psgc_code":"74615000","ADM2_EN":"Negros Oriental","ADM2_PCODE":"PH7461","ADM1_EN":"Region VII (Central Visayas)","ADM1_PCODE":"PH07","ADM0_EN":"Philippines (the)","ADM0_PCODE":"PH","region_key":"central_visayas","province_key":"negros_oriental","type":"Municipality"}},{"type":"Feature","geometry":{"type":"MultiPolygon","coordinates":[[[[122.9721,9.4051],[122.9384,9.459],[123.0818,9.481],[123.1195,9.4939],[123.1168,9.4965],[123.1174,9.4978],[123.119,9.4982],[123.1218,9.4953],[123.1246,9.5002],[123.1287,9.499],[123.1314,9.5048],[123.1349,9.5077],[123.1418,9.5051],[123.1448,9.5062],[123.1572,9.5026],[123.1408,9.4801],[123.1411,9.4747],[123.1398,9.473],[123.1366,9.4726],[123.1342,9.4682],[123.1304,9.4666],[123.1268,9.4701],[123.1231,9.4658],[123.1232,9.4618],[123.1267,9.4588],[123.1282,9.4487],[123.1231,9.4374],[123.1248,9.4331],[123.1154,9.3854],[123.0057,9.3512],[122.9721,9.4051]]]]},"properties":{"ADM3_EN":"Pamplona","name":"Pamplona","ADM3_PCODE":"PH74616000","psgc_code":"74616000","ADM2_EN":"Negros Oriental","ADM2_PCODE":"PH7461","ADM1_EN":"Region VII (Central Visayas)","ADM1_PCODE":"PH07","ADM0_EN":"Philippines (the)","ADM0_PCODE":"PH","region_key":"central_visayas","province_key":"negros_oriental","type":"Municipality"}},{"type":"Feature","geometry":{"type":"MultiPolygon","coordinates":[[[[123.2375,9.4244],[123.2414,9.421],[123.2475,9.4049],[123.2562,9.397],[123.2603,9.3833],[123.1948,9.3699],[123.1704,9.3738],[123.1985,9.4246],[123.2228,9.4425],[123.2309,9.4608],[123.2386,9.4477],[123.235,9.4331],[123.235,9.4261],[123.2375,9.4244]]]]},"properties":{"ADM3_EN":"San Jose","name":"San Jose","ADM3_PCODE":"PH74617000","psgc_code":"74617000","ADM2_EN":"Negros Oriental","ADM2_PCODE":"PH7461","ADM1_EN":"Region VII (Central Visayas)","ADM1_PCODE":"PH07","ADM0_EN":"Philippines (the)","ADM0_PCODE":"PH","region_key":"central_visayas","province_key":"negros_oriental","type":"Municipality"}},{"type":"Feature","geometry":{"type":"MultiPolygon","coordinates":[[[[123.1055,9.217],[123.0832,9.2028],[123.0719,9.1997],[123.0662,9.1931],[123.0626,9.1914],[123.0447,9.1914],[123.0369,9.1984],[122.9964,9.1772],[122.966,9.1634],[122.9069,9.1537],[122.905,9.1606],[122.8992,9.1667],[122.8942,9.1886],[122.8883,9.1967],[122.8892,9.2078],[122.8853,9.2181],[122.8792,9.2225],[122.8786,9.2339],[122.8703,9.2531],[122.8717,9.2564],[122.8761,9.2603],[122.8781,9.2689],[122.8758,9.2897],[122.8725,9.3003],[122.8756,9.3103],[122.8742,9.3169],[122.8646,9.3289],[122.8583,9.3319],[122.8564,9.3297],[122.8511,9.3303],[122.8425,9.3333],[122.8419,9.3356],[122.8402,9.3359],[122.8557,9.3413],[122.8653,9.3573],[122.8686,9.3595],[122.871,9.3714],[122.8742,9.3718],[122.8769,9.3687],[122.8817,9.3682],[122.8847,9.3723],[122.8898,9.3742],[122.8919,9.3816],[122.891,9.386],[122.8957,9.3882],[122.8962,9.391],[122.906,9.3935],[122.9122,9.3923],[122.9136,9.3997],[122.9252,9.4191],[122.9299,9.4206],[122.9329,9.4186],[122.9422,9.4195],[122.943,9.4179],[122.9585,9.4265],[123.0057,9.3512],[123.0028,9.3205],[123.0846,9.327],[123.1243,9.2842],[123.152,9.2503],[123.1203,9.2258],[123.1055,9.217]]]]},"properties":{"ADM3_EN":"Santa Catalina","name":"Santa Catalina","ADM3_PCODE":"PH74618000","psgc_code":"74618000","ADM2_EN":"Negros Oriental","ADM2_PCODE":"PH7461","ADM1_EN":"Region VII (Central Visayas)","ADM1_PCODE":"PH07","ADM0_EN":"Philippines (the)","ADM0_PCODE":"PH","region_key":"central_visayas","province_key":"negros_oriental","type":"Municipality"}},{"type":"Feature","geometry":{"type":"MultiPolygon","coordinates":[[[[123.0337,9.051],[123.0321,9.0526],[123.0334,9.0484],[123.0279,9.0466],[123.0205,9.0401],[123.0159,9.0382],[123.0052,9.0426],[122.9969,9.0492],[122.9839,9.0539],[122.9792,9.0572],[122.9761,9.0631],[122.9706,9.0664],[122.965,9.0692],[122.9525,9.0719],[122.9483,9.0753],[122.9411,9.0758],[122.9344,9.0864],[122.9333,9.0956],[122.9233,9.1192],[122.9203,9.1217],[122.9206,9.1236],[122.9181,9.1261],[122.9156,9.1331],[122.9128,9.135],[122.9099,9.1347],[122.9091,9.1363],[122.9096,9.1392],[122.9078,9.1414],[122.9092,9.145],[122.9069,9.1537],[122.966,9.1634],[122.9964,9.1772],[123.0369,9.1984],[123.0447,9.1914],[123.0626,9.1914],[123.0662,9.1931],[123.0719,9.1997],[123.0832,9.2028],[123.1203,9.2258],[123.1263,9.0919],[123.1316,9.0628],[123.1291,9.0626],[123.1252,9.0589],[123.1221,9.0601],[123.1244,9.0573],[123.1225,9.0559],[123.1168,9.0566],[123.1119,9.0536],[123.1028,9.0615],[123.0993,9.0598],[123.094,9.0632],[123.0747,9.0666],[123.069,9.0639],[123.0586,9.0514],[123.0507,9.0488],[123.0424,9.0483],[123.0354,9.049],[123.0337,9.051]]]]},"properties":{"ADM3_EN":"Siaton","name":"Siaton","ADM3_PCODE":"PH74619000","psgc_code":"74619000","ADM2_EN":"Negros Oriental","ADM2_PCODE":"PH7461","ADM1_EN":"Region VII (Central Visayas)","ADM1_PCODE":"PH07","ADM0_EN":"Philippines (the)","ADM0_PCODE":"PH","region_key":"central_visayas","province_key":"negros_oriental","type":"Municipality"}},{"type":"Feature","geometry":{"type":"MultiPolygon","coordinates":[[[[123.2915,9.3268],[123.2857,9.3277],[123.2778,9.3256],[123.2757,9.3295],[123.2708,9.3311],[123.267,9.3257],[123.2545,9.3209],[123.2177,9.3196],[123.2108,9.3234],[123.1782,9.3324],[123.1602,9.3334],[123.0028,9.3205],[123.0057,9.3512],[123.1154,9.3854],[123.1216,9.3814],[123.1948,9.3699],[123.2601,9.3835],[123.2661,9.3755],[123.2682,9.3698],[123.2762,9.3672],[123.2794,9.3639],[123.2866,9.3618],[123.2958,9.3561],[123.2997,9.353],[123.3075,9.3417],[123.3105,9.3336],[123.3091,9.3285],[123.2915,9.3268]]]]},"properties":{"ADM3_EN":"Sibulan","name":"Sibulan","ADM3_PCODE":"PH74620000","psgc_code":"74620000","ADM2_EN":"Negros Oriental","ADM2_PCODE":"PH7462","ADM1_EN":"Region VII (Central Visayas)","ADM1_PCODE":"PH07","ADM0_EN":"Philippines (the)","ADM0_PCODE":"PH","region_key":"central_visayas","province_key":"negros_oriental","type":"Municipality"}},{"type":"Feature","geometry":{"type":"MultiPolygon","coordinates":[[[[123.1248,9.4331],[123.1231,9.4374],[123.1283,9.4509],[123.1267,9.4588],[123.1232,9.4618],[123.1231,9.4658],[123.1268,9.4701],[123.1304,9.4666],[123.1342,9.4682],[123.1366,9.4726],[123.1398,9.473],[123.1411,9.4747],[123.1408,9.4801],[123.1572,9.5026],[123.1448,9.5062],[123.1418,9.5051],[123.1349,9.5077],[123.1314,9.5048],[123.1287,9.499],[123.1246,9.5002],[123.1218,9.4953],[123.119,9.4982],[123.1174,9.4978],[123.1168,9.4965],[123.1195,9.4939],[123.0818,9.481],[122.9384,9.459],[122.8855,9.5667],[123.0781,9.5397],[123.1035,9.5409],[123.1128,9.548],[123.1138,9.546],[123.1161,9.5461],[123.1153,9.5498],[123.1207,9.5481],[123.123,9.5517],[123.1386,9.5447],[123.1436,9.5442],[123.1537,9.5485],[123.1563,9.5415],[123.1605,9.5383],[123.1594,9.5363],[123.1612,9.5379],[123.1627,9.5368],[123.1635,9.5323],[123.1703,9.5233],[123.1783,9.5081],[123.1825,9.4944],[123.1842,9.4812],[123.177,9.466],[123.1154,9.3854],[123.1248,9.4331]]]]},"properties":{"ADM3_EN":"Tanjay City","name":"Tanjay City","ADM3_PCODE":"PH74621000","psgc_code":"74621000","ADM2_EN":"Negros Oriental","ADM2_PCODE":"PH7462","ADM1_EN":"Region VII (Central Visayas)","ADM1_PCODE":"PH07","ADM0_EN":"Philippines (the)","ADM0_PCODE":"PH","region_key":"central_visayas","province_key":"negros_oriental","type":"City"}},{"type":"Feature","geometry":{"type":"MultiPolygon","coordinates":[[[[123.1068,9.9084],[123.0697,9.9181],[123.0037,9.9485],[123.0105,9.9691],[123.0206,10.0106],[123.037,10.0359],[123.1546,9.9606],[123.1814,9.9497],[123.1828,9.9504],[123.1803,9.9426],[123.1773,9.939],[123.1794,9.9324],[123.1789,9.9256],[123.174,9.9206],[123.1576,9.9161],[123.1572,9.91],[123.1514,9.9053],[123.1496,9.8997],[123.1373,9.9007],[123.1068,9.9084]]]]},"properties":{"ADM3_EN":"Tayasan","name":"Tayasan","ADM3_PCODE":"PH74622000","psgc_code":"74622000","ADM2_EN":"Negros Oriental","ADM2_PCODE":"PH7462","ADM1_EN":"Region VII (Central Visayas)","ADM1_PCODE":"PH07","ADM0_EN":"Philippines (the)","ADM0_PCODE":"PH","region_key":"central_visayas","province_key":"negros_oriental","type":"Municipality"}},{"type":"Feature","geometry":{"type":"MultiPolygon","coordinates":[[[[123.2044,9.2376],[123.1776,9.2395],[123.1532,9.2485],[123.1243,9.2842],[123.0846,9.327],[123.1255,9.3301],[123.132,9.332],[123.1657,9.3332],[123.1782,9.3324],[123.2108,9.3234],[123.2177,9.3196],[123.2545,9.3209],[123.259,9.3153],[123.2622,9.3072],[123.2742,9.2678],[123.2642,9.2662],[123.2632,9.2521],[123.251,9.2554],[123.2104,9.2381],[123.2044,9.2376]]]]},"properties":{"ADM3_EN":"Valencia","name":"Valencia","ADM3_PCODE":"PH74623000","psgc_code":"74623000","ADM2_EN":"Negros Oriental","ADM2_PCODE":"PH7462","ADM1_EN":"Region VII (Central Visayas)","ADM1_PCODE":"PH07","ADM0_EN":"Philippines (the)","ADM0_PCODE":"PH","region_key":"central_visayas","province_key":"negros_oriental","type":"Municipality"}},{"type":"Feature","geometry":{"type":"MultiPolygon","coordinates":[[[[123.3286,10.3341],[123.3303,10.3317],[123.3303,10.3266],[123.3281,10.3128],[123.3294,10.3081],[123.3303,10.3117],[123.3317,10.3117],[123.3317,10.3072],[123.3269,10.3019],[123.3308,10.295],[123.3296,10.2933],[123.3314,10.2795],[123.255,10.2755],[123.2593,10.3337],[123.2385,10.4131],[123.2516,10.4134],[123.2758,10.4025],[123.336,10.3826],[123.3326,10.3772],[123.3319,10.3692],[123.3292,10.3631],[123.3294,10.3506],[123.3255,10.3453],[123.3256,10.3406],[123.3286,10.3341]]]]},"properties":{"ADM3_EN":"Vallehermoso","name":"Vallehermoso","ADM3_PCODE":"PH74624000","psgc_code":"74624000","ADM2_EN":"Negros Oriental","ADM2_PCODE":"PH7462","ADM1_EN":"Region VII (Central Visayas)","ADM1_PCODE":"PH07","ADM0_EN":"Philippines (the)","ADM0_PCODE":"PH","region_key":"central_visayas","province_key":"negros_oriental","type":"Municipality"}},{"type":"Feature","geometry":{"type":"MultiPolygon","coordinates":[[[[123.2075,9.1048],[123.202,9.0937],[123.1949,9.0955],[123.1818,9.0938],[123.1752,9.0866],[123.1707,9.085],[123.1672,9.0798],[123.1634,9.0776],[123.1603,9.0722],[123.1496,9.0678],[123.1533,9.0732],[123.152,9.0752],[123.1496,9.0714],[123.1452,9.0698],[123.1434,9.0637],[123.1295,9.0465],[123.1222,9.0459],[123.1198,9.0472],[123.1179,9.0542],[123.1258,9.0552],[123.1311,9.0615],[123.132,9.0659],[123.1263,9.0919],[123.1203,9.2258],[123.14,9.2418],[123.2022,9.1823],[123.2427,9.1531],[123.2381,9.1464],[123.2297,9.1394],[123.2272,9.1343],[123.2123,9.1196],[123.2108,9.1108],[123.2075,9.1048]]]]},"properties":{"ADM3_EN":"Zamboanguita","name":"Zamboanguita","ADM3_PCODE":"PH74625000","psgc_code":"74625000","ADM2_EN":"Negros Oriental","ADM2_PCODE":"PH7462","ADM1_EN":"Region VII (Central Visayas)","ADM1_PCODE":"PH07","ADM0_EN":"Philippines (the)","ADM0_PCODE":"PH","region_key":"central_visayas","province_key":"negros_oriental","type":"Municipality"}},{"type":"Feature","geometry":{"type":"MultiPolygon","coordinates":[[[[123.6599,9.2388],[123.6664,9.2314],[123.648,9.2214],[123.6424,9.2216],[123.6375,9.2173],[123.6355,9.2174],[123.6249,9.2629],[123.5997,9.2965],[123.6021,9.3004],[123.6235,9.3001],[123.6333,9.2947],[123.64,9.2879],[123.6488,9.2753],[123.6541,9.2597],[123.6553,9.2479],[123.6599,9.2388]]]]},"properties":{"ADM3_EN":"Enrique Villanueva","name":"Enrique Villanueva","ADM3_PCODE":"PH76101000","psgc_code":"76101000","ADM2_EN":"Siquijor","ADM2_PCODE":"PH7610","ADM1_EN":"Region VII (Central Visayas)","ADM1_PCODE":"PH07","ADM0_EN":"Philippines (the)","ADM0_PCODE":"PH","region_key":"central_visayas","province_key":"siquijor","type":"Municipality"}},{"type":"Feature","geometry":{"type":"MultiPolygon","coordinates":[[[[123.5911,9.2531],[123.5933,9.2607],[123.5974,9.2675],[123.5959,9.2863],[123.5997,9.2965],[123.6249,9.2629],[123.6355,9.2174],[123.6229,9.2026],[123.6062,9.1792],[123.5769,9.2128],[123.576,9.2181],[123.5712,9.2258],[123.5721,9.2326],[123.5682,9.2365],[123.5692,9.2402],[123.574,9.242],[123.5758,9.2463],[123.5852,9.2474],[123.5892,9.2513],[123.5917,9.2514],[123.5911,9.2531]]]]},"properties":{"ADM3_EN":"Larena","name":"Larena","ADM3_PCODE":"PH76102000","psgc_code":"76102000","ADM2_EN":"Siquijor","ADM2_PCODE":"PH7610","ADM1_EN":"Region VII (Central Visayas)","ADM1_PCODE":"PH07","ADM0_EN":"Philippines (the)","ADM0_PCODE":"PH","region_key":"central_visayas","province_key":"siquijor","type":"Municipality"}},{"type":"Feature","geometry":{"type":"MultiPolygon","coordinates":[[[[123.6003,9.0981],[123.5957,9.0955],[123.5883,9.0946],[123.5728,9.1011],[123.5651,9.1012],[123.5615,9.1283],[123.5711,9.1374],[123.5845,9.1653],[123.6062,9.1792],[123.6721,9.1207],[123.6679,9.1161],[123.6566,9.115],[123.6523,9.1201],[123.6519,9.1246],[123.6405,9.1257],[123.6358,9.1239],[123.6262,9.1138],[123.6259,9.1085],[123.6234,9.1023],[123.6135,9.101],[123.6058,9.0968],[123.6003,9.0981]]]]},"properties":{"ADM3_EN":"Lazi","name":"Lazi","ADM3_PCODE":"PH76103000","psgc_code":"76103000","ADM2_EN":"Siquijor","ADM2_PCODE":"PH7610","ADM1_EN":"Region VII (Central Visayas)","ADM1_PCODE":"PH07","ADM0_EN":"Philippines (the)","ADM0_PCODE":"PH","region_key":"central_visayas","province_key":"siquijor","type":"Municipality"}},{"type":"Feature","geometry":{"type":"MultiPolygon","coordinates":[[[[123.6542,9.1363],[123.6062,9.1792],[123.6229,9.2026],[123.6355,9.2174],[123.6375,9.2173],[123.6424,9.2216],[123.648,9.2214],[123.6664,9.2314],[123.6856,9.223],[123.6875,9.2167],[123.6846,9.2126],[123.6716,9.2127],[123.6659,9.2089],[123.6604,9.2026],[123.6568,9.1948],[123.6561,9.1894],[123.6579,9.1833],[123.6635,9.1727],[123.6675,9.1699],[123.674,9.1607],[123.6833,9.1613],[123.692,9.1587],[123.6953,9.161],[123.6976,9.1594],[123.6995,9.1566],[123.7019,9.1449],[123.6964,9.1393],[123.6932,9.1296],[123.6803,9.1207],[123.6761,9.1224],[123.6721,9.1207],[123.6542,9.1363]]]]},"properties":{"ADM3_EN":"Maria","name":"Maria","ADM3_PCODE":"PH76104000","psgc_code":"76104000","ADM2_EN":"Siquijor","ADM2_PCODE":"PH7610","ADM1_EN":"Region VII (Central Visayas)","ADM1_PCODE":"PH07","ADM0_EN":"Philippines (the)","ADM0_PCODE":"PH","region_key":"central_visayas","province_key":"siquijor","type":"Municipality"}},{"type":"Feature","geometry":{"type":"MultiPolygon","coordinates":[[[[123.5611,9.1011],[123.557,9.1039],[123.5569,9.1078],[123.5518,9.1144],[123.5496,9.1153],[123.546,9.1141],[123.5428,9.1158],[123.5311,9.1294],[123.5259,9.1337],[123.5148,9.1375],[123.4984,9.1506],[123.4849,9.1653],[123.472,9.1743],[123.4638,9.1757],[123.4569,9.1814],[123.4531,9.1867],[123.4547,9.1875],[123.4524,9.194],[123.4552,9.1947],[123.4568,9.1983],[123.4615,9.1989],[123.5167,9.1799],[123.5599,9.1312],[123.5615,9.1283],[123.5651,9.1012],[123.5611,9.1011]]]]},"properties":{"ADM3_EN":"San Juan","name":"San Juan","ADM3_PCODE":"PH76105000","psgc_code":"76105000","ADM2_EN":"Siquijor","ADM2_PCODE":"PH7610","ADM1_EN":"Region VII (Central Visayas)","ADM1_PCODE":"PH07","ADM0_EN":"Philippines (the)","ADM0_PCODE":"PH","region_key":"central_visayas","province_key":"siquijor","type":"Municipality"}},{"type":"Feature","geometry":{"type":"MultiPolygon","coordinates":[[[[123.5545,9.1371],[123.5167,9.1799],[123.4605,9.1991],[123.4614,9.2029],[123.4578,9.2111],[123.4649,9.2148],[123.4631,9.2181],[123.4652,9.2215],[123.4707,9.2244],[123.4794,9.221],[123.4791,9.2186],[123.481,9.2178],[123.4821,9.2212],[123.4842,9.2186],[123.4861,9.22],[123.4947,9.2144],[123.5108,9.2145],[123.5179,9.2222],[123.5241,9.2257],[123.5523,9.2245],[123.5624,9.2287],[123.5682,9.2365],[123.5713,9.2338],[123.5712,9.2258],[123.576,9.2181],[123.5769,9.2128],[123.6062,9.1792],[123.5845,9.1653],[123.5711,9.1374],[123.5615,9.1283],[123.5545,9.1371]]]]},"properties":{"ADM3_EN":"Siquijor","name":"Siquijor","ADM3_PCODE":"PH76106000","psgc_code":"76106000","ADM2_EN":"Siquijor","ADM2_PCODE":"PH7610","ADM1_EN":"Region VII (Central Visayas)","ADM1_PCODE":"PH07","ADM0_EN":"Philippines (the)","ADM0_PCODE":"PH","region_key":"central_visayas","province_key":"siquijor","type":"Municipality"}}]}