{"type":"FeatureCollection","name":"eastern_visayas_municipalities","crs":{"type":"name","properties":{"name":"urn:ogc:def:crs:OGC:1.3:CRS84"}},"features":[{"type":"Feature","geometry":{"type":"MultiPolygon","coordinates":[[[[124.3972,11.5887],[124.3958,11.5891],[124.3954,11.5948],[124.3926,11.5993],[124.3794,11.6066],[124.3789,11.6232],[124.3772,11.6275],[124.3733,11.629],[124.3726,11.6327],[124.3653,11.6363],[124.362,11.6356],[124.3563,11.6449],[124.3605,11.6488],[124.3611,11.6514],[124.3868,11.6582],[124.4154,11.6698],[124.4366,11.6809],[124.4408,11.6816],[124.4669,11.6422],[124.3972,11.5887]]],[[[124.365,11.6178],[124.3614,11.6175],[124.3608,11.6186],[124.3669,11.6183],[124.365,11.6178]]],[[[124.3439,11.6286],[124.3419,11.6292],[124.3428,11.6306],[124.345,11.6294],[124.3447,11.6272],[124.3439,11.6286]]]]},"properties":{"ADM3_EN":"Almeria","name":"Almeria","ADM3_PCODE":"PH87801000","psgc_code":"87801000","ADM2_EN":"Biliran","ADM2_PCODE":"PH8780","ADM1_EN":"Region VIII (Eastern Visayas)","ADM1_PCODE":"PH08","ADM0_EN":"Philippines (the)","ADM0_PCODE":"PH","region_key":"eastern_visayas","province_key":"biliran","type":"Municipality"}},{"type":"Feature","geometry":{"type":"MultiPolygon","coordinates":[[[[124.4808,11.4631],[124.4766,11.4658],[124.4631,11.4672],[124.4617,11.4694],[124.4625,11.4765],[124.4589,11.4754],[124.4523,11.4779],[124.4506,11.4808],[124.4461,11.4834],[124.4407,11.4909],[124.4434,11.4963],[124.4326,11.5028],[124.4281,11.5098],[124.4335,11.5129],[124.4381,11.5196],[124.4831,11.5611],[124.4956,11.5694],[124.5336,11.5214],[124.5271,11.5145],[124.5205,11.5107],[124.5122,11.5014],[124.512,11.4862],[124.5135,11.4806],[124.518,11.4745],[124.5145,11.4736],[124.5129,11.4698],[124.5112,11.4692],[124.5078,11.4753],[124.5089,11.4789],[124.5033,11.4791],[124.5015,11.4721],[124.491,11.4686],[124.4878,11.4629],[124.4808,11.4631]]]]},"properties":{"ADM3_EN":"Biliran","name":"Biliran","ADM3_PCODE":"PH87802000","psgc_code":"87802000","ADM2_EN":"Biliran","ADM2_PCODE":"PH8780","ADM1_EN":"Region VIII (Eastern Visayas)","ADM1_PCODE":"PH08","ADM0_EN":"Philippines (the)","ADM0_PCODE":"PH","region_key":"eastern_visayas","province_key":"biliran","type":"Municipality"}},{"type":"Feature","geometry":{"type":"MultiPolygon","coordinates":[[[[124.575,11.4724],[124.5615,11.474],[124.5543,11.478],[124.5518,11.4771],[124.5479,11.472],[124.5461,11.4732],[124.5474,11.4766],[124.546,11.4779],[124.5379,11.4737],[124.5269,11.4766],[124.5179,11.4746],[124.5135,11.4806],[124.512,11.4862],[124.5122,11.5014],[124.5205,11.5107],[124.5271,11.5145],[124.5336,11.5214],[124.5405,11.5234],[124.5859,11.5271],[124.616,11.5255],[124.6173,11.5244],[124.6161,11.5119],[124.6078,11.4969],[124.6057,11.4885],[124.6027,11.4896],[124.6031,11.4917],[124.6019,11.4919],[124.6016,11.4902],[124.5956,11.4865],[124.5854,11.476],[124.575,11.4724]]]]},"properties":{"ADM3_EN":"Cabucgayan","name":"Cabucgayan","ADM3_PCODE":"PH87803000","psgc_code":"87803000","ADM2_EN":"Biliran","ADM2_PCODE":"PH8780","ADM1_EN":"Region VIII (Eastern Visayas)","ADM1_PCODE":"PH08","ADM0_EN":"Philippines (the)","ADM0_PCODE":"PH","region_key":"eastern_visayas","province_key":"biliran","type":"Municipality"}},{"type":"Feature","geometry":{"type":"MultiPolygon","coordinates":[[[[124.5265,11.5296],[124.4983,11.5646],[124.4956,11.5694],[124.4936,11.5827],[124.5036,11.5896],[124.5226,11.5956],[124.5633,11.6036],[124.5708,11.5959],[124.5772,11.5931],[124.5776,11.5864],[124.5822,11.5768],[124.5838,11.5671],[124.5929,11.56],[124.603,11.5558],[124.6164,11.5448],[124.6196,11.5325],[124.6164,11.5287],[124.6173,11.5244],[124.5859,11.5271],[124.5545,11.5253],[124.5336,11.5214],[124.5265,11.5296]]]]},"properties":{"ADM3_EN":"Caibiran","name":"Caibiran","ADM3_PCODE":"PH87804000","psgc_code":"87804000","ADM2_EN":"Biliran","ADM2_PCODE":"PH8780","ADM1_EN":"Region VIII (Eastern Visayas)","ADM1_PCODE":"PH08","ADM0_EN":"Philippines (the)","ADM0_PCODE":"PH","region_key":"eastern_visayas","province_key":"biliran","type":"Municipality"}},{"type":"Feature","geometry":{"type":"MultiPolygon","coordinates":[[[[124.525,11.5962],[124.5036,11.5896],[124.4936,11.5827],[124.4914,11.602],[124.4526,11.6655],[124.4408,11.6816],[124.4448,11.6853],[124.4859,11.6896],[124.5025,11.6891],[124.5119,11.6808],[124.5208,11.682],[124.5364,11.6757],[124.5372,11.6682],[124.5417,11.6564],[124.5477,11.651],[124.5546,11.6411],[124.5652,11.6201],[124.5661,11.6168],[124.5631,11.608],[124.5645,11.6034],[124.525,11.5962]]],[[[124.3789,11.6089],[124.3791,11.6087],[124.379,11.6085],[124.3789,11.6086],[124.3789,11.6089]]]]},"properties":{"ADM3_EN":"Culaba","name":"Culaba","ADM3_PCODE":"PH87805000","psgc_code":"87805000","ADM2_EN":"Biliran","ADM2_PCODE":"PH8780","ADM1_EN":"Region VIII (Eastern Visayas)","ADM1_PCODE":"PH08","ADM0_EN":"Philippines (the)","ADM0_PCODE":"PH","region_key":"eastern_visayas","province_key":"biliran","type":"Municipality"}},{"type":"Feature","geometry":{"type":"MultiPolygon","coordinates":[[[[124.3583,11.6598],[124.3543,11.6643],[124.3474,11.6646],[124.3438,11.6659],[124.3434,11.6677],[124.3367,11.6683],[124.3339,11.6769],[124.3392,11.6764],[124.3406,11.6822],[124.3422,11.6795],[124.3456,11.6811],[124.3451,11.6704],[124.3475,11.6747],[124.3474,11.6776],[124.3512,11.6815],[124.3622,11.6818],[124.3739,11.6939],[124.3769,11.6925],[124.3805,11.6931],[124.3839,11.6964],[124.3861,11.695],[124.3922,11.6958],[124.4173,11.706],[124.426,11.707],[124.4374,11.7011],[124.4654,11.7058],[124.4724,11.7021],[124.4785,11.6959],[124.5025,11.6891],[124.4859,11.6896],[124.4448,11.6853],[124.4408,11.6816],[124.4366,11.6809],[124.4154,11.6698],[124.3868,11.6582],[124.3634,11.6518],[124.3611,11.6514],[124.3608,11.6564],[124.3583,11.6598]]],[[[124.331,11.6709],[124.3272,11.6713],[124.3273,11.6757],[124.3323,11.6722],[124.331,11.6709]]],[[[124.3597,11.6896],[124.358,11.6913],[124.3599,11.6943],[124.362,11.6943],[124.3632,11.6926],[124.3625,11.6899],[124.3597,11.6896]]],[[[124.3362,11.7077],[124.3372,11.7091],[124.3395,11.7077],[124.3376,11.7072],[124.3362,11.7077]]]]},"properties":{"ADM3_EN":"Kawayan","name":"Kawayan","ADM3_PCODE":"PH87806000","psgc_code":"87806000","ADM2_EN":"Biliran","ADM2_PCODE":"PH8780","ADM1_EN":"Region VIII (Eastern Visayas)","ADM1_PCODE":"PH08","ADM0_EN":"Philippines (the)","ADM0_PCODE":"PH","region_key":"eastern_visayas","province_key":"biliran","type":"Municipality"}},{"type":"Feature","geometry":{"type":"MultiPolygon","coordinates":[[[[124.27,11.7719],[124.265,11.7664],[124.2647,11.7616],[124.2634,11.7631],[124.2636,11.7672],[124.2694,11.7736],[124.27,11.7719]]],[[[124.3249,11.7596],[124.3136,11.7623],[124.3071,11.7693],[124.3026,11.771],[124.301,11.7764],[124.294,11.7816],[124.2921,11.7883],[124.2942,11.7986],[124.2982,11.8011],[124.3001,11.8058],[124.3059,11.8064],[124.3097,11.8117],[124.3177,11.8167],[124.3225,11.8136],[124.3305,11.8157],[124.3381,11.8115],[124.3453,11.8103],[124.35,11.8042],[124.3504,11.7796],[124.3478,11.7732],[124.337,11.7652],[124.3295,11.7634],[124.3249,11.7596]]]]},"properties":{"ADM3_EN":"Maripipi","name":"Maripipi","ADM3_PCODE":"PH87807000","psgc_code":"87807000","ADM2_EN":"Biliran","ADM2_PCODE":"PH8780","ADM1_EN":"Region VIII (Eastern Visayas)","ADM1_PCODE":"PH08","ADM0_EN":"Philippines (the)","ADM0_PCODE":"PH","region_key":"eastern_visayas","province_key":"biliran","type":"Municipality"}},{"type":"Feature","geometry":{"type":"MultiPolygon","coordinates":[[[[124.4137,11.5374],[124.4084,11.5382],[124.4061,11.5361],[124.3964,11.5561],[124.3912,11.5593],[124.3897,11.5778],[124.3914,11.5842],[124.3958,11.5891],[124.3972,11.5887],[124.4669,11.6422],[124.4914,11.602],[124.4956,11.5694],[124.4831,11.5611],[124.4292,11.5101],[124.4269,11.5102],[124.4236,11.515],[124.4217,11.5219],[124.4224,11.5253],[124.4181,11.5322],[124.4197,11.5328],[124.4231,11.5295],[124.4204,11.5333],[124.4226,11.5382],[124.4221,11.5406],[124.4221,11.5377],[124.4193,11.5335],[124.4137,11.5374]]],[[[124.2722,11.572],[124.2761,11.5638],[124.2703,11.5603],[124.2708,11.5592],[124.2672,11.5544],[124.2641,11.5531],[124.2595,11.5625],[124.2573,11.5689],[124.2582,11.5705],[124.2545,11.5794],[124.2566,11.5824],[124.2663,11.5828],[124.2701,11.579],[124.2722,11.572]]]]},"properties":{"ADM3_EN":"Naval","name":"Naval","ADM3_PCODE":"PH87808000","psgc_code":"87808000","ADM2_EN":"Biliran","ADM2_PCODE":"PH8780","ADM1_EN":"Region VIII (Eastern Visayas)","ADM1_PCODE":"PH08","ADM0_EN":"Philippines (the)","ADM0_PCODE":"PH","region_key":"eastern_visayas","province_key":"biliran","type":"Municipality"}},{"type":"Feature","geometry":{"type":"MultiPolygon","coordinates":[[[[125.2497,12.1795],[125.217,12.2236],[125.2847,12.2575],[125.2935,12.2629],[125.2978,12.2676],[125.303,12.2676],[125.3034,12.2689],[125.3059,12.2675],[125.3112,12.2702],[125.3167,12.2746],[125.3185,12.2791],[125.3208,12.2792],[125.3192,12.2801],[125.3206,12.281],[125.3228,12.2797],[125.3186,12.2722],[125.3228,12.2722],[125.3275,12.275],[125.3326,12.2704],[125.3391,12.2699],[125.3472,12.2772],[125.3514,12.2864],[125.3578,12.2878],[125.3583,12.2925],[125.3539,12.2978],[125.3569,12.3056],[125.3622,12.3031],[125.3697,12.3036],[125.377,12.3014],[125.3822,12.3022],[125.3839,12.2994],[125.38,12.2883],[125.3758,12.2906],[125.3781,12.2922],[125.3764,12.2933],[125.3747,12.2911],[125.3686,12.2903],[125.3661,12.2844],[125.3575,12.2792],[125.3667,12.2778],[125.3675,12.2756],[125.3655,12.2722],[125.3672,12.2706],[125.3747,12.275],[125.3728,12.2667],[125.3753,12.2647],[125.3808,12.2672],[125.3845,12.2661],[125.3875,12.2744],[125.3864,12.2781],[125.3883,12.2806],[125.3994,12.2808],[125.4039,12.2764],[125.4053,12.2692],[125.4064,12.2725],[125.4078,12.2739],[125.4092,12.2728],[125.4122,12.2775],[125.4128,12.2808],[125.4106,12.2839],[125.4122,12.2853],[125.4178,12.2803],[125.4181,12.2767],[125.4243,12.2781],[125.4283,12.2753],[125.4328,12.2697],[125.4317,12.2686],[125.4333,12.2689],[125.4353,12.2736],[125.4383,12.2736],[125.4408,12.2667],[125.4449,12.2635],[125.4295,12.2477],[125.4148,12.2353],[125.3979,12.226],[125.3854,12.2223],[125.2588,12.1677],[125.2497,12.1795]]],[[[125.4025,12.2928],[125.4047,12.2889],[125.4022,12.2864],[125.3961,12.2889],[125.3989,12.2939],[125.4014,12.2942],[125.4025,12.2928]]]]},"properties":{"ADM3_EN":"Arteche","name":"Arteche","ADM3_PCODE":"PH82601000","psgc_code":"82601000","ADM2_EN":"Eastern Samar","ADM2_PCODE":"PH8260","ADM1_EN":"Region VIII (Eastern Visayas)","ADM1_PCODE":"PH08","ADM0_EN":"Philippines (the)","ADM0_PCODE":"PH","region_key":"eastern_visayas","province_key":"eastern_samar","type":"Municipality"}},{"type":"Feature","geometry":{"type":"MultiPolygon","coordinates":[[[[125.4369,11.1094],[125.4347,11.1103],[125.4364,11.1053],[125.4358,11.0983],[125.4325,11.0911],[125.4283,11.0889],[125.4161,11.0878],[125.4081,11.0819],[125.405,11.0839],[125.4013,11.0927],[125.4063,11.0989],[125.4053,11.1003],[125.4035,11.101],[125.4014,11.0992],[125.395,11.1042],[125.3836,11.1079],[125.3803,11.1064],[125.3786,11.1006],[125.3738,11.0994],[125.3634,11.1108],[125.3647,11.1147],[125.3617,11.1153],[125.3603,11.1194],[125.355,11.1186],[125.3542,11.12],[125.3386,11.1228],[125.3358,11.1217],[125.3346,11.1239],[125.3382,11.1232],[125.3433,11.1449],[125.3086,11.2533],[125.2642,11.3036],[125.2492,11.317],[125.3316,11.2931],[125.3632,11.2818],[125.4211,11.2516],[125.4028,11.2312],[125.3996,11.2227],[125.4003,11.213],[125.4283,11.1305],[125.4331,11.1122],[125.4386,11.112],[125.4391,11.11],[125.4369,11.1094]]]]},"properties":{"ADM3_EN":"Balangiga","name":"Balangiga","ADM3_PCODE":"PH82602000","psgc_code":"82602000","ADM2_EN":"Eastern Samar","ADM2_PCODE":"PH8260","ADM1_EN":"Region VIII (Eastern Visayas)","ADM1_PCODE":"PH08","ADM0_EN":"Philippines (the)","ADM0_PCODE":"PH","region_key":"eastern_visayas","province_key":"eastern_samar","type":"Municipality"}},{"type":"Feature","geometry":{"type":"MultiPolygon","coordinates":[[[[125.4986,11.4483],[125.5117,11.4533],[125.5203,11.4525],[125.5225,11.4539],[125.5231,11.4506],[125.5264,11.4503],[125.5289,11.4463],[125.4749,11.3981],[125.4556,11.3984],[125.2757,11.3286],[125.2492,11.317],[125.2793,11.3639],[125.3066,11.3981],[125.3238,11.401],[125.3516,11.3967],[125.3648,11.3981],[125.3732,11.4009],[125.3814,11.4057],[125.4025,11.4261],[125.4207,11.4591],[125.4376,11.4718],[125.4593,11.4804],[125.4707,11.4825],[125.4956,11.4846],[125.5136,11.4841],[125.5147,11.4792],[125.5186,11.4753],[125.5186,11.4733],[125.5128,11.4708],[125.5075,11.4619],[125.4969,11.455],[125.4935,11.4491],[125.4942,11.4471],[125.4986,11.4483]]]]},"properties":{"ADM3_EN":"Balangkayan","name":"Balangkayan","ADM3_PCODE":"PH82603000","psgc_code":"82603000","ADM2_EN":"Eastern Samar","ADM2_PCODE":"PH8260","ADM1_EN":"Region VIII (Eastern Visayas)","ADM1_PCODE":"PH08","ADM0_EN":"Philippines (the)","ADM0_PCODE":"PH","region_key":"eastern_visayas","province_key":"eastern_samar","type":"Municipality"}},{"type":"Feature","geometry":{"type":"MultiPolygon","coordinates":[[[[125.328,11.4766],[125.3272,11.4734],[125.3175,11.4806],[125.3136,11.4782],[125.3104,11.4737],[125.2969,11.4761],[125.2916,11.4742],[125.292,11.4794],[125.2868,11.4792],[125.2832,11.4821],[125.2807,11.4891],[125.2738,11.4881],[125.2716,11.4891],[125.2719,11.4913],[125.2668,11.4879],[125.2531,11.484],[125.2471,11.4714],[125.2456,11.4646],[125.2439,11.4646],[125.2438,11.4661],[125.2397,11.4653],[125.2378,11.4705],[125.2359,11.471],[125.2321,11.4679],[125.2315,11.4646],[125.2292,11.4664],[125.2232,11.4654],[125.2235,11.4691],[125.2199,11.4711],[125.2296,11.4882],[125.2263,11.5204],[125.2108,11.5752],[125.2063,11.598],[125.2123,11.6191],[125.2207,11.6331],[125.2531,11.6597],[125.2817,11.6769],[125.2983,11.6775],[125.312,11.6805],[125.3626,11.6989],[125.3934,11.7129],[125.4035,11.7153],[125.4275,11.7165],[125.4557,11.7155],[125.475,11.7178],[125.4789,11.7119],[125.4778,11.7108],[125.4747,11.7128],[125.4725,11.7117],[125.4717,11.7044],[125.4744,11.7022],[125.4747,11.6986],[125.4806,11.6989],[125.483,11.6947],[125.4811,11.6897],[125.4778,11.6888],[125.4756,11.6858],[125.4713,11.6849],[125.4724,11.6836],[125.4756,11.6839],[125.475,11.6808],[125.4861,11.6815],[125.4883,11.6794],[125.4878,11.6769],[125.4925,11.6731],[125.4925,11.6708],[125.4833,11.67],[125.4822,11.6689],[125.4833,11.6636],[125.4815,11.6618],[125.4792,11.6653],[125.4647,11.6736],[125.4619,11.6725],[125.4608,11.6683],[125.457,11.6695],[125.4524,11.6687],[125.4519,11.6672],[125.4561,11.6632],[125.4561,11.6613],[125.4483,11.6617],[125.4467,11.6553],[125.4492,11.6542],[125.4517,11.6564],[125.455,11.6558],[125.4556,11.6522],[125.4508,11.65],[125.4567,11.6511],[125.4575,11.6483],[125.4617,11.6467],[125.4633,11.6433],[125.4619,11.6417],[125.4568,11.6406],[125.4586,11.6369],[125.455,11.6358],[125.4594,11.6339],[125.4567,11.6317],[125.4572,11.6286],[125.4536,11.6264],[125.4489,11.63],[125.4508,11.6267],[125.4408,11.6211],[125.4386,11.6172],[125.44,11.609],[125.4481,11.6067],[125.4436,11.6036],[125.4419,11.5997],[125.4444,11.5933],[125.4483,11.5899],[125.4549,11.5883],[125.4569,11.5925],[125.4619,11.5936],[125.4639,11.5922],[125.4672,11.5936],[125.4718,11.593],[125.4739,11.5911],[125.4694,11.5828],[125.4675,11.5711],[125.4686,11.5619],[125.4737,11.5493],[125.4709,11.5472],[125.4703,11.5499],[125.4656,11.5453],[125.4509,11.5371],[125.4493,11.5311],[125.4542,11.5186],[125.453,11.5147],[125.4476,11.5094],[125.437,11.507],[125.4289,11.5004],[125.427,11.5011],[125.4272,11.5051],[125.4216,11.5031],[125.4192,11.507],[125.4161,11.5016],[125.4189,11.4967],[125.4199,11.4882],[125.4059,11.4814],[125.4018,11.4882],[125.3949,11.4869],[125.3899,11.4887],[125.3802,11.4888],[125.3756,11.4914],[125.3754,11.4875],[125.3715,11.481],[125.3693,11.4809],[125.3593,11.4921],[125.3542,11.4921],[125.3476,11.4951],[125.3414,11.4951],[125.3325,11.4864],[125.3255,11.4851],[125.328,11.4766]]],[[[125.5006,11.592],[125.4969,11.595],[125.4957,11.5982],[125.4967,11.6008],[125.501,11.6013],[125.5061,11.5978],[125.5067,11.5944],[125.505,11.5923],[125.5006,11.592]]],[[[125.4864,11.6434],[125.486,11.6415],[125.4899,11.6327],[125.4894,11.63],[125.4852,11.6327],[125.4763,11.6453],[125.4788,11.6468],[125.4836,11.6455],[125.488,11.6464],[125.4889,11.6455],[125.4864,11.6434]]],[[[125.4716,11.6453],[125.4705,11.6442],[125.4689,11.6456],[125.4714,11.6471],[125.4716,11.6453]]],[[[125.4629,11.6638],[125.4646,11.6611],[125.4599,11.6622],[125.4616,11.6639],[125.4629,11.6638]]]]},"properties":{"ADM3_EN":"Borongan City","name":"Borongan City","ADM3_PCODE":"PH82604000","psgc_code":"82604000","ADM2_EN":"Eastern Samar","ADM2_PCODE":"PH8260","ADM1_EN":"Region VIII (Eastern Visayas)","ADM1_PCODE":"PH08","ADM0_EN":"Philippines (the)","ADM0_PCODE":"PH","region_key":"eastern_visayas","province_key":"eastern_samar","type":"City"}},{"type":"Feature","geometry":{"type":"MultiPolygon","coordinates":[[[[125.2308,11.9394],[125.2191,11.962],[125.2076,11.9945],[125.3077,12.0647],[125.3113,12.0645],[125.311,12.0614],[125.3137,12.0607],[125.3175,12.042],[125.3236,12.0439],[125.327,12.0433],[125.3363,12.0368],[125.3388,12.037],[125.3435,12.043],[125.3476,12.0401],[125.3527,12.0442],[125.3585,12.0395],[125.368,12.0451],[125.3717,12.044],[125.3755,12.0394],[125.3787,12.0404],[125.3815,12.045],[125.4584,12.0234],[125.4792,12.0328],[125.4902,12.0335],[125.4692,12.0133],[125.4606,11.9986],[125.4575,11.9989],[125.4528,11.9953],[125.4478,11.9942],[125.4408,11.9834],[125.433,11.9846],[125.4331,11.9831],[125.4369,11.9809],[125.4446,11.9828],[125.4486,11.9858],[125.4533,11.9939],[125.4558,11.9927],[125.4483,11.9794],[125.4481,11.9694],[125.4439,11.9653],[125.4397,11.9664],[125.4355,11.9581],[125.4322,11.9594],[125.4287,11.9582],[125.4228,11.9603],[125.2472,11.9089],[125.2308,11.9394]]]]},"properties":{"ADM3_EN":"Can-Avid","name":"Can-Avid","ADM3_PCODE":"PH82605000","psgc_code":"82605000","ADM2_EN":"Eastern Samar","ADM2_PCODE":"PH8260","ADM1_EN":"Region VIII (Eastern Visayas)","ADM1_PCODE":"PH08","ADM0_EN":"Philippines (the)","ADM0_PCODE":"PH","region_key":"eastern_visayas","province_key":"eastern_samar","type":"Municipality"}},{"type":"Feature","geometry":{"type":"MultiPolygon","coordinates":[[[[125.5558,12.0075],[125.5547,12.0122],[125.557,12.0156],[125.56,12.0094],[125.5553,12.005],[125.5558,12.0075]]],[[[125.5603,12.0194],[125.5608,12.017],[125.5589,12.015],[125.5558,12.0197],[125.5583,12.0219],[125.5603,12.0194]]],[[[125.5608,12.0247],[125.5594,12.0225],[125.557,12.0231],[125.5558,12.0256],[125.5592,12.0278],[125.5608,12.0247]]],[[[125.4792,12.0328],[125.4584,12.0234],[125.3815,12.045],[125.3787,12.0404],[125.3755,12.0394],[125.3717,12.044],[125.368,12.0451],[125.3585,12.0395],[125.3527,12.0442],[125.3476,12.0401],[125.3435,12.043],[125.3388,12.037],[125.3363,12.0368],[125.327,12.0433],[125.3236,12.0439],[125.3175,12.042],[125.3137,12.0607],[125.311,12.0614],[125.3113,12.0645],[125.3077,12.0647],[125.2076,11.9945],[125.2066,12.0177],[125.2079,12.0316],[125.2097,12.0463],[125.2172,12.0754],[125.227,12.0979],[125.2396,12.1208],[125.2517,12.1369],[125.2588,12.1677],[125.3227,12.1459],[125.3341,12.1399],[125.3636,12.1137],[125.3832,12.1009],[125.4103,12.0952],[125.4226,12.0879],[125.4489,12.0808],[125.4666,12.0808],[125.4792,12.0875],[125.48,12.0906],[125.4822,12.0839],[125.48,12.0794],[125.4808,12.0783],[125.4822,12.0792],[125.485,12.0758],[125.4856,12.0797],[125.4872,12.0806],[125.49,12.0756],[125.4919,12.0758],[125.4964,12.0717],[125.4975,12.0694],[125.4945,12.0658],[125.498,12.0608],[125.5008,12.06],[125.5039,12.0639],[125.5075,12.0647],[125.5106,12.0628],[125.5133,12.0636],[125.5161,12.0603],[125.5125,12.0558],[125.5097,12.0564],[125.5081,12.0536],[125.5031,12.0531],[125.4933,12.0433],[125.4914,12.0328],[125.4893,12.034],[125.4792,12.0328]]],[[[125.5645,12.0669],[125.5683,12.0586],[125.5694,12.0508],[125.5675,12.0492],[125.5667,12.0447],[125.5633,12.0422],[125.5617,12.0364],[125.5589,12.0347],[125.5572,12.0394],[125.5633,12.0472],[125.5603,12.0675],[125.5622,12.0686],[125.5645,12.0669]]],[[[125.5697,12.0706],[125.5736,12.0631],[125.572,12.0586],[125.5667,12.0667],[125.5667,12.0717],[125.568,12.0725],[125.5697,12.0706]]],[[[125.5072,12.0719],[125.505,12.0719],[125.5044,12.0739],[125.5078,12.0733],[125.5072,12.0719]]],[[[125.5031,12.0736],[125.5017,12.0706],[125.4961,12.0747],[125.5014,12.0758],[125.5031,12.0736]]],[[[125.4978,12.0819],[125.4986,12.0803],[125.4975,12.0797],[125.4953,12.0817],[125.4953,12.0839],[125.4917,12.0839],[125.4933,12.0922],[125.4947,12.0917],[125.4978,12.0819]]]]},"properties":{"ADM3_EN":"Dolores","name":"Dolores","ADM3_PCODE":"PH82606000","psgc_code":"82606000","ADM2_EN":"Eastern Samar","ADM2_PCODE":"PH8260","ADM1_EN":"Region VIII (Eastern Visayas)","ADM1_PCODE":"PH08","ADM0_EN":"Philippines (the)","ADM0_PCODE":"PH","region_key":"eastern_visayas","province_key":"eastern_samar","type":"Municipality"}},{"type":"Feature","geometry":{"type":"MultiPolygon","coordinates":[[[[125.5408,11.2436],[125.5389,11.2406],[125.5419,11.2397],[125.5442,11.2361],[125.5428,11.2344],[125.5386,11.2339],[125.5361,11.2281],[125.5372,11.2225],[125.5342,11.2181],[125.5353,11.215],[125.5389,11.2164],[125.54,11.2139],[125.5394,11.2097],[125.5356,11.2074],[125.5386,11.2061],[125.5376,11.2046],[125.4455,11.2401],[125.4211,11.2516],[125.4713,11.2897],[125.509,11.3155],[125.5336,11.3278],[125.5405,11.3296],[125.5764,11.2869],[125.572,11.2844],[125.5664,11.27],[125.557,11.2686],[125.5564,11.265],[125.5469,11.2592],[125.5478,11.2572],[125.545,11.2542],[125.5408,11.2436]]]]},"properties":{"ADM3_EN":"General Macarthur","name":"General Macarthur","ADM3_PCODE":"PH82607000","psgc_code":"82607000","ADM2_EN":"Eastern Samar","ADM2_PCODE":"PH8260","ADM1_EN":"Region VIII (Eastern Visayas)","ADM1_PCODE":"PH08","ADM0_EN":"Philippines (the)","ADM0_PCODE":"PH","region_key":"eastern_visayas","province_key":"eastern_samar","type":"Municipality"}},{"type":"Feature","geometry":{"type":"MultiPolygon","coordinates":[[[[125.5207,11.1122],[125.5165,11.1035],[125.5135,11.101],[125.5145,11.0941],[125.5174,11.0897],[125.5164,11.0875],[125.512,11.0866],[125.5119,11.0814],[125.5022,11.085],[125.5003,11.0883],[125.5006,11.0931],[125.4905,11.1006],[125.4878,11.1006],[125.483,11.0933],[125.4806,11.1014],[125.4855,11.1031],[125.4892,11.1097],[125.4861,11.1089],[125.4822,11.1042],[125.4783,11.1075],[125.4764,11.1069],[125.4792,11.1142],[125.4714,11.1147],[125.47,11.1181],[125.4672,11.1172],[125.4622,11.1258],[125.4611,11.126],[125.4586,11.1173],[125.4533,11.1208],[125.4494,11.1178],[125.4519,11.1106],[125.4503,11.1078],[125.4547,11.1069],[125.4572,11.1019],[125.4547,11.0986],[125.4505,11.1006],[125.4475,11.0983],[125.4408,11.105],[125.4386,11.112],[125.4331,11.1122],[125.4283,11.1305],[125.4174,11.1616],[125.5213,11.1409],[125.5197,11.1392],[125.5204,11.1355],[125.5173,11.1317],[125.5183,11.125],[125.517,11.1168],[125.5207,11.1122]]],[[[125.532,11.1324],[125.5303,11.1311],[125.5287,11.132],[125.5314,11.1339],[125.5333,11.1328],[125.532,11.1324]]],[[[125.5317,11.1397],[125.5322,11.135],[125.5265,11.1343],[125.5278,11.1323],[125.5253,11.1307],[125.5272,11.1281],[125.5264,11.1272],[125.5243,11.1291],[125.5228,11.1278],[125.5242,11.1319],[125.5226,11.1407],[125.5306,11.139],[125.5304,11.1421],[125.5317,11.1397]]],[[[125.539,11.1374],[125.5351,11.1328],[125.5331,11.1342],[125.534,11.1381],[125.5377,11.1387],[125.539,11.1374]]],[[[125.4681,11.1108],[125.4672,11.1125],[125.4697,11.1158],[125.4706,11.1142],[125.4681,11.1108]]]]},"properties":{"ADM3_EN":"Giporlos","name":"Giporlos","ADM3_PCODE":"PH82608000","psgc_code":"82608000","ADM2_EN":"Eastern Samar","ADM2_PCODE":"PH8260","ADM1_EN":"Region VIII (Eastern Visayas)","ADM1_PCODE":"PH08","ADM0_EN":"Philippines (the)","ADM0_PCODE":"PH","region_key":"eastern_visayas","province_key":"eastern_samar","type":"Municipality"}},{"type":"Feature","geometry":{"type":"MultiPolygon","coordinates":[[[[125.7719,10.7389],[125.7839,10.7392],[125.7968,10.7361],[125.8086,10.7322],[125.8145,10.7281],[125.8206,10.7169],[125.8114,10.7031],[125.8103,10.6994],[125.8114,10.6972],[125.8094,10.6953],[125.7972,10.6897],[125.7925,10.6914],[125.7756,10.6922],[125.7617,10.6872],[125.7522,10.6886],[125.7439,10.6936],[125.7244,10.7178],[125.7169,10.7181],[125.7103,10.7225],[125.6986,10.7236],[125.6956,10.7267],[125.6953,10.7303],[125.7017,10.7356],[125.6906,10.7358],[125.685,10.7378],[125.6797,10.7422],[125.67,10.7447],[125.6636,10.7564],[125.6592,10.7608],[125.6589,10.7667],[125.6619,10.7731],[125.6592,10.7767],[125.6581,10.7819],[125.6606,10.7908],[125.6797,10.8142],[125.6921,10.8242],[125.6992,10.8225],[125.7239,10.8064],[125.7278,10.7978],[125.725,10.7936],[125.7233,10.7856],[125.7137,10.777],[125.7133,10.7672],[125.7108,10.7636],[125.7117,10.7597],[125.72,10.7528],[125.7181,10.7464],[125.7208,10.7442],[125.7336,10.74],[125.75,10.7392],[125.7528,10.7406],[125.7599,10.7373],[125.7719,10.7389]]],[[[125.9588,10.7753],[125.97,10.7536],[125.9669,10.7464],[125.9589,10.7533],[125.9497,10.7572],[125.9483,10.7644],[125.943,10.7681],[125.9383,10.7683],[125.9355,10.7728],[125.9378,10.7742],[125.9389,10.7706],[125.9517,10.7731],[125.9553,10.7758],[125.9588,10.7753]]],[[[125.9515,10.7768],[125.9531,10.7783],[125.9542,10.7775],[125.9508,10.7744],[125.9515,10.7768]]],[[[125.8386,10.9297],[125.8406,10.9175],[125.8403,10.915],[125.8378,10.9136],[125.8367,10.9214],[125.8297,10.9297],[125.8347,10.9319],[125.8386,10.9297]]],[[[125.7453,11.0164],[125.7428,11.0156],[125.735,11.0175],[125.7278,11.0253],[125.7236,11.0244],[125.7256,11.0264],[125.7247,11.0281],[125.7186,11.0292],[125.7211,11.0308],[125.7203,11.0322],[125.7175,11.0356],[125.7128,11.0367],[125.7117,11.0414],[125.7136,11.0469],[125.7083,11.0522],[125.7034,11.0606],[125.7031,11.0652],[125.7174,11.0708],[125.7376,11.0822],[125.7506,11.0653],[125.75,11.0608],[125.7603,11.0453],[125.7601,11.0384],[125.7633,11.0328],[125.7614,11.0297],[125.7608,11.0217],[125.7588,11.0173],[125.7531,11.0144],[125.7478,11.0169],[125.7453,11.0164]]],[[[125.8348,10.9369],[125.8352,10.9342],[125.8333,10.9333],[125.8269,10.9339],[125.825,10.9372],[125.8319,10.9392],[125.8348,10.9369]]],[[[125.8359,10.9472],[125.8382,10.94],[125.8356,10.9385],[125.8307,10.9404],[125.8247,10.9385],[125.8201,10.9466],[125.8208,10.949],[125.8189,10.9553],[125.812,10.9668],[125.8059,10.9719],[125.7907,10.9938],[125.7879,10.9931],[125.7821,10.9989],[125.7742,11.0025],[125.7632,11.0143],[125.7625,11.0195],[125.7647,11.0314],[125.7672,11.0328],[125.7725,11.0325],[125.7781,11.0258],[125.7828,11.0233],[125.7883,11.0133],[125.7969,11.0056],[125.8042,10.9925],[125.8036,10.9897],[125.8097,10.9814],[125.8283,10.9661],[125.8359,10.9472]]],[[[125.6456,10.7767],[125.6431,10.7778],[125.6436,10.7797],[125.6514,10.7869],[125.6519,10.7853],[125.6456,10.7767]]],[[[125.6415,10.9737],[125.6359,10.9748],[125.6225,10.9817],[125.6211,10.9854],[125.6172,10.9873],[125.6174,10.9898],[125.6151,10.9913],[125.6161,10.9942],[125.6189,10.9961],[125.6164,10.9975],[125.6161,10.9994],[125.6186,11.0036],[125.6264,11.0058],[125.6389,11.0039],[125.6455,11.0059],[125.6539,11.0028],[125.6569,10.9933],[125.6547,10.9838],[125.6522,10.98],[125.6476,10.9796],[125.6415,10.9737]]],[[[125.6962,11.0275],[125.6961,11.0255],[125.6932,11.023],[125.6891,11.0258],[125.6894,11.0287],[125.6938,11.0293],[125.6962,11.0275]]],[[[125.6507,11.0418],[125.6486,11.0422],[125.6492,11.0439],[125.6506,11.0431],[125.6507,11.0418]]],[[[125.6869,11.0378],[125.6836,11.0464],[125.6786,11.0483],[125.6761,11.0517],[125.6761,11.0542],[125.6803,11.0603],[125.6855,11.057],[125.6878,11.0581],[125.693,11.0544],[125.6986,11.0539],[125.7122,11.0461],[125.7106,11.0428],[125.7022,11.0394],[125.6942,11.0325],[125.6895,11.0328],[125.6869,11.0378]]],[[[125.6289,11.0469],[125.6317,11.0464],[125.6281,11.0442],[125.6267,11.0472],[125.6289,11.0469]]],[[[125.698,11.0602],[125.6984,11.0587],[125.6973,11.0586],[125.6939,11.0601],[125.6931,11.0615],[125.6976,11.0624],[125.698,11.0602]]],[[[125.7002,11.0558],[125.6998,11.0564],[125.6998,11.0572],[125.7012,11.0553],[125.7002,11.0558]]],[[[125.6962,11.0575],[125.6954,11.0566],[125.6948,11.0586],[125.6953,11.0586],[125.6962,11.0575]]]]},"properties":{"ADM3_EN":"Guiuan","name":"Guiuan","ADM3_PCODE":"PH82609000","psgc_code":"82609000","ADM2_EN":"Eastern Samar","ADM2_PCODE":"PH8260","ADM1_EN":"Region VIII (Eastern Visayas)","ADM1_PCODE":"PH08","ADM0_EN":"Philippines (the)","ADM0_PCODE":"PH","region_key":"eastern_visayas","province_key":"eastern_samar","type":"Municipality"}},{"type":"Feature","geometry":{"type":"MultiPolygon","coordinates":[[[[125.6103,11.3067],[125.6142,11.3017],[125.6131,11.3008],[125.6064,11.3014],[125.5969,11.2936],[125.5906,11.2911],[125.5872,11.2914],[125.5817,11.2864],[125.5764,11.2869],[125.5405,11.3296],[125.577,11.3401],[125.5877,11.3452],[125.6064,11.3607],[125.6083,11.3683],[125.6211,11.3694],[125.6331,11.3569],[125.6303,11.3539],[125.6331,11.3506],[125.6328,11.3375],[125.6311,11.3356],[125.6297,11.3375],[125.6264,11.3381],[125.6258,11.3347],[125.6228,11.3344],[125.6233,11.3289],[125.625,11.3289],[125.627,11.3261],[125.6242,11.3228],[125.6217,11.3242],[125.6126,11.3153],[125.6097,11.3086],[125.6103,11.3067]]]]},"properties":{"ADM3_EN":"Hernani","name":"Hernani","ADM3_PCODE":"PH82610000","psgc_code":"82610000","ADM2_EN":"Eastern Samar","ADM2_PCODE":"PH8261","ADM1_EN":"Region VIII (Eastern Visayas)","ADM1_PCODE":"PH08","ADM0_EN":"Philippines (the)","ADM0_PCODE":"PH","region_key":"eastern_visayas","province_key":"eastern_samar","type":"Municipality"}},{"type":"Feature","geometry":{"type":"MultiPolygon","coordinates":[[[[125.1487,12.2398],[125.1529,12.2868],[125.1519,12.2966],[125.1572,12.3086],[125.1632,12.3317],[125.1675,12.3416],[125.1822,12.3602],[125.1957,12.3716],[125.2292,12.3385],[125.2505,12.3104],[125.2935,12.2629],[125.1455,12.1889],[125.1487,12.2398]]]]},"properties":{"ADM3_EN":"Jipapad","name":"Jipapad","ADM3_PCODE":"PH82611000","psgc_code":"82611000","ADM2_EN":"Eastern Samar","ADM2_PCODE":"PH8261","ADM1_EN":"Region VIII (Eastern Visayas)","ADM1_PCODE":"PH08","ADM0_EN":"Philippines (the)","ADM0_PCODE":"PH","region_key":"eastern_visayas","province_key":"eastern_samar","type":"Municipality"}},{"type":"Feature","geometry":{"type":"MultiPolygon","coordinates":[[[[125.3359,11.1221],[125.3342,11.1169],[125.3314,11.1144],[125.3264,11.1175],[125.3172,11.1167],[125.3145,11.1194],[125.3164,11.1206],[125.3189,11.1272],[125.3178,11.1281],[125.3164,11.1253],[125.3108,11.1241],[125.3052,11.1318],[125.3017,11.1333],[125.3008,11.1378],[125.2964,11.1381],[125.2981,11.1425],[125.2969,11.1431],[125.2944,11.1408],[125.2799,11.1381],[125.2746,11.1343],[125.2726,11.138],[125.2652,11.1361],[125.2576,11.1194],[125.2531,11.1175],[125.2513,11.1486],[125.2518,11.1898],[125.2479,11.2062],[125.2467,11.259],[125.2492,11.317],[125.2642,11.3036],[125.3086,11.2533],[125.3433,11.1449],[125.3382,11.1232],[125.3346,11.1239],[125.3359,11.1221]]]]},"properties":{"ADM3_EN":"Lawaan","name":"Lawaan","ADM3_PCODE":"PH82612000","psgc_code":"82612000","ADM2_EN":"Eastern Samar","ADM2_PCODE":"PH8261","ADM1_EN":"Region VIII (Eastern Visayas)","ADM1_PCODE":"PH08","ADM0_EN":"Philippines (the)","ADM0_PCODE":"PH","region_key":"eastern_visayas","province_key":"eastern_samar","type":"Municipality"}},{"type":"Feature","geometry":{"type":"MultiPolygon","coordinates":[[[[125.5534,11.4053],[125.5561,11.4039],[125.5617,11.4078],[125.5636,11.4078],[125.5645,11.4056],[125.5675,11.4067],[125.568,11.4044],[125.5633,11.4014],[125.5619,11.3981],[125.5633,11.3942],[125.5675,11.392],[125.5706,11.3925],[125.5761,11.3986],[125.5836,11.3994],[125.5886,11.3922],[125.585,11.39],[125.585,11.3883],[125.5869,11.3875],[125.5903,11.3892],[125.5922,11.3881],[125.5931,11.3847],[125.6011,11.3789],[125.6011,11.3769],[125.5983,11.3761],[125.5975,11.3739],[125.5992,11.3719],[125.6017,11.3728],[125.6044,11.3711],[125.6031,11.3661],[125.6081,11.3681],[125.6064,11.3607],[125.5952,11.3502],[125.577,11.3401],[125.5336,11.3278],[125.509,11.3155],[125.4713,11.2897],[125.4211,11.2516],[125.3632,11.2818],[125.3316,11.2931],[125.2492,11.317],[125.2757,11.3286],[125.4556,11.3984],[125.4749,11.3981],[125.5289,11.4463],[125.5297,11.44],[125.5344,11.4367],[125.5392,11.4361],[125.5444,11.4381],[125.5436,11.4347],[125.5406,11.4319],[125.5411,11.4267],[125.5519,11.42],[125.5448,11.4161],[125.545,11.4142],[125.5483,11.4147],[125.5503,11.4089],[125.5534,11.4053]]],[[[125.5772,11.4027],[125.5749,11.4014],[125.5733,11.4042],[125.574,11.4044],[125.5772,11.4027]]],[[[125.5491,11.4314],[125.5473,11.431],[125.5498,11.4383],[125.5523,11.4388],[125.5595,11.4321],[125.5592,11.4306],[125.5491,11.4314]]]]},"properties":{"ADM3_EN":"Llorente","name":"Llorente","ADM3_PCODE":"PH82613000","psgc_code":"82613000","ADM2_EN":"Eastern Samar","ADM2_PCODE":"PH8261","ADM1_EN":"Region VIII (Eastern Visayas)","ADM1_PCODE":"PH08","ADM0_EN":"Philippines (the)","ADM0_PCODE":"PH","region_key":"eastern_visayas","province_key":"eastern_samar","type":"Municipality"}},{"type":"Feature","geometry":{"type":"MultiPolygon","coordinates":[[[[125.1862,11.9975],[125.1549,11.9958],[125.1359,11.9913],[125.126,11.9945],[125.1149,11.9943],[125.1126,12.0599],[125.1143,12.0672],[125.1123,12.1658],[125.1142,12.1721],[125.1197,12.1763],[125.1426,12.1829],[125.1455,12.1889],[125.217,12.2236],[125.2588,12.1677],[125.2517,12.1369],[125.2396,12.1208],[125.227,12.0979],[125.2172,12.0754],[125.2097,12.0463],[125.2079,12.0316],[125.2066,12.0177],[125.2076,11.9945],[125.1862,11.9975]]]]},"properties":{"ADM3_EN":"Maslog","name":"Maslog","ADM3_PCODE":"PH82614000","psgc_code":"82614000","ADM2_EN":"Eastern Samar","ADM2_PCODE":"PH8261","ADM1_EN":"Region VIII (Eastern Visayas)","ADM1_PCODE":"PH08","ADM0_EN":"Philippines (the)","ADM0_PCODE":"PH","region_key":"eastern_visayas","province_key":"eastern_samar","type":"Municipality"}},{"type":"Feature","geometry":{"type":"MultiPolygon","coordinates":[[[[125.4025,11.4261],[125.3814,11.4057],[125.3648,11.3981],[125.3516,11.3967],[125.3238,11.401],[125.3066,11.3981],[125.2852,11.4248],[125.2413,11.4346],[125.2363,11.4376],[125.2307,11.4433],[125.2199,11.4711],[125.2235,11.4691],[125.2232,11.4654],[125.2292,11.4664],[125.2315,11.4646],[125.2321,11.4679],[125.2359,11.471],[125.2378,11.4705],[125.2397,11.4653],[125.2438,11.4661],[125.2439,11.4646],[125.2456,11.4646],[125.2471,11.4714],[125.2531,11.484],[125.2668,11.4879],[125.2719,11.4913],[125.2716,11.4891],[125.2738,11.4881],[125.2807,11.4891],[125.2832,11.4821],[125.2868,11.4792],[125.292,11.4794],[125.2916,11.4742],[125.2969,11.4761],[125.3104,11.4737],[125.3136,11.4782],[125.3175,11.4806],[125.3272,11.4734],[125.3282,11.4756],[125.3255,11.4851],[125.3325,11.4864],[125.3414,11.4951],[125.3476,11.4951],[125.3542,11.4921],[125.3593,11.4921],[125.3693,11.4809],[125.3715,11.481],[125.3754,11.4875],[125.3756,11.4914],[125.3802,11.4888],[125.3899,11.4887],[125.3949,11.4869],[125.4018,11.4882],[125.4059,11.4814],[125.4199,11.4882],[125.4189,11.4967],[125.4161,11.5016],[125.4192,11.507],[125.4216,11.5031],[125.4272,11.5051],[125.427,11.5011],[125.4289,11.5004],[125.437,11.507],[125.4476,11.5094],[125.453,11.5147],[125.4542,11.5186],[125.4499,11.5282],[125.4493,11.5342],[125.4509,11.5371],[125.4656,11.5453],[125.4703,11.5499],[125.4709,11.5472],[125.4693,11.5454],[125.4706,11.5433],[125.4726,11.5449],[125.4742,11.5425],[125.4797,11.5289],[125.4822,11.5283],[125.4844,11.5233],[125.4903,11.5214],[125.4928,11.5164],[125.4967,11.5133],[125.4967,11.5072],[125.5014,11.5028],[125.5072,11.5042],[125.5156,11.4939],[125.5153,11.4897],[125.513,11.4867],[125.5136,11.4841],[125.4956,11.4846],[125.4707,11.4825],[125.4593,11.4804],[125.4376,11.4718],[125.4207,11.4591],[125.4025,11.4261]]]]},"properties":{"ADM3_EN":"Maydolong","name":"Maydolong","ADM3_PCODE":"PH82615000","psgc_code":"82615000","ADM2_EN":"Eastern Samar","ADM2_PCODE":"PH8261","ADM1_EN":"Region VIII (Eastern Visayas)","ADM1_PCODE":"PH08","ADM0_EN":"Philippines (the)","ADM0_PCODE":"PH","region_key":"eastern_visayas","province_key":"eastern_samar","type":"Municipality"}},{"type":"Feature","geometry":{"type":"MultiPolygon","coordinates":[[[[125.6858,11.0722],[125.685,11.07],[125.6839,11.0703],[125.6833,11.0717],[125.6858,11.0722]]],[[[125.685,11.0783],[125.6786,11.0778],[125.6722,11.0836],[125.6724,11.0872],[125.6756,11.0908],[125.6849,11.0944],[125.6936,11.1007],[125.7022,11.1128],[125.7008,11.1146],[125.6989,11.11],[125.6958,11.1084],[125.7014,11.1241],[125.7211,11.1053],[125.7233,11.0997],[125.7321,11.0913],[125.7376,11.0822],[125.7174,11.0708],[125.7031,11.0652],[125.7011,11.0681],[125.6892,11.0689],[125.685,11.0783]]]]},"properties":{"ADM3_EN":"Mercedes","name":"Mercedes","ADM3_PCODE":"PH82616000","psgc_code":"82616000","ADM2_EN":"Eastern Samar","ADM2_PCODE":"PH8261","ADM1_EN":"Region VIII (Eastern Visayas)","ADM1_PCODE":"PH08","ADM0_EN":"Philippines (the)","ADM0_PCODE":"PH","region_key":"eastern_visayas","province_key":"eastern_samar","type":"Municipality"}},{"type":"Feature","geometry":{"type":"MultiPolygon","coordinates":[[[[125.4666,12.0808],[125.4489,12.0808],[125.4369,12.0836],[125.4226,12.0879],[125.4103,12.0952],[125.3832,12.1009],[125.3636,12.1137],[125.3341,12.1399],[125.3227,12.1459],[125.2588,12.1677],[125.3854,12.2223],[125.392,12.2235],[125.3963,12.216],[125.409,12.2004],[125.4236,12.1868],[125.455,12.1646],[125.4547,12.1583],[125.4572,12.1539],[125.4603,12.1547],[125.463,12.1529],[125.4683,12.1558],[125.4711,12.1525],[125.4739,12.1517],[125.4736,12.1447],[125.4692,12.1431],[125.4647,12.1447],[125.4678,12.1417],[125.4667,12.1375],[125.4625,12.14],[125.46,12.1394],[125.4581,12.1421],[125.454,12.1418],[125.4478,12.1358],[125.4419,12.1372],[125.4369,12.1406],[125.4294,12.14],[125.4256,12.1453],[125.4247,12.1442],[125.4258,12.1403],[125.4325,12.1361],[125.4442,12.1361],[125.4395,12.1328],[125.4369,12.1283],[125.4367,12.1194],[125.4389,12.1106],[125.4494,12.1],[125.4561,12.0981],[125.4619,12.0989],[125.4689,12.1025],[125.47,12.1061],[125.4742,12.1086],[125.4861,12.1025],[125.4897,12.0944],[125.4808,12.0936],[125.4794,12.0964],[125.4769,12.0942],[125.4719,12.0947],[125.469,12.0898],[125.4703,12.0889],[125.4772,12.0908],[125.4792,12.0903],[125.4792,12.0875],[125.4666,12.0808]]],[[[125.565,12.0925],[125.5642,12.0911],[125.5619,12.0919],[125.5628,12.0942],[125.565,12.0939],[125.565,12.0925]]],[[[125.487,12.1058],[125.4881,12.1078],[125.4894,12.1075],[125.4892,12.1053],[125.487,12.1058]]],[[[125.5517,12.1197],[125.5605,12.1117],[125.5622,12.1125],[125.5672,12.1086],[125.5703,12.1008],[125.5675,12.0983],[125.5619,12.0997],[125.56,12.1058],[125.5453,12.1208],[125.5492,12.1217],[125.5517,12.1197]]],[[[125.4378,12.1383],[125.4353,12.1372],[125.4345,12.139],[125.4369,12.1392],[125.4378,12.1383]]]]},"properties":{"ADM3_EN":"Oras","name":"Oras","ADM3_PCODE":"PH82617000","psgc_code":"82617000","ADM2_EN":"Eastern Samar","ADM2_PCODE":"PH8261","ADM1_EN":"Region VIII (Eastern Visayas)","ADM1_PCODE":"PH08","ADM0_EN":"Philippines (the)","ADM0_PCODE":"PH","region_key":"eastern_visayas","province_key":"eastern_samar","type":"Municipality"}},{"type":"Feature","geometry":{"type":"MultiPolygon","coordinates":[[[[125.5442,11.1422],[125.5417,11.1408],[125.5403,11.1425],[125.5428,11.1439],[125.5442,11.1422]]],[[[125.5492,11.1425],[125.5477,11.1414],[125.5457,11.1417],[125.5482,11.1439],[125.5492,11.1425]]],[[[125.5296,11.2081],[125.5376,11.2046],[125.5336,11.1989],[125.5353,11.1983],[125.5364,11.1942],[125.5408,11.1956],[125.5406,11.1897],[125.5431,11.1897],[125.5453,11.1931],[125.5478,11.1933],[125.5489,11.19],[125.5522,11.1878],[125.5519,11.1847],[125.5544,11.1847],[125.5572,11.1822],[125.5592,11.1831],[125.5594,11.1875],[125.5672,11.1861],[125.5683,11.1829],[125.5617,11.1541],[125.5684,11.1506],[125.5712,11.1521],[125.5725,11.1488],[125.5706,11.1476],[125.561,11.1514],[125.5533,11.1475],[125.5552,11.1472],[125.5545,11.1452],[125.5566,11.1438],[125.5515,11.1437],[125.55,11.1449],[125.5536,11.1457],[125.5517,11.1461],[125.5508,11.1488],[125.5417,11.1525],[125.5394,11.1501],[125.5331,11.1486],[125.53,11.1494],[125.5306,11.139],[125.5226,11.1407],[125.5226,11.1421],[125.5213,11.1409],[125.4174,11.1616],[125.4013,11.2085],[125.3996,11.2227],[125.4028,11.2312],[125.4211,11.2516],[125.4455,11.2401],[125.5296,11.2081]]]]},"properties":{"ADM3_EN":"Quinapondan","name":"Quinapondan","ADM3_PCODE":"PH82618000","psgc_code":"82618000","ADM2_EN":"Eastern Samar","ADM2_PCODE":"PH8261","ADM1_EN":"Region VIII (Eastern Visayas)","ADM1_PCODE":"PH08","ADM0_EN":"Philippines (the)","ADM0_PCODE":"PH","region_key":"eastern_visayas","province_key":"eastern_samar","type":"Municipality"}},{"type":"Feature","geometry":{"type":"MultiPolygon","coordinates":[[[[125.6788,11.1117],[125.6831,11.1092],[125.6853,11.0994],[125.6778,11.1],[125.6752,11.0943],[125.6686,11.0908],[125.6661,11.0953],[125.6672,11.0994],[125.6642,11.0994],[125.6672,11.1033],[125.6642,11.1039],[125.6661,11.1089],[125.6633,11.1103],[125.665,11.1117],[125.6745,11.1106],[125.6764,11.1125],[125.6788,11.1117]]],[[[125.6958,11.1084],[125.6921,11.1078],[125.6745,11.115],[125.6669,11.1161],[125.6631,11.1222],[125.6583,11.1219],[125.6622,11.1264],[125.6614,11.1318],[125.6656,11.1375],[125.6606,11.1417],[125.6562,11.1419],[125.6381,11.1367],[125.6253,11.1297],[125.6181,11.1278],[125.6151,11.1231],[125.6114,11.1231],[125.5872,11.1142],[125.5835,11.1106],[125.5828,11.1131],[125.5789,11.1092],[125.5781,11.1061],[125.5828,11.1034],[125.5855,11.0997],[125.5849,11.0979],[125.5778,11.0925],[125.5714,11.0961],[125.5678,11.1022],[125.5742,11.1047],[125.5739,11.1139],[125.5753,11.1172],[125.5714,11.1178],[125.5711,11.1226],[125.5672,11.1228],[125.5694,11.1256],[125.5686,11.1272],[125.5628,11.1244],[125.5586,11.1267],[125.5622,11.1292],[125.5625,11.1322],[125.5661,11.1338],[125.5678,11.1375],[125.5667,11.1422],[125.5725,11.1488],[125.5712,11.1521],[125.5684,11.1506],[125.5617,11.1541],[125.5677,11.1828],[125.5772,11.1836],[125.5811,11.1825],[125.5831,11.18],[125.5897,11.1811],[125.5956,11.1783],[125.5981,11.18],[125.5906,11.1817],[125.5875,11.1858],[125.5883,11.1883],[125.5917,11.1889],[125.5944,11.1872],[125.5991,11.1893],[125.605,11.195],[125.6086,11.1908],[125.6122,11.1928],[125.615,11.1886],[125.6158,11.19],[125.6128,11.1961],[125.6144,11.1969],[125.6142,11.1986],[125.6192,11.2],[125.6164,11.2017],[125.608,11.2017],[125.6072,11.2042],[125.605,11.2047],[125.6056,11.2067],[125.6028,11.21],[125.6039,11.2111],[125.6175,11.2044],[125.5928,11.2203],[125.5872,11.2261],[125.5886,11.2289],[125.5978,11.2331],[125.6102,11.2291],[125.6214,11.2214],[125.6264,11.22],[125.6297,11.2144],[125.6345,11.2114],[125.6481,11.2064],[125.6503,11.2075],[125.6664,11.1972],[125.6747,11.1842],[125.6789,11.1739],[125.6864,11.1661],[125.6855,11.1575],[125.6892,11.1431],[125.6953,11.1311],[125.7014,11.1244],[125.6958,11.1084]]],[[[125.6579,11.1257],[125.6567,11.1247],[125.6528,11.1247],[125.6564,11.1278],[125.6579,11.1257]]],[[[125.6542,11.1372],[125.6556,11.1386],[125.6567,11.1378],[125.6553,11.1361],[125.6542,11.1372]]],[[[125.6547,11.1322],[125.6542,11.1303],[125.6495,11.1284],[125.6483,11.1292],[125.6486,11.1319],[125.6547,11.1322]]],[[[125.6522,11.1389],[125.6535,11.1394],[125.654,11.1392],[125.6517,11.1375],[125.6522,11.1389]]]]},"properties":{"ADM3_EN":"Salcedo","name":"Salcedo","ADM3_PCODE":"PH82619000","psgc_code":"82619000","ADM2_EN":"Eastern Samar","ADM2_PCODE":"PH8261","ADM1_EN":"Region VIII (Eastern Visayas)","ADM1_PCODE":"PH08","ADM0_EN":"Philippines (the)","ADM0_PCODE":"PH","region_key":"eastern_visayas","province_key":"eastern_samar","type":"Municipality"}},{"type":"Feature","geometry":{"type":"MultiPolygon","coordinates":[[[[125.3499,11.6943],[125.312,11.6805],[125.2983,11.6775],[125.2817,11.6769],[125.2781,11.7166],[125.3007,11.7269],[125.358,11.7603],[125.3871,11.7828],[125.41,11.7972],[125.416,11.798],[125.4203,11.7957],[125.4247,11.7886],[125.4271,11.779],[125.4248,11.7713],[125.4278,11.7658],[125.4183,11.7656],[125.415,11.7628],[125.4133,11.7581],[125.4153,11.754],[125.4178,11.7531],[125.4267,11.755],[125.4294,11.7581],[125.4325,11.7586],[125.4336,11.7569],[125.4267,11.7486],[125.4303,11.7486],[125.4357,11.7457],[125.4406,11.7394],[125.4439,11.7481],[125.453,11.7535],[125.4528,11.7564],[125.4544,11.7586],[125.46,11.7603],[125.4622,11.7586],[125.4639,11.7464],[125.4702,11.7376],[125.4692,11.7342],[125.4649,11.734],[125.4648,11.7326],[125.4706,11.7281],[125.4697,11.7242],[125.475,11.7178],[125.4557,11.7155],[125.4275,11.7165],[125.4035,11.7153],[125.3856,11.7099],[125.3499,11.6943]]]]},"properties":{"ADM3_EN":"San Julian","name":"San Julian","ADM3_PCODE":"PH82620000","psgc_code":"82620000","ADM2_EN":"Eastern Samar","ADM2_PCODE":"PH8262","ADM1_EN":"Region VIII (Eastern Visayas)","ADM1_PCODE":"PH08","ADM0_EN":"Philippines (the)","ADM0_PCODE":"PH","region_key":"eastern_visayas","province_key":"eastern_samar","type":"Municipality"}},{"type":"Feature","geometry":{"type":"MultiPolygon","coordinates":[[[[125.5217,12.1681],[125.5231,12.1672],[125.5225,12.1658],[125.5264,12.1625],[125.5217,12.1622],[125.5189,12.1647],[125.5181,12.1683],[125.5217,12.1681]]],[[[125.5133,12.1942],[125.5153,12.1914],[125.5142,12.1875],[125.5161,12.1814],[125.5122,12.1783],[125.5136,12.1744],[125.5106,12.1708],[125.5064,12.1725],[125.5075,12.1764],[125.5053,12.18],[125.4983,12.1828],[125.495,12.1811],[125.5007,12.1773],[125.4974,12.1744],[125.4968,12.1697],[125.4883,12.17],[125.4817,12.1761],[125.4786,12.1742],[125.4794,12.1686],[125.4753,12.1656],[125.4639,12.1644],[125.4569,12.1661],[125.455,12.1646],[125.4236,12.1868],[125.409,12.2004],[125.3963,12.216],[125.392,12.2235],[125.4148,12.2353],[125.4295,12.2477],[125.4449,12.2635],[125.4539,12.2583],[125.4589,12.2489],[125.4642,12.2439],[125.4644,12.2414],[125.4606,12.2389],[125.4614,12.2364],[125.455,12.2308],[125.4553,12.2277],[125.4569,12.2275],[125.4644,12.2358],[125.4778,12.2311],[125.4853,12.2233],[125.4817,12.2133],[125.4797,12.2122],[125.4822,12.2106],[125.4872,12.2122],[125.489,12.2055],[125.4947,12.2025],[125.4947,12.2042],[125.4894,12.2075],[125.4903,12.2122],[125.4878,12.2158],[125.4886,12.2181],[125.4942,12.2172],[125.4956,12.2147],[125.4939,12.2125],[125.4975,12.2097],[125.498,12.2064],[125.5061,12.2061],[125.5078,12.2039],[125.5055,12.2008],[125.5133,12.1942]]]]},"properties":{"ADM3_EN":"San Policarpo","name":"San Policarpo","ADM3_PCODE":"PH82621000","psgc_code":"82621000","ADM2_EN":"Eastern Samar","ADM2_PCODE":"PH8262","ADM1_EN":"Region VIII (Eastern Visayas)","ADM1_PCODE":"PH08","ADM0_EN":"Philippines (the)","ADM0_PCODE":"PH","region_key":"eastern_visayas","province_key":"eastern_samar","type":"Municipality"}},{"type":"Feature","geometry":{"type":"MultiPolygon","coordinates":[[[[125.2755,11.7473],[125.2733,11.778],[125.3057,11.7908],[125.3221,11.7989],[125.3499,11.818],[125.3697,11.8359],[125.3905,11.8501],[125.4263,11.867],[125.4433,11.8706],[125.4422,11.8658],[125.4358,11.8578],[125.4369,11.8533],[125.4358,11.8486],[125.4389,11.8397],[125.4353,11.8275],[125.4372,11.8233],[125.4475,11.8172],[125.4525,11.8158],[125.4589,11.82],[125.4647,11.8158],[125.4656,11.805],[125.4727,11.7985],[125.4741,11.7919],[125.4714,11.7823],[125.4622,11.7719],[125.4581,11.7708],[125.4544,11.7731],[125.4486,11.7703],[125.4436,11.7769],[125.4447,11.7808],[125.4403,11.7811],[125.4389,11.7778],[125.4408,11.7733],[125.4369,11.7706],[125.4355,11.7664],[125.4294,11.7758],[125.425,11.7709],[125.4271,11.779],[125.4247,11.7886],[125.4203,11.7957],[125.416,11.798],[125.41,11.7972],[125.4003,11.7918],[125.358,11.7603],[125.3007,11.7269],[125.2781,11.7166],[125.2755,11.7473]]],[[[125.4464,11.8433],[125.4486,11.8439],[125.452,11.8419],[125.45,11.8385],[125.4464,11.84],[125.4454,11.8416],[125.4464,11.8433]]],[[[125.4773,11.8503],[125.4684,11.8538],[125.4558,11.8504],[125.4496,11.8566],[125.4504,11.8596],[125.4532,11.8604],[125.4606,11.8581],[125.4676,11.863],[125.4737,11.863],[125.4796,11.8554],[125.4797,11.853],[125.4773,11.8503]]],[[[125.4554,11.8677],[125.4579,11.8693],[125.4588,11.8684],[125.4575,11.8661],[125.459,11.8634],[125.4532,11.8646],[125.453,11.8663],[125.4554,11.8677]]],[[[125.4664,11.8812],[125.471,11.8803],[125.4707,11.8777],[125.4692,11.8766],[125.465,11.878],[125.4664,11.8812]]]]},"properties":{"ADM3_EN":"Sulat","name":"Sulat","ADM3_PCODE":"PH82622000","psgc_code":"82622000","ADM2_EN":"Eastern Samar","ADM2_PCODE":"PH8262","ADM1_EN":"Region VIII (Eastern Visayas)","ADM1_PCODE":"PH08","ADM0_EN":"Philippines (the)","ADM0_PCODE":"PH","region_key":"eastern_visayas","province_key":"eastern_samar","type":"Municipality"}},{"type":"Feature","geometry":{"type":"MultiPolygon","coordinates":[[[[125.3083,11.9263],[125.4196,11.9595],[125.4272,11.9595],[125.4287,11.9582],[125.4264,11.9544],[125.4314,11.9511],[125.4322,11.9484],[125.4293,11.9405],[125.4327,11.9381],[125.4331,11.9356],[125.425,11.9317],[125.4228,11.9264],[125.43,11.9231],[125.4289,11.9203],[125.4251,11.9204],[125.4239,11.918],[125.4247,11.9092],[125.4289,11.9072],[125.43,11.905],[125.4286,11.9039],[125.4209,11.9047],[125.4222,11.9014],[125.4203,11.8943],[125.4278,11.8803],[125.4289,11.8733],[125.4344,11.8692],[125.408,11.8595],[125.3795,11.8433],[125.3499,11.818],[125.3221,11.7989],[125.3057,11.7908],[125.2733,11.778],[125.2697,11.8533],[125.2661,11.8714],[125.2472,11.9089],[125.3083,11.9263]]]]},"properties":{"ADM3_EN":"Taft","name":"Taft","ADM3_PCODE":"PH82623000","psgc_code":"82623000","ADM2_EN":"Eastern Samar","ADM2_PCODE":"PH8262","ADM1_EN":"Region VIII (Eastern Visayas)","ADM1_PCODE":"PH08","ADM0_EN":"Philippines (the)","ADM0_PCODE":"PH","region_key":"eastern_visayas","province_key":"eastern_samar","type":"Municipality"}},{"type":"Feature","geometry":{"type":"MultiPolygon","coordinates":[[[[125.0465,10.5675],[125.0412,10.6321],[125.0366,10.6354],[125.0104,10.6463],[124.9915,10.6615],[124.9673,10.6696],[124.948,10.6713],[124.9354,10.6697],[124.9278,10.6668],[124.9236,10.6775],[124.9182,10.684],[124.9301,10.6975],[124.9732,10.7379],[125.0081,10.7741],[125.0106,10.7575],[125.0142,10.7467],[125.0231,10.7372],[125.0106,10.7372],[125.002,10.7319],[125.0011,10.7281],[125.0047,10.7175],[125.0055,10.7197],[125.0028,10.7289],[125.0039,10.7317],[125.0103,10.735],[125.0225,10.7347],[125.0264,10.7367],[125.0275,10.7314],[125.0306,10.7276],[125.0372,10.7294],[125.0396,10.7286],[125.0397,10.7204],[125.0419,10.7169],[125.0478,10.715],[125.0555,10.7155],[125.06,10.7114],[125.0717,10.7161],[125.08,10.7131],[125.0844,10.7133],[125.0892,10.7106],[125.0908,10.7044],[125.1006,10.7036],[125.1061,10.6972],[125.1159,10.6956],[125.1053,10.6733],[125.1106,10.6692],[125.1117,10.6628],[125.1142,10.6619],[125.1128,10.6592],[125.1197,10.6547],[125.1222,10.6503],[125.1281,10.65],[125.1308,10.6436],[125.138,10.6425],[125.1406,10.6388],[125.1444,10.6372],[125.1494,10.6222],[125.1135,10.5875],[125.0864,10.5571],[125.053,10.5239],[125.0469,10.5532],[125.0465,10.5675]]]]},"properties":{"ADM3_EN":"Abuyog","name":"Abuyog","ADM3_PCODE":"PH83701000","psgc_code":"83701000","ADM2_EN":"Leyte","ADM2_PCODE":"PH8370","ADM1_EN":"Region VIII (Eastern Visayas)","ADM1_PCODE":"PH08","ADM0_EN":"Philippines (the)","ADM0_PCODE":"PH","region_key":"eastern_visayas","province_key":"leyte","type":"Municipality"}},{"type":"Feature","geometry":{"type":"MultiPolygon","coordinates":[[[[124.8364,11.1691],[124.8275,11.1859],[124.8083,11.2025],[124.8014,11.2102],[124.7988,11.2153],[124.8021,11.2388],[124.7967,11.2654],[124.8552,11.2648],[124.8969,11.2856],[124.9162,11.2686],[124.9342,11.2419],[124.9277,11.2332],[124.9067,11.1916],[124.897,11.1765],[124.8914,11.162],[124.8902,11.1533],[124.8613,11.1498],[124.8378,11.1451],[124.8364,11.1691]]]]},"properties":{"ADM3_EN":"Alangalang","name":"Alangalang","ADM3_PCODE":"PH83702000","psgc_code":"83702000","ADM2_EN":"Leyte","ADM2_PCODE":"PH8370","ADM1_EN":"Region VIII (Eastern Visayas)","ADM1_PCODE":"PH08","ADM0_EN":"Philippines (the)","ADM0_PCODE":"PH","region_key":"eastern_visayas","province_key":"leyte","type":"Municipality"}},{"type":"Feature","geometry":{"type":"MultiPolygon","coordinates":[[[[124.7445,10.8392],[124.7208,10.8622],[124.7193,10.8672],[124.7084,10.878],[124.7067,10.8817],[124.7086,10.8882],[124.704,10.8961],[124.7025,10.9048],[124.6922,10.9175],[124.6905,10.9287],[124.6866,10.9314],[124.6815,10.9405],[124.6707,10.9453],[124.7135,10.9982],[124.8052,10.9947],[124.7759,10.9444],[124.7808,10.9317],[124.7938,10.9131],[124.8169,10.8734],[124.7738,10.8558],[124.7529,10.8457],[124.7511,10.8419],[124.7456,10.8379],[124.7445,10.8392]]]]},"properties":{"ADM3_EN":"Albuera","name":"Albuera","ADM3_PCODE":"PH83703000","psgc_code":"83703000","ADM2_EN":"Leyte","ADM2_PCODE":"PH8370","ADM1_EN":"Region VIII (Eastern Visayas)","ADM1_PCODE":"PH08","ADM0_EN":"Philippines (the)","ADM0_PCODE":"PH","region_key":"eastern_visayas","province_key":"leyte","type":"Municipality"}},{"type":"Feature","geometry":{"type":"MultiPolygon","coordinates":[[[[124.8911,11.3381],[124.8755,11.3498],[124.8061,11.3842],[124.806,11.388],[124.808,11.3909],[124.8058,11.401],[124.8117,11.4078],[124.8089,11.4137],[124.8105,11.4158],[124.8168,11.4181],[124.8118,11.4238],[124.8141,11.4316],[124.8155,11.4324],[124.8167,11.4294],[124.8212,11.4275],[124.822,11.4245],[124.828,11.4255],[124.8284,11.4279],[124.8323,11.4246],[124.8428,11.4236],[124.8441,11.4258],[124.8398,11.4318],[124.8405,11.4335],[124.8458,11.429],[124.8483,11.4224],[124.8513,11.42],[124.8525,11.4212],[124.8517,11.4265],[124.8551,11.428],[124.8586,11.4275],[124.8633,11.4258],[124.8671,11.4223],[124.8667,11.4167],[124.8637,11.414],[124.8587,11.4177],[124.8548,11.4149],[124.8596,11.414],[124.8629,11.4094],[124.8644,11.4128],[124.8686,11.4158],[124.8789,11.4097],[124.8797,11.4119],[124.8747,11.4175],[124.8742,11.4214],[124.8763,11.4241],[124.8727,11.4356],[124.8762,11.4366],[124.8799,11.442],[124.8818,11.4385],[124.8893,11.434],[124.8887,11.4309],[124.8907,11.4283],[124.8896,11.42],[124.8924,11.4161],[124.8961,11.4142],[124.8931,11.4],[124.8958,11.3983],[124.8975,11.4003],[124.8956,11.4028],[124.8964,11.405],[124.9022,11.4111],[124.9053,11.4117],[124.9047,11.4131],[124.8994,11.4106],[124.8986,11.4117],[124.9044,11.4198],[124.9032,11.4227],[124.9072,11.4225],[124.9105,11.4198],[124.9106,11.4175],[124.9141,11.4161],[124.9143,11.4085],[124.9279,11.4139],[124.9296,11.4169],[124.9275,11.4215],[124.9312,11.4234],[124.9335,11.4226],[124.942,11.428],[124.9463,11.4265],[124.9505,11.4175],[124.9547,11.4143],[124.9544,11.4062],[124.9532,11.407],[124.9513,11.4056],[124.954,11.4056],[124.9523,11.4045],[124.9503,11.3998],[124.9527,11.4001],[124.9552,11.3981],[124.9561,11.3941],[124.961,11.3936],[124.9672,11.39],[124.9703,11.3928],[124.9713,11.391],[124.9715,11.3931],[124.9754,11.3955],[124.9784,11.3995],[124.9797,11.3988],[124.9771,11.3864],[124.9731,11.3859],[124.9745,11.3834],[124.9707,11.3828],[124.9685,11.3791],[124.9689,11.378],[124.9729,11.3793],[124.9733,11.3762],[124.9712,11.3747],[124.9742,11.375],[124.9744,11.3729],[124.9764,11.3755],[124.9769,11.3734],[124.9799,11.3722],[124.9785,11.3688],[124.9689,11.3686],[124.9691,11.3631],[124.9647,11.3647],[124.9651,11.3627],[124.9686,11.3617],[124.9676,11.3534],[124.9438,11.355],[124.8969,11.3303],[124.8911,11.3381]]],[[[124.98,11.3618],[124.9808,11.3622],[124.9789,11.3602],[124.9786,11.3615],[124.98,11.3618]]],[[[124.9794,11.3651],[124.9791,11.3632],[124.9781,11.3632],[124.9781,11.3651],[124.9794,11.3651]]],[[[124.9738,11.3769],[124.9741,11.3784],[124.975,11.3784],[124.9745,11.3755],[124.9738,11.3769]]],[[[124.9756,11.3829],[124.9747,11.3836],[124.9764,11.3853],[124.9764,11.3835],[124.9756,11.3829]]],[[[124.9683,11.4153],[124.9725,11.415],[124.9779,11.4036],[124.9797,11.4025],[124.9777,11.4016],[124.9749,11.3958],[124.9686,11.3925],[124.9575,11.3944],[124.9569,11.3962],[124.9588,11.398],[124.9545,11.3989],[124.9524,11.402],[124.9551,11.4056],[124.956,11.4099],[124.9556,11.4143],[124.9521,11.419],[124.96,11.4233],[124.9652,11.415],[124.9683,11.4153]]],[[[124.974,11.4209],[124.9746,11.4191],[124.9726,11.4173],[124.9681,11.4188],[124.9696,11.4225],[124.974,11.4209]]],[[[124.9086,11.4317],[124.9075,11.4353],[124.9092,11.4353],[124.9111,11.4325],[124.9106,11.4283],[124.9081,11.4303],[124.9086,11.4317]]],[[[124.8902,11.4314],[124.8904,11.4351],[124.8862,11.4395],[124.8881,11.4411],[124.8928,11.4375],[124.8926,11.4312],[124.8914,11.4297],[124.8902,11.4314]]],[[[124.8206,11.4306],[124.8184,11.433],[124.8212,11.435],[124.8234,11.4312],[124.8206,11.4306]]],[[[124.872,11.4321],[124.8709,11.4327],[124.8706,11.4343],[124.8714,11.434],[124.872,11.4321]]],[[[124.8547,11.4339],[124.8492,11.4356],[124.8508,11.4386],[124.8547,11.4392],[124.8547,11.4339]]]]},"properties":{"ADM3_EN":"Babatngon","name":"Babatngon","ADM3_PCODE":"PH83705000","psgc_code":"83705000","ADM2_EN":"Leyte","ADM2_PCODE":"PH8370","ADM1_EN":"Region VIII (Eastern Visayas)","ADM1_PCODE":"PH08","ADM0_EN":"Philippines (the)","ADM0_PCODE":"PH","region_key":"eastern_visayas","province_key":"leyte","type":"Municipality"}},{"type":"Feature","geometry":{"type":"MultiPolygon","coordinates":[[[[124.7237,11.2903],[124.7206,11.293],[124.7176,11.3003],[124.7207,11.3023],[124.7203,11.3036],[124.7128,11.3033],[124.7129,11.3065],[124.7105,11.3076],[124.7131,11.3112],[124.7131,11.3139],[124.7256,11.3253],[124.7294,11.3308],[124.7319,11.3247],[124.7336,11.3239],[124.732,11.3293],[124.7329,11.3308],[124.7362,11.3312],[124.74,11.3291],[124.7501,11.3343],[124.763,11.3442],[124.7658,11.3408],[124.7667,11.3419],[124.7642,11.3456],[124.7658,11.3527],[124.7691,11.3516],[124.7714,11.3528],[124.7731,11.357],[124.78,11.3606],[124.7828,11.3647],[124.8199,11.3282],[124.7967,11.2654],[124.7396,11.2649],[124.7374,11.2726],[124.7237,11.2903]]]]},"properties":{"ADM3_EN":"Barugo","name":"Barugo","ADM3_PCODE":"PH83706000","psgc_code":"83706000","ADM2_EN":"Leyte","ADM2_PCODE":"PH8370","ADM1_EN":"Region VIII (Eastern Visayas)","ADM1_PCODE":"PH08","ADM0_EN":"Philippines (the)","ADM0_PCODE":"PH","region_key":"eastern_visayas","province_key":"leyte","type":"Municipality"}},{"type":"Feature","geometry":{"type":"MultiPolygon","coordinates":[[[[124.7987,10.309],[124.7908,10.3112],[124.7897,10.3229],[124.787,10.3302],[124.7806,10.3365],[124.798,10.3544],[124.8945,10.3549],[124.8959,10.3276],[124.867,10.3098],[124.8581,10.3071],[124.8355,10.3058],[124.7987,10.309]]],[[[124.7872,10.3275],[124.7858,10.3267],[124.7847,10.3287],[124.7856,10.3297],[124.7872,10.3275]]]]},"properties":{"ADM3_EN":"Bato","name":"Bato","ADM3_PCODE":"PH83707000","psgc_code":"83707000","ADM2_EN":"Leyte","ADM2_PCODE":"PH8370","ADM1_EN":"Region VIII (Eastern Visayas)","ADM1_PCODE":"PH08","ADM0_EN":"Philippines (the)","ADM0_PCODE":"PH","region_key":"eastern_visayas","province_key":"leyte","type":"Municipality"}},{"type":"Feature","geometry":{"type":"MultiPolygon","coordinates":[[[[124.7992,10.651],[124.8037,10.6626],[124.8009,10.6712],[124.7953,10.679],[124.7944,10.6844],[124.7955,10.6864],[124.7985,10.6869],[124.8036,10.6819],[124.805,10.6825],[124.8006,10.6878],[124.7939,10.6878],[124.7939,10.6963],[124.7962,10.7073],[124.7937,10.7204],[124.7941,10.7284],[124.7841,10.7493],[124.7864,10.7594],[124.7827,10.7759],[124.7775,10.7861],[124.7695,10.7968],[124.7609,10.8191],[124.7456,10.8379],[124.7511,10.8419],[124.7529,10.8457],[124.8169,10.8734],[124.857,10.7919],[124.8628,10.772],[124.883,10.7183],[124.8933,10.7039],[124.9111,10.6907],[124.9236,10.6775],[124.9318,10.6569],[124.9341,10.6325],[124.9319,10.5782],[124.7639,10.5508],[124.763,10.5733],[124.7649,10.5799],[124.7664,10.6015],[124.7707,10.6213],[124.7784,10.6279],[124.7767,10.6388],[124.7831,10.6401],[124.7861,10.6371],[124.794,10.6387],[124.7926,10.6457],[124.7992,10.651]]]]},"properties":{"ADM3_EN":"Baybay City","name":"Baybay City","ADM3_PCODE":"PH83708000","psgc_code":"83708000","ADM2_EN":"Leyte","ADM2_PCODE":"PH8370","ADM1_EN":"Region VIII (Eastern Visayas)","ADM1_PCODE":"PH08","ADM0_EN":"Philippines (the)","ADM0_PCODE":"PH","region_key":"eastern_visayas","province_key":"leyte","type":"City"}},{"type":"Feature","geometry":{"type":"MultiPolygon","coordinates":[[[[124.7808,10.9317],[124.7759,10.9444],[124.8052,10.9947],[124.7837,11.0306],[124.8252,11.0317],[124.8358,11.0295],[124.8475,11.0229],[124.8525,11.0219],[124.8929,11.0215],[124.8965,11.0229],[124.901,11.0188],[124.9039,11.0199],[124.9075,11.0167],[124.9109,11.0162],[124.9195,11.0195],[124.9255,11.0185],[124.9289,11.0207],[124.9316,11.0197],[124.9343,11.0217],[124.9346,11.024],[124.9375,11.0236],[124.9383,11.0108],[124.9369,10.9973],[124.939,10.9745],[124.9345,10.9615],[124.9357,10.931],[124.9265,10.9315],[124.9201,10.9342],[124.9122,10.9341],[124.9109,10.9322],[124.9007,10.9346],[124.8893,10.9333],[124.8832,10.9268],[124.8727,10.9195],[124.8725,10.9095],[124.8656,10.9029],[124.8462,10.8894],[124.8169,10.8734],[124.7938,10.9131],[124.7808,10.9317]]]]},"properties":{"ADM3_EN":"Burauen","name":"Burauen","ADM3_PCODE":"PH83710000","psgc_code":"83710000","ADM2_EN":"Leyte","ADM2_PCODE":"PH8371","ADM1_EN":"Region VIII (Eastern Visayas)","ADM1_PCODE":"PH08","ADM0_EN":"Philippines (the)","ADM0_PCODE":"PH","region_key":"eastern_visayas","province_key":"leyte","type":"Municipality"}},{"type":"Feature","geometry":{"type":"MultiPolygon","coordinates":[[[[124.4522,11.4175],[124.4557,11.4145],[124.4508,11.4117],[124.415,11.4008],[124.4142,11.4056],[124.3412,11.4926],[124.2917,11.4905],[124.2894,11.4935],[124.2897,11.5126],[124.2856,11.5294],[124.2903,11.5409],[124.2925,11.5414],[124.294,11.5388],[124.2989,11.5404],[124.2992,11.5431],[124.3108,11.5564],[124.3131,11.5633],[124.3179,11.5624],[124.323,11.5566],[124.327,11.5556],[124.3287,11.5505],[124.3349,11.5469],[124.339,11.5399],[124.344,11.5376],[124.3473,11.5325],[124.3507,11.5304],[124.3548,11.5313],[124.3578,11.5256],[124.36,11.5248],[124.36,11.5208],[124.3659,11.5199],[124.3714,11.5111],[124.3836,11.5006],[124.3914,11.4903],[124.4096,11.477],[124.41,11.47],[124.4299,11.4472],[124.4315,11.4435],[124.4371,11.4429],[124.4361,11.4395],[124.4376,11.4333],[124.4522,11.4175]]]]},"properties":{"ADM3_EN":"Calubian","name":"Calubian","ADM3_PCODE":"PH83713000","psgc_code":"83713000","ADM2_EN":"Leyte","ADM2_PCODE":"PH8371","ADM1_EN":"Region VIII (Eastern Visayas)","ADM1_PCODE":"PH08","ADM0_EN":"Philippines (the)","ADM0_PCODE":"PH","region_key":"eastern_visayas","province_key":"leyte","type":"Municipality"}},{"type":"Feature","geometry":{"type":"MultiPolygon","coordinates":[[[[124.6578,11.2307],[124.6574,11.1532],[124.5666,11.2155],[124.5687,11.2202],[124.5681,11.2279],[124.5287,11.2586],[124.5346,11.2645],[124.5382,11.2715],[124.5445,11.2906],[124.5494,11.3362],[124.5522,11.3388],[124.5541,11.3355],[124.564,11.3275],[124.5682,11.3198],[124.5705,11.3195],[124.5783,11.3129],[124.5848,11.305],[124.5876,11.3065],[124.5948,11.3038],[124.6078,11.3122],[124.6113,11.3108],[124.6148,11.3064],[124.6324,11.3009],[124.6355,11.2956],[124.6494,11.2939],[124.6553,11.2961],[124.6593,11.2958],[124.6578,11.2307]]]]},"properties":{"ADM3_EN":"Capoocan","name":"Capoocan","ADM3_PCODE":"PH83714000","psgc_code":"83714000","ADM2_EN":"Leyte","ADM2_PCODE":"PH8371","ADM1_EN":"Region VIII (Eastern Visayas)","ADM1_PCODE":"PH08","ADM0_EN":"Philippines (the)","ADM0_PCODE":"PH","region_key":"eastern_visayas","province_key":"leyte","type":"Municipality"}},{"type":"Feature","geometry":{"type":"MultiPolygon","coordinates":[[[[124.6584,11.2447],[124.6593,11.2958],[124.6664,11.2989],[124.6714,11.3047],[124.6736,11.3042],[124.6743,11.3006],[124.6752,11.3039],[124.6839,11.3011],[124.6858,11.3033],[124.6953,11.3025],[124.7019,11.305],[124.7106,11.3114],[124.7114,11.3103],[124.7088,11.3081],[124.7129,11.3065],[124.7128,11.3033],[124.7203,11.3036],[124.7207,11.3023],[124.7176,11.3003],[124.7206,11.293],[124.7226,11.2922],[124.739,11.2691],[124.7398,11.2602],[124.7376,11.2525],[124.7393,11.2326],[124.7335,11.2204],[124.734,11.2102],[124.6777,11.1566],[124.6574,11.1532],[124.657,11.217],[124.6584,11.2447]]]]},"properties":{"ADM3_EN":"Carigara","name":"Carigara","ADM3_PCODE":"PH83715000","psgc_code":"83715000","ADM2_EN":"Leyte","ADM2_PCODE":"PH8371","ADM1_EN":"Region VIII (Eastern Visayas)","ADM1_PCODE":"PH08","ADM0_EN":"Philippines (the)","ADM0_PCODE":"PH","region_key":"eastern_visayas","province_key":"leyte","type":"Municipality"}},{"type":"Feature","geometry":{"type":"MultiPolygon","coordinates":[[[[124.9,11.0975],[124.9451,11.0974],[124.9523,11.0783],[124.9463,11.0757],[124.944,11.0666],[124.938,11.0612],[124.9162,11.0182],[124.9109,11.0162],[124.9075,11.0167],[124.9039,11.0199],[124.901,11.0188],[124.8965,11.0229],[124.8929,11.0215],[124.8525,11.0219],[124.8475,11.0229],[124.8358,11.0295],[124.8252,11.0317],[124.7837,11.0306],[124.7757,11.0527],[124.7649,11.064],[124.7931,11.0818],[124.8138,11.0971],[124.8705,11.0962],[124.9,11.0975]]]]},"properties":{"ADM3_EN":"Dagami","name":"Dagami","ADM3_PCODE":"PH83717000","psgc_code":"83717000","ADM2_EN":"Leyte","ADM2_PCODE":"PH8371","ADM1_EN":"Region VIII (Eastern Visayas)","ADM1_PCODE":"PH08","ADM0_EN":"Philippines (the)","ADM0_PCODE":"PH","region_key":"eastern_visayas","province_key":"leyte","type":"Municipality"}},{"type":"Feature","geometry":{"type":"MultiPolygon","coordinates":[[[[125.0303,10.9253],[125.0247,10.9167],[125.0197,10.9037],[125.0138,10.9113],[125.0101,10.9113],[125.0063,10.9134],[125.0019,10.9124],[125.0008,10.9149],[124.9883,10.9227],[124.9733,10.9261],[124.9943,11.0256],[125.0175,11.0127],[125.0406,10.9947],[125.0339,10.9364],[125.0347,10.9331],[125.0288,10.9336],[125.0336,10.9306],[125.0303,10.9253]]]]},"properties":{"ADM3_EN":"Dulag","name":"Dulag","ADM3_PCODE":"PH83718000","psgc_code":"83718000","ADM2_EN":"Leyte","ADM2_PCODE":"PH8371","ADM1_EN":"Region VIII (Eastern Visayas)","ADM1_PCODE":"PH08","ADM0_EN":"Philippines (the)","ADM0_PCODE":"PH","region_key":"eastern_visayas","province_key":"leyte","type":"Municipality"}},{"type":"Feature","geometry":{"type":"MultiPolygon","coordinates":[[[[124.7792,10.3377],[124.7706,10.3481],[124.7705,10.3508],[124.7655,10.3575],[124.7417,10.3726],[124.733,10.3757],[124.7308,10.3869],[124.724,10.4005],[124.7233,10.4133],[124.7291,10.4178],[124.7344,10.4177],[124.7372,10.4197],[124.7997,10.4234],[124.9214,10.4591],[124.9071,10.4273],[124.8932,10.4044],[124.8911,10.372],[124.8945,10.3549],[124.798,10.3544],[124.7812,10.3367],[124.7792,10.3377]]]]},"properties":{"ADM3_EN":"Hilongos","name":"Hilongos","ADM3_PCODE":"PH83719000","psgc_code":"83719000","ADM2_EN":"Leyte","ADM2_PCODE":"PH8371","ADM1_EN":"Region VIII (Eastern Visayas)","ADM1_PCODE":"PH08","ADM0_EN":"Philippines (the)","ADM0_PCODE":"PH","region_key":"eastern_visayas","province_key":"leyte","type":"Municipality"}},{"type":"Feature","geometry":{"type":"MultiPolygon","coordinates":[[[[124.7292,10.4481],[124.7299,10.4578],[124.7268,10.4719],[124.7279,10.4757],[124.7344,10.4779],[124.7415,10.478],[124.7574,10.4742],[124.7771,10.4672],[124.7966,10.4662],[124.8084,10.4679],[124.8294,10.4806],[124.8396,10.4846],[124.8597,10.4881],[124.8752,10.4887],[124.8966,10.4857],[124.9262,10.4748],[124.9214,10.4591],[124.7997,10.4234],[124.7372,10.4197],[124.7344,10.4177],[124.7291,10.4178],[124.7233,10.4133],[124.724,10.4331],[124.728,10.4395],[124.7292,10.4481]]],[[[124.6676,10.4858],[124.6673,10.4884],[124.6701,10.4908],[124.6776,10.4932],[124.6789,10.4918],[124.6732,10.4862],[124.6676,10.4858]]],[[[124.6707,10.5166],[124.6689,10.52],[124.6716,10.5221],[124.6736,10.5177],[124.6726,10.5156],[124.6707,10.5166]]],[[[124.6392,10.5342],[124.6348,10.5368],[124.6353,10.5397],[124.6375,10.5402],[124.6423,10.5372],[124.6421,10.5347],[124.6392,10.5342]]],[[[124.6602,10.5436],[124.6592,10.5456],[124.6596,10.5463],[124.6622,10.5435],[124.6602,10.5436]]]]},"properties":{"ADM3_EN":"Hindang","name":"Hindang","ADM3_PCODE":"PH83720000","psgc_code":"83720000","ADM2_EN":"Leyte","ADM2_PCODE":"PH8372","ADM1_EN":"Region VIII (Eastern Visayas)","ADM1_PCODE":"PH08","ADM0_EN":"Philippines (the)","ADM0_PCODE":"PH","region_key":"eastern_visayas","province_key":"leyte","type":"Municipality"}},{"type":"Feature","geometry":{"type":"MultiPolygon","coordinates":[[[[124.75,10.4759],[124.7415,10.478],[124.7344,10.4779],[124.7278,10.475],[124.724,10.4762],[124.721,10.4796],[124.7206,10.4875],[124.7287,10.4997],[124.735,10.4996],[124.7384,10.5028],[124.7492,10.507],[124.7517,10.5097],[124.7527,10.5218],[124.7584,10.5223],[124.7592,10.5292],[124.7661,10.5369],[124.7665,10.5396],[124.7636,10.543],[124.7639,10.5508],[124.9319,10.5782],[124.9398,10.5243],[124.9364,10.5074],[124.9262,10.4748],[124.8966,10.4857],[124.8752,10.4887],[124.8597,10.4881],[124.8396,10.4846],[124.8294,10.4806],[124.8084,10.4679],[124.7966,10.4662],[124.7771,10.4672],[124.75,10.4759]]],[[[124.7205,10.498],[124.7232,10.496],[124.7213,10.4936],[124.7191,10.496],[124.7205,10.498]]],[[[124.7105,10.4998],[124.7134,10.5013],[124.7173,10.4973],[124.7136,10.4962],[124.7105,10.4998]]],[[[124.7204,10.5045],[124.7193,10.5023],[124.7178,10.5028],[124.7188,10.5045],[124.7204,10.5045]]]]},"properties":{"ADM3_EN":"Inopacan","name":"Inopacan","ADM3_PCODE":"PH83721000","psgc_code":"83721000","ADM2_EN":"Leyte","ADM2_PCODE":"PH8372","ADM1_EN":"Region VIII (Eastern Visayas)","ADM1_PCODE":"PH08","ADM0_EN":"Philippines (the)","ADM0_PCODE":"PH","region_key":"eastern_visayas","province_key":"leyte","type":"Municipality"}},{"type":"Feature","geometry":{"type":"MultiPolygon","coordinates":[[[[124.4472,10.894],[124.4447,10.8883],[124.4399,10.8865],[124.4351,10.8897],[124.4326,10.8889],[124.4276,10.8931],[124.434,10.9021],[124.4379,10.9185],[124.4362,10.9224],[124.4315,10.9255],[124.4271,10.9271],[124.4225,10.9265],[124.4265,10.9371],[124.4251,10.9387],[124.4208,10.9386],[124.4221,10.9445],[124.4199,10.9478],[124.4155,10.9478],[124.4145,10.9438],[124.4172,10.9276],[124.4167,10.9138],[124.4138,10.9121],[124.407,10.9183],[124.4002,10.9176],[124.4012,10.9255],[124.4092,10.9515],[124.426,10.9723],[124.4529,11.0001],[124.4791,11.0357],[124.4923,10.9215],[124.5013,10.8659],[124.495,10.8625],[124.4907,10.8655],[124.487,10.8637],[124.4772,10.8657],[124.4732,10.8682],[124.4719,10.8763],[124.4672,10.8816],[124.4602,10.8872],[124.4545,10.8882],[124.4509,10.8906],[124.4499,10.897],[124.4484,10.8969],[124.4472,10.894]]]]},"properties":{"ADM3_EN":"Isabel","name":"Isabel","ADM3_PCODE":"PH83722000","psgc_code":"83722000","ADM2_EN":"Leyte","ADM2_PCODE":"PH8372","ADM1_EN":"Region VIII (Eastern Visayas)","ADM1_PCODE":"PH08","ADM0_EN":"Philippines (the)","ADM0_PCODE":"PH","region_key":"eastern_visayas","province_key":"leyte","type":"Municipality"}},{"type":"Feature","geometry":{"type":"MultiPolygon","coordinates":[[[[124.8342,11.1746],[124.8375,11.1614],[124.8378,11.1451],[124.8145,11.1171],[124.8085,11.1133],[124.8061,11.1081],[124.8083,11.1057],[124.8062,11.1054],[124.8064,11.1035],[124.8034,11.1012],[124.8017,11.097],[124.748,11.0834],[124.6777,11.1566],[124.734,11.2102],[124.7423,11.2214],[124.7497,11.2249],[124.7967,11.2654],[124.8021,11.2388],[124.7988,11.2153],[124.8014,11.2102],[124.8083,11.2025],[124.8275,11.1859],[124.8342,11.1746]]]]},"properties":{"ADM3_EN":"Jaro","name":"Jaro","ADM3_PCODE":"PH83723000","psgc_code":"83723000","ADM2_EN":"Leyte","ADM2_PCODE":"PH8372","ADM1_EN":"Region VIII (Eastern Visayas)","ADM1_PCODE":"PH08","ADM0_EN":"Philippines (the)","ADM0_PCODE":"PH","region_key":"eastern_visayas","province_key":"leyte","type":"Municipality"}},{"type":"Feature","geometry":{"type":"MultiPolygon","coordinates":[[[[124.8933,10.7039],[124.883,10.7183],[124.8628,10.772],[124.857,10.7919],[124.8457,10.8147],[124.8963,10.8159],[124.9017,10.8098],[124.93,10.8121],[124.9343,10.814],[124.9573,10.8143],[124.9926,10.7962],[124.9997,10.7885],[125.0053,10.7881],[125.0081,10.7741],[124.9732,10.7379],[124.9301,10.6975],[124.9182,10.684],[124.8933,10.7039]]]]},"properties":{"ADM3_EN":"Javier","name":"Javier","ADM3_PCODE":"PH83724000","psgc_code":"83724000","ADM2_EN":"Leyte","ADM2_PCODE":"PH8372","ADM1_EN":"Region VIII (Eastern Visayas)","ADM1_PCODE":"PH08","ADM0_EN":"Philippines (the)","ADM0_PCODE":"PH","region_key":"eastern_visayas","province_key":"leyte","type":"Municipality"}},{"type":"Feature","geometry":{"type":"MultiPolygon","coordinates":[[[[124.9348,10.9566],[124.9352,10.9645],[124.939,10.9745],[124.9369,10.9973],[124.9383,11.0108],[124.9375,11.0236],[124.9804,11.0317],[124.9857,11.0306],[124.9943,11.0256],[124.9733,10.9261],[124.9357,10.931],[124.9348,10.9566]]]]},"properties":{"ADM3_EN":"Julita","name":"Julita","ADM3_PCODE":"PH83725000","psgc_code":"83725000","ADM2_EN":"Leyte","ADM2_PCODE":"PH8372","ADM1_EN":"Region VIII (Eastern Visayas)","ADM1_PCODE":"PH08","ADM0_EN":"Philippines (the)","ADM0_PCODE":"PH","region_key":"eastern_visayas","province_key":"leyte","type":"Municipality"}},{"type":"Feature","geometry":{"type":"MultiPolygon","coordinates":[[[[124.5811,11.1124],[124.561,11.1161],[124.5552,11.1244],[124.5496,11.1368],[124.5443,11.1403],[124.5295,11.1369],[124.5114,11.1291],[124.4988,11.1892],[124.4849,11.2327],[124.5097,11.2229],[124.5293,11.2382],[124.5845,11.2037],[124.6574,11.1532],[124.629,11.1332],[124.6191,11.1065],[124.5811,11.1124]]]]},"properties":{"ADM3_EN":"Kananga","name":"Kananga","ADM3_PCODE":"PH83726000","psgc_code":"83726000","ADM2_EN":"Leyte","ADM2_PCODE":"PH8372","ADM1_EN":"Region VIII (Eastern Visayas)","ADM1_PCODE":"PH08","ADM0_EN":"Philippines (the)","ADM0_PCODE":"PH","region_key":"eastern_visayas","province_key":"leyte","type":"Municipality"}},{"type":"Feature","geometry":{"type":"MultiPolygon","coordinates":[[[[124.9216,10.8365],[124.9171,10.8351],[124.9037,10.8363],[124.8987,10.8398],[124.8382,10.8321],[124.8169,10.8734],[124.8462,10.8894],[124.8656,10.9029],[124.8725,10.9095],[124.8727,10.9195],[124.8832,10.9268],[124.8893,10.9333],[124.9007,10.9346],[124.9109,10.9322],[124.9122,10.9341],[124.9201,10.9342],[124.9265,10.9315],[124.9733,10.9261],[124.9594,10.8441],[124.9482,10.8401],[124.9459,10.8412],[124.9315,10.8386],[124.9259,10.8393],[124.9216,10.8365]]]]},"properties":{"ADM3_EN":"La Paz","name":"La Paz","ADM3_PCODE":"PH83728000","psgc_code":"83728000","ADM2_EN":"Leyte","ADM2_PCODE":"PH8372","ADM1_EN":"Region VIII (Eastern Visayas)","ADM1_PCODE":"PH08","ADM0_EN":"Philippines (the)","ADM0_PCODE":"PH","region_key":"eastern_visayas","province_key":"leyte","type":"Municipality"}},{"type":"Feature","geometry":{"type":"MultiPolygon","coordinates":[[[[124.5346,11.2645],[124.5287,11.2586],[124.5681,11.2279],[124.5687,11.2202],[124.5666,11.2155],[124.5293,11.2382],[124.5097,11.2229],[124.4849,11.2327],[124.4343,11.3254],[124.415,11.4008],[124.4473,11.4104],[124.4557,11.4145],[124.4587,11.4005],[124.4603,11.3976],[124.4694,11.3907],[124.4711,11.3831],[124.4745,11.3772],[124.4719,11.3642],[124.4764,11.3519],[124.4772,11.3447],[124.4808,11.34],[124.4781,11.3451],[124.4775,11.3536],[124.4733,11.3636],[124.4736,11.3669],[124.4764,11.3706],[124.4771,11.3828],[124.4818,11.3863],[124.4792,11.3926],[124.4814,11.3982],[124.4772,11.4011],[124.4805,11.4074],[124.4784,11.41],[124.4762,11.4186],[124.4648,11.4254],[124.4655,11.4291],[124.4638,11.431],[124.4658,11.4334],[124.4626,11.4377],[124.4653,11.4395],[124.4629,11.4461],[124.4648,11.447],[124.4689,11.4456],[124.4727,11.4478],[124.4719,11.4525],[124.4767,11.4497],[124.4762,11.454],[124.4782,11.4553],[124.4877,11.4455],[124.4937,11.4461],[124.4986,11.4421],[124.5056,11.4392],[124.5215,11.4368],[124.5323,11.4267],[124.537,11.425],[124.5368,11.4074],[124.5344,11.4025],[124.5371,11.3987],[124.5389,11.3893],[124.5457,11.3789],[124.5473,11.3741],[124.5461,11.3716],[124.5491,11.3686],[124.5502,11.3567],[124.5484,11.3546],[124.5509,11.3499],[124.55,11.3482],[124.5522,11.3388],[124.5494,11.3362],[124.5482,11.3315],[124.5445,11.2906],[124.5346,11.2645]]],[[[124.553,11.4267],[124.5529,11.4295],[124.5549,11.43],[124.5561,11.4277],[124.553,11.4267]]],[[[124.4816,11.4556],[124.479,11.4579],[124.4808,11.4607],[124.4829,11.4565],[124.4816,11.4556]]]]},"properties":{"ADM3_EN":"Leyte","name":"Leyte","ADM3_PCODE":"PH83729000","psgc_code":"83729000","ADM2_EN":"Leyte","ADM2_PCODE":"PH8372","ADM1_EN":"Region VIII (Eastern Visayas)","ADM1_PCODE":"PH08","ADM0_EN":"Philippines (the)","ADM0_PCODE":"PH","region_key":"eastern_visayas","province_key":"leyte","type":"Municipality"}},{"type":"Feature","geometry":{"type":"MultiPolygon","coordinates":[[[[124.9896,10.8475],[125.0041,10.8462],[125.0028,10.8428],[125.004,10.8414],[125.0027,10.8227],[125.0042,10.8172],[125.0051,10.7882],[124.9997,10.7885],[124.9926,10.7962],[124.9573,10.8143],[124.9343,10.814],[124.93,10.8121],[124.9017,10.8098],[124.8963,10.8159],[124.8457,10.8147],[124.8382,10.8321],[124.8987,10.8398],[124.9037,10.8363],[124.9171,10.8351],[124.9259,10.8393],[124.9315,10.8386],[124.9459,10.8412],[124.9482,10.8401],[124.9594,10.8441],[124.985,10.8486],[124.9896,10.8475]]]]},"properties":{"ADM3_EN":"Macarthur","name":"Macarthur","ADM3_PCODE":"PH83730000","psgc_code":"83730000","ADM2_EN":"Leyte","ADM2_PCODE":"PH8373","ADM1_EN":"Region VIII (Eastern Visayas)","ADM1_PCODE":"PH08","ADM0_EN":"Philippines (the)","ADM0_PCODE":"PH","region_key":"eastern_visayas","province_key":"leyte","type":"Municipality"}},{"type":"Feature","geometry":{"type":"MultiPolygon","coordinates":[[[[124.975,10.6672],[124.9915,10.6615],[125.0104,10.6463],[125.0366,10.6354],[125.0412,10.6321],[125.0439,10.6101],[125.0469,10.5532],[125.053,10.5239],[124.9949,10.5228],[124.9631,10.5251],[124.9398,10.5243],[124.9319,10.5782],[124.9338,10.6397],[124.9318,10.6569],[124.9278,10.6668],[124.9354,10.6697],[124.948,10.6713],[124.9673,10.6696],[124.975,10.6672]]]]},"properties":{"ADM3_EN":"Mahaplag","name":"Mahaplag","ADM3_PCODE":"PH83731000","psgc_code":"83731000","ADM2_EN":"Leyte","ADM2_PCODE":"PH8373","ADM1_EN":"Region VIII (Eastern Visayas)","ADM1_PCODE":"PH08","ADM0_EN":"Philippines (the)","ADM0_PCODE":"PH","region_key":"eastern_visayas","province_key":"leyte","type":"Municipality"}},{"type":"Feature","geometry":{"type":"MultiPolygon","coordinates":[[[[124.4624,11.0706],[124.4442,11.1099],[124.4008,11.1088],[124.4022,11.1224],[124.4427,11.1367],[124.4651,11.1527],[124.5004,11.1821],[124.5114,11.1291],[124.466,11.064],[124.4624,11.0706]]]]},"properties":{"ADM3_EN":"Matag-Ob","name":"Matag-Ob","ADM3_PCODE":"PH83733000","psgc_code":"83733000","ADM2_EN":"Leyte","ADM2_PCODE":"PH8373","ADM1_EN":"Region VIII (Eastern Visayas)","ADM1_PCODE":"PH08","ADM0_EN":"Philippines (the)","ADM0_PCODE":"PH","region_key":"eastern_visayas","province_key":"leyte","type":"Municipality"}},{"type":"Feature","geometry":{"type":"MultiPolygon","coordinates":[[[[124.7914,10.2039],[124.7838,10.1977],[124.7753,10.1853],[124.7637,10.1831],[124.761,10.1855],[124.7593,10.1918],[124.7672,10.2083],[124.766,10.2179],[124.7708,10.2359],[124.7672,10.2417],[124.7722,10.2581],[124.7814,10.2719],[124.7818,10.2768],[124.791,10.3028],[124.7908,10.3112],[124.8006,10.3083],[124.8292,10.3058],[124.8581,10.3071],[124.867,10.3098],[124.8959,10.3276],[124.8995,10.2911],[124.8999,10.265],[124.8888,10.268],[124.8749,10.2664],[124.8455,10.2528],[124.8391,10.2469],[124.8327,10.237],[124.8208,10.2278],[124.8053,10.2197],[124.7914,10.2039]]],[[[124.748,10.2482],[124.7506,10.2505],[124.7522,10.2492],[124.7486,10.2462],[124.748,10.2482]]]]},"properties":{"ADM3_EN":"Matalom","name":"Matalom","ADM3_PCODE":"PH83734000","psgc_code":"83734000","ADM2_EN":"Leyte","ADM2_PCODE":"PH8373","ADM1_EN":"Region VIII (Eastern Visayas)","ADM1_PCODE":"PH08","ADM0_EN":"Philippines (the)","ADM0_PCODE":"PH","region_key":"eastern_visayas","province_key":"leyte","type":"Municipality"}},{"type":"Feature","geometry":{"type":"MultiPolygon","coordinates":[[[[124.9658,10.8841],[124.9733,10.9261],[124.9883,10.9227],[125.0008,10.9149],[125.0019,10.9124],[125.0063,10.9134],[125.0101,10.9113],[125.0138,10.9113],[125.0197,10.9037],[125.0075,10.8729],[125.0086,10.872],[125.0041,10.8462],[124.985,10.8486],[124.9594,10.8441],[124.9658,10.8841]]]]},"properties":{"ADM3_EN":"Mayorga","name":"Mayorga","ADM3_PCODE":"PH83735000","psgc_code":"83735000","ADM2_EN":"Leyte","ADM2_PCODE":"PH8373","ADM1_EN":"Region VIII (Eastern Visayas)","ADM1_PCODE":"PH08","ADM0_EN":"Philippines (the)","ADM0_PCODE":"PH","region_key":"eastern_visayas","province_key":"leyte","type":"Municipality"}},{"type":"Feature","geometry":{"type":"MultiPolygon","coordinates":[[[[124.4953,10.904],[124.4791,11.0357],[124.466,11.064],[124.4772,11.0793],[124.541,10.9802],[124.5381,10.977],[124.5376,10.9717],[124.5408,10.9688],[124.5456,10.9685],[124.548,10.9666],[124.5503,10.959],[124.55,10.952],[124.5455,10.9411],[124.55,10.935],[124.5506,10.9284],[124.5429,10.9175],[124.5431,10.9094],[124.5368,10.9052],[124.5326,10.8921],[124.5287,10.8884],[124.5166,10.8675],[124.5099,10.869],[124.505,10.8659],[124.5013,10.8659],[124.4953,10.904]]]]},"properties":{"ADM3_EN":"Merida","name":"Merida","ADM3_PCODE":"PH83736000","psgc_code":"83736000","ADM2_EN":"Leyte","ADM2_PCODE":"PH8373","ADM1_EN":"Region VIII (Eastern Visayas)","ADM1_PCODE":"PH08","ADM0_EN":"Philippines (the)","ADM0_PCODE":"PH","region_key":"eastern_visayas","province_key":"leyte","type":"Municipality"}},{"type":"Feature","geometry":{"type":"MultiPolygon","coordinates":[[[[124.6011,11.0072],[124.596,11.0131],[124.5911,11.0141],[124.572,11.01],[124.5706,11.0089],[124.5714,11.0041],[124.5679,11.003],[124.571,11.0011],[124.57,10.9996],[124.5666,10.9991],[124.5666,10.9973],[124.5606,10.9948],[124.5575,10.9897],[124.5549,10.9886],[124.5557,10.9874],[124.5495,10.9855],[124.5495,10.9826],[124.5445,10.9839],[124.541,10.9802],[124.4772,11.0793],[124.5114,11.1291],[124.5295,11.1369],[124.5413,11.1403],[124.5473,11.1392],[124.561,11.1161],[124.6191,11.1065],[124.629,11.1332],[124.6574,11.1532],[124.6777,11.1566],[124.7757,11.0527],[124.7837,11.0306],[124.8052,10.9947],[124.7135,10.9982],[124.6697,10.9453],[124.6537,10.9512],[124.6497,10.9569],[124.6443,10.9601],[124.6389,10.9686],[124.6318,10.9734],[124.6307,10.9758],[124.6233,10.9787],[124.6214,10.9814],[124.6199,10.992],[124.6153,11.0],[124.6087,11.0035],[124.6064,11.0022],[124.6011,11.0072]]]]},"properties":{"ADM3_EN":"Ormoc City","name":"Ormoc City","ADM3_PCODE":"PH83738000","psgc_code":"83738000","ADM2_EN":"Leyte","ADM2_PCODE":"PH8373","ADM1_EN":"Region VIII (Eastern Visayas)","ADM1_PCODE":"PH08","ADM0_EN":"Philippines (the)","ADM0_PCODE":"PH","region_key":"eastern_visayas","province_key":"leyte","type":"City"}},{"type":"Feature","geometry":{"type":"MultiPolygon","coordinates":[[[[124.9423,11.104],[124.9388,11.1129],[124.9227,11.1249],[124.913,11.1417],[124.9894,11.1928],[124.9995,11.1901],[125.0094,11.1844],[125.0158,11.1775],[125.0092,11.1653],[125.0075,11.1567],[125.0083,11.1531],[125.0125,11.1486],[125.0115,11.1411],[125.014,11.1346],[124.9451,11.0974],[124.9423,11.104]]],[[[125.0169,11.1372],[125.0125,11.1406],[125.0122,11.1434],[125.0147,11.145],[125.0228,11.1375],[125.0207,11.1384],[125.0147,11.135],[125.0143,11.1353],[125.0169,11.1372]]]]},"properties":{"ADM3_EN":"Palo","name":"Palo","ADM3_PCODE":"PH83739000","psgc_code":"83739000","ADM2_EN":"Leyte","ADM2_PCODE":"PH8373","ADM1_EN":"Region VIII (Eastern Visayas)","ADM1_PCODE":"PH08","ADM0_EN":"Philippines (the)","ADM0_PCODE":"PH","region_key":"eastern_visayas","province_key":"leyte","type":"Municipality"}},{"type":"Feature","geometry":{"type":"MultiPolygon","coordinates":[[[[124.3989,10.9178],[124.3869,10.9134],[124.3833,10.9184],[124.3754,10.9231],[124.3748,10.9286],[124.3761,10.9305],[124.3808,10.9302],[124.3804,10.9347],[124.3825,10.94],[124.3876,10.9477],[124.3882,10.9522],[124.3912,10.9552],[124.389,10.9603],[124.3942,10.9616],[124.3942,10.9645],[124.3966,10.9664],[124.4001,10.9742],[124.4091,10.9817],[124.4089,10.9862],[124.4038,10.9908],[124.4033,10.9963],[124.4,11.0003],[124.4036,11.0069],[124.4025,11.0136],[124.4011,11.0142],[124.4037,11.017],[124.4018,11.0214],[124.4037,11.0238],[124.3991,11.0285],[124.4061,11.0297],[124.4031,11.0311],[124.4044,11.0333],[124.4022,11.0321],[124.4031,11.0344],[124.4008,11.0303],[124.3962,11.0323],[124.3944,11.0393],[124.3908,11.044],[124.3889,11.0417],[124.3826,11.0459],[124.3817,11.0514],[124.383,11.0552],[124.3811,11.0592],[124.3748,11.0612],[124.3733,11.0592],[124.3707,11.0596],[124.3692,11.0649],[124.37,11.0665],[124.3778,11.0698],[124.3858,11.0792],[124.3847,11.0933],[124.3889,11.1027],[124.3986,11.1032],[124.4008,11.1088],[124.4442,11.1099],[124.4791,11.0357],[124.4529,11.0001],[124.426,10.9723],[124.4092,10.9515],[124.4012,10.9255],[124.4002,10.9176],[124.3989,10.9178]]],[[[124.3787,10.933],[124.3796,10.9321],[124.3793,10.9315],[124.3779,10.9324],[124.3787,10.933]]],[[[124.3785,10.9338],[124.3763,10.9332],[124.3755,10.9339],[124.377,10.9353],[124.3797,10.9333],[124.3785,10.9338]]],[[[124.386,10.9824],[124.384,10.9857],[124.3859,10.9894],[124.3878,10.9898],[124.3905,10.9832],[124.3884,10.9817],[124.386,10.9824]]],[[[124.3936,10.9953],[124.3953,10.9947],[124.3939,10.9931],[124.3922,10.9942],[124.3936,10.9953]]],[[[124.3914,11.0386],[124.3935,11.0368],[124.3927,11.0356],[124.3878,11.0364],[124.3892,11.0394],[124.3914,11.0386]]],[[[124.3869,10.995],[124.3861,10.9942],[124.3833,10.9972],[124.3853,10.9994],[124.3872,10.9992],[124.3869,10.995]]],[[[124.3861,11.0211],[124.3843,11.0155],[124.3858,11.0152],[124.3869,11.0078],[124.3897,11.0058],[124.3872,11.0041],[124.3867,11.0011],[124.3853,11.0022],[124.385,11.0081],[124.3832,11.0088],[124.3836,11.0178],[124.3813,11.0208],[124.3787,11.0208],[124.3778,11.024],[124.3806,11.0257],[124.3861,11.0211]]],[[[124.3753,11.0392],[124.3736,11.0472],[124.3781,11.0497],[124.3792,11.0467],[124.3778,11.0432],[124.3785,11.039],[124.3766,11.037],[124.3753,11.0392]]]]},"properties":{"ADM3_EN":"Palompon","name":"Palompon","ADM3_PCODE":"PH83740000","psgc_code":"83740000","ADM2_EN":"Leyte","ADM2_PCODE":"PH8374","ADM1_EN":"Region VIII (Eastern Visayas)","ADM1_PCODE":"PH08","ADM0_EN":"Philippines (the)","ADM0_PCODE":"PH","region_key":"eastern_visayas","province_key":"leyte","type":"Municipality"}},{"type":"Feature","geometry":{"type":"MultiPolygon","coordinates":[[[[124.7751,11.0901],[124.8017,11.097],[124.8034,11.1012],[124.8064,11.1035],[124.8062,11.1054],[124.8083,11.1057],[124.8061,11.1081],[124.8085,11.1133],[124.8145,11.1171],[124.8378,11.1451],[124.8613,11.1498],[124.8902,11.1533],[124.9065,11.1528],[124.9227,11.1249],[124.9388,11.1129],[124.9451,11.0974],[124.8705,11.0962],[124.8138,11.0971],[124.7931,11.0818],[124.7649,11.064],[124.748,11.0834],[124.7751,11.0901]]]]},"properties":{"ADM3_EN":"Pastrana","name":"Pastrana","ADM3_PCODE":"PH83741000","psgc_code":"83741000","ADM2_EN":"Leyte","ADM2_PCODE":"PH8374","ADM1_EN":"Region VIII (Eastern Visayas)","ADM1_PCODE":"PH08","ADM0_EN":"Philippines (the)","ADM0_PCODE":"PH","region_key":"eastern_visayas","province_key":"leyte","type":"Municipality"}},{"type":"Feature","geometry":{"type":"MultiPolygon","coordinates":[[[[124.3716,11.3642],[124.3607,11.3631],[124.3579,11.3727],[124.3511,11.3729],[124.3514,11.3756],[124.3485,11.3771],[124.3461,11.3766],[124.3453,11.3743],[124.3435,11.3758],[124.3413,11.3741],[124.3366,11.3739],[124.3313,11.3779],[124.3284,11.3885],[124.3251,11.392],[124.3255,11.3957],[124.3309,11.3962],[124.3333,11.3938],[124.3422,11.3956],[124.3487,11.4062],[124.3464,11.4086],[124.3419,11.4082],[124.3394,11.4058],[124.3361,11.4062],[124.3345,11.4073],[124.3338,11.4114],[124.3253,11.4085],[124.3216,11.4125],[124.3167,11.4147],[124.3161,11.417],[124.3182,11.4228],[124.3123,11.4256],[124.307,11.4406],[124.3086,11.4436],[124.3133,11.4459],[124.3101,11.4487],[124.3063,11.4471],[124.3036,11.4504],[124.3047,11.4528],[124.3094,11.4531],[124.3103,11.4547],[124.3092,11.4564],[124.3033,11.4565],[124.2978,11.4629],[124.2968,11.4768],[124.2939,11.4858],[124.2993,11.4895],[124.2919,11.489],[124.2917,11.4905],[124.3412,11.4926],[124.4142,11.4056],[124.4241,11.366],[124.3716,11.3642]]]]},"properties":{"ADM3_EN":"San Isidro","name":"San Isidro","ADM3_PCODE":"PH83742000","psgc_code":"83742000","ADM2_EN":"Leyte","ADM2_PCODE":"PH8374","ADM1_EN":"Region VIII (Eastern Visayas)","ADM1_PCODE":"PH08","ADM0_EN":"Philippines (the)","ADM0_PCODE":"PH","region_key":"eastern_visayas","province_key":"leyte","type":"Municipality"}},{"type":"Feature","geometry":{"type":"MultiPolygon","coordinates":[[[[124.8795,11.277],[124.8552,11.2648],[124.7967,11.2654],[124.8199,11.3282],[124.7828,11.3647],[124.7848,11.3711],[124.7884,11.3729],[124.7883,11.3749],[124.7927,11.3745],[124.796,11.3777],[124.8013,11.375],[124.7992,11.3778],[124.8061,11.3842],[124.8755,11.3498],[124.8911,11.3381],[124.8969,11.3303],[124.8969,11.2856],[124.8795,11.277]]]]},"properties":{"ADM3_EN":"San Miguel","name":"San Miguel","ADM3_PCODE":"PH83743000","psgc_code":"83743000","ADM2_EN":"Leyte","ADM2_PCODE":"PH8374","ADM1_EN":"Region VIII (Eastern Visayas)","ADM1_PCODE":"PH08","ADM0_EN":"Philippines (the)","ADM0_PCODE":"PH","region_key":"eastern_visayas","province_key":"leyte","type":"Municipality"}},{"type":"Feature","geometry":{"type":"MultiPolygon","coordinates":[[[[124.8902,11.1533],[124.8914,11.162],[124.897,11.1765],[124.9067,11.1916],[124.9277,11.2332],[124.9342,11.2419],[124.94,11.2315],[124.9473,11.2244],[124.9792,11.2067],[124.9866,11.1993],[124.9894,11.1928],[124.913,11.1417],[124.9065,11.1528],[124.8902,11.1533]]]]},"properties":{"ADM3_EN":"Santa Fe","name":"Santa Fe","ADM3_PCODE":"PH83744000","psgc_code":"83744000","ADM2_EN":"Leyte","ADM2_PCODE":"PH8374","ADM1_EN":"Region VIII (Eastern Visayas)","ADM1_PCODE":"PH08","ADM0_EN":"Philippines (the)","ADM0_PCODE":"PH","region_key":"eastern_visayas","province_key":"leyte","type":"Municipality"}},{"type":"Feature","geometry":{"type":"MultiPolygon","coordinates":[[[[124.4463,11.2498],[124.4175,11.2622],[124.3891,11.2595],[124.3854,11.262],[124.3826,11.2578],[124.3814,11.258],[124.3792,11.2684],[124.376,11.2745],[124.3775,11.2766],[124.3809,11.2757],[124.3839,11.2775],[124.3824,11.2856],[124.3897,11.2903],[124.3901,11.2974],[124.3876,11.2998],[124.3821,11.2996],[124.3799,11.2955],[124.3757,11.2957],[124.3727,11.2884],[124.367,11.2887],[124.3638,11.2932],[124.3654,11.2946],[124.3676,11.2933],[124.3679,11.2955],[124.3705,11.2973],[124.3714,11.3048],[124.3641,11.3071],[124.3629,11.303],[124.3589,11.3005],[124.3419,11.3147],[124.3395,11.3258],[124.3409,11.3309],[124.3442,11.3348],[124.3436,11.3363],[124.3398,11.3359],[124.3378,11.3384],[124.336,11.3464],[124.3394,11.3503],[124.3418,11.3631],[124.3464,11.3633],[124.3552,11.3597],[124.3594,11.3608],[124.3612,11.3638],[124.4241,11.366],[124.4343,11.3254],[124.4849,11.2327],[124.4463,11.2498]]]]},"properties":{"ADM3_EN":"Tabango","name":"Tabango","ADM3_PCODE":"PH83745000","psgc_code":"83745000","ADM2_EN":"Leyte","ADM2_PCODE":"PH8374","ADM1_EN":"Region VIII (Eastern Visayas)","ADM1_PCODE":"PH08","ADM0_EN":"Philippines (the)","ADM0_PCODE":"PH","region_key":"eastern_visayas","province_key":"leyte","type":"Municipality"}},{"type":"Feature","geometry":{"type":"MultiPolygon","coordinates":[[[[124.9334,11.021],[124.9316,11.0197],[124.9289,11.0207],[124.9255,11.0185],[124.9195,11.0195],[124.9162,11.0182],[124.938,11.0612],[124.944,11.0666],[124.9463,11.0757],[124.9523,11.0783],[124.9644,11.0598],[124.9726,11.0298],[124.9346,11.024],[124.9334,11.021]]]]},"properties":{"ADM3_EN":"Tabontabon","name":"Tabontabon","ADM3_PCODE":"PH83746000","psgc_code":"83746000","ADM2_EN":"Leyte","ADM2_PCODE":"PH8374","ADM1_EN":"Region VIII (Eastern Visayas)","ADM1_PCODE":"PH08","ADM0_EN":"Philippines (the)","ADM0_PCODE":"PH","region_key":"eastern_visayas","province_key":"leyte","type":"Municipality"}},{"type":"Feature","geometry":{"type":"MultiPolygon","coordinates":[[[[125.0026,11.1883],[124.9894,11.1928],[124.9866,11.1993],[124.9792,11.2067],[124.9473,11.2244],[124.94,11.2315],[124.921,11.2629],[124.8969,11.2856],[124.8969,11.3303],[124.9438,11.355],[124.9668,11.3538],[124.9624,11.3525],[124.9672,11.3527],[124.9667,11.3464],[124.9684,11.3388],[124.9705,11.3367],[124.9654,11.3311],[124.9658,11.326],[124.9622,11.3155],[124.9661,11.3015],[124.9655,11.2882],[124.9627,11.2808],[124.9652,11.2718],[124.9753,11.2608],[124.9758,11.2561],[124.9781,11.2531],[124.9822,11.2529],[124.9865,11.2555],[124.9874,11.2575],[124.9856,11.2607],[124.9873,11.2614],[124.993,11.2507],[124.9985,11.2465],[125.003,11.2536],[125.0083,11.2514],[125.0103,11.2456],[125.0061,11.2394],[125.005,11.2342],[125.0055,11.2197],[125.0092,11.2154],[125.0203,11.2081],[125.0245,11.2103],[125.0192,11.2211],[125.0211,11.2233],[125.0203,11.2269],[125.0232,11.2303],[125.0214,11.2366],[125.0297,11.2387],[125.0311,11.2373],[125.0258,11.1966],[125.0161,11.1778],[125.0094,11.1844],[125.0026,11.1883]]],[[[125.1114,11.2092],[125.1097,11.2078],[125.1086,11.2097],[125.1094,11.2103],[125.1114,11.2092]]],[[[125.0469,11.2173],[125.0479,11.2168],[125.0488,11.2149],[125.0472,11.2158],[125.0469,11.2173]]],[[[124.976,11.2739],[124.9767,11.2744],[124.9758,11.2727],[124.9755,11.2735],[124.976,11.2739]]]]},"properties":{"ADM3_EN":"Tacloban City","name":"Tacloban City","ADM3_PCODE":"PH83747000","psgc_code":"83747000","ADM2_EN":"Leyte","ADM2_PCODE":"PH8374","ADM1_EN":"Region VIII (Eastern Visayas)","ADM1_PCODE":"PH08","ADM0_EN":"Philippines (the)","ADM0_PCODE":"PH","region_key":"eastern_visayas","province_key":"leyte","type":"City"}},{"type":"Feature","geometry":{"type":"MultiPolygon","coordinates":[[[[124.9814,11.0374],[124.98,11.0357],[124.9804,11.0317],[124.9726,11.0298],[124.9644,11.0598],[124.9523,11.0783],[124.9451,11.0974],[125.014,11.1346],[125.0255,11.1284],[125.0222,11.1103],[125.0217,11.0947],[125.0309,11.0811],[125.0126,11.0578],[125.0089,11.0472],[125.0051,11.0445],[125.0024,11.0448],[124.9936,11.0412],[124.9918,11.0422],[124.9884,11.0395],[124.9853,11.0397],[124.9814,11.0374]]],[[[125.0224,11.1377],[125.025,11.1339],[125.025,11.1295],[125.0203,11.1337],[125.0147,11.135],[125.0207,11.1384],[125.0224,11.1377]]]]},"properties":{"ADM3_EN":"Tanauan","name":"Tanauan","ADM3_PCODE":"PH83748000","psgc_code":"83748000","ADM2_EN":"Leyte","ADM2_PCODE":"PH8374","ADM1_EN":"Region VIII (Eastern Visayas)","ADM1_PCODE":"PH08","ADM0_EN":"Philippines (the)","ADM0_PCODE":"PH","region_key":"eastern_visayas","province_key":"leyte","type":"Municipality"}},{"type":"Feature","geometry":{"type":"MultiPolygon","coordinates":[[[[125.0392,11.0225],[125.0401,10.994],[125.0175,11.0127],[124.9857,11.0306],[124.9804,11.0317],[124.98,11.0357],[124.9853,11.0397],[125.0051,11.0445],[125.0089,11.0472],[125.0126,11.0578],[125.0309,11.0811],[125.0347,11.0747],[125.0375,11.0733],[125.0392,11.0689],[125.0381,11.0672],[125.0397,11.0653],[125.0369,11.0464],[125.0392,11.0225]]]]},"properties":{"ADM3_EN":"Tolosa","name":"Tolosa","ADM3_PCODE":"PH83749000","psgc_code":"83749000","ADM2_EN":"Leyte","ADM2_PCODE":"PH8374","ADM1_EN":"Region VIII (Eastern Visayas)","ADM1_PCODE":"PH08","ADM0_EN":"Philippines (the)","ADM0_PCODE":"PH","region_key":"eastern_visayas","province_key":"leyte","type":"Municipality"}},{"type":"Feature","geometry":{"type":"MultiPolygon","coordinates":[[[[124.7393,11.2326],[124.7376,11.2525],[124.7396,11.2649],[124.7967,11.2654],[124.7497,11.2249],[124.7423,11.2214],[124.734,11.2102],[124.7335,11.2204],[124.7393,11.2326]]]]},"properties":{"ADM3_EN":"Tunga","name":"Tunga","ADM3_PCODE":"PH83750000","psgc_code":"83750000","ADM2_EN":"Leyte","ADM2_PCODE":"PH8375","ADM1_EN":"Region VIII (Eastern Visayas)","ADM1_PCODE":"PH08","ADM0_EN":"Philippines (the)","ADM0_PCODE":"PH","region_key":"eastern_visayas","province_key":"leyte","type":"Municipality"}},{"type":"Feature","geometry":{"type":"MultiPolygon","coordinates":[[[[124.4022,11.1231],[124.3978,11.1325],[124.3949,11.1444],[124.3955,11.1521],[124.3915,11.1606],[124.3898,11.17],[124.3847,11.1835],[124.3853,11.1952],[124.3838,11.2031],[124.391,11.2126],[124.3906,11.2146],[124.3863,11.217],[124.3856,11.2265],[124.3895,11.2277],[124.3961,11.2259],[124.3955,11.2332],[124.399,11.2372],[124.401,11.2368],[124.4027,11.24],[124.3972,11.2419],[124.3937,11.2461],[124.3876,11.243],[124.3863,11.251],[124.384,11.2547],[124.3888,11.2554],[124.3892,11.2602],[124.4175,11.2622],[124.4849,11.2327],[124.5004,11.1821],[124.4651,11.1527],[124.4427,11.1367],[124.4022,11.1231]]],[[[124.2523,11.1141],[124.2484,11.1136],[124.2467,11.1141],[124.2546,11.1151],[124.2523,11.1141]]]]},"properties":{"ADM3_EN":"Villaba","name":"Villaba","ADM3_PCODE":"PH83751000","psgc_code":"83751000","ADM2_EN":"Leyte","ADM2_PCODE":"PH8375","ADM1_EN":"Region VIII (Eastern Visayas)","ADM1_PCODE":"PH08","ADM0_EN":"Philippines (the)","ADM0_PCODE":"PH","region_key":"eastern_visayas","province_key":"leyte","type":"Municipality"}},{"type":"Feature","geometry":{"type":"MultiPolygon","coordinates":[[[[124.2844,12.4752],[124.2831,12.4802],[124.2854,12.4829],[124.2866,12.489],[124.2811,12.4953],[124.2814,12.5014],[124.2849,12.5035],[124.282,12.5188],[124.2714,12.5271],[124.2697,12.5303],[124.2703,12.5347],[124.2609,12.5492],[124.2656,12.5578],[124.2653,12.5627],[124.2728,12.5656],[124.27,12.5715],[124.2734,12.5731],[124.2791,12.5801],[124.2912,12.5419],[124.3116,12.5184],[124.4073,12.4669],[124.2844,12.4752]]]]},"properties":{"ADM3_EN":"Allen","name":"Allen","ADM3_PCODE":"PH84801000","psgc_code":"84801000","ADM2_EN":"Northern Samar","ADM2_PCODE":"PH8480","ADM1_EN":"Region VIII (Eastern Visayas)","ADM1_PCODE":"PH08","ADM0_EN":"Philippines (the)","ADM0_PCODE":"PH","region_key":"eastern_visayas","province_key":"northern_samar","type":"Municipality"}},{"type":"Feature","geometry":{"type":"MultiPolygon","coordinates":[[[[124.4455,12.615],[124.4403,12.6103],[124.4381,12.6103],[124.4353,12.6117],[124.4393,12.6131],[124.4392,12.6164],[124.4381,12.6167],[124.4381,12.6147],[124.4342,12.6156],[124.4328,12.6139],[124.4291,12.6163],[124.432,12.6168],[124.4334,12.622],[124.4374,12.6245],[124.4465,12.6186],[124.4474,12.617],[124.4455,12.615]]],[[[124.429,12.6186],[124.4305,12.6194],[124.4317,12.6191],[124.4305,12.6181],[124.429,12.6186]]],[[[124.4304,12.6244],[124.4315,12.626],[124.4329,12.6253],[124.4316,12.6234],[124.4304,12.6244]]],[[[124.4389,12.625],[124.4402,12.6258],[124.443,12.6247],[124.4407,12.6237],[124.4389,12.625]]],[[[124.4276,12.6454],[124.4318,12.6343],[124.4317,12.6287],[124.4301,12.6283],[124.428,12.6308],[124.4236,12.6275],[124.4208,12.6286],[124.4175,12.6269],[124.4136,12.6304],[124.4142,12.6328],[124.4167,12.6348],[124.419,12.6338],[124.4245,12.6381],[124.4245,12.6461],[124.4276,12.6454]]],[[[124.4349,12.6366],[124.4366,12.6388],[124.4391,12.6374],[124.4375,12.6359],[124.4349,12.6366]]],[[[124.4177,12.6592],[124.4194,12.6533],[124.417,12.6505],[124.4143,12.6515],[124.4127,12.6567],[124.4088,12.6595],[124.4077,12.6645],[124.4028,12.6646],[124.3989,12.6719],[124.3957,12.6735],[124.3956,12.6766],[124.3985,12.678],[124.4093,12.6745],[124.4124,12.6676],[124.417,12.6625],[124.4177,12.6592]]],[[[124.4215,12.6694],[124.4247,12.6672],[124.4243,12.663],[124.4273,12.6582],[124.4271,12.6535],[124.4252,12.6508],[124.4202,12.6522],[124.4181,12.6589],[124.4179,12.6698],[124.4215,12.6694]]],[[[124.393,12.6805],[124.3933,12.6811],[124.3953,12.6806],[124.3939,12.6794],[124.393,12.6805]]],[[[124.3899,12.6334],[124.3908,12.6349],[124.3919,12.6347],[124.3915,12.6324],[124.3899,12.6334]]],[[[124.3923,12.6368],[124.3915,12.6386],[124.395,12.6388],[124.3945,12.6371],[124.3923,12.6368]]],[[[124.4218,12.6403],[124.4208,12.6433],[124.4217,12.6444],[124.4237,12.6401],[124.4218,12.6403]]],[[[124.3912,12.6741],[124.3929,12.6676],[124.3881,12.6639],[124.3896,12.662],[124.3934,12.6623],[124.3923,12.6598],[124.3947,12.6575],[124.3947,12.6526],[124.3958,12.6527],[124.3941,12.6454],[124.3952,12.6427],[124.3918,12.6395],[124.3903,12.6448],[124.389,12.6394],[124.3858,12.6367],[124.3853,12.6383],[124.388,12.6431],[124.3857,12.6435],[124.3835,12.6409],[124.3819,12.642],[124.3813,12.6463],[124.3695,12.6542],[124.365,12.6556],[124.3616,12.6804],[124.3568,12.686],[124.3548,12.6958],[124.3658,12.6933],[124.377,12.6828],[124.3767,12.6844],[124.38,12.6878],[124.3845,12.6878],[124.3886,12.6833],[124.385,12.6814],[124.3858,12.6792],[124.3912,12.6741]]],[[[124.3729,12.6485],[124.3792,12.6428],[124.3802,12.6365],[124.378,12.6306],[124.3738,12.6334],[124.3685,12.6506],[124.3729,12.6485]]],[[[124.3614,12.6609],[124.3672,12.6472],[124.3658,12.6431],[124.3592,12.6453],[124.3592,12.6517],[124.3558,12.6561],[124.3586,12.6622],[124.3614,12.6609]]],[[[124.3747,12.6903],[124.3758,12.6928],[124.3777,12.6907],[124.3742,12.6872],[124.3747,12.6903]]],[[[124.371,12.6952],[124.3701,12.6941],[124.3676,12.6954],[124.3679,12.6976],[124.371,12.6952]]],[[[124.2823,12.7514],[124.2814,12.7548],[124.2837,12.7548],[124.2839,12.75],[124.2823,12.7514]]],[[[124.2811,12.7579],[124.2815,12.7586],[124.2833,12.7561],[124.2831,12.7558],[124.2811,12.7579]]]]},"properties":{"ADM3_EN":"Biri","name":"Biri","ADM3_PCODE":"PH84802000","psgc_code":"84802000","ADM2_EN":"Northern Samar","ADM2_PCODE":"PH8480","ADM1_EN":"Region VIII (Eastern Visayas)","ADM1_PCODE":"PH08","ADM0_EN":"Philippines (the)","ADM0_PCODE":"PH","region_key":"eastern_visayas","province_key":"northern_samar","type":"Municipality"}},{"type":"Feature","geometry":{"type":"MultiPolygon","coordinates":[[[[124.5748,12.4223],[124.5701,12.3591],[124.5637,12.2883],[124.4829,12.3353],[124.4754,12.3433],[124.4985,12.4275],[124.522,12.5226],[124.5319,12.5206],[124.535,12.5233],[124.5356,12.5264],[124.5403,12.5271],[124.5454,12.524],[124.5504,12.5238],[124.5504,12.5222],[124.5574,12.5194],[124.561,12.5215],[124.5608,12.5264],[124.5647,12.5303],[124.5828,12.5228],[124.5748,12.4223]]],[[[124.5578,12.5214],[124.5586,12.5247],[124.5597,12.5253],[124.5599,12.5213],[124.5578,12.5214]]],[[[124.5546,12.5222],[124.5542,12.5237],[124.559,12.5275],[124.5598,12.5266],[124.5583,12.5256],[124.5576,12.5223],[124.5546,12.5222]]]]},"properties":{"ADM3_EN":"Bobon","name":"Bobon","ADM3_PCODE":"PH84803000","psgc_code":"84803000","ADM2_EN":"Northern Samar","ADM2_PCODE":"PH8480","ADM1_EN":"Region VIII (Eastern Visayas)","ADM1_PCODE":"PH08","ADM0_EN":"Philippines (the)","ADM0_PCODE":"PH","region_key":"eastern_visayas","province_key":"northern_samar","type":"Municipality"}},{"type":"Feature","geometry":{"type":"MultiPolygon","coordinates":[[[[124.1819,12.381],[124.1786,12.3841],[124.1766,12.3835],[124.1502,12.41],[124.1424,12.4281],[124.1389,12.4317],[124.1388,12.4386],[124.1375,12.4401],[124.1391,12.443],[124.1331,12.4544],[124.1345,12.465],[124.1382,12.4688],[124.1367,12.4726],[124.1407,12.4826],[124.1511,12.4725],[124.1497,12.4648],[124.1566,12.4644],[124.1671,12.4535],[124.1778,12.4303],[124.1822,12.4241],[124.1905,12.417],[124.1927,12.4122],[124.193,12.3993],[124.191,12.39],[124.1819,12.381]]]]},"properties":{"ADM3_EN":"Capul","name":"Capul","ADM3_PCODE":"PH84804000","psgc_code":"84804000","ADM2_EN":"Northern Samar","ADM2_PCODE":"PH8480","ADM1_EN":"Region VIII (Eastern Visayas)","ADM1_PCODE":"PH08","ADM0_EN":"Philippines (the)","ADM0_PCODE":"PH","region_key":"eastern_visayas","province_key":"northern_samar","type":"Municipality"}},{"type":"Feature","geometry":{"type":"MultiPolygon","coordinates":[[[[124.5733,12.4001],[124.5828,12.5228],[124.6071,12.5167],[124.6173,12.5118],[124.622,12.5119],[124.6335,12.5078],[124.6454,12.5072],[124.6514,12.5102],[124.6507,12.5084],[124.6434,12.5059],[124.6422,12.5014],[124.6439,12.4939],[124.6524,12.4903],[124.6451,12.4962],[124.6437,12.5002],[124.645,12.503],[124.6506,12.5045],[124.654,12.5076],[124.6559,12.5157],[124.658,12.5142],[124.6622,12.5178],[124.6653,12.5126],[124.6714,12.5087],[124.6784,12.5086],[124.6964,12.5151],[124.7,12.5127],[124.7019,12.4875],[124.7278,12.4169],[124.6978,12.417],[124.6951,12.3846],[124.6896,12.3582],[124.6855,12.3595],[124.6844,12.3517],[124.682,12.3523],[124.6813,12.3498],[124.6697,12.3664],[124.6583,12.3451],[124.6332,12.3376],[124.6242,12.3379],[124.6295,12.3605],[124.6259,12.3653],[124.6273,12.3687],[124.6254,12.3749],[124.6219,12.3776],[124.6265,12.3804],[124.6281,12.3882],[124.6223,12.3874],[124.6129,12.3827],[124.6113,12.3657],[124.5845,12.316],[124.5665,12.3161],[124.5733,12.4001]]],[[[124.6463,12.4943],[124.6476,12.4936],[124.6485,12.4928],[124.6469,12.4929],[124.6463,12.4943]]]]},"properties":{"ADM3_EN":"Catarman","name":"Catarman","ADM3_PCODE":"PH84805000","psgc_code":"84805000","ADM2_EN":"Northern Samar","ADM2_PCODE":"PH8480","ADM1_EN":"Region VIII (Eastern Visayas)","ADM1_PCODE":"PH08","ADM0_EN":"Philippines (the)","ADM0_PCODE":"PH","region_key":"eastern_visayas","province_key":"northern_samar","type":"Municipality"}},{"type":"Feature","geometry":{"type":"MultiPolygon","coordinates":[[[[125.1489,12.3335],[125.0708,12.3585],[124.9742,12.383],[124.9713,12.4569],[125.1203,12.4505],[125.1301,12.4358],[125.1957,12.3716],[125.1822,12.3602],[125.1675,12.3416],[125.1632,12.3317],[125.1489,12.3335]]]]},"properties":{"ADM3_EN":"Catubig","name":"Catubig","ADM3_PCODE":"PH84806000","psgc_code":"84806000","ADM2_EN":"Northern Samar","ADM2_PCODE":"PH8480","ADM1_EN":"Region VIII (Eastern Visayas)","ADM1_PCODE":"PH08","ADM0_EN":"Philippines (the)","ADM0_PCODE":"PH","region_key":"eastern_visayas","province_key":"northern_samar","type":"Municipality"}},{"type":"Feature","geometry":{"type":"MultiPolygon","coordinates":[[[[125.2869,12.3489],[125.29,12.3483],[125.2903,12.3467],[125.2147,12.3516],[125.1781,12.3888],[125.1951,12.398],[125.2073,12.402],[125.2091,12.4047],[125.2246,12.4058],[125.2265,12.4084],[125.2303,12.4108],[125.2345,12.4109],[125.2377,12.4142],[125.2418,12.4145],[125.2439,12.4104],[125.2531,12.4059],[125.2889,12.467],[125.2905,12.4673],[125.2911,12.4658],[125.2936,12.4664],[125.2922,12.465],[125.2933,12.4567],[125.2894,12.4517],[125.2892,12.4442],[125.2958,12.4314],[125.2955,12.4283],[125.2989,12.4239],[125.3105,12.4125],[125.3139,12.4122],[125.3189,12.4144],[125.3233,12.4119],[125.3267,12.4122],[125.3314,12.4086],[125.3361,12.4081],[125.3378,12.4058],[125.3325,12.4011],[125.3317,12.3964],[125.3286,12.3967],[125.3231,12.4011],[125.3164,12.3978],[125.3108,12.3978],[125.3097,12.3992],[125.3078,12.3978],[125.3044,12.4011],[125.2992,12.3975],[125.3056,12.3894],[125.3086,12.3886],[125.3103,12.3911],[125.3164,12.3867],[125.3125,12.3853],[125.3072,12.3869],[125.3028,12.3836],[125.2983,12.3844],[125.3025,12.3822],[125.3058,12.3828],[125.2989,12.3761],[125.2975,12.3706],[125.2989,12.3667],[125.3008,12.3656],[125.3039,12.3667],[125.3056,12.3639],[125.3033,12.3611],[125.2967,12.3592],[125.2908,12.36],[125.2858,12.3556],[125.2881,12.3511],[125.2869,12.3489]]]]},"properties":{"ADM3_EN":"Gamay","name":"Gamay","ADM3_PCODE":"PH84807000","psgc_code":"84807000","ADM2_EN":"Northern Samar","ADM2_PCODE":"PH8480","ADM1_EN":"Region VIII (Eastern Visayas)","ADM1_PCODE":"PH08","ADM0_EN":"Philippines (the)","ADM0_PCODE":"PH","region_key":"eastern_visayas","province_key":"northern_samar","type":"Municipality"}},{"type":"Feature","geometry":{"type":"MultiPolygon","coordinates":[[[[125.0478,12.5422],[125.0633,12.5475],[125.0608,12.5433],[125.0564,12.5428],[125.0558,12.5411],[125.0592,12.5414],[125.0631,12.5381],[125.068,12.5392],[125.072,12.5358],[125.0759,12.5367],[125.0888,12.4955],[125.0898,12.494],[125.095,12.4941],[125.0992,12.4892],[125.0999,12.4853],[125.0982,12.4813],[125.0734,12.4829],[125.0738,12.4798],[125.0716,12.4781],[125.0717,12.4757],[125.0749,12.4736],[125.0778,12.4738],[125.079,12.47],[125.084,12.4649],[125.083,12.4612],[125.0844,12.4592],[125.0828,12.4593],[125.0818,12.4539],[125.0828,12.452],[124.9713,12.4569],[124.9613,12.5493],[124.9647,12.5497],[124.9608,12.5557],[124.9606,12.5589],[124.9653,12.5572],[124.975,12.5492],[124.9903,12.5523],[125.0,12.5575],[125.0075,12.5667],[125.0096,12.5629],[125.0142,12.5662],[125.0099,12.5692],[125.008,12.5728],[125.0044,12.573],[125.0028,12.5753],[125.0061,12.5803],[125.0061,12.5853],[124.9979,12.5885],[125.0006,12.59],[125.0017,12.5932],[125.0007,12.606],[124.9919,12.6112],[124.9902,12.6165],[124.9936,12.6214],[124.9931,12.625],[124.9889,12.6308],[124.9886,12.6431],[124.9947,12.6428],[125.0008,12.6394],[125.005,12.6306],[125.0108,12.6253],[125.0161,12.6142],[125.0122,12.6053],[125.013,12.6025],[125.0167,12.5997],[125.0169,12.5961],[125.0189,12.5969],[125.0222,12.5953],[125.0261,12.5903],[125.0297,12.5908],[125.0353,12.5856],[125.0425,12.5847],[125.0472,12.5883],[125.0517,12.5894],[125.0547,12.5858],[125.0583,12.5869],[125.0633,12.5814],[125.0634,12.576],[125.0697,12.5739],[125.0697,12.5692],[125.0611,12.5644],[125.0594,12.5581],[125.056,12.5552],[125.047,12.5541],[125.0439,12.5573],[125.0347,12.5543],[125.0282,12.5553],[125.0284,12.5511],[125.0391,12.5484],[125.0463,12.5504],[125.05,12.5538],[125.0524,12.5533],[125.0536,12.5497],[125.0472,12.5444],[125.0478,12.5422]]],[[[125.0561,12.55],[125.057,12.5525],[125.0617,12.5558],[125.0631,12.5608],[125.0678,12.5628],[125.0631,12.5489],[125.0567,12.5469],[125.0561,12.55]]],[[[125.0239,12.6075],[125.0228,12.6058],[125.0206,12.6086],[125.0225,12.6094],[125.0239,12.6075]]],[[[125.0042,12.6636],[125.0072,12.6625],[125.0075,12.6572],[125.0117,12.6514],[125.0122,12.6447],[125.0106,12.6408],[125.0083,12.6425],[125.0,12.6422],[124.99,12.6478],[124.9908,12.6519],[124.9881,12.6574],[124.9944,12.6583],[124.9983,12.6636],[125.0042,12.6636]]],[[[125.0508,12.625],[125.0506,12.6276],[125.0567,12.6322],[125.0581,12.6389],[125.0478,12.6419],[125.0455,12.6447],[125.0469,12.6458],[125.045,12.6469],[125.0369,12.6492],[125.0297,12.6489],[125.0278,12.6508],[125.0267,12.6569],[125.0364,12.6644],[125.0325,12.6647],[125.0289,12.6678],[125.0311,12.6731],[125.0364,12.6789],[125.0369,12.6828],[125.05,12.6825],[125.0547,12.685],[125.0628,12.6861],[125.0648,12.6849],[125.0664,12.6761],[125.0744,12.6619],[125.0733,12.655],[125.0694,12.6492],[125.0762,12.6412],[125.0747,12.6372],[125.0758,12.6297],[125.0736,12.6278],[125.0772,12.6247],[125.0744,12.6214],[125.0786,12.6222],[125.0839,12.6167],[125.0869,12.6194],[125.09,12.6183],[125.0886,12.6142],[125.0894,12.6122],[125.0872,12.6097],[125.0903,12.6064],[125.0894,12.6031],[125.0844,12.6008],[125.0769,12.6044],[125.0755,12.6031],[125.0667,12.6038],[125.0667,12.6056],[125.0583,12.6031],[125.0525,12.6069],[125.0553,12.6092],[125.0517,12.6078],[125.0497,12.61],[125.05,12.6119],[125.0455,12.6103],[125.0364,12.6156],[125.0325,12.6206],[125.0372,12.6261],[125.0483,12.6217],[125.0495,12.6233],[125.0522,12.6228],[125.0508,12.625]]],[[[125.0852,12.623],[125.0835,12.6226],[125.0824,12.6248],[125.0826,12.6301],[125.0851,12.6301],[125.0887,12.6264],[125.0882,12.6227],[125.0852,12.623]]]]},"properties":{"ADM3_EN":"Laoang","name":"Laoang","ADM3_PCODE":"PH84808000","psgc_code":"84808000","ADM2_EN":"Northern Samar","ADM2_PCODE":"PH8480","ADM1_EN":"Region VIII (Eastern Visayas)","ADM1_PCODE":"PH08","ADM0_EN":"Philippines (the)","ADM0_PCODE":"PH","region_key":"eastern_visayas","province_key":"northern_samar","type":"Municipality"}},{"type":"Feature","geometry":{"type":"MultiPolygon","coordinates":[[[[125.3029,12.2688],[125.303,12.2676],[125.2965,12.2669],[125.2935,12.2629],[125.2505,12.3104],[125.2292,12.3385],[125.2147,12.3516],[125.2903,12.3467],[125.2911,12.3483],[125.2933,12.3439],[125.2864,12.3386],[125.2903,12.3306],[125.2989,12.3281],[125.3047,12.3336],[125.307,12.3339],[125.31,12.3314],[125.3094,12.3264],[125.315,12.3292],[125.3194,12.3289],[125.3208,12.3275],[125.32,12.3261],[125.3125,12.325],[125.3114,12.3222],[125.3028,12.3192],[125.3044,12.3136],[125.2961,12.3033],[125.2944,12.3033],[125.2919,12.3069],[125.2889,12.3075],[125.2869,12.3058],[125.2897,12.3042],[125.2881,12.3017],[125.2883,12.2967],[125.2942,12.2961],[125.2928,12.2922],[125.2939,12.2903],[125.2958,12.2903],[125.3072,12.2986],[125.3175,12.2986],[125.3225,12.3014],[125.325,12.3089],[125.33,12.3108],[125.3328,12.3175],[125.335,12.3186],[125.3378,12.3169],[125.3392,12.3156],[125.3392,12.3092],[125.3342,12.3072],[125.33,12.2992],[125.3322,12.2969],[125.3383,12.2967],[125.3422,12.2906],[125.3419,12.2853],[125.3369,12.2747],[125.3347,12.2742],[125.3286,12.2822],[125.3258,12.2828],[125.3228,12.2802],[125.3192,12.2801],[125.3208,12.2792],[125.3185,12.2791],[125.3146,12.2723],[125.3059,12.2675],[125.3029,12.2688]]]]},"properties":{"ADM3_EN":"Lapinig","name":"Lapinig","ADM3_PCODE":"PH84809000","psgc_code":"84809000","ADM2_EN":"Northern Samar","ADM2_PCODE":"PH8480","ADM1_EN":"Region VIII (Eastern Visayas)","ADM1_PCODE":"PH08","ADM0_EN":"Philippines (the)","ADM0_PCODE":"PH","region_key":"eastern_visayas","province_key":"northern_samar","type":"Municipality"}},{"type":"Feature","geometry":{"type":"MultiPolygon","coordinates":[[[[125.0332,12.2465],[124.9922,12.2321],[124.9737,12.2292],[124.9472,12.2319],[124.9277,12.237],[124.91,12.247],[124.9059,12.2537],[124.92,12.2767],[124.9388,12.296],[124.9547,12.3156],[124.962,12.332],[124.9737,12.3706],[124.9742,12.383],[125.0708,12.3585],[125.1432,12.3344],[125.1632,12.3317],[125.1572,12.3086],[125.1519,12.2966],[125.1529,12.2868],[125.1212,12.2861],[125.105,12.2821],[125.0582,12.2605],[125.0521,12.2553],[125.0332,12.2465]]]]},"properties":{"ADM3_EN":"Las Navas","name":"Las Navas","ADM3_PCODE":"PH84810000","psgc_code":"84810000","ADM2_EN":"Northern Samar","ADM2_PCODE":"PH8481","ADM1_EN":"Region VIII (Eastern Visayas)","ADM1_PCODE":"PH08","ADM0_EN":"Philippines (the)","ADM0_PCODE":"PH","region_key":"eastern_visayas","province_key":"northern_samar","type":"Municipality"}},{"type":"Feature","geometry":{"type":"MultiPolygon","coordinates":[[[[124.3381,12.5393],[124.3396,12.542],[124.3381,12.5447],[124.3415,12.5466],[124.3458,12.5456],[124.3523,12.5366],[124.3571,12.5383],[124.3561,12.5491],[124.3592,12.5536],[124.3575,12.5539],[124.3551,12.5509],[124.3556,12.5564],[124.3653,12.5529],[124.371,12.5554],[124.3795,12.5538],[124.3808,12.5525],[124.3781,12.5506],[124.3789,12.5531],[124.3715,12.5543],[124.3723,12.5483],[124.3767,12.5453],[124.3792,12.5497],[124.3819,12.5458],[124.3888,12.5457],[124.3904,12.5483],[124.3917,12.545],[124.388,12.5417],[124.3922,12.5386],[124.3933,12.5397],[124.3897,12.5419],[124.3944,12.5456],[124.3897,12.5553],[124.3903,12.5572],[124.3878,12.5597],[124.3878,12.5632],[124.3919,12.5668],[124.4008,12.56],[124.4036,12.5622],[124.4064,12.5608],[124.4072,12.5578],[124.4029,12.5547],[124.4003,12.5503],[124.4079,12.5477],[124.4065,12.4672],[124.3116,12.5184],[124.2912,12.5419],[124.2791,12.5801],[124.2797,12.5822],[124.2836,12.5833],[124.2867,12.5821],[124.2894,12.5839],[124.2978,12.5739],[124.2978,12.5678],[124.2993,12.5653],[124.2987,12.5641],[124.297,12.5652],[124.2975,12.5631],[124.2996,12.5632],[124.3031,12.56],[124.3052,12.5631],[124.3079,12.5633],[124.3139,12.5603],[124.3147,12.558],[124.3172,12.5589],[124.3194,12.5556],[124.318,12.5544],[124.3148,12.5558],[124.3139,12.5526],[124.3166,12.5535],[124.3165,12.5508],[124.3224,12.5522],[124.3232,12.5546],[124.3252,12.5552],[124.3264,12.5475],[124.3239,12.5413],[124.3261,12.5431],[124.3267,12.5385],[124.329,12.5359],[124.3366,12.5379],[124.3363,12.5406],[124.3381,12.5393]]],[[[124.3201,12.5618],[124.3178,12.5689],[124.3207,12.5703],[124.324,12.5657],[124.3221,12.5615],[124.3201,12.5618]]],[[[124.3767,12.5811],[124.3822,12.5805],[124.3829,12.5833],[124.3794,12.5837],[124.3831,12.5856],[124.3856,12.5833],[124.3833,12.5814],[124.3867,12.58],[124.3861,12.5742],[124.3828,12.5681],[124.3781,12.5669],[124.3764,12.5647],[124.3736,12.5653],[124.3692,12.5617],[124.3636,12.5622],[124.3621,12.5633],[124.3614,12.57],[124.3567,12.5761],[124.3536,12.5881],[124.3575,12.5899],[124.3655,12.5894],[124.3767,12.5811]]],[[[124.3803,12.5956],[124.3784,12.5953],[124.3739,12.5885],[124.3765,12.5879],[124.3778,12.5897],[124.3786,12.5886],[124.377,12.5861],[124.3691,12.5885],[124.3669,12.59],[124.3665,12.5932],[124.3631,12.5944],[124.37,12.6115],[124.3678,12.6119],[124.3672,12.6089],[124.3644,12.6092],[124.3653,12.6175],[124.3611,12.6242],[124.3578,12.6275],[124.3564,12.6265],[124.3569,12.6278],[124.362,12.6281],[124.3636,12.625],[124.3667,12.6253],[124.3697,12.62],[124.373,12.6203],[124.3714,12.6189],[124.3722,12.6178],[124.3804,12.6159],[124.3902,12.605],[124.3934,12.6034],[124.4001,12.5912],[124.3999,12.5878],[124.3947,12.5822],[124.3974,12.5808],[124.3953,12.5794],[124.3933,12.5814],[124.3906,12.5778],[124.3875,12.5775],[124.3915,12.5837],[124.3883,12.5822],[124.3867,12.5845],[124.3872,12.5875],[124.382,12.5917],[124.3803,12.5956]]],[[[124.3609,12.6203],[124.3617,12.6189],[124.3583,12.6148],[124.3645,12.602],[124.3639,12.5998],[124.3615,12.5989],[124.3623,12.5962],[124.3611,12.594],[124.3586,12.5944],[124.3564,12.598],[124.358,12.6013],[124.3538,12.6234],[124.356,12.6254],[124.3593,12.6244],[124.3609,12.6203]]]]},"properties":{"ADM3_EN":"Lavezares","name":"Lavezares","ADM3_PCODE":"PH84811000","psgc_code":"84811000","ADM2_EN":"Northern Samar","ADM2_PCODE":"PH8481","ADM1_EN":"Region VIII (Eastern Visayas)","ADM1_PCODE":"PH08","ADM0_EN":"Philippines (the)","ADM0_PCODE":"PH","region_key":"eastern_visayas","province_key":"northern_samar","type":"Municipality"}},{"type":"Feature","geometry":{"type":"MultiPolygon","coordinates":[[[[124.6327,12.2479],[124.6159,12.2565],[124.5637,12.2883],[124.5665,12.3161],[124.5845,12.316],[124.6113,12.3657],[124.6129,12.3827],[124.6223,12.3874],[124.6281,12.3882],[124.6265,12.3804],[124.6219,12.3776],[124.6254,12.3749],[124.6273,12.3687],[124.6259,12.3653],[124.6295,12.3605],[124.6242,12.3379],[124.6332,12.3376],[124.6583,12.3451],[124.6697,12.3664],[124.6813,12.3498],[124.682,12.3523],[124.6844,12.3517],[124.6855,12.3595],[124.6896,12.3582],[124.6951,12.3846],[124.6978,12.417],[124.7278,12.4169],[124.7414,12.3714],[124.7139,12.2909],[124.641,12.2425],[124.6327,12.2479]]]]},"properties":{"ADM3_EN":"Lopede Vega","name":"Lopede Vega","ADM3_PCODE":"PH84824000","psgc_code":"84824000","ADM2_EN":"Northern Samar","ADM2_PCODE":"PH8482","ADM1_EN":"Region VIII (Eastern Visayas)","ADM1_PCODE":"PH08","ADM0_EN":"Philippines (the)","ADM0_PCODE":"PH","region_key":"eastern_visayas","province_key":"northern_samar","type":"Municipality"}},{"type":"Feature","geometry":{"type":"MultiPolygon","coordinates":[[[[125.2246,12.4058],[125.2091,12.4047],[125.2073,12.402],[125.1951,12.398],[125.1781,12.3888],[125.1301,12.4358],[125.1203,12.4505],[125.2316,12.5177],[125.2342,12.5178],[125.233,12.5147],[125.2403,12.5139],[125.2419,12.5069],[125.2472,12.5047],[125.2497,12.5006],[125.2536,12.4981],[125.2536,12.4956],[125.2586,12.4914],[125.2639,12.4894],[125.2655,12.4928],[125.2686,12.4917],[125.2667,12.4906],[125.2692,12.4892],[125.2657,12.488],[125.2569,12.4792],[125.2606,12.4733],[125.265,12.4736],[125.2711,12.4789],[125.2917,12.4683],[125.2889,12.467],[125.2531,12.4059],[125.2439,12.4104],[125.2408,12.4147],[125.2366,12.4138],[125.2345,12.4109],[125.2303,12.4108],[125.2246,12.4058]]]]},"properties":{"ADM3_EN":"Mapanas","name":"Mapanas","ADM3_PCODE":"PH84812000","psgc_code":"84812000","ADM2_EN":"Northern Samar","ADM2_PCODE":"PH8481","ADM1_EN":"Region VIII (Eastern Visayas)","ADM1_PCODE":"PH08","ADM0_EN":"Philippines (the)","ADM0_PCODE":"PH","region_key":"eastern_visayas","province_key":"northern_samar","type":"Municipality"}},{"type":"Feature","geometry":{"type":"MultiPolygon","coordinates":[[[[124.7802,12.5315],[124.7899,12.5355],[124.7918,12.5379],[124.7947,12.5381],[124.7986,12.543],[124.7977,12.537],[124.8008,12.5389],[124.8051,12.534],[124.8101,12.532],[124.8221,12.5294],[124.8287,12.5295],[124.8415,12.3595],[124.8409,12.351],[124.8368,12.3377],[124.8281,12.327],[124.7532,12.2628],[124.7139,12.2909],[124.7414,12.3714],[124.7278,12.4169],[124.7019,12.4875],[124.7,12.5127],[124.7069,12.5126],[124.7085,12.5166],[124.7113,12.5172],[124.7192,12.5144],[124.7248,12.5142],[124.7495,12.5176],[124.7537,12.519],[124.7569,12.5236],[124.7617,12.5242],[124.7648,12.5281],[124.7688,12.5293],[124.7751,12.5275],[124.7802,12.5315]]],[[[124.701,12.5307],[124.6967,12.5325],[124.7025,12.5352],[124.704,12.5322],[124.701,12.5307]]],[[[124.6867,12.5439],[124.6844,12.5458],[124.6822,12.5497],[124.687,12.5488],[124.6889,12.5444],[124.6867,12.5439]]]]},"properties":{"ADM3_EN":"Mondragon","name":"Mondragon","ADM3_PCODE":"PH84813000","psgc_code":"84813000","ADM2_EN":"Northern Samar","ADM2_PCODE":"PH8481","ADM1_EN":"Region VIII (Eastern Visayas)","ADM1_PCODE":"PH08","ADM0_EN":"Philippines (the)","ADM0_PCODE":"PH","region_key":"eastern_visayas","province_key":"northern_samar","type":"Municipality"}},{"type":"Feature","geometry":{"type":"MultiPolygon","coordinates":[[[[125.0824,12.4557],[125.0828,12.4593],[125.0844,12.4592],[125.083,12.4612],[125.084,12.4649],[125.079,12.47],[125.0778,12.4738],[125.0749,12.4736],[125.0717,12.4757],[125.0716,12.4781],[125.0738,12.4798],[125.0734,12.4829],[125.0982,12.4813],[125.0999,12.4853],[125.0978,12.4919],[125.0888,12.4955],[125.0759,12.5367],[125.0811,12.5408],[125.08,12.5458],[125.0817,12.5519],[125.08,12.5536],[125.0803,12.5578],[125.0722,12.5689],[125.0739,12.571],[125.0769,12.5706],[125.0728,12.5744],[125.0722,12.5781],[125.0742,12.5794],[125.0808,12.5775],[125.0847,12.5794],[125.0872,12.5831],[125.0917,12.5817],[125.0981,12.5822],[125.1,12.5808],[125.0992,12.5761],[125.1014,12.5703],[125.1042,12.5686],[125.1072,12.5692],[125.1097,12.5647],[125.1122,12.5636],[125.1314,12.5719],[125.1383,12.5728],[125.1417,12.5756],[125.1419,12.5833],[125.1458,12.585],[125.1522,12.5739],[125.1547,12.5753],[125.1625,12.5672],[125.1697,12.5625],[125.1783,12.5594],[125.1875,12.5511],[125.1878,12.5486],[125.197,12.5425],[125.1994,12.5383],[125.2064,12.535],[125.2089,12.5361],[125.2106,12.5347],[125.2128,12.5319],[125.2142,12.5244],[125.2192,12.5242],[125.2214,12.5292],[125.2247,12.5222],[125.2326,12.5181],[125.1203,12.4505],[125.0828,12.452],[125.0824,12.4557]]],[[[125.1272,12.5778],[125.1258,12.5803],[125.1283,12.5819],[125.1292,12.5783],[125.1272,12.5778]]],[[[125.1453,12.6003],[125.1497,12.5908],[125.1447,12.5853],[125.1417,12.5853],[125.1364,12.5933],[125.1361,12.5986],[125.1394,12.6019],[125.1436,12.6022],[125.1453,12.6003]]]]},"properties":{"ADM3_EN":"Palapag","name":"Palapag","ADM3_PCODE":"PH84814000","psgc_code":"84814000","ADM2_EN":"Northern Samar","ADM2_PCODE":"PH8481","ADM1_EN":"Region VIII (Eastern Visayas)","ADM1_PCODE":"PH08","ADM0_EN":"Philippines (the)","ADM0_PCODE":"PH","region_key":"eastern_visayas","province_key":"northern_samar","type":"Municipality"}},{"type":"Feature","geometry":{"type":"MultiPolygon","coordinates":[[[[124.9737,12.3706],[124.9654,12.3433],[124.929,12.3514],[124.8884,12.383],[124.905,12.3918],[124.926,12.4399],[124.9236,12.4454],[124.9193,12.4439],[124.9179,12.4497],[124.9218,12.4578],[124.9271,12.4627],[124.924,12.464],[124.9203,12.4598],[124.9202,12.4635],[124.9123,12.4716],[124.9222,12.4783],[124.9219,12.4875],[124.9315,12.4857],[124.9366,12.4903],[124.9333,12.4965],[124.9199,12.4987],[124.9207,12.507],[124.9281,12.5223],[124.9249,12.5268],[124.9197,12.5287],[124.9137,12.5268],[124.9092,12.5291],[124.9145,12.5376],[124.9117,12.5411],[124.9112,12.5453],[124.9079,12.5455],[124.9097,12.5481],[124.908,12.5501],[124.9057,12.5487],[124.8988,12.552],[124.8998,12.5546],[124.8849,12.5521],[124.8815,12.5542],[124.8799,12.5467],[124.8744,12.5437],[124.8671,12.5362],[124.8628,12.5344],[124.8799,12.552],[124.8827,12.565],[124.878,12.5719],[124.8627,12.5784],[124.8574,12.582],[124.8584,12.5841],[124.8745,12.5795],[124.8756,12.5774],[124.8881,12.5772],[124.8906,12.5739],[124.892,12.5671],[124.8973,12.5652],[124.8983,12.5603],[124.9004,12.5626],[124.9041,12.5627],[124.9076,12.5606],[124.9103,12.5631],[124.9141,12.5638],[124.8999,12.5648],[124.8921,12.5717],[124.9019,12.5669],[124.9322,12.5672],[124.9375,12.5686],[124.9439,12.5728],[124.9453,12.5753],[124.954,12.5786],[124.9567,12.5844],[124.9617,12.5822],[124.9591,12.5763],[124.9633,12.5692],[124.9636,12.5627],[124.9613,12.5603],[124.9586,12.5623],[124.9527,12.5609],[124.9517,12.5586],[124.9538,12.5593],[124.9563,12.5576],[124.9606,12.5589],[124.9608,12.5557],[124.9647,12.5497],[124.9613,12.5493],[124.9717,12.4531],[124.9737,12.3706]]],[[[124.9581,12.5589],[124.9561,12.5587],[124.955,12.56],[124.96,12.5597],[124.9581,12.5589]]],[[[124.8141,12.6135],[124.8122,12.6151],[124.8122,12.6188],[124.8174,12.6159],[124.8164,12.6139],[124.8141,12.6135]]]]},"properties":{"ADM3_EN":"Pambujan","name":"Pambujan","ADM3_PCODE":"PH84815000","psgc_code":"84815000","ADM2_EN":"Northern Samar","ADM2_PCODE":"PH8481","ADM1_EN":"Region VIII (Eastern Visayas)","ADM1_PCODE":"PH08","ADM0_EN":"Philippines (the)","ADM0_PCODE":"PH","region_key":"eastern_visayas","province_key":"northern_samar","type":"Municipality"}},{"type":"Feature","geometry":{"type":"MultiPolygon","coordinates":[[[[124.4361,12.5294],[124.4378,12.5289],[124.4361,12.5317],[124.4375,12.5344],[124.4403,12.5339],[124.4458,12.5281],[124.4472,12.5297],[124.4476,12.4977],[124.4807,12.4981],[124.4655,12.437],[124.4065,12.4672],[124.4079,12.5477],[124.4146,12.5491],[124.4169,12.5461],[124.4211,12.5447],[124.4242,12.5353],[124.4211,12.5326],[124.4208,12.5295],[124.423,12.5333],[124.4303,12.5308],[124.4367,12.5364],[124.443,12.534],[124.4377,12.5355],[124.4359,12.5345],[124.4293,12.5279],[124.43,12.5228],[124.4333,12.5286],[124.4361,12.5294]]],[[[124.4314,12.5337],[124.4289,12.5328],[124.4256,12.5342],[124.4231,12.5431],[124.4256,12.5441],[124.4349,12.5367],[124.4314,12.5337]]],[[[124.4549,12.5451],[124.455,12.5483],[124.4562,12.5491],[124.458,12.5477],[124.4565,12.5439],[124.4549,12.5451]]],[[[124.4384,12.5612],[124.4396,12.5613],[124.4405,12.5566],[124.4411,12.5584],[124.4437,12.5574],[124.4433,12.5606],[124.4488,12.5605],[124.4496,12.558],[124.4531,12.5597],[124.4533,12.5557],[124.4564,12.5542],[124.4567,12.5519],[124.4532,12.5455],[124.4531,12.5403],[124.4464,12.5358],[124.4346,12.5389],[124.427,12.544],[124.4195,12.5531],[124.4159,12.5536],[124.4131,12.5572],[124.4139,12.5611],[124.4176,12.5631],[124.4204,12.5682],[124.4225,12.5739],[124.4217,12.5796],[124.4237,12.5812],[124.4303,12.5794],[124.431,12.5726],[124.4369,12.5689],[124.4355,12.565],[124.4321,12.5664],[124.4316,12.5637],[124.4352,12.5631],[124.4355,12.5609],[124.4384,12.5612]]]]},"properties":{"ADM3_EN":"Rosario","name":"Rosario","ADM3_PCODE":"PH84816000","psgc_code":"84816000","ADM2_EN":"Northern Samar","ADM2_PCODE":"PH8481","ADM1_EN":"Region VIII (Eastern Visayas)","ADM1_PCODE":"PH08","ADM0_EN":"Philippines (the)","ADM0_PCODE":"PH","region_key":"eastern_visayas","province_key":"northern_samar","type":"Municipality"}},{"type":"Feature","geometry":{"type":"MultiPolygon","coordinates":[[[[124.2817,12.3701],[124.2765,12.362],[124.2716,12.3621],[124.2687,12.3641],[124.2581,12.3809],[124.2493,12.4044],[124.2477,12.4166],[124.2404,12.4424],[124.2392,12.4522],[124.2399,12.4556],[124.2429,12.4586],[124.2474,12.4601],[124.2535,12.4562],[124.2683,12.435],[124.2799,12.414],[124.279,12.4077],[124.2809,12.3991],[124.2849,12.3925],[124.2856,12.3849],[124.2817,12.3701]]]]},"properties":{"ADM3_EN":"San Antonio","name":"San Antonio","ADM3_PCODE":"PH84817000","psgc_code":"84817000","ADM2_EN":"Northern Samar","ADM2_PCODE":"PH8481","ADM1_EN":"Region VIII (Eastern Visayas)","ADM1_PCODE":"PH08","ADM0_EN":"Philippines (the)","ADM0_PCODE":"PH","region_key":"eastern_visayas","province_key":"northern_samar","type":"Municipality"}},{"type":"Feature","geometry":{"type":"MultiPolygon","coordinates":[[[[124.3555,12.2877],[124.3528,12.2906],[124.3481,12.29],[124.3459,12.2917],[124.3475,12.2984],[124.3381,12.3156],[124.3425,12.3179],[124.3431,12.3229],[124.3406,12.3244],[124.3375,12.3315],[124.3331,12.3475],[124.336,12.3547],[124.3348,12.3665],[124.3408,12.3739],[124.3392,12.3792],[124.3415,12.3804],[124.3409,12.3843],[124.3447,12.3866],[124.3398,12.3871],[124.3401,12.3916],[124.337,12.3924],[124.3337,12.3853],[124.3365,12.3822],[124.3352,12.3777],[124.3325,12.3748],[124.3298,12.3765],[124.3281,12.3801],[124.3288,12.384],[124.3262,12.3852],[124.3287,12.3894],[124.3225,12.4035],[124.3241,12.4072],[124.3228,12.4167],[124.3991,12.4166],[124.4829,12.3353],[124.4279,12.2836],[124.3596,12.2816],[124.3567,12.2828],[124.3555,12.2877]]],[[[124.3282,12.3614],[124.3282,12.3644],[124.3294,12.3652],[124.331,12.3635],[124.3292,12.3606],[124.3282,12.3614]]]]},"properties":{"ADM3_EN":"San Isidro","name":"San Isidro","ADM3_PCODE":"PH84818000","psgc_code":"84818000","ADM2_EN":"Northern Samar","ADM2_PCODE":"PH8481","ADM1_EN":"Region VIII (Eastern Visayas)","ADM1_PCODE":"PH08","ADM0_EN":"Philippines (the)","ADM0_PCODE":"PH","region_key":"eastern_visayas","province_key":"northern_samar","type":"Municipality"}},{"type":"Feature","geometry":{"type":"MultiPolygon","coordinates":[[[[124.4968,12.4216],[124.4655,12.437],[124.4807,12.4981],[124.4476,12.4977],[124.4476,12.5255],[124.4499,12.5253],[124.4492,12.5309],[124.4454,12.5334],[124.4556,12.535],[124.4572,12.54],[124.4626,12.5408],[124.4653,12.5464],[124.4669,12.5452],[124.4675,12.5361],[124.4653,12.5328],[124.4547,12.5275],[124.46,12.5253],[124.4642,12.5211],[124.4653,12.5167],[124.4614,12.5144],[124.4608,12.5122],[124.4622,12.5111],[124.4656,12.5158],[124.4672,12.5144],[124.4681,12.5097],[124.4717,12.5125],[124.4737,12.5102],[124.4753,12.5125],[124.4747,12.5144],[124.4728,12.5139],[124.4683,12.5161],[124.4664,12.5206],[124.4712,12.528],[124.4738,12.537],[124.4775,12.5367],[124.4806,12.5297],[124.4824,12.5287],[124.4854,12.534],[124.494,12.5339],[124.5007,12.5263],[124.5108,12.5197],[124.522,12.5226],[124.4968,12.4216]]],[[[124.4844,12.5403],[124.4822,12.5408],[124.4811,12.5425],[124.4856,12.5406],[124.4844,12.5403]]],[[[124.5089,12.5286],[124.5069,12.5306],[124.5033,12.5303],[124.5027,12.5326],[124.5097,12.5314],[124.5106,12.5297],[124.5089,12.5286]]],[[[124.4858,12.5542],[124.4928,12.5503],[124.4978,12.5422],[124.4975,12.5392],[124.4947,12.5389],[124.4908,12.5419],[124.483,12.555],[124.4858,12.5542]]],[[[124.4932,12.5797],[124.5022,12.5738],[124.5058,12.5664],[124.5091,12.5648],[124.5109,12.5612],[124.5097,12.5588],[124.512,12.558],[124.513,12.5549],[124.5157,12.5544],[124.5176,12.5495],[124.5212,12.5464],[124.5209,12.5421],[124.5164,12.5411],[124.5086,12.5436],[124.5006,12.54],[124.4947,12.5486],[124.4936,12.5561],[124.4908,12.5603],[124.4886,12.5603],[124.4886,12.5636],[124.4842,12.5681],[124.4881,12.5692],[124.4717,12.5792],[124.4731,12.5817],[124.475,12.5804],[124.4815,12.581],[124.4816,12.5848],[124.485,12.5865],[124.49,12.5844],[124.4932,12.5797]]],[[[124.4744,12.5385],[124.4732,12.5405],[124.4747,12.5415],[124.4768,12.538],[124.4744,12.5385]]],[[[124.4675,12.5556],[124.468,12.5575],[124.4688,12.5576],[124.4685,12.5553],[124.4675,12.5556]]]]},"properties":{"ADM3_EN":"San Jose","name":"San Jose","ADM3_PCODE":"PH84819000","psgc_code":"84819000","ADM2_EN":"Northern Samar","ADM2_PCODE":"PH8481","ADM1_EN":"Region VIII (Eastern Visayas)","ADM1_PCODE":"PH08","ADM0_EN":"Philippines (the)","ADM0_PCODE":"PH","region_key":"eastern_visayas","province_key":"northern_samar","type":"Municipality"}},{"type":"Feature","geometry":{"type":"MultiPolygon","coordinates":[[[[124.9117,12.5411],[124.9145,12.5376],[124.9092,12.5291],[124.9137,12.5268],[124.9197,12.5287],[124.9249,12.5268],[124.9281,12.5223],[124.9207,12.507],[124.9199,12.4987],[124.9333,12.4965],[124.9366,12.4903],[124.9315,12.4857],[124.9219,12.4875],[124.9222,12.4783],[124.9121,12.4709],[124.9163,12.4684],[124.9202,12.4635],[124.9203,12.4598],[124.924,12.464],[124.9271,12.4627],[124.9218,12.4578],[124.9179,12.4497],[124.9193,12.4439],[124.9236,12.4454],[124.926,12.4399],[124.905,12.3918],[124.8415,12.3595],[124.8287,12.5295],[124.8372,12.5289],[124.84,12.5261],[124.8429,12.5282],[124.841,12.5284],[124.8411,12.5296],[124.858,12.5335],[124.8593,12.5311],[124.867,12.5333],[124.8795,12.5461],[124.8818,12.5508],[124.8815,12.5542],[124.8849,12.5521],[124.8998,12.5546],[124.8988,12.552],[124.9057,12.5487],[124.9093,12.5494],[124.9075,12.5464],[124.9112,12.5453],[124.9117,12.5411]]]]},"properties":{"ADM3_EN":"San Roque","name":"San Roque","ADM3_PCODE":"PH84820000","psgc_code":"84820000","ADM2_EN":"Northern Samar","ADM2_PCODE":"PH8482","ADM1_EN":"Region VIII (Eastern Visayas)","ADM1_PCODE":"PH08","ADM0_EN":"Philippines (the)","ADM0_PCODE":"PH","region_key":"eastern_visayas","province_key":"northern_samar","type":"Municipality"}},{"type":"Feature","geometry":{"type":"MultiPolygon","coordinates":[[[[124.1114,12.2711],[124.11,12.2618],[124.1026,12.2571],[124.0984,12.2565],[124.0988,12.2683],[124.0971,12.2763],[124.0939,12.2782],[124.0861,12.2782],[124.0843,12.282],[124.089,12.2876],[124.0997,12.2903],[124.1085,12.285],[124.1128,12.2792],[124.114,12.275],[124.1114,12.2711]]],[[[124.0592,12.3561],[124.0632,12.3518],[124.0603,12.3483],[124.061,12.3432],[124.0589,12.3433],[124.058,12.3408],[124.0528,12.3381],[124.0506,12.34],[124.0442,12.3411],[124.0372,12.3375],[124.0397,12.3422],[124.0454,12.3457],[124.0456,12.3509],[124.0477,12.3535],[124.0557,12.3598],[124.0592,12.3561]]],[[[124.0406,12.3578],[124.0425,12.3575],[124.0439,12.3536],[124.04,12.3522],[124.0359,12.3536],[124.0377,12.3524],[124.0346,12.3466],[124.0306,12.3446],[124.0266,12.345],[124.0261,12.3469],[124.03,12.3519],[124.0338,12.3534],[124.0338,12.3559],[124.0306,12.3592],[124.0314,12.3611],[124.0358,12.3578],[124.0406,12.3578]]],[[[124.0161,12.3706],[124.0165,12.3633],[124.0144,12.3586],[124.0111,12.3619],[124.0089,12.3731],[124.0114,12.3753],[124.0161,12.3706]]],[[[124.0408,12.3822],[124.0451,12.383],[124.0466,12.3804],[124.0425,12.3778],[124.0369,12.3775],[124.0347,12.3789],[124.038,12.3826],[124.0408,12.3822]]],[[[124.0638,12.3847],[124.0683,12.3806],[124.0717,12.3797],[124.0714,12.3778],[124.0746,12.3759],[124.0738,12.3729],[124.0791,12.3712],[124.0803,12.3668],[124.0775,12.3647],[124.0797,12.3617],[124.0817,12.3616],[124.0803,12.3594],[124.0768,12.3597],[124.0731,12.3578],[124.0653,12.3736],[124.0592,12.3779],[124.0562,12.3824],[124.0567,12.3858],[124.0622,12.3869],[124.0638,12.3847]]],[[[124.0314,12.4097],[124.0322,12.4083],[124.0294,12.4036],[124.0189,12.3931],[124.0169,12.3883],[124.0108,12.3811],[124.0047,12.3783],[124.0024,12.3887],[124.0052,12.3931],[124.0046,12.395],[124.0119,12.395],[124.0253,12.4083],[124.0314,12.4097]]]]},"properties":{"ADM3_EN":"San Vicente","name":"San Vicente","ADM3_PCODE":"PH84821000","psgc_code":"84821000","ADM2_EN":"Northern Samar","ADM2_PCODE":"PH8482","ADM1_EN":"Region VIII (Eastern Visayas)","ADM1_PCODE":"PH08","ADM0_EN":"Philippines (the)","ADM0_PCODE":"PH","region_key":"eastern_visayas","province_key":"northern_samar","type":"Municipality"}},{"type":"Feature","geometry":{"type":"MultiPolygon","coordinates":[[[[124.8628,12.1567],[124.8566,12.1389],[124.8308,12.1757],[124.8426,12.219],[124.7908,12.2422],[124.7532,12.2628],[124.8334,12.3325],[124.8393,12.3447],[124.8415,12.3595],[124.8884,12.383],[124.929,12.3514],[124.9654,12.3433],[124.959,12.3239],[124.9547,12.3156],[124.9388,12.296],[124.92,12.2767],[124.9059,12.2537],[124.8885,12.2096],[124.8845,12.2041],[124.8628,12.1567]]]]},"properties":{"ADM3_EN":"Silvino Lobos","name":"Silvino Lobos","ADM3_PCODE":"PH84822000","psgc_code":"84822000","ADM2_EN":"Northern Samar","ADM2_PCODE":"PH8482","ADM1_EN":"Region VIII (Eastern Visayas)","ADM1_PCODE":"PH08","ADM0_EN":"Philippines (the)","ADM0_PCODE":"PH","region_key":"eastern_visayas","province_key":"northern_samar","type":"Municipality"}},{"type":"Feature","geometry":{"type":"MultiPolygon","coordinates":[[[[124.3543,12.4166],[124.3228,12.4167],[124.323,12.4228],[124.3213,12.4276],[124.3145,12.4318],[124.3103,12.4393],[124.3108,12.442],[124.3201,12.4477],[124.3088,12.4437],[124.3075,12.448],[124.3035,12.4511],[124.3017,12.4555],[124.2905,12.4609],[124.2899,12.4647],[124.2847,12.4674],[124.2844,12.4747],[124.4073,12.4669],[124.4968,12.4216],[124.4754,12.3433],[124.3991,12.4166],[124.3543,12.4166]]]]},"properties":{"ADM3_EN":"Victoria","name":"Victoria","ADM3_PCODE":"PH84823000","psgc_code":"84823000","ADM2_EN":"Northern Samar","ADM2_PCODE":"PH8482","ADM1_EN":"Region VIII (Eastern Visayas)","ADM1_PCODE":"PH08","ADM0_EN":"Philippines (the)","ADM0_PCODE":"PH","region_key":"eastern_visayas","province_key":"northern_samar","type":"Municipality"}},{"type":"Feature","geometry":{"type":"MultiPolygon","coordinates":[[[[124.28,11.8884],[124.2784,11.8872],[124.2762,11.8893],[124.2797,11.8905],[124.28,11.8884]]],[[[124.2862,11.8981],[124.279,11.8982],[124.2834,11.9043],[124.2862,11.9054],[124.2856,11.9093],[124.2766,11.9081],[124.2761,11.9106],[124.2732,11.9115],[124.2786,11.9153],[124.2787,11.9214],[124.281,11.9257],[124.2802,11.929],[124.2823,11.9291],[124.2834,11.9271],[124.285,11.9278],[124.2878,11.9251],[124.2921,11.9308],[124.2954,11.9307],[124.3,11.9339],[124.2994,11.9427],[124.3069,11.9467],[124.3062,11.9511],[124.3074,11.9543],[124.3107,11.9531],[124.3139,11.9544],[124.3186,11.9506],[124.3189,11.955],[124.3221,11.9585],[124.3239,11.9548],[124.3264,11.9558],[124.3292,11.96],[124.3327,11.96],[124.3337,11.9478],[124.3399,11.9483],[124.3369,11.9437],[124.3388,11.9384],[124.3341,11.9384],[124.325,11.9303],[124.3238,11.9286],[124.3251,11.9255],[124.3231,11.9233],[124.3161,11.9225],[124.3167,11.9185],[124.3189,11.9169],[124.3151,11.9149],[124.3138,11.907],[124.3108,11.9015],[124.3086,11.9023],[124.2983,11.8975],[124.2958,11.8943],[124.293,11.8989],[124.2862,11.8981]]],[[[124.3536,11.9415],[124.355,11.9424],[124.3558,11.941],[124.3539,11.9404],[124.3536,11.9415]]],[[[124.3728,11.9531],[124.3755,11.9483],[124.3739,11.947],[124.3714,11.9373],[124.363,11.9375],[124.3634,11.9394],[124.3611,11.9407],[124.3619,11.9454],[124.3651,11.9448],[124.3679,11.9474],[124.3648,11.9515],[124.3649,11.9546],[124.3675,11.9551],[124.3697,11.9525],[124.3728,11.9531]]]]},"properties":{"ADM3_EN":"Almagro","name":"Almagro","ADM3_PCODE":"PH86001000","psgc_code":"86001000","ADM2_EN":"Samar","ADM2_PCODE":"PH8600","ADM1_EN":"Region VIII (Eastern Visayas)","ADM1_PCODE":"PH08","ADM0_EN":"Philippines (the)","ADM0_PCODE":"PH","region_key":"eastern_visayas","province_key":"samar","type":"Municipality"}},{"type":"Feature","geometry":{"type":"MultiPolygon","coordinates":[[[[125.0814,11.2642],[125.085,11.2583],[125.0847,11.2542],[125.0794,11.2556],[125.0725,11.2606],[125.0703,11.265],[125.0747,11.27],[125.0814,11.2642]]],[[[125.0666,11.2781],[125.0554,11.2784],[125.0516,11.2811],[125.0472,11.2814],[125.0358,11.2786],[125.029,11.2744],[125.0161,11.2772],[125.0095,11.2746],[125.0076,11.2722],[125.008,11.2686],[125.0058,11.2678],[125.0003,11.2694],[124.9967,11.2777],[124.991,11.2842],[124.9832,11.2862],[124.979,11.2831],[124.9765,11.289],[124.9807,11.2922],[124.981,11.2968],[125.0074,11.3106],[125.0272,11.3499],[125.041,11.375],[125.045,11.379],[125.1158,11.5268],[125.2108,11.5752],[125.2263,11.5204],[125.2296,11.4882],[125.2199,11.4711],[125.2307,11.4433],[125.2413,11.4346],[125.2852,11.4248],[125.3066,11.3981],[125.2793,11.3639],[125.2492,11.317],[125.1621,11.2615],[125.1592,11.2625],[125.1589,11.2644],[125.1531,11.2689],[125.1511,11.275],[125.1369,11.2819],[125.1208,11.2839],[125.1027,11.2794],[125.1008,11.2803],[125.1012,11.285],[125.0992,11.2864],[125.0975,11.2794],[125.0861,11.2792],[125.0708,11.2861],[125.0711,11.2806],[125.0666,11.2781]]]]},"properties":{"ADM3_EN":"Basey","name":"Basey","ADM3_PCODE":"PH86002000","psgc_code":"86002000","ADM2_EN":"Samar","ADM2_PCODE":"PH8600","ADM1_EN":"Region VIII (Eastern Visayas)","ADM1_PCODE":"PH08","ADM0_EN":"Philippines (the)","ADM0_PCODE":"PH","region_key":"eastern_visayas","province_key":"samar","type":"Municipality"}},{"type":"Feature","geometry":{"type":"MultiPolygon","coordinates":[[[[124.6056,12.0623],[124.5956,12.0653],[124.5924,12.0639],[124.5852,12.0658],[124.5788,12.0645],[124.566,12.0665],[124.5519,12.06],[124.5423,12.0576],[124.5354,12.0576],[124.5381,12.0672],[124.5368,12.0707],[124.5368,12.0663],[124.5307,12.0615],[124.5267,12.0643],[124.5222,12.0751],[124.5181,12.077],[124.514,12.0754],[124.512,12.0764],[124.5133,12.079],[124.512,12.0827],[124.5079,12.0818],[124.5053,12.0839],[124.5008,12.0833],[124.5041,12.0917],[124.4855,12.1033],[124.4823,12.1005],[124.4824,12.1049],[124.4809,12.1075],[124.4731,12.1128],[124.4744,12.1148],[124.4716,12.1199],[124.4717,12.1236],[124.4664,12.1283],[124.4667,12.1314],[124.4585,12.1387],[124.4536,12.1378],[124.4525,12.135],[124.4514,12.1361],[124.4505,12.1378],[124.4533,12.1397],[124.4542,12.1431],[124.4512,12.1464],[124.452,12.1486],[124.45,12.1542],[124.4402,12.1625],[124.4344,12.1621],[124.4276,12.1694],[124.4238,12.1698],[124.4222,12.1663],[124.4181,12.1669],[124.4199,12.1732],[124.4165,12.1799],[124.4135,12.1826],[124.4111,12.1822],[124.4105,12.1839],[124.4046,12.1857],[124.4011,12.1906],[124.3934,12.1926],[124.3897,12.1959],[124.382,12.2204],[124.3775,12.2257],[124.378,12.2291],[124.3706,12.2437],[124.3667,12.2558],[124.3654,12.258],[124.3633,12.258],[124.3629,12.264],[124.3603,12.2667],[124.3567,12.2828],[124.3596,12.2816],[124.4279,12.2836],[124.4829,12.3353],[124.641,12.2425],[124.7139,12.2909],[124.7532,12.2628],[124.7908,12.2422],[124.8426,12.219],[124.8308,12.1757],[124.7647,12.1574],[124.716,12.1219],[124.6549,12.0642],[124.6443,12.0517],[124.6403,12.0491],[124.6369,12.0519],[124.6309,12.0517],[124.6258,12.055],[124.6175,12.0563],[124.6056,12.0623]]],[[[124.4738,12.1038],[124.4766,12.1043],[124.4767,12.1039],[124.4752,12.1032],[124.4738,12.1038]]]]},"properties":{"ADM3_EN":"Calbayog City","name":"Calbayog City","ADM3_PCODE":"PH86003000","psgc_code":"86003000","ADM2_EN":"Samar","ADM2_PCODE":"PH8600","ADM1_EN":"Region VIII (Eastern Visayas)","ADM1_PCODE":"PH08","ADM0_EN":"Philippines (the)","ADM0_PCODE":"PH","region_key":"eastern_visayas","province_key":"samar","type":"City"}},{"type":"Feature","geometry":{"type":"MultiPolygon","coordinates":[[[[125.1026,11.6564],[125.2207,11.6331],[125.2123,11.6191],[125.2063,11.598],[125.1079,11.5656],[125.0498,11.5576],[125.0112,11.5938],[125.0104,11.6132],[124.9943,11.6179],[124.9946,11.6426],[124.9843,11.6431],[124.9724,11.6613],[124.9786,11.6594],[124.9736,11.665],[124.9759,11.6746],[124.98,11.6795],[124.9928,11.6867],[125.043,11.6726],[125.0626,11.6643],[125.1026,11.6564]]]]},"properties":{"ADM3_EN":"Calbiga","name":"Calbiga","ADM3_PCODE":"PH86004000","psgc_code":"86004000","ADM2_EN":"Samar","ADM2_PCODE":"PH8600","ADM1_EN":"Region VIII (Eastern Visayas)","ADM1_PCODE":"PH08","ADM0_EN":"Philippines (the)","ADM0_PCODE":"PH","region_key":"eastern_visayas","province_key":"samar","type":"Municipality"}},{"type":"Feature","geometry":{"type":"MultiPolygon","coordinates":[[[[124.8847,11.7028],[124.8879,11.6948],[124.8794,11.7039],[124.8749,11.7043],[124.8699,11.7109],[124.8699,11.7148],[124.8741,11.7131],[124.8847,11.7028]]],[[[124.8756,11.7389],[124.8733,11.7436],[124.8772,11.745],[124.8781,11.7364],[124.8756,11.7389]]],[[[124.8714,11.7481],[124.8703,11.7486],[124.87,11.7506],[124.8728,11.75],[124.8728,11.7467],[124.8714,11.7481]]],[[[124.8807,11.7719],[124.8783,11.7733],[124.8796,11.7781],[124.8766,11.782],[124.8718,11.7843],[124.8683,11.7816],[124.8627,11.7871],[124.8596,11.7872],[124.8567,11.7914],[124.8582,11.7923],[124.863,11.7907],[124.8654,11.7937],[124.8614,11.8035],[124.8539,11.8051],[124.8539,11.8063],[124.8567,11.8064],[124.8584,11.8108],[124.8575,11.8127],[124.8533,11.8135],[124.8497,11.8117],[124.8428,11.8159],[124.839,11.815],[124.8386,11.819],[124.8354,11.8225],[124.8358,11.8297],[124.824,11.8353],[124.8211,11.8445],[124.8144,11.8453],[124.8133,11.8439],[124.8096,11.8478],[124.8219,11.8656],[124.8567,11.8862],[124.9092,11.9047],[124.9184,11.9109],[124.9379,11.9169],[124.9678,11.916],[124.9576,11.8864],[124.9243,11.8126],[124.9259,11.7764],[124.9289,11.7487],[124.9228,11.7458],[124.9211,11.7463],[124.9188,11.7425],[124.9083,11.74],[124.9009,11.7538],[124.8987,11.7544],[124.8968,11.7517],[124.8949,11.7524],[124.8926,11.7506],[124.8854,11.7535],[124.8839,11.7569],[124.885,11.7615],[124.8807,11.7719]]],[[[124.9036,11.6922],[124.9013,11.687],[124.8964,11.6853],[124.901,11.6887],[124.8994,11.6908],[124.9008,11.6939],[124.9031,11.6927],[124.9073,11.6992],[124.9065,11.694],[124.9036,11.6922]]],[[[124.896,11.7445],[124.8959,11.7478],[124.8969,11.7487],[124.8981,11.7481],[124.8978,11.7422],[124.896,11.7445]]],[[[124.7339,11.7844],[124.7344,11.785],[124.7361,11.7844],[124.7353,11.7828],[124.7339,11.7844]]],[[[124.7224,11.7889],[124.7214,11.7897],[124.7236,11.7919],[124.7244,11.7897],[124.7224,11.7889]]],[[[124.7333,11.7919],[124.7342,11.7928],[124.7353,11.7906],[124.7333,11.7903],[124.7333,11.7919]]],[[[124.7137,11.7968],[124.7144,11.8006],[124.7153,11.8014],[124.7163,11.7969],[124.7145,11.7953],[124.7137,11.7968]]],[[[124.7965,11.7937],[124.7983,11.7956],[124.7996,11.7951],[124.7981,11.7931],[124.7965,11.7937]]],[[[124.8032,11.7951],[124.8006,11.7961],[124.8062,11.7986],[124.8064,11.7972],[124.8032,11.7951]]],[[[124.8401,11.8024],[124.8343,11.7944],[124.829,11.795],[124.8304,11.7999],[124.8281,11.8036],[124.8268,11.8013],[124.8255,11.8016],[124.8261,11.8091],[124.8247,11.8103],[124.8211,11.809],[124.8208,11.8129],[124.824,11.8154],[124.8274,11.8149],[124.83,11.8126],[124.8367,11.8144],[124.8363,11.808],[124.8389,11.8066],[124.8401,11.8024]]],[[[124.7051,11.7958],[124.7036,11.7991],[124.6992,11.802],[124.7004,11.8063],[124.6983,11.8091],[124.7034,11.8087],[124.7031,11.8045],[124.7075,11.8],[124.7068,11.7943],[124.7051,11.7958]]],[[[124.6871,11.8129],[124.6904,11.8087],[124.6927,11.8091],[124.6947,11.8058],[124.696,11.8026],[124.6949,11.7995],[124.698,11.8006],[124.6974,11.796],[124.688,11.8014],[124.6858,11.8044],[124.6832,11.8103],[124.6842,11.8172],[124.6806,11.8186],[124.6775,11.8158],[124.6769,11.8186],[124.6728,11.8214],[124.6817,11.8264],[124.6836,11.8306],[124.6869,11.8275],[124.69,11.8272],[124.6878,11.8225],[124.6855,11.8236],[124.6828,11.8222],[124.6847,11.8189],[124.6877,11.8175],[124.6871,11.8129]]],[[[124.6951,11.8129],[124.6951,11.8109],[124.6948,11.8109],[124.6942,11.8129],[124.6951,11.8129]]],[[[124.7386,11.8105],[124.7368,11.8194],[124.7375,11.8204],[124.7427,11.8138],[124.741,11.8092],[124.7386,11.8105]]],[[[124.7252,11.8217],[124.7255,11.8268],[124.7295,11.8277],[124.7305,11.8256],[124.7277,11.821],[124.7259,11.8195],[124.7252,11.8217]]],[[[124.7001,11.8332],[124.7023,11.8355],[124.708,11.8338],[124.7085,11.8249],[124.7076,11.8241],[124.7013,11.8299],[124.7016,11.8246],[124.6982,11.8235],[124.6987,11.8202],[124.691,11.8189],[124.6891,11.8216],[124.6922,11.8238],[124.693,11.8271],[124.6873,11.8364],[124.6941,11.8356],[124.6962,11.8367],[124.7001,11.8332]]],[[[124.8194,11.8183],[124.8197,11.8167],[124.8167,11.8172],[124.8178,11.8189],[124.8194,11.8183]]],[[[124.6772,11.8386],[124.68,11.8394],[124.6806,11.8383],[124.6786,11.8378],[124.6772,11.8386]]],[[[124.718,11.8417],[124.7171,11.8423],[124.7182,11.8438],[124.7196,11.8418],[124.718,11.8417]]]]},"properties":{"ADM3_EN":"Catbalogan City","name":"Catbalogan City","ADM3_PCODE":"PH86005000","psgc_code":"86005000","ADM2_EN":"Samar","ADM2_PCODE":"PH8600","ADM1_EN":"Region VIII (Eastern Visayas)","ADM1_PCODE":"PH08","ADM0_EN":"Philippines (the)","ADM0_PCODE":"PH","region_key":"eastern_visayas","province_key":"samar","type":"City"}},{"type":"Feature","geometry":{"type":"MultiPolygon","coordinates":[[[[124.8072,11.5185],[124.8023,11.5203],[124.8023,11.5214],[124.8117,11.5279],[124.8158,11.5259],[124.8079,11.5216],[124.8072,11.5185]]],[[[124.8002,11.5261],[124.7979,11.5235],[124.7949,11.527],[124.7993,11.5269],[124.8002,11.5261]]],[[[124.8295,11.5349],[124.8232,11.5295],[124.8218,11.5314],[124.8178,11.53],[124.8172,11.5316],[124.8194,11.5339],[124.8159,11.5346],[124.8157,11.5372],[124.8128,11.5348],[124.8108,11.5353],[124.8084,11.5378],[124.8091,11.5413],[124.8042,11.5416],[124.8016,11.539],[124.7989,11.5422],[124.7951,11.5434],[124.795,11.5462],[124.7915,11.5479],[124.7939,11.5542],[124.7898,11.5549],[124.7894,11.5589],[124.7918,11.5601],[124.7983,11.5575],[124.8028,11.5583],[124.8064,11.5642],[124.8056,11.5661],[124.7941,11.5688],[124.7815,11.5674],[124.7771,11.5701],[124.7766,11.5734],[124.7732,11.5748],[124.7706,11.5718],[124.7655,11.5746],[124.7638,11.5821],[124.7666,11.5833],[124.7629,11.589],[124.7639,11.5929],[124.7601,11.5947],[124.7579,11.5985],[124.7618,11.6012],[124.7618,11.6087],[124.7824,11.5956],[124.785,11.5974],[124.7832,11.6004],[124.7894,11.5992],[124.7908,11.6017],[124.7886,11.6069],[124.7803,11.6106],[124.7739,11.62],[124.7692,11.6233],[124.7656,11.6217],[124.763,11.6233],[124.7637,11.6255],[124.7669,11.6239],[124.7689,11.6267],[124.7604,11.6297],[124.7557,11.6403],[124.7493,11.643],[124.7488,11.6498],[124.7421,11.6502],[124.7412,11.6437],[124.7363,11.6403],[124.7356,11.6474],[124.738,11.6569],[124.735,11.6624],[124.7321,11.6628],[124.7306,11.675],[124.7269,11.6713],[124.7245,11.6632],[124.7206,11.6671],[124.7198,11.6727],[124.7223,11.6747],[124.7229,11.6819],[124.7216,11.6856],[124.7244,11.6952],[124.7183,11.7011],[124.7167,11.7056],[124.715,11.7053],[124.7125,11.6983],[124.7094,11.6967],[124.7094,11.7017],[124.7083,11.7036],[124.7058,11.7039],[124.7056,11.7058],[124.7064,11.7139],[124.7164,11.7092],[124.72,11.7053],[124.7247,11.7108],[124.73,11.7122],[124.7275,11.7217],[124.725,11.7169],[124.7206,11.7194],[124.7203,11.7222],[124.7165,11.7238],[124.7162,11.7263],[124.7185,11.7274],[124.7186,11.7295],[124.7243,11.7262],[124.7275,11.7331],[124.7296,11.7295],[124.7329,11.7276],[124.7304,11.7241],[124.7324,11.7209],[124.7321,11.7178],[124.7361,11.7153],[124.74,11.7168],[124.7439,11.7094],[124.7394,11.7078],[124.7368,11.7104],[124.7355,11.71],[124.7381,11.7065],[124.7414,11.705],[124.741,11.7029],[124.7389,11.7033],[124.7395,11.7016],[124.7443,11.7012],[124.7456,11.7036],[124.7488,11.7],[124.7498,11.6939],[124.7513,11.695],[124.7509,11.6996],[124.7539,11.7002],[124.7571,11.6939],[124.7549,11.6866],[124.752,11.6844],[124.7528,11.6828],[124.7562,11.6846],[124.7577,11.6836],[124.7548,11.679],[124.7557,11.6771],[124.7608,11.6776],[124.7629,11.6803],[124.7615,11.6813],[124.7639,11.6832],[124.7629,11.6868],[124.7662,11.6879],[124.7683,11.6864],[124.7739,11.6914],[124.7811,11.6916],[124.7835,11.6898],[124.7838,11.6869],[124.7789,11.6821],[124.7793,11.6799],[124.7747,11.677],[124.7713,11.6772],[124.7676,11.6696],[124.7694,11.6666],[124.7701,11.6685],[124.7763,11.671],[124.7783,11.6703],[124.7867,11.6636],[124.7849,11.6576],[124.7897,11.6545],[124.7931,11.656],[124.7964,11.6503],[124.7996,11.6496],[124.8011,11.6468],[124.8072,11.6455],[124.8065,11.6438],[124.8014,11.6427],[124.7917,11.6297],[124.794,11.6241],[124.7963,11.6224],[124.7878,11.6194],[124.7889,11.6144],[124.7955,11.6128],[124.7915,11.6097],[124.7958,11.6071],[124.7956,11.6006],[124.8014,11.5997],[124.8028,11.6025],[124.7995,11.6042],[124.8001,11.6083],[124.8065,11.6095],[124.8096,11.6091],[124.8106,11.6052],[124.8159,11.6025],[124.8238,11.607],[124.8264,11.6055],[124.8261,11.6018],[124.8281,11.5981],[124.8341,11.6044],[124.8366,11.6031],[124.8397,11.6052],[124.8425,11.6047],[124.8442,11.6017],[124.8472,11.6022],[124.85,11.6006],[124.849,11.5981],[124.8376,11.5918],[124.8366,11.5842],[124.8311,11.5787],[124.8316,11.5751],[124.834,11.5764],[124.8393,11.5751],[124.8389,11.5717],[124.8345,11.5698],[124.8378,11.5659],[124.8356,11.5642],[124.8352,11.5605],[124.8328,11.5573],[124.8372,11.5565],[124.8365,11.5531],[124.8395,11.5496],[124.838,11.5442],[124.8295,11.5349]]],[[[124.7808,11.6711],[124.7796,11.6726],[124.7827,11.673],[124.7829,11.6703],[124.7808,11.6711]]],[[[124.7866,11.5489],[124.7841,11.5481],[124.7829,11.5494],[124.7889,11.5523],[124.7866,11.5489]]],[[[124.7578,11.6072],[124.7564,11.6089],[124.7567,11.6103],[124.7595,11.6086],[124.7603,11.6061],[124.7583,11.6053],[124.7578,11.6072]]],[[[124.7566,11.6299],[124.7577,11.6297],[124.7572,11.6285],[124.7566,11.6287],[124.7566,11.6299]]],[[[124.7194,11.6744],[124.7192,11.6728],[124.7175,11.6728],[124.7183,11.675],[124.7194,11.6744]]],[[[124.7717,11.7108],[124.7765,11.71],[124.7744,11.7031],[124.768,11.7016],[124.765,11.6983],[124.762,11.6984],[124.7556,11.7036],[124.7541,11.7014],[124.7518,11.7021],[124.7468,11.7114],[124.7467,11.715],[124.7481,11.7161],[124.7497,11.7126],[124.7529,11.7113],[124.7492,11.7178],[124.7507,11.7216],[124.7486,11.7269],[124.7544,11.7269],[124.7558,11.73],[124.7458,11.7342],[124.7461,11.7392],[124.7531,11.7392],[124.7595,11.7356],[124.7597,11.7311],[124.7572,11.7286],[124.7584,11.7268],[124.7662,11.7294],[124.7699,11.727],[124.7762,11.7302],[124.7791,11.7252],[124.7723,11.7193],[124.7717,11.7108]]],[[[124.7181,11.7342],[124.7185,11.7307],[124.7126,11.7373],[124.7158,11.7349],[124.7181,11.7342]]]]},"properties":{"ADM3_EN":"Daram","name":"Daram","ADM3_PCODE":"PH86006000","psgc_code":"86006000","ADM2_EN":"Samar","ADM2_PCODE":"PH8600","ADM1_EN":"Region VIII (Eastern Visayas)","ADM1_PCODE":"PH08","ADM0_EN":"Philippines (the)","ADM0_PCODE":"PH","region_key":"eastern_visayas","province_key":"samar","type":"Municipality"}},{"type":"Feature","geometry":{"type":"MultiPolygon","coordinates":[[[[124.8175,11.975],[124.8306,11.9712],[124.827,11.9643],[124.8312,11.9561],[124.826,11.9478],[124.8189,11.9409],[124.7823,11.9894],[124.7657,11.9808],[124.7621,11.9838],[124.7456,11.9804],[124.7297,11.9869],[124.7272,11.9847],[124.7269,11.9811],[124.7303,11.9731],[124.72,11.9764],[124.7178,11.9747],[124.7169,11.9714],[124.7072,11.9722],[124.7031,11.9764],[124.7003,11.9743],[124.7058,11.98],[124.7086,11.9786],[124.7072,11.9756],[124.7089,11.9758],[124.7092,11.9794],[124.7067,11.9811],[124.7031,11.9794],[124.7014,11.9819],[124.6955,11.9812],[124.6906,11.9892],[124.7479,11.9938],[124.7579,12.1018],[124.7647,12.1574],[124.8308,12.1757],[124.864,12.127],[124.8752,12.1173],[124.8895,12.1141],[124.9618,12.113],[124.9653,12.1153],[124.9731,12.0658],[124.8949,12.0634],[124.8904,12.0637],[124.8705,12.0713],[124.8696,12.0693],[124.8643,12.0713],[124.8627,12.0643],[124.8568,12.0639],[124.8518,12.0588],[124.8512,12.0541],[124.8531,12.0483],[124.8412,12.0384],[124.8382,12.0309],[124.8353,12.0279],[124.8293,12.03],[124.8233,12.0287],[124.8292,12.023],[124.8278,12.015],[124.831,12.0143],[124.8368,12.0191],[124.8408,12.0194],[124.8444,12.0113],[124.8433,12.0059],[124.8494,12.0007],[124.8491,11.9989],[124.8373,11.9986],[124.8225,11.9952],[124.8118,11.9787],[124.8175,11.975]]],[[[124.7008,11.9553],[124.6997,11.9528],[124.6976,11.9529],[124.6951,11.9571],[124.6976,11.9577],[124.7008,11.9553]]],[[[124.7014,11.9731],[124.7036,11.9744],[124.7061,11.9714],[124.7172,11.9703],[124.7189,11.9672],[124.7132,11.9601],[124.7014,11.9586],[124.7011,11.9633],[124.6974,11.9608],[124.6981,11.9592],[124.695,11.9583],[124.6895,11.9656],[124.6864,11.9764],[124.6894,11.9786],[124.6897,11.9817],[124.6934,11.982],[124.6967,11.9797],[124.7011,11.9806],[124.7019,11.9792],[124.6994,11.9742],[124.7014,11.9731]]],[[[124.6714,11.9811],[124.6683,11.9815],[124.6681,11.9861],[124.6746,11.9836],[124.6735,11.9812],[124.6714,11.9811]]]]},"properties":{"ADM3_EN":"Gandara","name":"Gandara","ADM3_PCODE":"PH86007000","psgc_code":"86007000","ADM2_EN":"Samar","ADM2_PCODE":"PH8600","ADM1_EN":"Region VIII (Eastern Visayas)","ADM1_PCODE":"PH08","ADM0_EN":"Philippines (the)","ADM0_PCODE":"PH","region_key":"eastern_visayas","province_key":"samar","type":"Municipality"}},{"type":"Feature","geometry":{"type":"MultiPolygon","coordinates":[[[[125.0357,11.6826],[125.0344,11.6975],[125.0351,11.7243],[125.0477,11.724],[125.0527,11.7202],[125.2697,11.8533],[125.2715,11.7969],[125.2817,11.6769],[125.2531,11.6597],[125.2207,11.6331],[125.0626,11.6643],[125.0375,11.6739],[125.0357,11.6826]]]]},"properties":{"ADM3_EN":"Hinabangan","name":"Hinabangan","ADM3_PCODE":"PH86008000","psgc_code":"86008000","ADM2_EN":"Samar","ADM2_PCODE":"PH8600","ADM1_EN":"Region VIII (Eastern Visayas)","ADM1_PCODE":"PH08","ADM0_EN":"Philippines (the)","ADM0_PCODE":"PH","region_key":"eastern_visayas","province_key":"samar","type":"Municipality"}},{"type":"Feature","geometry":{"type":"MultiPolygon","coordinates":[[[[124.9628,11.783],[124.9599,11.777],[124.9603,11.7729],[124.9578,11.7655],[124.9594,11.7658],[124.9564,11.7598],[124.9522,11.7611],[124.9472,11.7583],[124.9465,11.7601],[124.9381,11.7533],[124.9361,11.7544],[124.9344,11.7496],[124.9289,11.7487],[124.9259,11.7764],[124.9243,11.8126],[124.9576,11.8864],[124.9678,11.916],[124.9876,11.9598],[124.9948,11.941],[125.0104,11.8751],[124.9948,11.8462],[124.9844,11.8225],[124.9628,11.783]]]]},"properties":{"ADM3_EN":"Jiabong","name":"Jiabong","ADM3_PCODE":"PH86009000","psgc_code":"86009000","ADM2_EN":"Samar","ADM2_PCODE":"PH8600","ADM1_EN":"Region VIII (Eastern Visayas)","ADM1_PCODE":"PH08","ADM0_EN":"Philippines (the)","ADM0_PCODE":"PH","region_key":"eastern_visayas","province_key":"samar","type":"Municipality"}},{"type":"Feature","geometry":{"type":"MultiPolygon","coordinates":[[[[125.2204,11.092],[125.2158,11.0963],[125.2089,11.0981],[125.2067,11.1069],[125.2115,11.1083],[125.2112,11.1107],[125.2098,11.114],[125.206,11.1145],[125.2043,11.1168],[125.2119,11.1167],[125.2089,11.1214],[125.2021,11.1247],[125.2074,11.1247],[125.2084,11.1268],[125.2052,11.1323],[125.2021,11.134],[125.2015,11.1379],[125.2037,11.1432],[125.2003,11.1467],[125.1981,11.1594],[125.1952,11.1624],[125.1936,11.1717],[125.1947,11.1825],[125.1906,11.1875],[125.1895,11.1914],[125.1822,11.1945],[125.179,11.1987],[125.1822,11.2136],[125.1803,11.2161],[125.1747,11.2136],[125.1758,11.2164],[125.1735,11.2208],[125.1778,11.2237],[125.1748,11.2275],[125.1764,11.2333],[125.1744,11.2361],[125.1746,11.2395],[125.1725,11.2414],[125.1719,11.245],[125.1672,11.2494],[125.1681,11.2531],[125.1667,11.2556],[125.1589,11.2619],[125.1621,11.2615],[125.2492,11.317],[125.2467,11.259],[125.2479,11.2062],[125.2518,11.1898],[125.2513,11.1486],[125.2531,11.1175],[125.2503,11.1183],[125.2469,11.1222],[125.2461,11.1214],[125.2444,11.0954],[125.2356,11.0856],[125.2204,11.092]]],[[[125.1901,11.126],[125.1905,11.1271],[125.1917,11.1269],[125.1911,11.125],[125.1901,11.126]]]]},"properties":{"ADM3_EN":"Marabut","name":"Marabut","ADM3_PCODE":"PH86010000","psgc_code":"86010000","ADM2_EN":"Samar","ADM2_PCODE":"PH8601","ADM1_EN":"Region VIII (Eastern Visayas)","ADM1_PCODE":"PH08","ADM0_EN":"Philippines (the)","ADM0_PCODE":"PH","region_key":"eastern_visayas","province_key":"samar","type":"Municipality"}},{"type":"Feature","geometry":{"type":"MultiPolygon","coordinates":[[[[124.8608,12.1325],[124.8566,12.1389],[124.8604,12.1511],[124.8845,12.2041],[124.8885,12.2096],[124.9059,12.2537],[124.91,12.247],[124.9277,12.237],[124.9472,12.2319],[124.9737,12.2292],[124.9922,12.2321],[125.014,12.2408],[125.0346,12.2466],[125.0521,12.2553],[125.0582,12.2605],[125.105,12.2821],[125.1212,12.2861],[125.1529,12.2868],[125.1456,12.187],[125.1426,12.1829],[125.1253,12.1784],[125.1162,12.1742],[125.113,12.1703],[125.1123,12.1658],[125.0933,12.1662],[125.0737,12.163],[124.9618,12.113],[124.885,12.1145],[124.8707,12.1199],[124.8608,12.1325]]]]},"properties":{"ADM3_EN":"Matuguinao","name":"Matuguinao","ADM3_PCODE":"PH86011000","psgc_code":"86011000","ADM2_EN":"Samar","ADM2_PCODE":"PH8601","ADM1_EN":"Region VIII (Eastern Visayas)","ADM1_PCODE":"PH08","ADM0_EN":"Philippines (the)","ADM0_PCODE":"PH","region_key":"eastern_visayas","province_key":"samar","type":"Municipality"}},{"type":"Feature","geometry":{"type":"MultiPolygon","coordinates":[[[[124.9603,11.7729],[124.9599,11.777],[124.9631,11.7836],[124.9844,11.8225],[124.9948,11.8462],[125.0104,11.8751],[124.9948,11.941],[124.9876,11.9598],[125.0177,11.9722],[125.0934,11.9948],[125.0285,11.923],[125.0371,11.8712],[125.0436,11.847],[125.0082,11.7775],[124.9991,11.7753],[124.9963,11.7791],[124.9882,11.7743],[124.983,11.7747],[124.9797,11.7719],[124.9737,11.7718],[124.9715,11.7673],[124.9676,11.768],[124.9641,11.7643],[124.9594,11.7679],[124.9578,11.7655],[124.9603,11.7729]]]]},"properties":{"ADM3_EN":"Motiong","name":"Motiong","ADM3_PCODE":"PH86012000","psgc_code":"86012000","ADM2_EN":"Samar","ADM2_PCODE":"PH8601","ADM1_EN":"Region VIII (Eastern Visayas)","ADM1_PCODE":"PH08","ADM0_EN":"Philippines (the)","ADM0_PCODE":"PH","region_key":"eastern_visayas","province_key":"samar","type":"Municipality"}},{"type":"Feature","geometry":{"type":"MultiPolygon","coordinates":[[[[124.7113,11.9486],[124.7134,11.9429],[124.7075,11.9433],[124.7018,11.9491],[124.7016,11.955],[124.7123,11.9587],[124.7113,11.9486]]],[[[124.7189,11.9447],[124.7146,11.9453],[124.7125,11.9478],[124.7135,11.9581],[124.72,11.9664],[124.7194,11.9744],[124.7297,11.9711],[124.7322,11.9733],[124.7283,11.9808],[124.7294,11.9853],[124.7347,11.9828],[124.7343,11.9849],[124.7456,11.9804],[124.7621,11.9838],[124.7657,11.9808],[124.7823,11.9894],[124.8068,11.9554],[124.7964,11.953],[124.7895,11.9484],[124.7754,11.9526],[124.7668,11.9584],[124.7649,11.9632],[124.7622,11.9649],[124.7523,11.9628],[124.7456,11.9544],[124.7353,11.9469],[124.7339,11.9494],[124.7294,11.9492],[124.7208,11.9442],[124.7189,11.9447]]],[[[124.7272,11.9733],[124.727,11.9736],[124.7274,11.9733],[124.7272,11.9733]]]]},"properties":{"ADM3_EN":"Pagsanghan","name":"Pagsanghan","ADM3_PCODE":"PH86026000","psgc_code":"86026000","ADM2_EN":"Samar","ADM2_PCODE":"PH8602","ADM1_EN":"Region VIII (Eastern Visayas)","ADM1_PCODE":"PH08","ADM0_EN":"Philippines (the)","ADM0_PCODE":"PH","region_key":"eastern_visayas","province_key":"samar","type":"Municipality"}},{"type":"Feature","geometry":{"type":"MultiPolygon","coordinates":[[[[125.0327,11.7327],[125.0324,11.7374],[125.0358,11.7369],[125.037,11.7345],[125.0406,11.7361],[125.0393,11.7432],[125.0442,11.7494],[125.0319,11.765],[125.0294,11.7664],[125.0225,11.7653],[125.0128,11.7772],[125.0082,11.7775],[125.0436,11.847],[125.0371,11.8712],[125.0285,11.923],[125.0934,11.9948],[125.126,11.9945],[125.1359,11.9913],[125.1549,11.9958],[125.1862,11.9975],[125.2076,11.9945],[125.2191,11.962],[125.2421,11.9172],[125.255,11.8955],[125.2661,11.8714],[125.2697,11.8533],[125.0527,11.7202],[125.0477,11.724],[125.0351,11.7243],[125.0326,11.7272],[125.0327,11.7327]]]]},"properties":{"ADM3_EN":"Paranas","name":"Paranas","ADM3_PCODE":"PH86022000","psgc_code":"86022000","ADM2_EN":"Samar","ADM2_PCODE":"PH8602","ADM1_EN":"Region VIII (Eastern Visayas)","ADM1_PCODE":"PH08","ADM0_EN":"Philippines (the)","ADM0_PCODE":"PH","region_key":"eastern_visayas","province_key":"samar","type":"Municipality"}},{"type":"Feature","geometry":{"type":"MultiPolygon","coordinates":[[[[125.0679,11.5602],[125.1079,11.5656],[125.2063,11.598],[125.2108,11.5752],[125.1158,11.5268],[125.0135,11.5094],[125.0057,11.5647],[124.9884,11.587],[124.9694,11.6046],[124.9703,11.6075],[124.986,11.6181],[124.9883,11.6174],[124.9913,11.6083],[124.9908,11.6122],[124.9943,11.6189],[124.9943,11.6179],[125.0104,11.6132],[125.0112,11.5938],[125.0498,11.5576],[125.0679,11.5602]]],[[[124.9939,11.6236],[124.9889,11.6279],[124.9881,11.6361],[124.9902,11.6408],[124.9868,11.6375],[124.9843,11.6431],[124.9946,11.6426],[124.9945,11.6228],[124.9939,11.6236]]]]},"properties":{"ADM3_EN":"Pinabacdao","name":"Pinabacdao","ADM3_PCODE":"PH86013000","psgc_code":"86013000","ADM2_EN":"Samar","ADM2_PCODE":"PH8601","ADM1_EN":"Region VIII (Eastern Visayas)","ADM1_PCODE":"PH08","ADM0_EN":"Philippines (the)","ADM0_PCODE":"PH","region_key":"eastern_visayas","province_key":"samar","type":"Municipality"}},{"type":"Feature","geometry":{"type":"MultiPolygon","coordinates":[[[[124.8248,11.9268],[124.8189,11.9409],[124.826,11.9478],[124.8312,11.9561],[124.827,11.9643],[124.8306,11.9712],[124.8175,11.975],[124.8118,11.9787],[124.8225,11.9952],[124.8373,11.9986],[124.8491,11.9989],[124.847,12.0039],[124.8433,12.0059],[124.8444,12.0113],[124.8408,12.0194],[124.8368,12.0191],[124.831,12.0143],[124.8278,12.015],[124.8292,12.023],[124.8233,12.0287],[124.8293,12.03],[124.8353,12.0279],[124.8382,12.0309],[124.8412,12.0384],[124.8531,12.0483],[124.851,12.0561],[124.8546,12.0623],[124.8568,12.0639],[124.8627,12.0643],[124.8643,12.0713],[124.8696,12.0693],[124.8705,12.0713],[124.8904,12.0637],[124.8949,12.0634],[124.9731,12.0658],[124.9766,12.0296],[124.9876,11.9579],[124.9678,11.916],[124.9379,11.9169],[124.9184,11.9109],[124.9092,11.9047],[124.863,11.8887],[124.8388,11.9143],[124.8248,11.9268]]]]},"properties":{"ADM3_EN":"San Jorge","name":"San Jorge","ADM3_PCODE":"PH86025000","psgc_code":"86025000","ADM2_EN":"Samar","ADM2_PCODE":"PH8602","ADM1_EN":"Region VIII (Eastern Visayas)","ADM1_PCODE":"PH08","ADM0_EN":"Philippines (the)","ADM0_PCODE":"PH","region_key":"eastern_visayas","province_key":"samar","type":"Municipality"}},{"type":"Feature","geometry":{"type":"MultiPolygon","coordinates":[[[[124.9876,11.9598],[124.9797,12.0072],[124.9742,12.0586],[124.9653,12.1153],[125.0737,12.163],[125.0933,12.1662],[125.1123,12.1658],[125.1143,12.0672],[125.1126,12.0599],[125.1149,11.9943],[125.0934,11.9948],[125.0177,11.9722],[124.9876,11.9598]]]]},"properties":{"ADM3_EN":"San Josede Buan","name":"San Josede Buan","ADM3_PCODE":"PH86014000","psgc_code":"86014000","ADM2_EN":"Samar","ADM2_PCODE":"PH8601","ADM1_EN":"Region VIII (Eastern Visayas)","ADM1_PCODE":"PH08","ADM0_EN":"Philippines (the)","ADM0_PCODE":"PH","region_key":"eastern_visayas","province_key":"samar","type":"Municipality"}},{"type":"Feature","geometry":{"type":"MultiPolygon","coordinates":[[[[125.0039,11.6829],[124.993,11.6866],[124.9957,11.6902],[124.9996,11.6919],[125.0,11.6939],[125.0053,11.6961],[125.005,11.6992],[125.0095,11.7028],[125.015,11.7114],[125.0177,11.7122],[125.0219,11.7108],[125.0269,11.7153],[125.0297,11.715],[125.0267,11.7169],[125.0204,11.7122],[125.0189,11.7131],[125.0178,11.7192],[125.0242,11.7306],[125.0303,11.7369],[125.0324,11.7374],[125.0326,11.7272],[125.0351,11.7243],[125.0347,11.6874],[125.0375,11.6739],[125.0039,11.6829]]]]},"properties":{"ADM3_EN":"San Sebastian","name":"San Sebastian","ADM3_PCODE":"PH86015000","psgc_code":"86015000","ADM2_EN":"Samar","ADM2_PCODE":"PH8601","ADM1_EN":"Region VIII (Eastern Visayas)","ADM1_PCODE":"PH08","ADM0_EN":"Philippines (the)","ADM0_PCODE":"PH","region_key":"eastern_visayas","province_key":"samar","type":"Municipality"}},{"type":"Feature","geometry":{"type":"MultiPolygon","coordinates":[[[[124.6899,11.9915],[124.69,12.0036],[124.6922,12.0064],[124.7022,12.0081],[124.7083,12.0022],[124.7086,12.0052],[124.7069,12.0075],[124.7081,12.0089],[124.7153,12.0111],[124.7208,12.0069],[124.7233,12.0092],[124.7214,12.0114],[124.72,12.0089],[124.7186,12.01],[124.7202,12.0119],[124.7199,12.0155],[124.7172,12.0153],[124.7167,12.0187],[124.7142,12.0128],[124.7072,12.0095],[124.7019,12.0133],[124.6958,12.0136],[124.6916,12.01],[124.6869,12.0086],[124.6809,12.0146],[124.6775,12.0153],[124.6747,12.0206],[124.665,12.0269],[124.6499,12.043],[124.6403,12.0491],[124.6895,12.0979],[124.716,12.1219],[124.7647,12.1574],[124.7579,12.1018],[124.7479,11.9938],[124.6906,11.9896],[124.6899,11.9915]]]]},"properties":{"ADM3_EN":"Santa Margarita","name":"Santa Margarita","ADM3_PCODE":"PH86016000","psgc_code":"86016000","ADM2_EN":"Samar","ADM2_PCODE":"PH8601","ADM1_EN":"Region VIII (Eastern Visayas)","ADM1_PCODE":"PH08","ADM0_EN":"Philippines (the)","ADM0_PCODE":"PH","region_key":"eastern_visayas","province_key":"samar","type":"Municipality"}},{"type":"Feature","geometry":{"type":"MultiPolygon","coordinates":[[[[124.9922,11.3027],[124.981,11.2968],[124.9805,11.2938],[124.9786,11.2941],[124.9789,11.3],[124.9732,11.3099],[124.9739,11.3182],[124.9758,11.3199],[124.9735,11.3203],[124.9729,11.3222],[124.9827,11.3331],[124.9843,11.342],[124.9891,11.3449],[124.9912,11.3499],[124.9963,11.3527],[124.9946,11.3529],[124.9926,11.3579],[124.9933,11.3694],[124.9888,11.3732],[124.9866,11.3773],[124.9862,11.382],[124.9886,11.3883],[124.9854,11.3907],[124.987,11.3997],[124.9864,11.4127],[124.9895,11.4165],[124.9867,11.4159],[124.9842,11.421],[124.9853,11.4226],[124.9955,11.4249],[124.9958,11.4302],[124.994,11.4246],[124.9889,11.4253],[124.985,11.424],[124.9785,11.4301],[124.9728,11.4288],[124.9689,11.4311],[124.9641,11.4316],[124.964,11.439],[124.9626,11.4418],[124.9645,11.4441],[124.9644,11.4472],[124.9629,11.4516],[124.9597,11.4537],[124.9529,11.4526],[124.95,11.4544],[124.95,11.4572],[124.9478,11.4564],[124.9471,11.452],[124.941,11.4486],[124.9344,11.454],[124.923,11.4573],[124.9159,11.4615],[124.9161,11.466],[124.9114,11.4698],[124.9027,11.4704],[124.9025,11.4816],[124.9006,11.4836],[124.8984,11.4945],[124.9036,11.4936],[124.9056,11.4956],[124.905,11.4878],[124.9094,11.4842],[124.9122,11.4861],[124.9178,11.48],[124.9169,11.4836],[124.9125,11.4878],[124.9103,11.4883],[124.9078,11.4867],[124.9064,11.4908],[124.9097,11.49],[124.9131,11.4917],[124.9097,11.4922],[124.9098,11.4935],[124.9067,11.495],[124.9103,11.4965],[124.9131,11.5],[124.9128,11.5025],[124.9183,11.5023],[124.9186,11.506],[124.9215,11.5034],[124.9249,11.5048],[124.9275,11.5032],[124.9289,11.4944],[124.9319,11.4907],[124.9359,11.4906],[124.9576,11.4944],[125.0135,11.5094],[125.1158,11.5268],[125.045,11.379],[125.041,11.375],[125.0272,11.3499],[125.0074,11.3106],[124.9922,11.3027]]],[[[124.9733,11.302],[124.9728,11.3003],[124.9711,11.3008],[124.9714,11.3042],[124.9733,11.302]]],[[[124.9758,11.3398],[124.9771,11.3414],[124.9786,11.3392],[124.9756,11.3383],[124.9758,11.3398]]],[[[124.9906,11.3615],[124.9917,11.3602],[124.9907,11.3566],[124.9858,11.3614],[124.9875,11.3636],[124.9861,11.3656],[124.9889,11.3692],[124.9914,11.3667],[124.9894,11.3636],[124.9906,11.3615]]],[[[124.9853,11.3886],[124.987,11.3875],[124.9847,11.3864],[124.9839,11.3886],[124.9853,11.3886]]],[[[124.9855,11.4104],[124.9849,11.4088],[124.9836,11.4102],[124.9844,11.411],[124.9855,11.4104]]],[[[124.9636,11.4284],[124.9617,11.4286],[124.9626,11.4307],[124.9639,11.4303],[124.9636,11.4284]]],[[[124.9,11.4513],[124.9042,11.4509],[124.904,11.4486],[124.8977,11.4527],[124.9,11.4513]]],[[[124.8926,11.4592],[124.8903,11.461],[124.8903,11.4617],[124.8925,11.4621],[124.8926,11.4592]]],[[[124.8845,11.4803],[124.8875,11.4762],[124.8905,11.4756],[124.8869,11.4722],[124.8903,11.4644],[124.889,11.4626],[124.8838,11.4645],[124.8808,11.472],[124.8783,11.4729],[124.865,11.4678],[124.8603,11.4639],[124.8572,11.4649],[124.851,11.4629],[124.8481,11.4644],[124.8593,11.5039],[124.8919,11.5039],[124.8919,11.4978],[124.8886,11.4972],[124.8922,11.4969],[124.8927,11.495],[124.8888,11.4886],[124.8859,11.4869],[124.8845,11.4803]]],[[[124.9019,11.4997],[124.9044,11.4964],[124.8986,11.4956],[124.8975,11.4925],[124.8953,11.4942],[124.8947,11.4983],[124.8961,11.5006],[124.9019,11.4997]]],[[[124.9061,11.4975],[124.9052,11.4997],[124.899,11.5032],[124.905,11.5007],[124.9072,11.4982],[124.9072,11.4969],[124.9061,11.4975]]],[[[124.9108,11.5017],[124.9111,11.5006],[124.9092,11.5003],[124.9069,11.5026],[124.9079,11.5034],[124.9108,11.5017]]],[[[124.9096,11.5035],[124.9097,11.5037],[124.9097,11.5033],[124.9096,11.5035]]]]},"properties":{"ADM3_EN":"Santa Rita","name":"Santa Rita","ADM3_PCODE":"PH86017000","psgc_code":"86017000","ADM2_EN":"Samar","ADM2_PCODE":"PH8601","ADM1_EN":"Region VIII (Eastern Visayas)","ADM1_PCODE":"PH08","ADM0_EN":"Philippines (the)","ADM0_PCODE":"PH","region_key":"eastern_visayas","province_key":"samar","type":"Municipality"}},{"type":"Feature","geometry":{"type":"MultiPolygon","coordinates":[[[[124.454,11.8818],[124.4495,11.8793],[124.4418,11.8847],[124.4272,11.8868],[124.4217,11.891],[124.4163,11.8908],[124.4148,11.8963],[124.4109,11.8969],[124.4197,11.9071],[124.4224,11.9155],[124.4223,11.9206],[124.4296,11.9212],[124.4377,11.9272],[124.4396,11.931],[124.4436,11.9327],[124.4502,11.9278],[124.4509,11.9256],[124.4519,11.9278],[124.4498,11.9302],[124.4511,11.9315],[124.4533,11.9304],[124.4553,11.9228],[124.4627,11.9119],[124.4632,11.9014],[124.4603,11.8985],[124.4613,11.8955],[124.4661,11.8928],[124.4669,11.8901],[124.4639,11.8869],[124.4576,11.8859],[124.454,11.8818]]],[[[124.4048,11.9279],[124.4065,11.9291],[124.4082,11.9278],[124.406,11.9264],[124.4048,11.9279]]],[[[124.4342,11.9667],[124.4293,11.9623],[124.4288,11.9562],[124.4249,11.9562],[124.4221,11.9605],[124.4178,11.9581],[124.415,11.9591],[124.4121,11.958],[124.409,11.9601],[124.408,11.9634],[124.4032,11.9662],[124.4034,11.9679],[124.4062,11.9688],[124.406,11.9721],[124.4094,11.9792],[124.4031,11.9836],[124.4028,11.9858],[124.4086,11.9856],[124.4144,11.9906],[124.4191,11.9897],[124.422,11.9919],[124.4249,11.9881],[124.4293,11.9884],[124.4307,11.9843],[124.4364,11.9775],[124.4345,11.9728],[124.4361,11.9711],[124.4342,11.9667]]]]},"properties":{"ADM3_EN":"Santo Niño","name":"Santo Niño","ADM3_PCODE":"PH86018000","psgc_code":"86018000","ADM2_EN":"Samar","ADM2_PCODE":"PH8601","ADM1_EN":"Region VIII (Eastern Visayas)","ADM1_PCODE":"PH08","ADM0_EN":"Philippines (the)","ADM0_PCODE":"PH","region_key":"eastern_visayas","province_key":"samar","type":"Municipality"}},{"type":"Feature","geometry":{"type":"MultiPolygon","coordinates":[[[[124.1788,12.0395],[124.176,12.0306],[124.1713,12.0338],[124.1674,12.0331],[124.1661,12.0377],[124.1614,12.0423],[124.1481,12.0427],[124.1452,12.0465],[124.148,12.0492],[124.1481,12.0556],[124.1567,12.0494],[124.1583,12.0506],[124.15,12.0625],[124.1511,12.0636],[124.154,12.0621],[124.1572,12.0628],[124.1585,12.0641],[124.1575,12.0664],[124.1608,12.0669],[124.1636,12.0694],[124.1641,12.0722],[124.1681,12.0767],[124.1731,12.0739],[124.1814,12.0808],[124.1867,12.081],[124.1889,12.0775],[124.1917,12.0795],[124.1956,12.0764],[124.2078,12.0814],[124.2114,12.0755],[124.2158,12.0782],[124.2168,12.0819],[124.2216,12.0839],[124.2296,12.0792],[124.233,12.0789],[124.2372,12.0819],[124.2361,12.0769],[124.2391,12.0741],[124.236,12.072],[124.2358,12.0683],[124.2401,12.0648],[124.2375,12.0647],[124.2356,12.0611],[124.2376,12.058],[124.2361,12.0573],[124.231,12.0607],[124.2281,12.0578],[124.2258,12.063],[124.2216,12.0584],[124.2169,12.0614],[124.2153,12.0669],[124.2097,12.0557],[124.2025,12.0533],[124.2017,12.0478],[124.1966,12.0459],[124.1889,12.0482],[124.1853,12.0451],[124.1816,12.0466],[124.1812,12.0422],[124.1788,12.0395]]],[[[124.2012,12.095],[124.1986,12.0895],[124.1936,12.0921],[124.1953,12.0956],[124.2,12.0963],[124.2012,12.095]]]]},"properties":{"ADM3_EN":"Tagapul-An","name":"Tagapul-An","ADM3_PCODE":"PH86024000","psgc_code":"86024000","ADM2_EN":"Samar","ADM2_PCODE":"PH8602","ADM1_EN":"Region VIII (Eastern Visayas)","ADM1_PCODE":"PH08","ADM0_EN":"Philippines (the)","ADM0_PCODE":"PH","region_key":"eastern_visayas","province_key":"samar","type":"Municipality"}},{"type":"Feature","geometry":{"type":"MultiPolygon","coordinates":[[[[124.848,11.4645],[124.8399,11.4656],[124.8376,11.4743],[124.8357,11.4761],[124.8314,11.4746],[124.8299,11.4755],[124.8324,11.4765],[124.8312,11.4817],[124.8338,11.4838],[124.8306,11.4855],[124.829,11.4909],[124.8251,11.493],[124.821,11.4897],[124.8229,11.4975],[124.8299,11.4967],[124.8315,11.4979],[124.8254,11.504],[124.8187,11.5162],[124.8206,11.5167],[124.8208,11.5144],[124.8238,11.5118],[124.8271,11.5136],[124.8316,11.5106],[124.8322,11.5178],[124.8357,11.5194],[124.832,11.5221],[124.8304,11.5255],[124.8355,11.5267],[124.8351,11.5314],[124.841,11.5314],[124.8386,11.5369],[124.8395,11.5389],[124.8419,11.5361],[124.8439,11.5361],[124.8487,11.5423],[124.8525,11.5406],[124.8514,11.5443],[124.8545,11.5435],[124.8588,11.5457],[124.8574,11.5549],[124.8586,11.5552],[124.8623,11.5492],[124.8616,11.5469],[124.8679,11.5421],[124.8705,11.5353],[124.8731,11.5336],[124.858,11.5007],[124.848,11.4645]]],[[[124.8564,11.5461],[124.855,11.5456],[124.8539,11.5467],[124.8553,11.5475],[124.8564,11.5461]]],[[[124.8527,11.5532],[124.8533,11.5544],[124.8537,11.5521],[124.8527,11.5521],[124.8527,11.5532]]],[[[124.8508,11.56],[124.849,11.5613],[124.85,11.5627],[124.8524,11.5611],[124.8508,11.56]]],[[[124.8524,11.5633],[124.8521,11.5651],[124.8537,11.5665],[124.8536,11.5624],[124.8524,11.5633]]]]},"properties":{"ADM3_EN":"Talalora","name":"Talalora","ADM3_PCODE":"PH86019000","psgc_code":"86019000","ADM2_EN":"Samar","ADM2_PCODE":"PH8601","ADM1_EN":"Region VIII (Eastern Visayas)","ADM1_PCODE":"PH08","ADM0_EN":"Philippines (the)","ADM0_PCODE":"PH","region_key":"eastern_visayas","province_key":"samar","type":"Municipality"}},{"type":"Feature","geometry":{"type":"MultiPolygon","coordinates":[[[[124.8144,11.8433],[124.8145,11.8403],[124.8088,11.8447],[124.8044,11.8435],[124.7953,11.8475],[124.7931,11.85],[124.7939,11.8511],[124.8006,11.8475],[124.8047,11.8496],[124.8004,11.8526],[124.7974,11.8583],[124.7929,11.8584],[124.7838,11.8618],[124.7764,11.8592],[124.7739,11.8628],[124.7744,11.8639],[124.7767,11.8616],[124.7789,11.8617],[124.7836,11.8649],[124.7859,11.8641],[124.788,11.8676],[124.7847,11.8708],[124.7874,11.8712],[124.7926,11.8678],[124.7914,11.8709],[124.7982,11.8709],[124.7941,11.8736],[124.7893,11.8736],[124.7886,11.8769],[124.785,11.8757],[124.7828,11.8778],[124.7767,11.878],[124.7766,11.8807],[124.7803,11.8823],[124.7807,11.8861],[124.7832,11.8881],[124.7849,11.8881],[124.7865,11.885],[124.789,11.8865],[124.7947,11.885],[124.799,11.8875],[124.7937,11.8901],[124.7945,11.8928],[124.7909,11.895],[124.7912,11.8991],[124.7864,11.9002],[124.7894,11.9041],[124.7938,11.903],[124.7967,11.9046],[124.7994,11.902],[124.8017,11.9025],[124.8041,11.8931],[124.8067,11.8892],[124.8161,11.8878],[124.8175,11.8864],[124.8213,11.8879],[124.8253,11.8828],[124.8264,11.8833],[124.8246,11.8892],[124.819,11.8898],[124.8182,11.8931],[124.8147,11.8911],[124.8106,11.8947],[124.8076,11.9016],[124.8128,11.9011],[124.8095,11.9061],[124.802,11.9071],[124.8022,11.9106],[124.8006,11.9116],[124.7977,11.9102],[124.7936,11.9129],[124.7907,11.9127],[124.7883,11.9099],[124.7858,11.912],[124.7843,11.9086],[124.7784,11.9098],[124.7772,11.9066],[124.7785,11.9048],[124.7716,11.9083],[124.771,11.9062],[124.7733,11.9029],[124.7769,11.902],[124.776,11.8994],[124.772,11.9003],[124.769,11.9041],[124.7648,11.9054],[124.7616,11.9087],[124.7607,11.9081],[124.7624,11.9055],[124.7599,11.9036],[124.7644,11.9029],[124.7653,11.9009],[124.7642,11.9001],[124.7677,11.8992],[124.7674,11.8978],[124.7623,11.8978],[124.7591,11.8999],[124.7567,11.8984],[124.7538,11.9036],[124.7483,11.9013],[124.7514,11.8986],[124.7471,11.8959],[124.7437,11.8945],[124.7408,11.8966],[124.7369,11.8959],[124.7383,11.9001],[124.7445,11.9005],[124.7457,11.9025],[124.7458,11.9074],[124.7423,11.9112],[124.7493,11.914],[124.7421,11.927],[124.7517,11.9283],[124.7533,11.9309],[124.7523,11.9348],[124.7539,11.936],[124.76,11.9364],[124.7633,11.9347],[124.7679,11.9369],[124.7656,11.94],[124.7614,11.9372],[124.7533,11.9372],[124.7478,11.9332],[124.7436,11.9364],[124.7436,11.94],[124.7356,11.9461],[124.7456,11.9544],[124.7523,11.9628],[124.7622,11.9649],[124.7649,11.9632],[124.7668,11.9584],[124.7754,11.9526],[124.7895,11.9484],[124.7964,11.953],[124.8068,11.9554],[124.8189,11.9409],[124.8248,11.9268],[124.8388,11.9143],[124.863,11.8887],[124.8219,11.8656],[124.8096,11.8478],[124.8144,11.8433]]],[[[124.7786,11.8897],[124.7785,11.8918],[124.7824,11.8903],[124.7797,11.8876],[124.7786,11.8897]]],[[[124.77,11.8764],[124.7684,11.8746],[124.7664,11.8746],[124.7672,11.8782],[124.7722,11.8786],[124.77,11.8764]]],[[[124.658,11.8969],[124.6591,11.8939],[124.6572,11.8894],[124.6561,11.8911],[124.6508,11.8916],[124.6516,11.8953],[124.6495,11.8982],[124.6429,11.8978],[124.6375,11.9021],[124.6371,11.9073],[124.6334,11.909],[124.6353,11.9129],[124.6325,11.9162],[124.6343,11.9195],[124.6416,11.9212],[124.6408,11.9144],[124.6429,11.9099],[124.6457,11.9078],[124.6488,11.9094],[124.6569,11.9092],[124.6591,11.9145],[124.6618,11.913],[124.6617,11.9108],[124.6643,11.908],[124.6622,11.9022],[124.6589,11.9004],[124.658,11.8969]]],[[[124.7216,11.8934],[124.7188,11.895],[124.7233,11.8981],[124.7239,11.8972],[124.7216,11.8934]]],[[[124.7133,11.9018],[124.7104,11.9055],[124.7154,11.9088],[124.7171,11.9034],[124.7145,11.9001],[124.7133,11.9018]]],[[[124.6264,11.9083],[124.6248,11.9133],[124.629,11.9143],[124.6311,11.9125],[124.6301,11.9092],[124.6283,11.9075],[124.6264,11.9083]]],[[[124.6158,11.9211],[124.6153,11.9241],[124.6167,11.9258],[124.6227,11.9253],[124.619,11.9209],[124.6168,11.9199],[124.6158,11.9211]]],[[[124.7351,11.945],[124.74,11.9407],[124.7397,11.935],[124.7426,11.933],[124.7469,11.9329],[124.7464,11.9308],[124.7336,11.9283],[124.7258,11.9344],[124.7231,11.9392],[124.7239,11.9422],[124.7297,11.9461],[124.7351,11.945]]]]},"properties":{"ADM3_EN":"Tarangnan","name":"Tarangnan","ADM3_PCODE":"PH86020000","psgc_code":"86020000","ADM2_EN":"Samar","ADM2_PCODE":"PH8602","ADM1_EN":"Region VIII (Eastern Visayas)","ADM1_PCODE":"PH08","ADM0_EN":"Philippines (the)","ADM0_PCODE":"PH","region_key":"eastern_visayas","province_key":"samar","type":"Municipality"}},{"type":"Feature","geometry":{"type":"MultiPolygon","coordinates":[[[[124.9305,11.4928],[124.9278,11.4969],[124.9275,11.5032],[124.9249,11.5048],[124.9215,11.5034],[124.9186,11.506],[124.9172,11.5014],[124.9147,11.5027],[124.9153,11.5044],[124.9136,11.5044],[124.9119,11.5075],[124.9092,11.5072],[124.9092,11.5033],[124.9069,11.5044],[124.908,11.5069],[124.9062,11.5098],[124.9026,11.5078],[124.9057,11.5062],[124.9061,11.5029],[124.9034,11.5025],[124.9072,11.5008],[124.9072,11.4982],[124.899,11.5032],[124.8969,11.5058],[124.8981,11.5081],[124.8958,11.5069],[124.8933,11.51],[124.8944,11.5069],[124.8931,11.5053],[124.8906,11.5083],[124.8897,11.5069],[124.8878,11.5075],[124.8919,11.5039],[124.8593,11.5039],[124.8731,11.5336],[124.8751,11.5331],[124.8786,11.5353],[124.8865,11.5331],[124.8953,11.5419],[124.895,11.5486],[124.8986,11.5525],[124.8978,11.5533],[124.8947,11.5506],[124.8928,11.5542],[124.8887,11.556],[124.8856,11.55],[124.8813,11.5589],[124.8772,11.5584],[124.8763,11.5681],[124.8796,11.5682],[124.8791,11.5737],[124.8812,11.5773],[124.8858,11.5747],[124.8886,11.5789],[124.894,11.574],[124.8967,11.5736],[124.9005,11.5741],[124.9038,11.5785],[124.9064,11.5789],[124.9249,11.5678],[124.933,11.5699],[124.9362,11.5745],[124.9472,11.5717],[124.9528,11.5738],[124.9596,11.5824],[124.9644,11.5826],[124.9659,11.5845],[124.9636,11.5869],[124.9624,11.5838],[124.9578,11.5863],[124.9578,11.5919],[124.9563,11.5941],[124.9571,11.5969],[124.9658,11.6005],[124.9694,11.6046],[124.9884,11.587],[125.0057,11.5647],[125.0135,11.5094],[124.9576,11.4944],[124.9359,11.4906],[124.9319,11.4907],[124.9305,11.4928]]],[[[124.9092,11.4981],[124.91,11.4992],[124.9112,11.4993],[124.909,11.496],[124.9092,11.4981]]],[[[124.8926,11.5925],[124.8948,11.5939],[124.8987,11.5903],[124.9031,11.5907],[124.9065,11.5887],[124.9052,11.5873],[124.8954,11.586],[124.8915,11.5877],[124.887,11.5822],[124.8854,11.5857],[124.8813,11.5848],[124.8804,11.588],[124.8762,11.5915],[124.8802,11.593],[124.882,11.5982],[124.885,11.6005],[124.8855,11.6038],[124.884,11.6058],[124.8865,11.6084],[124.8922,11.6099],[124.8949,11.6063],[124.8942,11.603],[124.8985,11.6015],[124.8932,11.5994],[124.8944,11.5964],[124.8926,11.5925]]],[[[124.9059,11.582],[124.9069,11.5833],[124.9078,11.5803],[124.9056,11.5806],[124.9059,11.582]]],[[[124.9167,11.597],[124.9204,11.5981],[124.9153,11.5928],[124.9081,11.5924],[124.9042,11.5993],[124.9167,11.597]]],[[[124.9221,11.608],[124.9239,11.6083],[124.9228,11.6061],[124.9222,11.6064],[124.9221,11.608]]]]},"properties":{"ADM3_EN":"Villareal","name":"Villareal","ADM3_PCODE":"PH86021000","psgc_code":"86021000","ADM2_EN":"Samar","ADM2_PCODE":"PH8602","ADM1_EN":"Region VIII (Eastern Visayas)","ADM1_PCODE":"PH08","ADM0_EN":"Philippines (the)","ADM0_PCODE":"PH","region_key":"eastern_visayas","province_key":"samar","type":"Municipality"}},{"type":"Feature","geometry":{"type":"MultiPolygon","coordinates":[[[[124.8737,11.625],[124.8754,11.6217],[124.8604,11.6195],[124.8596,11.6206],[124.8618,11.622],[124.8593,11.6224],[124.854,11.6285],[124.8482,11.6302],[124.8454,11.635],[124.8403,11.6282],[124.8352,11.6323],[124.8351,11.6341],[124.8414,11.6408],[124.8312,11.659],[124.8322,11.6678],[124.8374,11.665],[124.8389,11.6694],[124.8258,11.6781],[124.8289,11.6819],[124.8277,11.6839],[124.822,11.6828],[124.8202,11.6844],[124.826,11.6916],[124.8237,11.6954],[124.8258,11.6979],[124.8255,11.7002],[124.8228,11.7021],[124.8218,11.7093],[124.8303,11.7058],[124.8278,11.6999],[124.8328,11.6928],[124.8418,11.6909],[124.846,11.6857],[124.8535,11.6874],[124.856,11.6926],[124.8618,11.6905],[124.865,11.6856],[124.8643,11.6808],[124.8599,11.6781],[124.8611,11.6768],[124.8711,11.6748],[124.8734,11.6774],[124.8797,11.6795],[124.8845,11.6847],[124.8899,11.6803],[124.8917,11.6744],[124.89,11.6711],[124.8942,11.6714],[124.8949,11.6653],[124.8904,11.6652],[124.8842,11.6618],[124.8841,11.6574],[124.8765,11.6562],[124.8724,11.6503],[124.8726,11.6446],[124.8785,11.6398],[124.8771,11.6332],[124.8814,11.6247],[124.8756,11.6251],[124.8751,11.6282],[124.8737,11.625]]],[[[124.8746,11.6198],[124.8768,11.6208],[124.8773,11.6188],[124.8754,11.6182],[124.8746,11.6198]]],[[[124.8867,11.6453],[124.8873,11.642],[124.8835,11.6418],[124.882,11.6401],[124.881,11.6427],[124.8837,11.646],[124.8863,11.6465],[124.8867,11.6453]]],[[[124.8884,11.6598],[124.8896,11.6618],[124.8912,11.6601],[124.8897,11.6585],[124.8884,11.6598]]],[[[124.8347,11.637],[124.8334,11.6366],[124.8328,11.6376],[124.8339,11.6379],[124.8347,11.637]]]]},"properties":{"ADM3_EN":"Zumarraga","name":"Zumarraga","ADM3_PCODE":"PH86023000","psgc_code":"86023000","ADM2_EN":"Samar","ADM2_PCODE":"PH8602","ADM1_EN":"Region VIII (Eastern Visayas)","ADM1_PCODE":"PH08","ADM0_EN":"Philippines (the)","ADM0_PCODE":"PH","region_key":"eastern_visayas","province_key":"samar","type":"Municipality"}},{"type":"Feature","geometry":{"type":"MultiPolygon","coordinates":[[[[125.2522,10.2571],[125.2509,10.256],[125.2086,10.2813],[125.1856,10.2917],[125.1548,10.31],[125.1605,10.3347],[125.169,10.331],[125.214,10.3202],[125.2231,10.3206],[125.2504,10.306],[125.267,10.3039],[125.2681,10.2989],[125.2647,10.291],[125.2642,10.2847],[125.2614,10.2816],[125.2564,10.2633],[125.2522,10.2571]]]]},"properties":{"ADM3_EN":"Anahawan","name":"Anahawan","ADM3_PCODE":"PH86401000","psgc_code":"86401000","ADM2_EN":"Southern Leyte","ADM2_PCODE":"PH8640","ADM1_EN":"Region VIII (Eastern Visayas)","ADM1_PCODE":"PH08","ADM0_EN":"Philippines (the)","ADM0_PCODE":"PH","region_key":"eastern_visayas","province_key":"southern_leyte","type":"Municipality"}},{"type":"Feature","geometry":{"type":"MultiPolygon","coordinates":[[[[124.9689,10.3722],[124.9711,10.365],[124.9696,10.3571],[124.9757,10.3479],[124.9738,10.3455],[124.9759,10.3432],[124.9725,10.3337],[124.9441,10.324],[124.9176,10.3182],[124.8973,10.3105],[124.8945,10.3549],[124.8911,10.372],[124.8932,10.4044],[124.9071,10.4273],[124.9172,10.4489],[124.9348,10.4242],[124.9418,10.4172],[124.9575,10.3919],[124.9704,10.3777],[124.9686,10.3753],[124.9689,10.3722]]]]},"properties":{"ADM3_EN":"Bontoc","name":"Bontoc","ADM3_PCODE":"PH86402000","psgc_code":"86402000","ADM2_EN":"Southern Leyte","ADM2_PCODE":"PH8640","ADM1_EN":"Region VIII (Eastern Visayas)","ADM1_PCODE":"PH08","ADM0_EN":"Philippines (the)","ADM0_PCODE":"PH","region_key":"eastern_visayas","province_key":"southern_leyte","type":"Municipality"}},{"type":"Feature","geometry":{"type":"MultiPolygon","coordinates":[[[[125.1371,10.3528],[125.1277,10.3766],[125.086,10.3749],[125.0786,10.4114],[125.0748,10.44],[125.0838,10.4488],[125.0916,10.4534],[125.0997,10.4552],[125.1065,10.4548],[125.153,10.442],[125.1638,10.4417],[125.1858,10.45],[125.1853,10.4453],[125.1881,10.4408],[125.1806,10.4372],[125.1792,10.4293],[125.1939,10.4122],[125.2022,10.3969],[125.2146,10.3853],[125.222,10.3818],[125.223,10.3838],[125.2208,10.3723],[125.2138,10.3616],[125.2053,10.3539],[125.1904,10.3457],[125.1735,10.3406],[125.1605,10.3347],[125.1548,10.31],[125.1371,10.3528]]]]},"properties":{"ADM3_EN":"Hinunangan","name":"Hinunangan","ADM3_PCODE":"PH86403000","psgc_code":"86403000","ADM2_EN":"Southern Leyte","ADM2_PCODE":"PH8640","ADM1_EN":"Region VIII (Eastern Visayas)","ADM1_PCODE":"PH08","ADM0_EN":"Philippines (the)","ADM0_PCODE":"PH","region_key":"eastern_visayas","province_key":"southern_leyte","type":"Municipality"}},{"type":"Feature","geometry":{"type":"MultiPolygon","coordinates":[[[[125.2567,10.3046],[125.2364,10.3124],[125.2231,10.3206],[125.214,10.3202],[125.169,10.331],[125.1605,10.3347],[125.202,10.3513],[125.2138,10.3616],[125.2208,10.3723],[125.2242,10.3872],[125.2347,10.3953],[125.2397,10.3947],[125.2414,10.3897],[125.248,10.3844],[125.2608,10.3667],[125.2603,10.3619],[125.2543,10.3569],[125.2556,10.3512],[125.2607,10.3457],[125.2627,10.3409],[125.2661,10.3267],[125.265,10.3239],[125.2672,10.3058],[125.267,10.3039],[125.2567,10.3046]]]]},"properties":{"ADM3_EN":"Hinundayan","name":"Hinundayan","ADM3_PCODE":"PH86404000","psgc_code":"86404000","ADM2_EN":"Southern Leyte","ADM2_PCODE":"PH8640","ADM1_EN":"Region VIII (Eastern Visayas)","ADM1_PCODE":"PH08","ADM0_EN":"Philippines (the)","ADM0_PCODE":"PH","region_key":"eastern_visayas","province_key":"southern_leyte","type":"Municipality"}},{"type":"Feature","geometry":{"type":"MultiPolygon","coordinates":[[[[125.0789,10.2277],[125.0722,10.2503],[125.0686,10.2539],[125.0678,10.2583],[125.0639,10.2614],[125.0661,10.2667],[125.0645,10.2722],[125.0594,10.2764],[125.0597,10.2853],[125.0567,10.2897],[125.0514,10.2931],[125.0406,10.3094],[125.0403,10.3161],[125.0361,10.3242],[125.0358,10.3278],[125.0378,10.3317],[125.0369,10.3381],[125.0306,10.3508],[125.0275,10.3536],[125.0264,10.3614],[125.0239,10.3642],[125.0247,10.3683],[125.0163,10.3731],[125.0412,10.3969],[125.0558,10.4174],[125.0748,10.44],[125.0786,10.4114],[125.0945,10.3313],[125.1096,10.2431],[125.0789,10.2277]]]]},"properties":{"ADM3_EN":"Libagon","name":"Libagon","ADM3_PCODE":"PH86405000","psgc_code":"86405000","ADM2_EN":"Southern Leyte","ADM2_PCODE":"PH8640","ADM1_EN":"Region VIII (Eastern Visayas)","ADM1_PCODE":"PH08","ADM0_EN":"Philippines (the)","ADM0_PCODE":"PH","region_key":"eastern_visayas","province_key":"southern_leyte","type":"Municipality"}},{"type":"Feature","geometry":{"type":"MultiPolygon","coordinates":[[[[125.2242,10.0925],[125.2328,10.0831],[125.2344,10.0797],[125.2339,10.0731],[125.2386,10.0669],[125.2184,10.0496],[125.1873,10.0787],[125.1813,10.0825],[125.1652,10.0991],[125.1612,10.1003],[125.1566,10.1073],[125.1538,10.1078],[125.1401,10.1224],[125.1283,10.1323],[125.1186,10.1353],[125.1209,10.1386],[125.1158,10.145],[125.1174,10.1531],[125.1164,10.1569],[125.1183,10.1597],[125.1197,10.1567],[125.1228,10.1567],[125.1264,10.1611],[125.1244,10.1631],[125.1264,10.1653],[125.1258,10.1675],[125.1186,10.1711],[125.1222,10.1778],[125.1208,10.1789],[125.1183,10.1775],[125.1172,10.1817],[125.1136,10.1828],[125.1114,10.1858],[125.1099,10.1916],[125.1033,10.1928],[125.0975,10.2011],[125.0925,10.2047],[125.0833,10.2175],[125.0789,10.2277],[125.1096,10.2431],[125.116,10.2027],[125.1339,10.1994],[125.135,10.1956],[125.1339,10.1869],[125.1397,10.1731],[125.1372,10.1678],[125.1292,10.1622],[125.1467,10.1503],[125.1522,10.1431],[125.1639,10.1336],[125.1678,10.1325],[125.1828,10.1353],[125.1881,10.1308],[125.197,10.1297],[125.2028,10.1267],[125.2122,10.1286],[125.2142,10.1192],[125.2178,10.1144],[125.2183,10.1056],[125.2222,10.0997],[125.2242,10.0925]]]]},"properties":{"ADM3_EN":"Liloan","name":"Liloan","ADM3_PCODE":"PH86406000","psgc_code":"86406000","ADM2_EN":"Southern Leyte","ADM2_PCODE":"PH8640","ADM1_EN":"Region VIII (Eastern Visayas)","ADM1_PCODE":"PH08","ADM0_EN":"Philippines (the)","ADM0_PCODE":"PH","region_key":"eastern_visayas","province_key":"southern_leyte","type":"Municipality"}},{"type":"Feature","geometry":{"type":"MultiPolygon","coordinates":[[[[125.0734,9.9214],[125.0736,9.9244],[125.0703,9.9289],[125.0664,9.9444],[125.0607,9.9536],[125.0597,9.9647],[125.065,9.9636],[125.068,9.9603],[125.072,9.9475],[125.0767,9.9417],[125.0758,9.9386],[125.08,9.9347],[125.0803,9.9256],[125.0775,9.9117],[125.0778,9.9028],[125.0792,9.9006],[125.0736,9.8947],[125.0711,9.8968],[125.0673,9.9065],[125.0674,9.9092],[125.0711,9.9116],[125.0734,9.9214]]]]},"properties":{"ADM3_EN":"Limasawa","name":"Limasawa","ADM3_PCODE":"PH86419000","psgc_code":"86419000","ADM2_EN":"Southern Leyte","ADM2_PCODE":"PH8641","ADM1_EN":"Region VIII (Eastern Visayas)","ADM1_PCODE":"PH08","ADM0_EN":"Philippines (the)","ADM0_PCODE":"PH","region_key":"eastern_visayas","province_key":"southern_leyte","type":"Municipality"}},{"type":"Feature","geometry":{"type":"MultiPolygon","coordinates":[[[[124.8939,10.1133],[124.8908,10.1203],[124.8817,10.1246],[124.8465,10.1321],[124.8349,10.1311],[124.8315,10.1327],[124.8218,10.1299],[124.8073,10.1295],[124.7849,10.1376],[124.7778,10.1331],[124.7726,10.1385],[124.7713,10.1446],[124.76,10.1555],[124.7576,10.1561],[124.7568,10.1718],[124.7537,10.1721],[124.7539,10.1885],[124.7594,10.1921],[124.761,10.1855],[124.7637,10.1831],[124.7753,10.1853],[124.7838,10.1977],[124.7944,10.2064],[124.8053,10.2197],[124.8208,10.2278],[124.8327,10.237],[124.8391,10.2469],[124.8455,10.2528],[124.8636,10.2617],[124.8749,10.2664],[124.8888,10.268],[124.8999,10.265],[124.9075,10.261],[124.9077,10.2419],[124.9144,10.2066],[124.9251,10.1787],[124.9389,10.1543],[124.8953,10.1109],[124.8939,10.1133]]],[[[124.7917,10.1303],[124.7947,10.13],[124.7961,10.1286],[124.7947,10.1275],[124.7883,10.1297],[124.7892,10.1314],[124.7917,10.1303]]],[[[124.7849,10.133],[124.7865,10.134],[124.788,10.1327],[124.7857,10.1311],[124.7849,10.133]]]]},"properties":{"ADM3_EN":"Maasin City","name":"Maasin City","ADM3_PCODE":"PH86407000","psgc_code":"86407000","ADM2_EN":"Southern Leyte","ADM2_PCODE":"PH8640","ADM1_EN":"Region VIII (Eastern Visayas)","ADM1_PCODE":"PH08","ADM0_EN":"Philippines (the)","ADM0_PCODE":"PH","region_key":"eastern_visayas","province_key":"southern_leyte","type":"City"}},{"type":"Feature","geometry":{"type":"MultiPolygon","coordinates":[[[[125.0072,10.0297],[125.0,10.0342],[124.9833,10.0348],[124.9648,10.0462],[124.9649,10.0489],[124.9566,10.0561],[124.9564,10.0589],[124.9529,10.0624],[124.9468,10.0661],[124.9369,10.0808],[124.922,10.0886],[124.9068,10.0886],[124.8995,10.0958],[124.8984,10.0987],[124.8996,10.1061],[124.8953,10.1109],[124.9389,10.1543],[124.9872,10.0712],[125.0092,10.0295],[125.0072,10.0297]]]]},"properties":{"ADM3_EN":"Macrohon","name":"Macrohon","ADM3_PCODE":"PH86408000","psgc_code":"86408000","ADM2_EN":"Southern Leyte","ADM2_PCODE":"PH8640","ADM1_EN":"Region VIII (Eastern Visayas)","ADM1_PCODE":"PH08","ADM0_EN":"Philippines (the)","ADM0_PCODE":"PH","region_key":"eastern_visayas","province_key":"southern_leyte","type":"Municipality"}},{"type":"Feature","geometry":{"type":"MultiPolygon","coordinates":[[[[125.0086,10.12],[125.009,10.1153],[124.9534,10.1281],[124.9251,10.1787],[124.9144,10.2066],[124.9094,10.2297],[124.9534,10.232],[124.968,10.2338],[124.9764,10.2365],[124.9792,10.2352],[124.978,10.2298],[124.9811,10.222],[124.9775,10.2131],[124.98,10.2092],[124.9796,10.2018],[124.9831,10.1977],[124.9842,10.1855],[124.9867,10.1814],[124.9919,10.1778],[124.9961,10.1689],[125.0008,10.165],[125.0031,10.1603],[125.0042,10.1556],[125.0003,10.1497],[125.0006,10.1444],[125.0082,10.1318],[125.0086,10.12]]]]},"properties":{"ADM3_EN":"Malitbog","name":"Malitbog","ADM3_PCODE":"PH86409000","psgc_code":"86409000","ADM2_EN":"Southern Leyte","ADM2_PCODE":"PH8640","ADM1_EN":"Region VIII (Eastern Visayas)","ADM1_PCODE":"PH08","ADM0_EN":"Philippines (the)","ADM0_PCODE":"PH","region_key":"eastern_visayas","province_key":"southern_leyte","type":"Municipality"}},{"type":"Feature","geometry":{"type":"MultiPolygon","coordinates":[[[[125.0231,10.021],[125.0291,10.0074],[125.0267,10.0042],[125.0183,10.0094],[125.0165,10.0147],[125.0125,10.0192],[125.0117,10.0222],[125.0131,10.0253],[125.0092,10.0295],[124.9872,10.0712],[124.9534,10.1281],[125.009,10.1155],[125.0125,10.1032],[125.0172,10.1014],[125.0208,10.0975],[125.0239,10.0878],[125.0237,10.0543],[125.0269,10.0467],[125.0256,10.0411],[125.0187,10.0317],[125.0231,10.021]]]]},"properties":{"ADM3_EN":"Padre Burgos","name":"Padre Burgos","ADM3_PCODE":"PH86410000","psgc_code":"86410000","ADM2_EN":"Southern Leyte","ADM2_PCODE":"PH8641","ADM1_EN":"Region VIII (Eastern Visayas)","ADM1_PCODE":"PH08","ADM0_EN":"Philippines (the)","ADM0_PCODE":"PH","region_key":"eastern_visayas","province_key":"southern_leyte","type":"Municipality"}},{"type":"Feature","geometry":{"type":"MultiPolygon","coordinates":[[[[125.2664,9.9155],[125.2674,9.9097],[125.2661,9.9093],[125.2612,9.9103],[125.2555,9.9144],[125.2478,9.9364],[125.2483,9.9483],[125.2379,9.9625],[125.231,9.9649],[125.2232,9.9624],[125.2209,9.9734],[125.21,9.9853],[125.207,9.9957],[125.2009,10.008],[125.2033,10.0092],[125.2072,10.0165],[125.2175,10.0236],[125.2184,10.0496],[125.263,9.9644],[125.2665,9.9595],[125.2718,9.9601],[125.2896,9.941],[125.2883,9.9388],[125.2792,9.9389],[125.277,9.9375],[125.2657,9.9231],[125.2664,9.9155]]]]},"properties":{"ADM3_EN":"Pintuyan","name":"Pintuyan","ADM3_PCODE":"PH86411000","psgc_code":"86411000","ADM2_EN":"Southern Leyte","ADM2_PCODE":"PH8641","ADM1_EN":"Region VIII (Eastern Visayas)","ADM1_PCODE":"PH08","ADM0_EN":"Philippines (the)","ADM0_PCODE":"PH","region_key":"eastern_visayas","province_key":"southern_leyte","type":"Municipality"}},{"type":"Feature","geometry":{"type":"MultiPolygon","coordinates":[[[[125.1102,10.2394],[125.086,10.3749],[125.1277,10.3766],[125.1548,10.31],[125.1592,10.2668],[125.1418,10.2771],[125.1363,10.2782],[125.1314,10.2757],[125.1276,10.2666],[125.1253,10.2514],[125.127,10.2478],[125.1278,10.2272],[125.1297,10.2206],[125.1289,10.2133],[125.1339,10.1994],[125.116,10.2027],[125.1102,10.2394]]]]},"properties":{"ADM3_EN":"Saint Bernard","name":"Saint Bernard","ADM3_PCODE":"PH86412000","psgc_code":"86412000","ADM2_EN":"Southern Leyte","ADM2_PCODE":"PH8641","ADM1_EN":"Region VIII (Eastern Visayas)","ADM1_PCODE":"PH08","ADM0_EN":"Philippines (the)","ADM0_PCODE":"PH","region_key":"eastern_visayas","province_key":"southern_leyte","type":"Municipality"}},{"type":"Feature","geometry":{"type":"MultiPolygon","coordinates":[[[[125.2007,10.0092],[125.1993,10.0132],[125.1908,10.0222],[125.19,10.0314],[125.1816,10.0423],[125.1503,10.0586],[125.1419,10.0583],[125.135,10.0622],[125.135,10.0675],[125.1245,10.0833],[125.123,10.0875],[125.1244,10.0922],[125.1192,10.0997],[125.1178,10.1047],[125.1164,10.1156],[125.1186,10.1353],[125.1283,10.1323],[125.1401,10.1224],[125.1538,10.1078],[125.1566,10.1073],[125.1612,10.1003],[125.1652,10.0991],[125.1813,10.0825],[125.1873,10.0787],[125.2184,10.0496],[125.2175,10.0236],[125.2072,10.0165],[125.2033,10.0092],[125.2007,10.0092]]]]},"properties":{"ADM3_EN":"San Francisco","name":"San Francisco","ADM3_PCODE":"PH86413000","psgc_code":"86413000","ADM2_EN":"Southern Leyte","ADM2_PCODE":"PH8641","ADM1_EN":"Region VIII (Eastern Visayas)","ADM1_PCODE":"PH08","ADM0_EN":"Philippines (the)","ADM0_PCODE":"PH","region_key":"eastern_visayas","province_key":"southern_leyte","type":"Municipality"}},{"type":"Feature","geometry":{"type":"MultiPolygon","coordinates":[[[[125.25,10.2553],[125.2298,10.2512],[125.2203,10.2472],[125.2086,10.2462],[125.1969,10.2506],[125.1858,10.2575],[125.1749,10.2598],[125.1702,10.2638],[125.1628,10.2645],[125.1592,10.2668],[125.1548,10.31],[125.1856,10.2917],[125.2086,10.2813],[125.2509,10.256],[125.25,10.2553]]]]},"properties":{"ADM3_EN":"San Juan","name":"San Juan","ADM3_PCODE":"PH86414000","psgc_code":"86414000","ADM2_EN":"Southern Leyte","ADM2_PCODE":"PH8641","ADM1_EN":"Region VIII (Eastern Visayas)","ADM1_PCODE":"PH08","ADM0_EN":"Philippines (the)","ADM0_PCODE":"PH","region_key":"eastern_visayas","province_key":"southern_leyte","type":"Municipality"}},{"type":"Feature","geometry":{"type":"MultiPolygon","coordinates":[[[[125.2664,9.9155],[125.2657,9.9231],[125.277,9.9375],[125.2792,9.9389],[125.2883,9.9388],[125.2896,9.941],[125.2718,9.9601],[125.2665,9.9595],[125.263,9.9644],[125.2184,10.0496],[125.2386,10.0669],[125.2417,10.0533],[125.2447,10.0492],[125.2445,10.0417],[125.2497,10.0372],[125.2553,10.0231],[125.2614,10.0172],[125.2664,10.0078],[125.2806,9.9942],[125.2756,9.9814],[125.2761,9.9769],[125.2717,9.9719],[125.2733,9.9658],[125.2897,9.9478],[125.2981,9.9331],[125.2989,9.9253],[125.2931,9.92],[125.2889,9.9125],[125.2831,9.9103],[125.2674,9.9097],[125.2664,9.9155]]]]},"properties":{"ADM3_EN":"San Ricardo","name":"San Ricardo","ADM3_PCODE":"PH86415000","psgc_code":"86415000","ADM2_EN":"Southern Leyte","ADM2_PCODE":"PH8641","ADM1_EN":"Region VIII (Eastern Visayas)","ADM1_PCODE":"PH08","ADM0_EN":"Philippines (the)","ADM0_PCODE":"PH","region_key":"eastern_visayas","province_key":"southern_leyte","type":"Municipality"}},{"type":"Feature","geometry":{"type":"MultiPolygon","coordinates":[[[[125.1667,10.5372],[125.1648,10.5342],[125.1664,10.52],[125.1692,10.5175],[125.1704,10.5118],[125.1761,10.5106],[125.1783,10.5083],[125.1764,10.5053],[125.1803,10.5017],[125.1811,10.495],[125.1872,10.4892],[125.1881,10.4856],[125.1867,10.4842],[125.1917,10.4739],[125.1875,10.465],[125.1858,10.45],[125.1638,10.4417],[125.153,10.442],[125.1142,10.4532],[125.0997,10.4552],[125.0916,10.4534],[125.0838,10.4488],[125.0748,10.44],[125.0752,10.4484],[125.0713,10.4718],[125.0585,10.5144],[125.053,10.5239],[125.0864,10.5571],[125.1135,10.5875],[125.1492,10.6222],[125.1544,10.62],[125.1728,10.6011],[125.178,10.5992],[125.185,10.5939],[125.1869,10.5908],[125.1855,10.5861],[125.1919,10.5772],[125.1853,10.5742],[125.1878,10.5714],[125.1867,10.5675],[125.1889,10.5647],[125.1889,10.5614],[125.1798,10.5572],[125.1764,10.5574],[125.178,10.5514],[125.175,10.5494],[125.1742,10.5456],[125.1711,10.5442],[125.1667,10.5372]]]]},"properties":{"ADM3_EN":"Silago","name":"Silago","ADM3_PCODE":"PH86416000","psgc_code":"86416000","ADM2_EN":"Southern Leyte","ADM2_PCODE":"PH8641","ADM1_EN":"Region VIII (Eastern Visayas)","ADM1_PCODE":"PH08","ADM0_EN":"Philippines (the)","ADM0_PCODE":"PH","region_key":"eastern_visayas","province_key":"southern_leyte","type":"Municipality"}},{"type":"Feature","geometry":{"type":"MultiPolygon","coordinates":[[[[124.9811,10.3822],[124.9704,10.3777],[124.964,10.3842],[124.9575,10.3919],[124.9418,10.4172],[124.9348,10.4242],[124.9172,10.4489],[124.9346,10.5015],[124.9398,10.5243],[124.9631,10.5251],[124.9949,10.5228],[125.053,10.5239],[125.0585,10.5144],[125.0713,10.4718],[125.0752,10.4484],[125.0748,10.44],[125.0558,10.4174],[125.0412,10.3969],[125.0163,10.3731],[125.0064,10.3808],[124.9887,10.3794],[124.9861,10.3818],[124.9811,10.3822]]]]},"properties":{"ADM3_EN":"Sogod","name":"Sogod","ADM3_PCODE":"PH86417000","psgc_code":"86417000","ADM2_EN":"Southern Leyte","ADM2_PCODE":"PH8641","ADM1_EN":"Region VIII (Eastern Visayas)","ADM1_PCODE":"PH08","ADM0_EN":"Philippines (the)","ADM0_PCODE":"PH","region_key":"eastern_visayas","province_key":"southern_leyte","type":"Municipality"}},{"type":"Feature","geometry":{"type":"MultiPolygon","coordinates":[[[[124.9797,10.2394],[124.9792,10.2352],[124.9764,10.2365],[124.968,10.2338],[124.9534,10.232],[124.9094,10.2297],[124.9072,10.2484],[124.9075,10.261],[124.8999,10.265],[124.8995,10.2911],[124.8973,10.3105],[124.9176,10.3182],[124.9441,10.324],[124.9725,10.3337],[124.9726,10.327],[124.9761,10.3211],[124.9769,10.3104],[124.9814,10.3081],[124.9825,10.3048],[124.9808,10.2881],[124.9847,10.2694],[124.983,10.2578],[124.987,10.2544],[124.9847,10.2444],[124.9797,10.2394]]]]},"properties":{"ADM3_EN":"Tomas Oppus","name":"Tomas Oppus","ADM3_PCODE":"PH86418000","psgc_code":"86418000","ADM2_EN":"Southern Leyte","ADM2_PCODE":"PH8641","ADM1_EN":"Region VIII (Eastern Visayas)","ADM1_PCODE":"PH08","ADM0_EN":"Philippines (the)","ADM0_PCODE":"PH","region_key":"eastern_visayas","province_key":"southern_leyte","type":"Municipality"}}]}