{"type":"FeatureCollection","name":"northern_mindanao_caraga_municipalities","crs":{"type":"name","properties":{"name":"urn:ogc:def:crs:OGC:1.3:CRS84"}},"features":[{"type":"Feature","geometry":{"type":"MultiPolygon","coordinates":[[[[125.4578,8.7703],[125.238,8.7596],[125.2362,8.7846],[125.24,8.8006],[125.2411,8.8406],[125.274,8.8451],[125.3232,8.8481],[125.354,8.8482],[125.3584,8.863],[125.3574,8.8641],[125.3663,8.9052],[125.3852,8.9539],[125.3931,8.9837],[125.4043,8.9831],[125.4132,8.9808],[125.414,8.9789],[125.4211,8.9758],[125.4275,8.9756],[125.4499,8.9855],[125.4519,8.9671],[125.4572,8.8298],[125.4654,8.8259],[125.4835,8.8066],[125.4917,8.7908],[125.4916,8.7841],[125.4876,8.7714],[125.4578,8.7703]]]]},"properties":{"ADM3_EN":"Buenavista","name":"Buenavista","ADM3_PCODE":"PH160201000","psgc_code":"160201000","ADM2_EN":"Agusan del Norte","ADM2_PCODE":"PH1602","ADM1_EN":"Northern Mindanao & Caraga","ADM1_PCODE":"PH10","ADM0_EN":"Philippines (the)","ADM0_PCODE":"PH","region_key":"northern_mindanao_caraga","province_key":"agusan_del_norte","type":"Municipality"}},{"type":"Feature","geometry":{"type":"MultiPolygon","coordinates":[[[[125.4835,8.8066],[125.4654,8.8259],[125.4572,8.8298],[125.4519,8.9671],[125.4499,8.9855],[125.4589,8.99],[125.4736,8.9942],[125.4905,9.0043],[125.4914,9.0022],[125.5039,9.0114],[125.5119,9.0097],[125.5193,9.0106],[125.5217,9.0133],[125.5219,9.0174],[125.5285,9.015],[125.5318,9.0103],[125.5727,9.0126],[125.5712,9.0462],[125.6018,9.0489],[125.7356,9.0483],[125.723,9.0221],[125.7203,9.0118],[125.6959,8.9851],[125.67,8.9088],[125.6682,8.8856],[125.6712,8.8652],[125.6607,8.8427],[125.6396,8.8089],[125.6543,8.7781],[125.6161,8.7749],[125.6021,8.7759],[125.5316,8.7746],[125.4876,8.7714],[125.4916,8.7841],[125.4917,8.7908],[125.4835,8.8066]]]]},"properties":{"ADM3_EN":"Butuan City","name":"Butuan City","ADM3_PCODE":"PH160202000","psgc_code":"160202000","ADM2_EN":"Agusan del Norte","ADM2_PCODE":"PH1602","ADM1_EN":"Northern Mindanao & Caraga","ADM1_PCODE":"PH10","ADM0_EN":"Philippines (the)","ADM0_PCODE":"PH","region_key":"northern_mindanao_caraga","province_key":"agusan_del_norte","type":"City"}},{"type":"Feature","geometry":{"type":"MultiPolygon","coordinates":[[[[125.5804,9.0725],[125.5772,9.0676],[125.5711,9.0633],[125.5704,9.0595],[125.5311,9.0585],[125.535,9.0722],[125.535,9.0803],[125.5292,9.1044],[125.5219,9.12],[125.5292,9.1231],[125.5314,9.1256],[125.5228,9.1226],[125.5249,9.1309],[125.5197,9.1397],[125.5192,9.1419],[125.5192,9.1444],[125.5194,9.1446],[125.5353,9.1418],[125.5391,9.1467],[125.5478,9.1425],[125.5535,9.1476],[125.5601,9.1445],[125.5631,9.1405],[125.5743,9.1418],[125.5746,9.1812],[125.6245,9.1803],[125.6266,9.2213],[125.7583,9.2164],[125.7675,9.1636],[125.7457,9.0775],[125.59,9.0766],[125.5804,9.0725]]]]},"properties":{"ADM3_EN":"Cabadbaran City","name":"Cabadbaran City","ADM3_PCODE":"PH160203000","psgc_code":"160203000","ADM2_EN":"Agusan del Norte","ADM2_PCODE":"PH1602","ADM1_EN":"Northern Mindanao & Caraga","ADM1_PCODE":"PH10","ADM0_EN":"Philippines (the)","ADM0_PCODE":"PH","region_key":"northern_mindanao_caraga","province_key":"agusan_del_norte","type":"City"}},{"type":"Feature","geometry":{"type":"MultiPolygon","coordinates":[[[[125.2555,8.8426],[125.2411,8.8406],[125.2315,8.8552],[125.2534,8.867],[125.2556,8.8743],[125.2522,8.8793],[125.2533,8.882],[125.2519,8.8842],[125.2493,8.8842],[125.2475,8.8886],[125.2498,8.8928],[125.2455,8.8937],[125.2423,8.8909],[125.239,8.8955],[125.2359,8.8937],[125.2344,8.8976],[125.2358,8.902],[125.2347,8.9065],[125.2357,8.9141],[125.2333,8.9156],[125.2291,8.915],[125.2286,8.918],[125.2235,8.9168],[125.225,8.9209],[125.2202,8.9208],[125.2191,8.9235],[125.2217,8.9272],[125.2222,8.932],[125.2213,8.9354],[125.2182,8.9346],[125.2198,8.939],[125.2222,8.9406],[125.2265,8.9382],[125.2319,8.9433],[125.2326,8.9462],[125.225,8.9478],[125.2333,8.951],[125.2362,8.9572],[125.2296,8.9571],[125.2331,8.9625],[125.2285,8.9639],[125.23,8.9699],[125.2273,8.9732],[125.2325,8.9757],[125.2337,8.9786],[125.2315,8.9813],[125.2278,8.9812],[125.2197,9.033],[125.2103,9.0643],[125.2057,9.0926],[125.2089,9.0942],[125.2169,9.0911],[125.2197,9.087],[125.2219,9.0732],[125.2214,9.0664],[125.2261,9.0625],[125.2258,9.0564],[125.2314,9.0519],[125.2374,9.0429],[125.2358,9.0369],[125.2375,9.0306],[125.2517,9.0242],[125.2558,9.02],[125.2586,9.0125],[125.2622,9.0117],[125.2622,9.0075],[125.2661,9.0028],[125.272,9.0017],[125.2788,8.9923],[125.2861,8.9897],[125.2944,8.9922],[125.3064,8.9915],[125.2831,8.9569],[125.2855,8.8456],[125.2555,8.8426]]]]},"properties":{"ADM3_EN":"Carmen","name":"Carmen","ADM3_PCODE":"PH160204000","psgc_code":"160204000","ADM2_EN":"Agusan del Norte","ADM2_PCODE":"PH1602","ADM1_EN":"Northern Mindanao & Caraga","ADM1_PCODE":"PH10","ADM0_EN":"Philippines (the)","ADM0_PCODE":"PH","region_key":"northern_mindanao_caraga","province_key":"agusan_del_norte","type":"Municipality"}},{"type":"Feature","geometry":{"type":"MultiPolygon","coordinates":[[[[125.7461,9.299],[125.6637,9.3035],[125.5524,9.304],[125.5133,9.3171],[125.4943,9.3211],[125.4911,9.3358],[125.4872,9.3392],[125.4821,9.3543],[125.4761,9.3594],[125.4702,9.361],[125.4681,9.3783],[125.4667,9.3814],[125.4614,9.3842],[125.461,9.3896],[125.4636,9.395],[125.463,9.4083],[125.4614,9.4164],[125.4581,9.4186],[125.4544,9.4177],[125.4503,9.4211],[125.4516,9.4291],[125.45,9.4322],[125.4528,9.4392],[125.4897,9.456],[125.4923,9.4468],[125.4922,9.4401],[125.4942,9.4364],[125.4934,9.4298],[125.4974,9.4219],[125.4973,9.4174],[125.5024,9.4092],[125.5079,9.3832],[125.5205,9.3441],[125.5231,9.3449],[125.5223,9.3476],[125.5324,9.3495],[125.5342,9.3526],[125.5393,9.3491],[125.544,9.3504],[125.5472,9.3679],[125.5519,9.3694],[125.5554,9.3738],[125.5575,9.3844],[125.7434,9.385],[125.7447,9.3747],[125.7438,9.365],[125.7486,9.326],[125.7435,9.3175],[125.7435,9.309],[125.7461,9.299]]]]},"properties":{"ADM3_EN":"Jabonga","name":"Jabonga","ADM3_PCODE":"PH160205000","psgc_code":"160205000","ADM2_EN":"Agusan del Norte","ADM2_PCODE":"PH1602","ADM1_EN":"Northern Mindanao & Caraga","ADM1_PCODE":"PH10","ADM0_EN":"Philippines (the)","ADM0_PCODE":"PH","region_key":"northern_mindanao_caraga","province_key":"agusan_del_norte","type":"Municipality"}},{"type":"Feature","geometry":{"type":"MultiPolygon","coordinates":[[[[125.5574,9.3861],[125.559,9.3983],[125.5566,9.4093],[125.5631,9.4256],[125.5594,9.436],[125.5608,9.445],[125.5584,9.4583],[125.5617,9.4585],[125.5969,9.4551],[125.627,9.4468],[125.6622,9.4427],[125.6867,9.4357],[125.7117,9.4228],[125.724,9.4135],[125.7351,9.3994],[125.7434,9.385],[125.5575,9.3844],[125.5574,9.3861]]],[[[125.539,9.4304],[125.5399,9.4316],[125.5421,9.4304],[125.5406,9.4293],[125.539,9.4304]]],[[[125.5402,9.4354],[125.5407,9.4367],[125.5454,9.438],[125.5456,9.436],[125.542,9.4338],[125.5402,9.4354]]]]},"properties":{"ADM3_EN":"Kitcharao","name":"Kitcharao","ADM3_PCODE":"PH160206000","psgc_code":"160206000","ADM2_EN":"Agusan del Norte","ADM2_PCODE":"PH1602","ADM1_EN":"Northern Mindanao & Caraga","ADM1_PCODE":"PH10","ADM0_EN":"Philippines (the)","ADM0_PCODE":"PH","region_key":"northern_mindanao_caraga","province_key":"agusan_del_norte","type":"Municipality"}},{"type":"Feature","geometry":{"type":"MultiPolygon","coordinates":[[[[125.4575,8.7703],[125.5173,8.7728],[125.5316,8.7746],[125.6021,8.7759],[125.6161,8.7749],[125.6543,8.7781],[125.6652,8.7459],[125.6603,8.739],[125.6747,8.6983],[125.6103,8.7006],[125.4969,8.7009],[125.4375,8.6602],[125.2423,8.6596],[125.238,8.7596],[125.4575,8.7703]]]]},"properties":{"ADM3_EN":"Las Nieves","name":"Las Nieves","ADM3_PCODE":"PH160207000","psgc_code":"160207000","ADM2_EN":"Agusan del Norte","ADM2_PCODE":"PH1602","ADM1_EN":"Northern Mindanao & Caraga","ADM1_PCODE":"PH10","ADM0_EN":"Philippines (the)","ADM0_PCODE":"PH","region_key":"northern_mindanao_caraga","province_key":"agusan_del_norte","type":"Municipality"}},{"type":"Feature","geometry":{"type":"MultiPolygon","coordinates":[[[[125.5259,9.0282],[125.5225,9.025],[125.5194,9.0158],[125.5114,9.0286],[125.513,9.0328],[125.5225,9.0422],[125.531,9.0585],[125.5704,9.0595],[125.5727,9.0126],[125.5318,9.0103],[125.5285,9.015],[125.5219,9.0174],[125.5222,9.0219],[125.5285,9.0294],[125.534,9.0309],[125.5292,9.0302],[125.5259,9.0282]]]]},"properties":{"ADM3_EN":"Magallanes","name":"Magallanes","ADM3_PCODE":"PH160208000","psgc_code":"160208000","ADM2_EN":"Agusan del Norte","ADM2_PCODE":"PH1602","ADM1_EN":"Northern Mindanao & Caraga","ADM1_PCODE":"PH10","ADM0_EN":"Philippines (the)","ADM0_PCODE":"PH","region_key":"northern_mindanao_caraga","province_key":"agusan_del_norte","type":"Municipality"}},{"type":"Feature","geometry":{"type":"MultiPolygon","coordinates":[[[[125.3325,8.9691],[125.3317,8.9731],[125.3375,8.9756],[125.3356,8.9781],[125.3371,8.9825],[125.3353,8.9875],[125.3404,8.99],[125.3558,8.9931],[125.3645,8.9902],[125.3698,8.9852],[125.3758,8.9823],[125.3931,8.9837],[125.3852,8.9539],[125.3663,8.9052],[125.3574,8.8641],[125.3584,8.863],[125.354,8.8482],[125.3232,8.8481],[125.2855,8.8456],[125.2831,8.9569],[125.3064,8.9915],[125.3169,8.9922],[125.3211,8.9903],[125.3259,8.9916],[125.3313,8.9906],[125.332,8.9786],[125.3261,8.9739],[125.3294,8.9728],[125.3325,8.9691]]]]},"properties":{"ADM3_EN":"Nasipit","name":"Nasipit","ADM3_PCODE":"PH160209000","psgc_code":"160209000","ADM2_EN":"Agusan del Norte","ADM2_PCODE":"PH1602","ADM1_EN":"Northern Mindanao & Caraga","ADM1_PCODE":"PH10","ADM0_EN":"Philippines (the)","ADM0_PCODE":"PH","region_key":"northern_mindanao_caraga","province_key":"agusan_del_norte","type":"Municipality"}},{"type":"Feature","geometry":{"type":"MultiPolygon","coordinates":[[[[125.5708,9.0526],[125.5711,9.0633],[125.5772,9.0676],[125.5804,9.0725],[125.59,9.0766],[125.7457,9.0775],[125.7467,9.073],[125.7356,9.0483],[125.6018,9.0489],[125.5712,9.0462],[125.5708,9.0526]]]]},"properties":{"ADM3_EN":"Remedios T.Romualdez","name":"Remedios T.Romualdez","ADM3_PCODE":"PH160212000","psgc_code":"160212000","ADM2_EN":"Agusan del Norte","ADM2_PCODE":"PH1602","ADM1_EN":"Northern Mindanao & Caraga","ADM1_PCODE":"PH10","ADM0_EN":"Philippines (the)","ADM0_PCODE":"PH","region_key":"northern_mindanao_caraga","province_key":"agusan_del_norte","type":"Municipality"}},{"type":"Feature","geometry":{"type":"MultiPolygon","coordinates":[[[[125.5743,9.224],[125.5465,9.2258],[125.519,9.3153],[125.5524,9.304],[125.6637,9.3035],[125.7461,9.299],[125.7449,9.292],[125.7527,9.2691],[125.7533,9.2486],[125.7583,9.2164],[125.5743,9.224]]]]},"properties":{"ADM3_EN":"Santiago","name":"Santiago","ADM3_PCODE":"PH160210000","psgc_code":"160210000","ADM2_EN":"Agusan del Norte","ADM2_PCODE":"PH1602","ADM1_EN":"Northern Mindanao & Caraga","ADM1_PCODE":"PH10","ADM0_EN":"Philippines (the)","ADM0_PCODE":"PH","region_key":"northern_mindanao_caraga","province_key":"agusan_del_norte","type":"Municipality"}},{"type":"Feature","geometry":{"type":"MultiPolygon","coordinates":[[[[125.5194,9.1446],[125.5206,9.1608],[125.5272,9.1578],[125.5208,9.1647],[125.5294,9.1811],[125.5302,9.1941],[125.523,9.2001],[125.5213,9.2126],[125.5225,9.2183],[125.5181,9.2183],[125.5119,9.225],[125.5142,9.2372],[125.5047,9.2447],[125.5067,9.2464],[125.5042,9.2517],[125.5089,9.2656],[125.5089,9.2708],[125.5054,9.2781],[125.5061,9.2906],[125.5035,9.3016],[125.4972,9.3064],[125.4943,9.3211],[125.519,9.3153],[125.5465,9.2258],[125.6266,9.2213],[125.6245,9.1803],[125.5746,9.1812],[125.5743,9.1418],[125.5631,9.1405],[125.5601,9.1445],[125.5535,9.1476],[125.5478,9.1425],[125.5391,9.1467],[125.5353,9.1418],[125.5194,9.1446]]]]},"properties":{"ADM3_EN":"Tubay","name":"Tubay","ADM3_PCODE":"PH160211000","psgc_code":"160211000","ADM2_EN":"Agusan del Norte","ADM2_PCODE":"PH1602","ADM1_EN":"Northern Mindanao & Caraga","ADM1_PCODE":"PH10","ADM0_EN":"Philippines (the)","ADM0_PCODE":"PH","region_key":"northern_mindanao_caraga","province_key":"agusan_del_norte","type":"Municipality"}},{"type":"Feature","geometry":{"type":"MultiPolygon","coordinates":[[[[125.6777,8.6887],[125.6603,8.739],[125.6652,8.7459],[125.6566,8.7735],[125.6863,8.774],[125.693,8.7732],[125.6948,8.7712],[125.6998,8.7726],[125.7018,8.7751],[125.7002,8.7804],[125.6966,8.7832],[125.6926,8.7816],[125.6913,8.7829],[125.6917,8.787],[125.6992,8.7907],[125.7401,8.8324],[125.7777,8.8331],[125.7785,8.8406],[125.7765,8.8424],[125.7744,8.8412],[125.7709,8.8466],[125.7732,8.8511],[125.7832,8.8637],[125.8262,8.9056],[125.8609,8.9333],[125.8899,8.938],[125.8942,8.8898],[125.8928,8.8922],[125.8777,8.891],[125.8623,8.882],[125.8387,8.857],[125.8305,8.8392],[125.8272,8.8227],[125.8273,8.8062],[125.8306,8.7913],[125.8389,8.7672],[125.8171,8.7016],[125.6834,8.6702],[125.6777,8.6887]]]]},"properties":{"ADM3_EN":"Bayugan City","name":"Bayugan City","ADM3_PCODE":"PH160301000","psgc_code":"160301000","ADM2_EN":"Agusan del Sur","ADM2_PCODE":"PH1603","ADM1_EN":"Northern Mindanao & Caraga","ADM1_PCODE":"PH10","ADM0_EN":"Philippines (the)","ADM0_PCODE":"PH","region_key":"northern_mindanao_caraga","province_key":"agusan_del_sur","type":"City"}},{"type":"Feature","geometry":{"type":"MultiPolygon","coordinates":[[[[126.0199,8.1368],[126.0181,8.1355],[126.0163,8.1424],[126.0163,8.1365],[126.0144,8.1356],[126.0086,8.1389],[126.003,8.1448],[125.9886,8.1397],[125.9884,8.1625],[125.906,8.1306],[125.9069,8.1403],[125.9097,8.1418],[125.9103,8.1469],[125.9142,8.1517],[125.915,8.1601],[125.9119,8.1665],[125.9073,8.1709],[125.8976,8.1695],[125.899,8.1814],[125.8968,8.1816],[125.8966,8.1834],[125.8999,8.1863],[125.8998,8.1916],[125.8952,8.1952],[125.8957,8.2015],[125.8931,8.2015],[125.8927,8.2036],[125.895,8.2036],[125.8956,8.2061],[125.8921,8.2091],[125.8926,8.2118],[125.8964,8.215],[125.8987,8.2139],[125.8995,8.2148],[125.8983,8.2181],[125.9045,8.2184],[125.9029,8.2203],[125.904,8.2236],[125.9091,8.2242],[125.9063,8.2297],[125.9025,8.2316],[125.9049,8.234],[125.901,8.2344],[125.9037,8.2373],[125.9013,8.2386],[125.8984,8.2437],[125.8969,8.2417],[125.8956,8.2436],[125.8965,8.246],[125.8949,8.2497],[125.8979,8.2521],[125.8974,8.2542],[125.895,8.2523],[125.8943,8.2599],[125.896,8.2656],[125.8982,8.2661],[125.8972,8.2682],[125.8993,8.2687],[125.897,8.2724],[125.9038,8.2742],[125.906,8.2775],[125.9056,8.2812],[125.9015,8.2834],[125.9,8.2879],[125.9057,8.2896],[125.91,8.2878],[125.9116,8.2932],[126.0775,8.2905],[126.1356,8.2912],[126.2718,8.2869],[126.2212,8.2295],[126.116,8.1033],[126.0246,8.103],[126.0249,8.1363],[126.0199,8.1368]]]]},"properties":{"ADM3_EN":"Bunawan","name":"Bunawan","ADM3_PCODE":"PH160302000","psgc_code":"160302000","ADM2_EN":"Agusan del Sur","ADM2_PCODE":"PH1603","ADM1_EN":"Northern Mindanao & Caraga","ADM1_PCODE":"PH10","ADM0_EN":"Philippines (the)","ADM0_PCODE":"PH","region_key":"northern_mindanao_caraga","province_key":"agusan_del_sur","type":"Municipality"}},{"type":"Feature","geometry":{"type":"MultiPolygon","coordinates":[[[[125.7996,8.6225],[125.8075,8.5826],[125.7967,8.5492],[125.6772,8.5517],[125.6544,8.5538],[125.2465,8.5614],[125.2442,8.5816],[125.2423,8.6596],[125.4375,8.6602],[125.4969,8.7009],[125.6103,8.7006],[125.6747,8.6983],[125.6834,8.6702],[125.8171,8.7016],[125.7974,8.6371],[125.7996,8.6225]]]]},"properties":{"ADM3_EN":"Esperanza","name":"Esperanza","ADM3_PCODE":"PH160303000","psgc_code":"160303000","ADM2_EN":"Agusan del Sur","ADM2_PCODE":"PH1603","ADM1_EN":"Northern Mindanao & Caraga","ADM1_PCODE":"PH10","ADM0_EN":"Philippines (the)","ADM0_PCODE":"PH","region_key":"northern_mindanao_caraga","province_key":"agusan_del_sur","type":"Municipality"}},{"type":"Feature","geometry":{"type":"MultiPolygon","coordinates":[[[[125.7605,8.238],[125.3583,8.2456],[125.3443,8.2507],[125.34,8.2605],[125.3401,8.2687],[125.3359,8.2774],[125.3355,8.2849],[125.3309,8.3001],[125.3204,8.3002],[125.3125,8.3029],[125.3054,8.3161],[125.3019,8.318],[125.3004,8.3295],[125.2977,8.3337],[125.2779,8.3365],[125.2743,8.3456],[125.2712,8.3486],[125.2725,8.3515],[125.2718,8.3569],[125.2683,8.3644],[125.2612,8.3705],[125.26,8.3786],[125.6686,8.39],[125.8372,8.3923],[125.8338,8.3834],[125.8405,8.3844],[125.8425,8.3803],[125.842,8.3756],[125.8371,8.3726],[125.8399,8.3671],[125.8417,8.3671],[125.8447,8.3721],[125.8472,8.3733],[125.857,8.3692],[125.8553,8.3672],[125.8481,8.3671],[125.8487,8.3653],[125.8579,8.3619],[125.8652,8.361],[125.8607,8.3562],[125.8607,8.3523],[125.8629,8.3503],[125.8717,8.3604],[125.8758,8.3604],[125.8778,8.3585],[125.878,8.3551],[125.8713,8.3529],[125.869,8.3498],[125.8753,8.3485],[125.8837,8.3437],[125.8851,8.3408],[125.8851,8.3316],[125.8884,8.3287],[125.89,8.3211],[125.8941,8.3183],[125.8917,8.3161],[125.8862,8.3179],[125.8871,8.3139],[125.8982,8.3082],[125.8936,8.3045],[125.8935,8.3024],[125.8969,8.3034],[125.8978,8.301],[125.9025,8.3001],[125.906,8.2957],[125.9116,8.2932],[125.91,8.2878],[125.9057,8.2896],[125.9,8.2879],[125.9015,8.2834],[125.9056,8.2812],[125.906,8.2775],[125.9038,8.2742],[125.897,8.2724],[125.8993,8.2687],[125.8972,8.2682],[125.8982,8.2661],[125.896,8.2656],[125.8943,8.2599],[125.895,8.2523],[125.8974,8.2542],[125.8979,8.2521],[125.8949,8.2497],[125.8965,8.246],[125.8961,8.2417],[125.8984,8.2437],[125.9013,8.2386],[125.9037,8.2373],[125.9013,8.235],[125.7605,8.238]]]]},"properties":{"ADM3_EN":"La Paz","name":"La Paz","ADM3_PCODE":"PH160304000","psgc_code":"160304000","ADM2_EN":"Agusan del Sur","ADM2_PCODE":"PH1603","ADM1_EN":"Northern Mindanao & Caraga","ADM1_PCODE":"PH10","ADM0_EN":"Philippines (the)","ADM0_PCODE":"PH","region_key":"northern_mindanao_caraga","province_key":"agusan_del_sur","type":"Municipality"}},{"type":"Feature","geometry":{"type":"MultiPolygon","coordinates":[[[[125.8633,8.2356],[125.9049,8.234],[125.9025,8.2316],[125.9063,8.2297],[125.9091,8.2242],[125.904,8.2236],[125.9029,8.2203],[125.9045,8.2184],[125.8983,8.2181],[125.8995,8.2148],[125.8987,8.2139],[125.8964,8.215],[125.8923,8.2105],[125.8928,8.208],[125.8956,8.2061],[125.895,8.2036],[125.8927,8.2036],[125.8931,8.2015],[125.8957,8.2015],[125.8952,8.1952],[125.8998,8.1916],[125.8999,8.1863],[125.8966,8.1834],[125.8968,8.1816],[125.899,8.1814],[125.8969,8.1715],[125.8995,8.1689],[125.9073,8.1709],[125.9119,8.1665],[125.915,8.1601],[125.9142,8.1517],[125.9103,8.1469],[125.9097,8.1418],[125.9069,8.1403],[125.906,8.1306],[125.8854,8.1238],[125.883,8.1218],[125.8788,8.1231],[125.8784,8.1215],[125.8821,8.1196],[125.8823,8.117],[125.8808,8.1158],[125.877,8.1208],[125.8726,8.1132],[125.8721,8.0359],[125.7816,8.0348],[125.3815,8.0386],[125.3786,8.0545],[125.3867,8.0624],[125.3879,8.0775],[125.3777,8.0807],[125.3742,8.0921],[125.3684,8.0999],[125.368,8.1068],[125.3723,8.1134],[125.3678,8.1248],[125.3691,8.1311],[125.3683,8.1363],[125.372,8.1427],[125.3722,8.1525],[125.3683,8.1641],[125.354,8.1875],[125.3526,8.1944],[125.3527,8.2076],[125.3569,8.2138],[125.3596,8.2312],[125.3635,8.2367],[125.3583,8.2456],[125.8633,8.2356]]]]},"properties":{"ADM3_EN":"Loreto","name":"Loreto","ADM3_PCODE":"PH160305000","psgc_code":"160305000","ADM2_EN":"Agusan del Sur","ADM2_PCODE":"PH1603","ADM1_EN":"Northern Mindanao & Caraga","ADM1_PCODE":"PH10","ADM0_EN":"Philippines (the)","ADM0_PCODE":"PH","region_key":"northern_mindanao_caraga","province_key":"agusan_del_sur","type":"Municipality"}},{"type":"Feature","geometry":{"type":"MultiPolygon","coordinates":[[[[125.9225,8.5484],[125.7967,8.5492],[125.8075,8.5826],[125.7974,8.6371],[125.8389,8.7672],[125.8306,8.7913],[125.8273,8.8062],[125.8272,8.8227],[125.8305,8.8392],[125.8358,8.8527],[125.8506,8.8707],[125.8623,8.882],[125.8777,8.891],[125.8928,8.8922],[125.9009,8.8683],[125.9146,8.8521],[125.9416,8.8263],[125.9472,8.8183],[125.9562,8.7958],[125.9579,8.7768],[125.9699,8.7403],[125.9973,8.6986],[126.0061,8.6878],[126.0127,8.6758],[126.0163,8.6643],[125.9927,8.6484],[125.9982,8.6321],[125.9991,8.6094],[125.9979,8.5846],[125.9996,8.5826],[125.9994,8.5779],[125.9355,8.578],[125.9358,8.5488],[125.9225,8.5484]]]]},"properties":{"ADM3_EN":"Prosperidad","name":"Prosperidad","ADM3_PCODE":"PH160306000","psgc_code":"160306000","ADM2_EN":"Agusan del Sur","ADM2_PCODE":"PH1603","ADM1_EN":"Northern Mindanao & Caraga","ADM1_PCODE":"PH10","ADM0_EN":"Philippines (the)","ADM0_PCODE":"PH","region_key":"northern_mindanao_caraga","province_key":"agusan_del_sur","type":"Municipality"}},{"type":"Feature","geometry":{"type":"MultiPolygon","coordinates":[[[[125.9587,8.2918],[125.9116,8.2932],[125.906,8.2957],[125.9025,8.3001],[125.8978,8.301],[125.8969,8.3034],[125.8935,8.3024],[125.8936,8.3045],[125.8982,8.3082],[125.8883,8.3126],[125.8862,8.3159],[125.8862,8.3179],[125.8917,8.3161],[125.8941,8.3183],[125.89,8.3211],[125.8884,8.3287],[125.8851,8.3316],[125.8851,8.3408],[125.8837,8.3437],[125.8753,8.3485],[125.869,8.3498],[125.8713,8.3529],[125.878,8.3551],[125.8783,8.3579],[125.8758,8.3604],[125.8717,8.3604],[125.8647,8.3514],[125.8613,8.3507],[125.8613,8.3576],[125.8652,8.361],[125.8579,8.3619],[125.8487,8.3653],[125.8481,8.3671],[125.8553,8.3672],[125.857,8.3692],[125.8472,8.3733],[125.8447,8.3721],[125.8417,8.3671],[125.8399,8.3671],[125.8371,8.3726],[125.842,8.3756],[125.8425,8.3803],[125.8405,8.3844],[125.8338,8.3834],[125.8372,8.3923],[125.8903,8.3927],[125.9291,8.3458],[125.9588,8.3552],[125.9552,8.3691],[125.9633,8.3722],[125.9594,8.3874],[125.9703,8.3915],[125.9738,8.3908],[125.9976,8.397],[126.0055,8.4],[126.0048,8.4032],[126.0074,8.4051],[126.0167,8.405],[126.0182,8.4094],[126.0236,8.4099],[126.0278,8.404],[126.0307,8.4053],[126.0691,8.4057],[126.0832,8.3907],[126.0985,8.3793],[126.126,8.3745],[126.1433,8.3741],[126.1796,8.3695],[126.1986,8.3691],[126.2336,8.3778],[126.2593,8.3747],[126.2688,8.3991],[126.2796,8.4038],[126.2764,8.3663],[126.2678,8.3402],[126.285,8.3214],[126.2911,8.3112],[126.2908,8.2872],[126.1356,8.2912],[125.9587,8.2918]]]]},"properties":{"ADM3_EN":"Rosario","name":"Rosario","ADM3_PCODE":"PH160307000","psgc_code":"160307000","ADM2_EN":"Agusan del Sur","ADM2_PCODE":"PH1603","ADM1_EN":"Northern Mindanao & Caraga","ADM1_PCODE":"PH10","ADM0_EN":"Philippines (the)","ADM0_PCODE":"PH","region_key":"northern_mindanao_caraga","province_key":"agusan_del_sur","type":"Municipality"}},{"type":"Feature","geometry":{"type":"MultiPolygon","coordinates":[[[[125.8903,8.3927],[125.8793,8.4146],[125.7967,8.5492],[125.9358,8.5488],[125.9355,8.578],[125.9994,8.5779],[126.0002,8.5701],[126.025,8.5681],[126.0338,8.5411],[126.0409,8.5091],[126.0422,8.4639],[126.0565,8.4661],[126.0986,8.4681],[126.1084,8.4702],[126.0601,8.4166],[126.0691,8.4057],[126.0307,8.4053],[126.0278,8.404],[126.0236,8.4099],[126.0182,8.4094],[126.0167,8.405],[126.0074,8.4051],[126.0048,8.4032],[126.0055,8.4],[125.9976,8.397],[125.9738,8.3908],[125.9703,8.3915],[125.9611,8.3883],[125.9589,8.3868],[125.9633,8.3722],[125.9552,8.3691],[125.9588,8.3552],[125.9291,8.3458],[125.8903,8.3927]]]]},"properties":{"ADM3_EN":"San Francisco","name":"San Francisco","ADM3_PCODE":"PH160308000","psgc_code":"160308000","ADM2_EN":"Agusan del Sur","ADM2_PCODE":"PH1603","ADM1_EN":"Northern Mindanao & Caraga","ADM1_PCODE":"PH10","ADM0_EN":"Philippines (the)","ADM0_PCODE":"PH","region_key":"northern_mindanao_caraga","province_key":"agusan_del_sur","type":"Municipality"}},{"type":"Feature","geometry":{"type":"MultiPolygon","coordinates":[[[[125.5285,8.3859],[125.26,8.3786],[125.2618,8.4094],[125.2539,8.4317],[125.2485,8.4648],[125.2463,8.4992],[125.2465,8.5614],[125.6544,8.5538],[125.6772,8.5517],[125.7967,8.5492],[125.8416,8.4758],[125.7675,8.4744],[125.7681,8.464],[125.742,8.4625],[125.7402,8.3909],[125.5285,8.3859]]]]},"properties":{"ADM3_EN":"San Luis","name":"San Luis","ADM3_PCODE":"PH160309000","psgc_code":"160309000","ADM2_EN":"Agusan del Sur","ADM2_PCODE":"PH1603","ADM1_EN":"Northern Mindanao & Caraga","ADM1_PCODE":"PH10","ADM0_EN":"Philippines (the)","ADM0_PCODE":"PH","region_key":"northern_mindanao_caraga","province_key":"agusan_del_sur","type":"Municipality"}},{"type":"Feature","geometry":{"type":"MultiPolygon","coordinates":[[[[126.0177,7.9492],[125.9981,7.9625],[125.9888,7.9817],[125.9863,7.9953],[125.9886,8.1397],[126.003,8.1448],[126.0086,8.1389],[126.0144,8.1356],[126.0163,8.1365],[126.0163,8.1424],[126.0181,8.1355],[126.0208,8.1374],[126.0249,8.1363],[126.0251,8.0762],[126.0612,8.0427],[126.0707,7.9574],[126.0684,7.959],[126.0673,7.9537],[126.0521,7.9363],[126.0457,7.935],[126.0254,7.9441],[126.0177,7.9492]]]]},"properties":{"ADM3_EN":"Santa Josefa","name":"Santa Josefa","ADM3_PCODE":"PH160310000","psgc_code":"160310000","ADM2_EN":"Agusan del Sur","ADM2_PCODE":"PH1603","ADM1_EN":"Northern Mindanao & Caraga","ADM1_PCODE":"PH10","ADM0_EN":"Philippines (the)","ADM0_PCODE":"PH","region_key":"northern_mindanao_caraga","province_key":"agusan_del_sur","type":"Municipality"}},{"type":"Feature","geometry":{"type":"MultiPolygon","coordinates":[[[[125.6504,8.7863],[125.6396,8.8089],[125.6607,8.8427],[125.6712,8.8652],[125.6682,8.8856],[125.6714,8.9132],[125.6959,8.9851],[125.7203,9.0118],[125.723,9.0221],[125.7467,9.073],[125.7457,9.0775],[125.748,9.0901],[125.7656,9.1524],[125.7675,9.1636],[125.7552,9.2351],[125.7736,9.2261],[125.7753,9.212],[125.7794,9.2056],[125.7934,9.1907],[125.7942,9.1869],[125.8345,9.1441],[125.8693,9.0903],[125.8812,9.06],[125.8891,9.016],[125.8869,8.9736],[125.8899,8.938],[125.8609,8.9333],[125.8262,8.9056],[125.7832,8.8637],[125.7732,8.8511],[125.7709,8.8466],[125.7744,8.8412],[125.7765,8.8424],[125.7785,8.8406],[125.7777,8.8331],[125.7401,8.8324],[125.6992,8.7907],[125.6917,8.787],[125.6913,8.7829],[125.6926,8.7816],[125.6966,8.7832],[125.7002,8.7804],[125.7018,8.7751],[125.6998,8.7726],[125.6948,8.7712],[125.693,8.7732],[125.6863,8.774],[125.6566,8.7735],[125.6504,8.7863]]]]},"properties":{"ADM3_EN":"Sibagat","name":"Sibagat","ADM3_PCODE":"PH160314000","psgc_code":"160314000","ADM2_EN":"Agusan del Sur","ADM2_PCODE":"PH1603","ADM1_EN":"Northern Mindanao & Caraga","ADM1_PCODE":"PH10","ADM0_EN":"Philippines (the)","ADM0_PCODE":"PH","region_key":"northern_mindanao_caraga","province_key":"agusan_del_sur","type":"Municipality"}},{"type":"Feature","geometry":{"type":"MultiPolygon","coordinates":[[[[125.7582,8.391],[125.7402,8.3909],[125.742,8.4625],[125.7681,8.464],[125.7675,8.4744],[125.8416,8.4758],[125.8793,8.4146],[125.8903,8.3927],[125.7582,8.391]]]]},"properties":{"ADM3_EN":"Talacogon","name":"Talacogon","ADM3_PCODE":"PH160311000","psgc_code":"160311000","ADM2_EN":"Agusan del Sur","ADM2_PCODE":"PH1603","ADM1_EN":"Northern Mindanao & Caraga","ADM1_PCODE":"PH10","ADM0_EN":"Philippines (the)","ADM0_PCODE":"PH","region_key":"northern_mindanao_caraga","province_key":"agusan_del_sur","type":"Municipality"}},{"type":"Feature","geometry":{"type":"MultiPolygon","coordinates":[[[[126.0839,7.9643],[126.0707,7.9574],[126.0612,8.0427],[126.0251,8.0762],[126.0246,8.103],[126.116,8.1033],[126.2212,8.2295],[126.2069,8.178],[126.2082,8.1762],[126.2329,8.1745],[126.2939,8.1166],[126.312,8.1169],[126.3602,8.1236],[126.3564,8.1167],[126.337,8.0967],[126.3249,8.085],[126.3002,8.0654],[126.3121,8.0607],[126.3339,8.0568],[126.3443,8.0532],[126.3458,8.0515],[126.3482,8.0448],[126.3512,8.0009],[126.154,7.9995],[126.131,7.9883],[126.1125,7.9822],[126.0975,7.9714],[126.0839,7.9643]]]]},"properties":{"ADM3_EN":"Trento","name":"Trento","ADM3_PCODE":"PH160312000","psgc_code":"160312000","ADM2_EN":"Agusan del Sur","ADM2_PCODE":"PH1603","ADM1_EN":"Northern Mindanao & Caraga","ADM1_PCODE":"PH10","ADM0_EN":"Philippines (the)","ADM0_PCODE":"PH","region_key":"northern_mindanao_caraga","province_key":"agusan_del_sur","type":"Municipality"}},{"type":"Feature","geometry":{"type":"MultiPolygon","coordinates":[[[[125.9426,7.997],[125.9129,7.9987],[125.8275,7.998],[125.8006,7.9956],[125.7266,7.9975],[125.7219,7.9988],[125.6827,7.9962],[125.6752,7.9982],[125.3817,7.9855],[125.3814,7.9996],[125.3834,8.0057],[125.3796,8.0102],[125.3754,8.0204],[125.3753,8.0256],[125.3786,8.0309],[125.3784,8.0353],[125.3815,8.0386],[125.7816,8.0348],[125.8721,8.0359],[125.8726,8.1132],[125.877,8.1208],[125.8808,8.1158],[125.8823,8.117],[125.8821,8.1196],[125.8784,8.1215],[125.8788,8.1231],[125.883,8.1218],[125.8854,8.1238],[125.9884,8.1625],[125.9863,7.9953],[125.9808,7.9982],[125.9426,7.997]]]]},"properties":{"ADM3_EN":"Veruela","name":"Veruela","ADM3_PCODE":"PH160313000","psgc_code":"160313000","ADM2_EN":"Agusan del Sur","ADM2_PCODE":"PH1603","ADM1_EN":"Northern Mindanao & Caraga","ADM1_PCODE":"PH10","ADM0_EN":"Philippines (the)","ADM0_PCODE":"PH","region_key":"northern_mindanao_caraga","province_key":"agusan_del_sur","type":"Municipality"}},{"type":"Feature","geometry":{"type":"MultiPolygon","coordinates":[[[[124.7304,8.2582],[124.7348,8.2568],[124.7372,8.2521],[124.7402,8.252],[124.7414,8.2499],[124.7483,8.2494],[124.7588,8.2452],[124.7731,8.2361],[124.8066,8.2232],[124.8406,8.2045],[124.877,8.1702],[124.9118,8.1193],[124.7232,8.173],[124.6649,8.255],[124.6608,8.2568],[124.6624,8.2586],[124.659,8.2613],[124.6593,8.2633],[124.6568,8.2634],[124.6581,8.2647],[124.6553,8.2662],[124.6538,8.2693],[124.6549,8.2705],[124.637,8.2737],[124.6018,8.2709],[124.5943,8.2728],[124.5941,8.2772],[124.5968,8.2798],[124.5932,8.2793],[124.5919,8.285],[124.5864,8.2852],[124.5861,8.2873],[124.5929,8.2942],[124.5918,8.3032],[124.5936,8.3063],[124.6017,8.3033],[124.6043,8.3056],[124.6027,8.3103],[124.599,8.3138],[124.6031,8.3295],[124.5996,8.3313],[124.6014,8.3371],[124.5987,8.3392],[124.5984,8.3431],[124.6001,8.345],[124.6027,8.3438],[124.6069,8.3485],[124.6037,8.3537],[124.6044,8.3634],[124.6078,8.3659],[124.6114,8.3643],[124.6146,8.3678],[124.6146,8.3695],[124.6092,8.3727],[124.6107,8.3766],[124.6082,8.3815],[124.611,8.3896],[124.6123,8.4017],[124.614,8.4032],[124.6212,8.4019],[124.6219,8.4029],[124.6215,8.4053],[124.6177,8.4082],[124.62,8.4152],[124.6169,8.4218],[124.6174,8.4247],[124.6193,8.4248],[124.6261,8.4195],[124.6663,8.4191],[124.6669,8.4151],[124.6634,8.4113],[124.6663,8.3994],[124.6483,8.3834],[124.6528,8.3842],[124.6611,8.3738],[124.6692,8.3695],[124.6683,8.3637],[124.6719,8.3629],[124.6715,8.3599],[124.6752,8.356],[124.6723,8.3529],[124.673,8.3516],[124.6765,8.353],[124.6797,8.3524],[124.6811,8.3497],[124.6857,8.3505],[124.6819,8.3454],[124.6832,8.3435],[124.6861,8.3446],[124.6854,8.3422],[124.6872,8.341],[124.6846,8.3368],[124.6874,8.3357],[124.6899,8.3308],[124.6877,8.326],[124.69,8.3232],[124.6919,8.3148],[124.699,8.3135],[124.7051,8.3053],[124.7107,8.3084],[124.7118,8.3034],[124.7206,8.2975],[124.7214,8.2929],[124.7244,8.2884],[124.7249,8.2767],[124.7272,8.2734],[124.7265,8.2704],[124.7304,8.2582]]]]},"properties":{"ADM3_EN":"Baungon","name":"Baungon","ADM3_PCODE":"PH101301000","psgc_code":"101301000","ADM2_EN":"Bukidnon","ADM2_PCODE":"PH1013","ADM1_EN":"Northern Mindanao & Caraga","ADM1_PCODE":"PH10","ADM0_EN":"Philippines (the)","ADM0_PCODE":"PH","region_key":"northern_mindanao_caraga","province_key":"bukidnon","type":"Municipality"}},{"type":"Feature","geometry":{"type":"MultiPolygon","coordinates":[[[[125.3871,8.0658],[125.3867,8.0624],[125.3786,8.0545],[125.3815,8.0386],[125.3784,8.0353],[125.3786,8.0309],[125.3753,8.0256],[125.3754,8.0204],[125.3796,8.0102],[125.3834,8.0057],[125.3814,7.9996],[125.3817,7.9855],[125.3565,7.9887],[125.3222,7.9895],[125.3179,7.9928],[125.3072,7.9896],[125.3001,8.0],[125.2891,8.0083],[125.2841,8.0172],[125.2714,8.0184],[125.2646,8.0216],[125.2589,8.0275],[125.2548,8.0284],[125.2541,8.0375],[125.2483,8.0416],[125.2483,8.0493],[125.2457,8.0541],[125.2351,8.0538],[125.2286,8.0751],[125.233,8.0805],[125.2335,8.0946],[125.2308,8.1044],[125.2377,8.1142],[125.2451,8.134],[125.3266,8.1341],[125.3683,8.1363],[125.3678,8.1231],[125.3723,8.1134],[125.368,8.1068],[125.3684,8.0999],[125.3742,8.0921],[125.3777,8.0807],[125.3879,8.0775],[125.3871,8.0658]]]]},"properties":{"ADM3_EN":"Cabanglasan","name":"Cabanglasan","ADM3_PCODE":"PH101322000","psgc_code":"101322000","ADM2_EN":"Bukidnon","ADM2_PCODE":"PH1013","ADM1_EN":"Northern Mindanao & Caraga","ADM1_PCODE":"PH10","ADM0_EN":"Philippines (the)","ADM0_PCODE":"PH","region_key":"northern_mindanao_caraga","province_key":"bukidnon","type":"Municipality"}},{"type":"Feature","geometry":{"type":"MultiPolygon","coordinates":[[[[124.928,7.5186],[124.9331,7.5257],[124.9451,7.5218],[124.9824,7.4927],[124.9986,7.5073],[125.0055,7.5005],[125.0023,7.4765],[125.0324,7.4536],[125.0375,7.4515],[125.0678,7.4518],[125.0664,7.4356],[125.0622,7.4246],[125.058,7.416],[125.0491,7.4056],[125.0339,7.4015],[125.0053,7.4032],[124.9881,7.3999],[124.9809,7.4061],[124.9775,7.4014],[124.9719,7.4007],[124.9661,7.4061],[124.96,7.4078],[124.9574,7.4063],[124.9499,7.4122],[124.9465,7.4113],[124.9439,7.4152],[124.9412,7.4155],[124.9398,7.4226],[124.9337,7.4284],[124.9332,7.4313],[124.9292,7.4303],[124.9288,7.4321],[124.9256,7.4306],[124.9238,7.4318],[124.9193,7.425],[124.904,7.4188],[124.8997,7.4136],[124.8985,7.4138],[124.8983,7.4165],[124.894,7.4145],[124.8877,7.4172],[124.8802,7.4155],[124.8791,7.4191],[124.8805,7.4286],[124.8784,7.4326],[124.874,7.4328],[124.8736,7.4341],[124.8763,7.4364],[124.8751,7.4453],[124.8799,7.4571],[124.8788,7.4615],[124.8862,7.4724],[124.8879,7.4718],[124.8933,7.4772],[124.8969,7.4777],[124.9032,7.4818],[124.9056,7.4868],[124.9092,7.4889],[124.9124,7.4936],[124.9127,7.5028],[124.9199,7.5071],[124.9236,7.5142],[124.928,7.5186]]]]},"properties":{"ADM3_EN":"Damulog","name":"Damulog","ADM3_PCODE":"PH101302000","psgc_code":"101302000","ADM2_EN":"Bukidnon","ADM2_PCODE":"PH1013","ADM1_EN":"Northern Mindanao & Caraga","ADM1_PCODE":"PH10","ADM0_EN":"Philippines (the)","ADM0_PCODE":"PH","region_key":"northern_mindanao_caraga","province_key":"bukidnon","type":"Municipality"}},{"type":"Feature","geometry":{"type":"MultiPolygon","coordinates":[[[[125.0649,7.5743],[125.0659,7.5544],[125.0636,7.5469],[125.0665,7.5425],[125.0642,7.5405],[125.0597,7.5398],[125.0538,7.535],[125.0519,7.5295],[125.0494,7.5335],[125.0154,7.5649],[125.0075,7.5676],[125.0033,7.5672],[124.9976,7.5744],[124.9929,7.5774],[124.9883,7.5764],[124.9812,7.5792],[124.9754,7.5865],[124.9735,7.5929],[124.9697,7.5976],[124.9606,7.5929],[124.9467,7.5998],[124.9463,7.6032],[124.9522,7.6099],[124.9473,7.6208],[124.942,7.6245],[124.9433,7.6287],[124.9509,7.6351],[124.9557,7.6355],[124.9627,7.6336],[124.9642,7.6284],[124.9751,7.6259],[124.9815,7.621],[125.0277,7.6141],[125.0377,7.6108],[125.0591,7.6088],[125.0591,7.6065],[125.0632,7.6055],[125.0669,7.6005],[125.0587,7.5943],[125.0616,7.5795],[125.0649,7.5743]]]]},"properties":{"ADM3_EN":"Dangcagan","name":"Dangcagan","ADM3_PCODE":"PH101303000","psgc_code":"101303000","ADM2_EN":"Bukidnon","ADM2_PCODE":"PH1013","ADM1_EN":"Northern Mindanao & Caraga","ADM1_PCODE":"PH10","ADM0_EN":"Philippines (the)","ADM0_PCODE":"PH","region_key":"northern_mindanao_caraga","province_key":"bukidnon","type":"Municipality"}},{"type":"Feature","geometry":{"type":"MultiPolygon","coordinates":[[[[125.0511,7.6695],[125.0531,7.6651],[125.0507,7.6583],[125.0555,7.6547],[125.0545,7.6503],[125.0244,7.6508],[125.0187,7.6518],[125.0176,7.6541],[125.0092,7.6511],[125.0044,7.6531],[124.9945,7.6512],[124.9718,7.654],[124.9684,7.6571],[124.9675,7.6624],[124.9577,7.6653],[124.9589,7.6675],[124.9541,7.6725],[124.9549,7.6749],[124.9518,7.6759],[124.9432,7.6838],[124.9284,7.6322],[124.866,7.6307],[124.8638,7.6375],[124.8653,7.6404],[124.8631,7.6482],[124.8632,7.6686],[124.8617,7.6717],[124.8579,7.6737],[124.8586,7.6756],[124.8519,7.7045],[124.8505,7.7237],[124.8527,7.7469],[124.8527,7.7901],[124.8571,7.7848],[124.8611,7.7831],[124.8615,7.7787],[124.8661,7.7767],[124.8739,7.7776],[124.8759,7.7733],[124.8782,7.7736],[124.8817,7.7697],[124.8844,7.7703],[124.8861,7.7689],[124.891,7.7593],[124.899,7.7514],[124.9047,7.7412],[124.9811,7.7283],[124.9898,7.718],[125.0019,7.7165],[125.011,7.7064],[125.0148,7.6981],[125.0177,7.6961],[125.0192,7.6961],[125.0196,7.6989],[125.0267,7.6984],[125.0276,7.7003],[125.0293,7.6987],[125.0332,7.6996],[125.0464,7.6969],[125.0477,7.6846],[125.0498,7.6787],[125.0482,7.6756],[125.0511,7.6695]]]]},"properties":{"ADM3_EN":"Don Carlos","name":"Don Carlos","ADM3_PCODE":"PH101304000","psgc_code":"101304000","ADM2_EN":"Bukidnon","ADM2_PCODE":"PH1013","ADM1_EN":"Northern Mindanao & Caraga","ADM1_PCODE":"PH10","ADM0_EN":"Philippines (the)","ADM0_PCODE":"PH","region_key":"northern_mindanao_caraga","province_key":"bukidnon","type":"Municipality"}},{"type":"Feature","geometry":{"type":"MultiPolygon","coordinates":[[[[124.9972,8.2111],[124.9868,8.2348],[124.9802,8.2623],[124.9824,8.2892],[124.9775,8.3142],[124.9798,8.3233],[124.9854,8.3298],[124.99,8.3485],[124.9836,8.3508],[124.9837,8.3533],[124.9874,8.3563],[124.9875,8.3584],[124.9818,8.361],[124.9822,8.373],[124.9729,8.381],[125.0488,8.4507],[125.0477,8.4569],[125.0425,8.458],[125.0368,8.4661],[125.0278,8.4738],[125.041,8.4965],[125.0559,8.5162],[125.0604,8.5275],[125.09,8.5799],[125.0926,8.583],[125.2442,8.5816],[125.2465,8.5614],[125.2463,8.4992],[125.2488,8.4609],[125.2539,8.4317],[125.2618,8.4094],[125.2601,8.3753],[125.2612,8.3705],[125.2683,8.3644],[125.2718,8.3569],[125.2725,8.3515],[125.2712,8.3486],[125.1845,8.3494],[125.1411,8.2929],[125.1082,8.2433],[125.0536,8.2413],[125.0031,8.1997],[124.9972,8.2111]]]]},"properties":{"ADM3_EN":"Impasug-Ong","name":"Impasug-Ong","ADM3_PCODE":"PH101305000","psgc_code":"101305000","ADM2_EN":"Bukidnon","ADM2_PCODE":"PH1013","ADM1_EN":"Northern Mindanao & Caraga","ADM1_PCODE":"PH10","ADM0_EN":"Philippines (the)","ADM0_PCODE":"PH","region_key":"northern_mindanao_caraga","province_key":"bukidnon","type":"Municipality"}},{"type":"Feature","geometry":{"type":"MultiPolygon","coordinates":[[[[124.8839,7.4694],[124.8784,7.4601],[124.8799,7.4571],[124.8751,7.4453],[124.876,7.4357],[124.874,7.435],[124.8734,7.4323],[124.8675,7.4312],[124.8609,7.434],[124.8402,7.451],[124.8387,7.4564],[124.8413,7.4624],[124.8416,7.4702],[124.8397,7.4795],[124.8219,7.4934],[124.8147,7.496],[124.8078,7.4913],[124.8013,7.4825],[124.793,7.4797],[124.7889,7.4799],[124.7882,7.4813],[124.7892,7.4867],[124.7913,7.4885],[124.791,7.4936],[124.7964,7.4947],[124.7949,7.5026],[124.8016,7.5071],[124.7988,7.5126],[124.7998,7.5173],[124.8045,7.5187],[124.8107,7.5306],[124.817,7.5326],[124.8251,7.5415],[124.8226,7.5498],[124.825,7.5583],[124.8308,7.5615],[124.8326,7.5543],[124.8432,7.556],[124.8511,7.5484],[124.8517,7.5411],[124.859,7.5441],[124.858,7.5473],[124.8594,7.5526],[124.8632,7.5545],[124.8625,7.5561],[124.8652,7.5616],[124.8642,7.5655],[124.8687,7.5757],[124.8666,7.5808],[124.8635,7.5821],[124.86,7.5865],[124.8652,7.5922],[124.8646,7.5961],[124.8667,7.6063],[124.8641,7.6164],[124.866,7.6189],[124.8644,7.6263],[124.866,7.6307],[124.9284,7.6322],[124.9432,7.6274],[124.942,7.6245],[124.9473,7.6208],[124.9521,7.6096],[124.9432,7.5995],[124.9431,7.5948],[124.9413,7.592],[124.9376,7.5878],[124.9331,7.5862],[124.9336,7.5819],[124.9202,7.5712],[124.9171,7.5652],[124.9131,7.5636],[124.9127,7.5603],[124.9037,7.5546],[124.8996,7.5479],[124.8982,7.5434],[124.899,7.5395],[124.907,7.5322],[124.9102,7.5195],[124.9142,7.5137],[124.9119,7.506],[124.9127,7.4947],[124.9092,7.4889],[124.9056,7.4868],[124.9032,7.4818],[124.8969,7.4777],[124.8933,7.4772],[124.8917,7.4744],[124.8879,7.4718],[124.8862,7.4724],[124.8839,7.4694]]]]},"properties":{"ADM3_EN":"Kadingilan","name":"Kadingilan","ADM3_PCODE":"PH101306000","psgc_code":"101306000","ADM2_EN":"Bukidnon","ADM2_PCODE":"PH1013","ADM1_EN":"Northern Mindanao & Caraga","ADM1_PCODE":"PH10","ADM0_EN":"Philippines (the)","ADM0_PCODE":"PH","region_key":"northern_mindanao_caraga","province_key":"bukidnon","type":"Municipality"}},{"type":"Feature","geometry":{"type":"MultiPolygon","coordinates":[[[[124.7294,7.7059],[124.7289,7.712],[124.7254,7.7187],[124.73,7.7184],[124.7299,7.7205],[124.7343,7.7255],[124.7359,7.7244],[124.736,7.7278],[124.7349,7.7312],[124.7292,7.7333],[124.7279,7.7437],[124.719,7.7482],[124.7176,7.7473],[124.7147,7.7511],[124.711,7.7511],[124.7087,7.7536],[124.7065,7.7685],[124.7046,7.7705],[124.7035,7.7764],[124.698,7.7835],[124.69,7.788],[124.6805,7.7962],[124.6783,7.8022],[124.673,7.8092],[124.6715,7.8161],[124.6643,7.8228],[124.6606,7.836],[124.6577,7.8367],[124.6546,7.8352],[124.6499,7.8374],[124.6483,7.8352],[124.6339,7.8458],[124.6314,7.8461],[124.6306,7.8501],[124.6276,7.8528],[124.6261,7.8616],[124.6273,7.8655],[124.6248,7.8704],[124.6173,7.8708],[124.6168,7.8758],[124.6219,7.8776],[124.6248,7.8895],[124.6237,7.8914],[124.6193,7.8913],[124.6101,7.9],[124.5982,7.9052],[124.5976,7.9076],[124.601,7.9111],[124.6005,7.9162],[124.6979,7.9343],[124.7052,7.8737],[124.7173,7.8622],[124.724,7.8522],[124.7859,7.7868],[124.7845,7.7839],[124.7855,7.7782],[124.7988,7.7201],[124.7931,7.699],[124.795,7.6941],[124.7937,7.6846],[124.8025,7.6655],[124.8011,7.6576],[124.8052,7.6505],[124.8036,7.6433],[124.8046,7.6411],[124.7984,7.6305],[124.7996,7.6302],[124.7972,7.628],[124.7935,7.6283],[124.7933,7.6312],[124.7868,7.6341],[124.7825,7.6335],[124.7815,7.6351],[124.7732,7.637],[124.7747,7.6436],[124.7716,7.6429],[124.7604,7.6472],[124.7556,7.6511],[124.7534,7.6548],[124.7554,7.6585],[124.7532,7.6704],[124.7554,7.6737],[124.7534,7.676],[124.7531,7.6799],[124.7522,7.6815],[124.7473,7.6818],[124.7443,7.6839],[124.7412,7.6828],[124.7406,7.6963],[124.738,7.6968],[124.7362,7.6996],[124.7339,7.6989],[124.7326,7.7009],[124.7289,7.7012],[124.7294,7.7059]]]]},"properties":{"ADM3_EN":"Kalilangan","name":"Kalilangan","ADM3_PCODE":"PH101307000","psgc_code":"101307000","ADM2_EN":"Bukidnon","ADM2_PCODE":"PH1013","ADM1_EN":"Northern Mindanao & Caraga","ADM1_PCODE":"PH10","ADM0_EN":"Philippines (the)","ADM0_PCODE":"PH","region_key":"northern_mindanao_caraga","province_key":"bukidnon","type":"Municipality"}},{"type":"Feature","geometry":{"type":"MultiPolygon","coordinates":[[[[125.0399,7.4508],[125.0324,7.4536],[125.0023,7.4765],[125.0055,7.5005],[124.9986,7.5073],[124.9824,7.4927],[124.9467,7.521],[124.9331,7.5257],[124.9236,7.5142],[124.9199,7.5071],[124.9127,7.5028],[124.9119,7.506],[124.9142,7.5137],[124.9102,7.5195],[124.907,7.5322],[124.899,7.5395],[124.8982,7.5434],[124.8996,7.5479],[124.9037,7.5546],[124.9127,7.5603],[124.9131,7.5636],[124.9171,7.5652],[124.9202,7.5712],[124.9336,7.5819],[124.9331,7.5862],[124.9376,7.5878],[124.9413,7.592],[124.9447,7.6014],[124.9493,7.5978],[124.9606,7.5929],[124.9697,7.5976],[124.9735,7.5929],[124.9754,7.5865],[124.9812,7.5792],[124.9883,7.5764],[124.9929,7.5774],[124.9976,7.5744],[125.0033,7.5672],[125.0075,7.5676],[125.0154,7.5649],[125.0494,7.5335],[125.0519,7.5295],[125.0618,7.5377],[125.0687,7.5395],[125.0723,7.5393],[125.072,7.5333],[125.0755,7.531],[125.077,7.5337],[125.0811,7.5326],[125.0815,7.5358],[125.0837,7.535],[125.0852,7.5373],[125.0901,7.5371],[125.095,7.5404],[125.1045,7.5403],[125.1065,7.5382],[125.1063,7.5361],[125.1087,7.5354],[125.1108,7.5321],[125.1172,7.5333],[125.1319,7.546],[125.148,7.5531],[125.1645,7.5511],[125.1661,7.549],[125.1656,7.5472],[125.1808,7.5461],[125.1765,7.5401],[125.1744,7.5321],[125.1659,7.523],[125.1568,7.4851],[125.1553,7.4654],[125.1326,7.4641],[125.1255,7.4541],[125.1197,7.4531],[125.0994,7.4514],[125.0399,7.4508]]]]},"properties":{"ADM3_EN":"Kibawe","name":"Kibawe","ADM3_PCODE":"PH101308000","psgc_code":"101308000","ADM2_EN":"Bukidnon","ADM2_PCODE":"PH1013","ADM1_EN":"Northern Mindanao & Caraga","ADM1_PCODE":"PH10","ADM0_EN":"Philippines (the)","ADM0_PCODE":"PH","region_key":"northern_mindanao_caraga","province_key":"bukidnon","type":"Municipality"}},{"type":"Feature","geometry":{"type":"MultiPolygon","coordinates":[[[[125.1108,7.5321],[125.1087,7.5354],[125.1063,7.5361],[125.1065,7.5382],[125.1045,7.5403],[125.095,7.5404],[125.0901,7.5371],[125.0852,7.5373],[125.0837,7.535],[125.0815,7.5358],[125.0811,7.5326],[125.077,7.5337],[125.0755,7.531],[125.072,7.5333],[125.0723,7.5393],[125.0687,7.5395],[125.0618,7.5377],[125.0519,7.5295],[125.0538,7.535],[125.0597,7.5398],[125.0642,7.5405],[125.0665,7.5425],[125.0636,7.5469],[125.0659,7.5544],[125.0652,7.5725],[125.0616,7.5795],[125.0587,7.5943],[125.0669,7.6005],[125.0632,7.6055],[125.0591,7.6065],[125.0591,7.6088],[125.0377,7.6108],[125.0277,7.6141],[124.9815,7.621],[124.9751,7.6259],[124.9642,7.6284],[124.9627,7.6336],[124.9557,7.6355],[124.9509,7.6351],[124.9432,7.6274],[124.9284,7.6322],[124.9432,7.6838],[124.9518,7.6759],[124.9549,7.6749],[124.9541,7.6725],[124.9589,7.6675],[124.9577,7.6653],[124.9675,7.6624],[124.9684,7.6571],[124.9718,7.654],[124.9945,7.6512],[125.0044,7.6531],[125.0092,7.6511],[125.0176,7.6541],[125.0187,7.6518],[125.0244,7.6508],[125.0545,7.6503],[125.0809,7.6384],[125.1841,7.6017],[125.2189,7.592],[125.2167,7.5852],[125.2166,7.5705],[125.2097,7.569],[125.2026,7.5732],[125.1933,7.5721],[125.1895,7.5666],[125.1884,7.5603],[125.182,7.551],[125.1808,7.5461],[125.1656,7.5472],[125.1661,7.549],[125.1645,7.5511],[125.148,7.5531],[125.1319,7.546],[125.1224,7.5388],[125.1197,7.5346],[125.1108,7.5321]]]]},"properties":{"ADM3_EN":"Kitaotao","name":"Kitaotao","ADM3_PCODE":"PH101309000","psgc_code":"101309000","ADM2_EN":"Bukidnon","ADM2_PCODE":"PH1013","ADM1_EN":"Northern Mindanao & Caraga","ADM1_PCODE":"PH10","ADM0_EN":"Philippines (the)","ADM0_PCODE":"PH","region_key":"northern_mindanao_caraga","province_key":"bukidnon","type":"Municipality"}},{"type":"Feature","geometry":{"type":"MultiPolygon","coordinates":[[[[125.0482,7.9905],[125.0432,7.9873],[125.0419,7.989],[125.039,7.9885],[125.0376,7.9903],[125.0318,7.991],[125.0297,7.9929],[125.0221,7.9902],[125.0131,7.9924],[125.0008,7.9903],[125.0005,7.9926],[124.992,7.9986],[124.9816,8.0019],[124.9682,8.0011],[124.9551,8.0048],[124.9471,8.0044],[124.9436,8.0013],[124.9401,8.0008],[124.9384,8.001],[124.9365,8.0068],[124.9327,8.0059],[124.9296,8.0079],[124.92,8.0051],[124.9139,8.0086],[124.9076,8.015],[124.8994,8.0181],[124.8937,8.0183],[124.888,8.0224],[124.883,8.0227],[124.8467,8.0357],[124.8495,8.0556],[124.87,8.0749],[124.9118,8.1193],[124.948,8.1111],[124.9851,8.0986],[124.9893,8.0991],[124.9943,8.0948],[124.9988,8.0943],[125.0047,8.091],[125.0258,8.0898],[125.0547,8.0839],[125.0664,8.0778],[125.0828,8.0639],[125.1203,8.0612],[125.1206,7.9917],[125.1069,7.9894],[125.1048,7.9913],[125.1005,7.9918],[125.0889,7.9833],[125.0741,7.9791],[125.0642,7.9897],[125.0609,7.9897],[125.0568,7.9925],[125.0482,7.9905]]]]},"properties":{"ADM3_EN":"Lantapan","name":"Lantapan","ADM3_PCODE":"PH101310000","psgc_code":"101310000","ADM2_EN":"Bukidnon","ADM2_PCODE":"PH1013","ADM1_EN":"Northern Mindanao & Caraga","ADM1_PCODE":"PH10","ADM0_EN":"Philippines (the)","ADM0_PCODE":"PH","region_key":"northern_mindanao_caraga","province_key":"bukidnon","type":"Municipality"}},{"type":"Feature","geometry":{"type":"MultiPolygon","coordinates":[[[[124.8451,8.201],[124.8287,8.2119],[124.8066,8.2232],[124.7731,8.2361],[124.7531,8.2476],[124.7414,8.2499],[124.7402,8.252],[124.7372,8.2521],[124.7348,8.2568],[124.7303,8.2577],[124.7265,8.2704],[124.7272,8.2734],[124.7249,8.2767],[124.7244,8.2884],[124.7214,8.2929],[124.7206,8.2975],[124.7118,8.3034],[124.7107,8.3084],[124.7051,8.3053],[124.699,8.3135],[124.6919,8.3148],[124.69,8.3232],[124.6877,8.326],[124.6899,8.3308],[124.6874,8.3357],[124.6846,8.3368],[124.6872,8.341],[124.6854,8.3422],[124.6861,8.3446],[124.6832,8.3435],[124.6819,8.3454],[124.6857,8.3505],[124.6811,8.3497],[124.6797,8.3524],[124.6765,8.353],[124.673,8.3516],[124.6723,8.3529],[124.6752,8.356],[124.6715,8.3599],[124.6719,8.3629],[124.6683,8.3637],[124.6692,8.3695],[124.6611,8.3738],[124.6528,8.3842],[124.6483,8.3834],[124.6663,8.3994],[124.6634,8.4113],[124.6669,8.4151],[124.6663,8.4191],[124.7934,8.4222],[124.7947,8.4072],[124.7979,8.4039],[124.7959,8.4026],[124.7999,8.3939],[124.7988,8.3892],[124.8,8.3857],[124.7975,8.3789],[124.8044,8.3669],[124.8014,8.3626],[124.8059,8.3478],[124.8026,8.3387],[124.804,8.3302],[124.8058,8.3285],[124.8074,8.3217],[124.8127,8.3146],[124.812,8.3124],[124.814,8.3101],[124.814,8.3066],[124.8167,8.3034],[124.8157,8.2991],[124.8199,8.2946],[124.8236,8.2851],[124.8231,8.2814],[124.8259,8.2805],[124.8245,8.2748],[124.8287,8.2718],[124.8283,8.267],[124.8338,8.2585],[124.8383,8.2551],[124.8403,8.2444],[124.8469,8.2418],[124.85,8.2367],[124.8515,8.2233],[124.8544,8.2167],[124.8534,8.2102],[124.8553,8.209],[124.877,8.1702],[124.853,8.1916],[124.8451,8.201]]]]},"properties":{"ADM3_EN":"Libona","name":"Libona","ADM3_PCODE":"PH101311000","psgc_code":"101311000","ADM2_EN":"Bukidnon","ADM2_PCODE":"PH1013","ADM1_EN":"Northern Mindanao & Caraga","ADM1_PCODE":"PH10","ADM0_EN":"Philippines (the)","ADM0_PCODE":"PH","region_key":"northern_mindanao_caraga","province_key":"bukidnon","type":"Municipality"}},{"type":"Feature","geometry":{"type":"MultiPolygon","coordinates":[[[[125.2548,8.0284],[125.2589,8.0275],[125.2646,8.0216],[125.2714,8.0184],[125.2841,8.0172],[125.2891,8.0083],[125.3001,8.0],[125.3072,7.9896],[125.2906,7.9537],[125.2282,7.9535],[125.221,7.9509],[125.2192,7.9523],[125.22,7.9574],[125.2162,7.9593],[125.213,7.957],[125.2123,7.9507],[125.2102,7.9486],[125.2039,7.9482],[125.2017,7.9497],[125.2055,7.9543],[125.2055,7.9566],[125.1964,7.962],[125.1935,7.9686],[125.191,7.9695],[125.1817,7.9681],[125.1781,7.9714],[125.1452,7.9723],[125.1435,7.9751],[125.1471,7.9797],[125.1436,7.9808],[125.1436,7.9843],[125.1383,7.9848],[125.1379,7.9886],[125.1311,7.9855],[125.1293,7.9903],[125.1255,7.9893],[125.1228,7.9921],[125.1206,7.9917],[125.1203,8.0612],[125.0828,8.0639],[125.0664,8.0778],[125.0547,8.0839],[125.0258,8.0898],[125.0047,8.091],[124.9988,8.0943],[124.9943,8.0948],[124.9893,8.0991],[124.9851,8.0986],[124.948,8.1111],[124.9118,8.1193],[124.9154,8.1241],[125.0031,8.1997],[125.0536,8.2413],[125.1082,8.2433],[125.1411,8.2929],[125.1845,8.3494],[125.2712,8.3486],[125.2743,8.3456],[125.2779,8.3365],[125.2977,8.3337],[125.3004,8.3295],[125.3019,8.318],[125.3054,8.3161],[125.3125,8.3029],[125.3204,8.3002],[125.3309,8.3001],[125.3355,8.2849],[125.3359,8.2774],[125.3401,8.2687],[125.34,8.2605],[125.3443,8.2507],[125.3583,8.2456],[125.3591,8.2425],[125.3628,8.2391],[125.3635,8.2367],[125.3596,8.2312],[125.3569,8.2138],[125.3527,8.2076],[125.3526,8.1944],[125.354,8.1875],[125.3683,8.1641],[125.3727,8.1476],[125.372,8.1427],[125.3683,8.1363],[125.3266,8.1341],[125.2451,8.134],[125.2377,8.1142],[125.2308,8.1044],[125.2335,8.0946],[125.233,8.0805],[125.2286,8.0751],[125.2351,8.0538],[125.2457,8.0541],[125.2483,8.0493],[125.2483,8.0416],[125.2541,8.0375],[125.2548,8.0284]]]]},"properties":{"ADM3_EN":"Malaybalay City","name":"Malaybalay City","ADM3_PCODE":"PH101312000","psgc_code":"101312000","ADM2_EN":"Bukidnon","ADM2_PCODE":"PH1013","ADM1_EN":"Northern Mindanao & Caraga","ADM1_PCODE":"PH10","ADM0_EN":"Philippines (the)","ADM0_PCODE":"PH","region_key":"northern_mindanao_caraga","province_key":"bukidnon","type":"City"}},{"type":"Feature","geometry":{"type":"MultiPolygon","coordinates":[[[[124.9127,8.4265],[124.9053,8.4269],[124.8979,8.434],[124.8889,8.4389],[124.8818,8.4489],[124.8743,8.4446],[124.8718,8.4466],[124.8708,8.4519],[124.8728,8.466],[124.87,8.4667],[124.8671,8.4651],[124.8642,8.4665],[124.8608,8.4777],[124.8507,8.4803],[124.8387,8.4981],[124.8488,8.4997],[124.851,8.502],[124.8506,8.5035],[124.8466,8.5077],[124.8409,8.5075],[124.8353,8.5161],[124.8314,8.5169],[124.849,8.559],[124.8478,8.5621],[124.8513,8.5738],[124.855,8.5809],[124.863,8.5902],[124.8688,8.5944],[124.9487,8.5875],[124.9692,8.5849],[124.9792,8.5811],[125.0292,8.5793],[125.0926,8.583],[125.0641,8.5344],[125.0559,8.5162],[125.041,8.4965],[125.0317,8.479],[125.0189,8.4634],[124.9994,8.4493],[124.9964,8.4445],[124.9895,8.4456],[124.9786,8.4395],[124.9592,8.4322],[124.9401,8.4293],[124.9293,8.4251],[124.9127,8.4265]]]]},"properties":{"ADM3_EN":"Malitbog","name":"Malitbog","ADM3_PCODE":"PH101313000","psgc_code":"101313000","ADM2_EN":"Bukidnon","ADM2_PCODE":"PH1013","ADM1_EN":"Northern Mindanao & Caraga","ADM1_PCODE":"PH10","ADM0_EN":"Philippines (the)","ADM0_PCODE":"PH","region_key":"northern_mindanao_caraga","province_key":"bukidnon","type":"Municipality"}},{"type":"Feature","geometry":{"type":"MultiPolygon","coordinates":[[[[124.8541,8.2152],[124.8495,8.238],[124.8469,8.2418],[124.8403,8.2444],[124.8383,8.2551],[124.8338,8.2585],[124.8283,8.267],[124.8287,8.2718],[124.8245,8.2748],[124.8259,8.2805],[124.8231,8.2814],[124.8236,8.2851],[124.8199,8.2946],[124.8157,8.2991],[124.8167,8.3034],[124.814,8.3066],[124.814,8.3101],[124.812,8.3124],[124.8127,8.3146],[124.807,8.3224],[124.8058,8.3285],[124.8036,8.3317],[124.8026,8.3387],[124.8059,8.3478],[124.8014,8.3626],[124.8044,8.3669],[124.7975,8.3789],[124.8,8.3857],[124.7988,8.3892],[124.7996,8.3965],[124.7962,8.4012],[124.7979,8.4039],[124.7947,8.4072],[124.794,8.4114],[124.7949,8.4153],[124.7934,8.4222],[124.8162,8.4221],[124.8173,8.4234],[124.8182,8.4328],[124.8166,8.438],[124.8186,8.4443],[124.8162,8.4465],[124.8178,8.4549],[124.8146,8.4609],[124.8151,8.4682],[124.8137,8.4743],[124.8314,8.5169],[124.8353,8.5161],[124.8409,8.5075],[124.8466,8.5077],[124.8506,8.5035],[124.851,8.502],[124.8488,8.4997],[124.8387,8.4981],[124.8507,8.4803],[124.8608,8.4777],[124.8642,8.4665],[124.8671,8.4651],[124.87,8.4667],[124.8728,8.466],[124.8708,8.4519],[124.8718,8.4466],[124.8743,8.4446],[124.8818,8.4489],[124.8889,8.4389],[124.8979,8.434],[124.9053,8.4269],[124.9089,8.4259],[124.9143,8.4274],[124.9196,8.4252],[124.9293,8.4251],[124.9401,8.4293],[124.9592,8.4322],[124.9786,8.4395],[124.9895,8.4456],[124.9964,8.4445],[124.9994,8.4493],[125.0189,8.4634],[125.0278,8.4738],[125.0368,8.4661],[125.0425,8.458],[125.0477,8.4569],[125.0488,8.4507],[124.9746,8.3815],[124.9708,8.3799],[124.9663,8.3819],[124.9643,8.3855],[124.9615,8.3843],[124.9573,8.379],[124.9617,8.3704],[124.9595,8.3655],[124.9633,8.3638],[124.9638,8.3616],[124.8841,8.3533],[124.8897,8.3519],[124.8979,8.3464],[124.8968,8.3442],[124.8985,8.3361],[124.8963,8.3242],[124.8945,8.3244],[124.8922,8.3188],[124.8936,8.3183],[124.8934,8.3163],[124.8911,8.3149],[124.8912,8.3118],[124.8886,8.3112],[124.8876,8.3076],[124.887,8.3025],[124.8889,8.2995],[124.8872,8.2961],[124.889,8.2933],[124.8863,8.2857],[124.887,8.2822],[124.8846,8.2793],[124.8875,8.2736],[124.8826,8.269],[124.8794,8.2616],[124.8822,8.2579],[124.8806,8.2566],[124.8849,8.2505],[124.885,8.246],[124.8872,8.2443],[124.8853,8.2417],[124.8883,8.2336],[124.8912,8.2313],[124.8904,8.228],[124.8934,8.2198],[124.8906,8.2157],[124.8835,8.2136],[124.8804,8.2078],[124.8773,8.195],[124.8786,8.1929],[124.8787,8.1812],[124.877,8.1702],[124.8553,8.209],[124.8534,8.2102],[124.8541,8.2152]]]]},"properties":{"ADM3_EN":"Manolo Fortich","name":"Manolo Fortich","ADM3_PCODE":"PH101314000","psgc_code":"101314000","ADM2_EN":"Bukidnon","ADM2_PCODE":"PH1013","ADM1_EN":"Northern Mindanao & Caraga","ADM1_PCODE":"PH10","ADM0_EN":"Philippines (the)","ADM0_PCODE":"PH","region_key":"northern_mindanao_caraga","province_key":"bukidnon","type":"Municipality"}},{"type":"Feature","geometry":{"type":"MultiPolygon","coordinates":[[[[125.0286,7.6992],[125.0276,7.7003],[125.0267,7.6984],[125.0215,7.6993],[125.0196,7.6989],[125.0192,7.6961],[125.0163,7.6969],[125.011,7.7064],[125.0019,7.7165],[124.9898,7.718],[124.9811,7.7283],[124.9047,7.7412],[124.899,7.7514],[124.891,7.7593],[124.8861,7.7689],[124.8844,7.7703],[124.8817,7.7697],[124.8782,7.7736],[124.8759,7.7733],[124.8739,7.7776],[124.8661,7.7767],[124.8615,7.7787],[124.8611,7.7831],[124.8571,7.7848],[124.8527,7.7904],[124.8684,7.8176],[124.8761,7.8407],[124.876,7.8445],[124.8646,7.8769],[124.8753,7.8752],[125.0035,7.8766],[125.0704,7.8844],[125.0774,7.8784],[125.0822,7.8763],[125.0851,7.8689],[125.0884,7.8649],[125.0903,7.8579],[125.0849,7.8498],[125.0894,7.8466],[125.0894,7.844],[125.0873,7.8427],[125.0822,7.8453],[125.0807,7.8443],[125.0807,7.8304],[125.0902,7.8281],[125.0816,7.8241],[125.0777,7.8184],[125.0783,7.8171],[125.0817,7.8177],[125.0768,7.8151],[125.0684,7.8069],[125.0429,7.8202],[125.0305,7.8174],[125.031,7.8131],[125.0352,7.8079],[125.0303,7.8054],[125.0324,7.8015],[125.0241,7.792],[125.0246,7.7831],[125.0217,7.7787],[125.0255,7.7726],[125.0256,7.7687],[125.0293,7.7649],[125.0295,7.7498],[125.0259,7.7435],[125.0199,7.7378],[125.021,7.7337],[125.0267,7.7337],[125.0294,7.7321],[125.0275,7.7272],[125.0287,7.7226],[125.0251,7.7169],[125.0298,7.7113],[125.0297,7.7048],[125.0324,7.7039],[125.0347,7.6994],[125.0286,7.6992]]]]},"properties":{"ADM3_EN":"Maramag","name":"Maramag","ADM3_PCODE":"PH101315000","psgc_code":"101315000","ADM2_EN":"Bukidnon","ADM2_PCODE":"PH1013","ADM1_EN":"Northern Mindanao & Caraga","ADM1_PCODE":"PH10","ADM0_EN":"Philippines (the)","ADM0_PCODE":"PH","region_key":"northern_mindanao_caraga","province_key":"bukidnon","type":"Municipality"}},{"type":"Feature","geometry":{"type":"MultiPolygon","coordinates":[[[[124.8655,7.581],[124.8687,7.5757],[124.8642,7.5655],[124.8652,7.5616],[124.8625,7.5561],[124.8632,7.5545],[124.8594,7.5526],[124.858,7.5473],[124.859,7.5441],[124.8517,7.5411],[124.8511,7.5484],[124.8432,7.556],[124.8326,7.5543],[124.8308,7.5615],[124.8239,7.5587],[124.8148,7.5666],[124.8153,7.5705],[124.8198,7.5709],[124.8205,7.573],[124.8132,7.5728],[124.8117,7.5767],[124.816,7.5788],[124.8122,7.5822],[124.8117,7.5847],[124.8179,7.5923],[124.8131,7.592],[124.815,7.5958],[124.812,7.5987],[124.807,7.5954],[124.8044,7.5985],[124.8077,7.607],[124.8054,7.6153],[124.8001,7.6163],[124.8026,7.6232],[124.7965,7.6251],[124.8046,7.6411],[124.8036,7.6433],[124.8052,7.6505],[124.8011,7.6576],[124.8025,7.6655],[124.7937,7.6846],[124.795,7.6941],[124.7931,7.699],[124.7988,7.7201],[124.7855,7.7782],[124.7845,7.7839],[124.7859,7.7868],[124.724,7.8522],[124.7173,7.8622],[124.7052,7.8737],[124.6979,7.9343],[124.8302,7.9534],[124.8551,7.9268],[124.8753,7.8752],[124.8646,7.8769],[124.876,7.8445],[124.8761,7.8407],[124.8684,7.8176],[124.8527,7.7904],[124.8517,7.7799],[124.8527,7.7469],[124.8505,7.7237],[124.8519,7.7045],[124.8586,7.6756],[124.8579,7.6737],[124.8617,7.6717],[124.8632,7.6686],[124.8631,7.6482],[124.8653,7.6404],[124.8638,7.6375],[124.866,7.6307],[124.8644,7.6263],[124.866,7.6189],[124.8641,7.6164],[124.8667,7.6063],[124.8646,7.5961],[124.8652,7.5922],[124.86,7.5865],[124.8655,7.581]]]]},"properties":{"ADM3_EN":"Pangantucan","name":"Pangantucan","ADM3_PCODE":"PH101316000","psgc_code":"101316000","ADM2_EN":"Bukidnon","ADM2_PCODE":"PH1013","ADM1_EN":"Northern Mindanao & Caraga","ADM1_PCODE":"PH10","ADM0_EN":"Philippines (the)","ADM0_PCODE":"PH","region_key":"northern_mindanao_caraga","province_key":"bukidnon","type":"Municipality"}},{"type":"Feature","geometry":{"type":"MultiPolygon","coordinates":[[[[125.1069,7.6292],[125.0809,7.6384],[125.0545,7.6503],[125.0555,7.6547],[125.0507,7.6583],[125.0531,7.6651],[125.0485,7.6743],[125.0498,7.6787],[125.0477,7.6846],[125.0464,7.6969],[125.036,7.6983],[125.0324,7.7039],[125.0297,7.7048],[125.0298,7.7113],[125.0251,7.7169],[125.0287,7.7226],[125.0275,7.7272],[125.0294,7.7321],[125.0267,7.7337],[125.021,7.7337],[125.0199,7.7378],[125.0259,7.7435],[125.0295,7.7498],[125.0293,7.7649],[125.0256,7.7687],[125.0255,7.7726],[125.0217,7.7787],[125.0246,7.7831],[125.0241,7.792],[125.0324,7.8015],[125.0303,7.8054],[125.0352,7.8079],[125.031,7.8131],[125.0313,7.8182],[125.0429,7.8202],[125.0689,7.8071],[125.0768,7.8151],[125.0817,7.8177],[125.0783,7.8171],[125.0777,7.8184],[125.0816,7.8241],[125.0902,7.8281],[125.0918,7.8324],[125.0979,7.8353],[125.1037,7.8437],[125.1062,7.8426],[125.1067,7.8336],[125.1089,7.8339],[125.1087,7.832],[125.1153,7.8294],[125.1148,7.8229],[125.1195,7.8219],[125.122,7.8148],[125.1309,7.8068],[125.1357,7.7981],[125.1415,7.7947],[125.1435,7.7958],[125.1479,7.7943],[125.1611,7.7957],[125.1681,7.8015],[125.1767,7.8033],[125.2054,7.8141],[125.2274,7.8164],[125.2448,7.8218],[125.2609,7.8238],[125.2738,7.8207],[125.2912,7.8105],[125.3106,7.804],[125.3326,7.8023],[125.3146,7.7751],[125.309,7.7611],[125.3097,7.7514],[125.3122,7.7473],[125.311,7.7345],[125.3101,7.7296],[125.3038,7.7183],[125.3041,7.7048],[125.2957,7.6802],[125.298,7.6574],[125.3009,7.6489],[125.2807,7.6474],[125.2804,7.6407],[125.2524,7.6437],[125.2501,7.6324],[125.2556,7.6158],[125.2565,7.6054],[125.2518,7.5921],[125.252,7.5798],[125.2482,7.5802],[125.2395,7.5872],[125.2269,7.5886],[125.1841,7.6017],[125.1069,7.6292]]]]},"properties":{"ADM3_EN":"Quezon","name":"Quezon","ADM3_PCODE":"PH101317000","psgc_code":"101317000","ADM2_EN":"Bukidnon","ADM2_PCODE":"PH1013","ADM1_EN":"Northern Mindanao & Caraga","ADM1_PCODE":"PH10","ADM0_EN":"Philippines (the)","ADM0_PCODE":"PH","region_key":"northern_mindanao_caraga","province_key":"bukidnon","type":"Municipality"}},{"type":"Feature","geometry":{"type":"MultiPolygon","coordinates":[[[[125.2974,7.6635],[125.2957,7.6802],[125.3041,7.7048],[125.3038,7.7183],[125.3101,7.7296],[125.3115,7.7386],[125.3122,7.7473],[125.3097,7.7514],[125.309,7.7611],[125.3146,7.7751],[125.3326,7.8023],[125.3106,7.804],[125.2912,7.8105],[125.2713,7.8216],[125.2706,7.8495],[125.2746,7.8751],[125.2753,7.8997],[125.2819,7.9219],[125.2809,7.9316],[125.3087,7.9911],[125.3113,7.9904],[125.3179,7.9928],[125.3222,7.9895],[125.3565,7.9887],[125.3817,7.9855],[125.396,7.9746],[125.3994,7.9689],[125.4027,7.9601],[125.4018,7.9532],[125.4037,7.9452],[125.4001,7.9362],[125.4005,7.9339],[125.4043,7.9293],[125.41,7.9265],[125.4209,7.9119],[125.4204,7.8928],[125.4158,7.8541],[125.4178,7.8345],[125.4174,7.8173],[125.4281,7.8012],[125.4428,7.7649],[125.4441,7.7556],[125.4425,7.7369],[125.4392,7.7281],[125.4419,7.7233],[125.4429,7.7165],[125.4393,7.7068],[125.4306,7.6943],[125.4258,7.6818],[125.4292,7.6734],[125.4307,7.6556],[125.4236,7.641],[125.4188,7.6385],[125.4117,7.6296],[125.4022,7.6238],[125.3959,7.6214],[125.3914,7.6216],[125.3858,7.6295],[125.377,7.6326],[125.3684,7.6382],[125.3555,7.6368],[125.3506,7.6382],[125.3412,7.6316],[125.3327,7.6336],[125.3286,7.6271],[125.3188,7.6284],[125.3084,7.6365],[125.302,7.6347],[125.3018,7.6437],[125.2974,7.6635]]]]},"properties":{"ADM3_EN":"San Fernando","name":"San Fernando","ADM3_PCODE":"PH101318000","psgc_code":"101318000","ADM2_EN":"Bukidnon","ADM2_PCODE":"PH1013","ADM1_EN":"Northern Mindanao & Caraga","ADM1_PCODE":"PH10","ADM0_EN":"Philippines (the)","ADM0_PCODE":"PH","region_key":"northern_mindanao_caraga","province_key":"bukidnon","type":"Municipality"}},{"type":"Feature","geometry":{"type":"MultiPolygon","coordinates":[[[[124.8785,8.1788],[124.8786,8.1929],[124.8773,8.195],[124.8804,8.2078],[124.8835,8.2136],[124.8906,8.2157],[124.8934,8.2198],[124.8904,8.228],[124.8912,8.2313],[124.8883,8.2336],[124.8853,8.2417],[124.8872,8.2443],[124.885,8.246],[124.8849,8.2505],[124.8806,8.2566],[124.8822,8.2579],[124.8794,8.2616],[124.8826,8.269],[124.8875,8.2736],[124.8846,8.2793],[124.887,8.2822],[124.8863,8.2857],[124.889,8.2933],[124.8872,8.2961],[124.8889,8.2995],[124.887,8.3025],[124.8876,8.3076],[124.8886,8.3112],[124.8912,8.3118],[124.8911,8.3149],[124.8934,8.3163],[124.8936,8.3183],[124.8922,8.3188],[124.8945,8.3244],[124.8963,8.3242],[124.8985,8.3361],[124.8968,8.3442],[124.8979,8.3464],[124.8897,8.3519],[124.8841,8.3533],[124.9638,8.3616],[124.9633,8.3638],[124.9595,8.3655],[124.9617,8.3704],[124.9573,8.379],[124.9643,8.3855],[124.9663,8.3819],[124.9758,8.3795],[124.9822,8.373],[124.9818,8.361],[124.9879,8.3573],[124.983,8.3519],[124.9845,8.35],[124.99,8.3485],[124.9854,8.3298],[124.9798,8.3233],[124.9775,8.3142],[124.9824,8.2892],[124.9802,8.2623],[124.9882,8.231],[124.9933,8.2177],[125.0031,8.1997],[124.9154,8.1241],[124.9118,8.1193],[124.877,8.1702],[124.8785,8.1788]]]]},"properties":{"ADM3_EN":"Sumilao","name":"Sumilao","ADM3_PCODE":"PH101319000","psgc_code":"101319000","ADM2_EN":"Bukidnon","ADM2_PCODE":"PH1013","ADM1_EN":"Northern Mindanao & Caraga","ADM1_PCODE":"PH10","ADM0_EN":"Philippines (the)","ADM0_PCODE":"PH","region_key":"northern_mindanao_caraga","province_key":"bukidnon","type":"Municipality"}},{"type":"Feature","geometry":{"type":"MultiPolygon","coordinates":[[[[124.7642,7.9434],[124.6979,7.9343],[124.6005,7.9162],[124.5612,7.9757],[124.5613,7.9791],[124.5573,7.984],[124.5612,7.997],[124.5579,7.9992],[124.5575,8.0025],[124.5543,8.0046],[124.5542,8.0069],[124.5574,8.0114],[124.5515,8.021],[124.5447,8.027],[124.5434,8.0326],[124.5455,8.0396],[124.5441,8.0424],[124.5449,8.0494],[124.5417,8.0601],[124.5426,8.069],[124.532,8.0834],[124.5316,8.0862],[124.5334,8.0881],[124.5327,8.0923],[124.5232,8.1013],[124.5173,8.1192],[124.5115,8.1217],[124.5049,8.1329],[124.4996,8.1341],[124.4956,8.138],[124.5517,8.149],[124.5588,8.1584],[124.5604,8.1587],[124.5582,8.162],[124.564,8.1685],[124.5664,8.1777],[124.5751,8.186],[124.5716,8.1896],[124.5675,8.1903],[124.5656,8.1923],[124.5683,8.1973],[124.5709,8.1937],[124.5721,8.1934],[124.5727,8.1963],[124.5655,8.2013],[124.5673,8.2042],[124.5669,8.2111],[124.5627,8.2074],[124.5612,8.208],[124.5611,8.2131],[124.5651,8.2154],[124.566,8.2177],[124.5647,8.2205],[124.5594,8.224],[124.5592,8.2259],[124.561,8.2322],[124.5671,8.2352],[124.567,8.2413],[124.5696,8.2453],[124.5727,8.2469],[124.5737,8.254],[124.5772,8.2562],[124.577,8.2636],[124.5819,8.2646],[124.5813,8.2717],[124.5847,8.2781],[124.5839,8.2797],[124.5799,8.2808],[124.5832,8.2868],[124.5776,8.2949],[124.5792,8.2979],[124.5831,8.2923],[124.5885,8.2907],[124.5861,8.2873],[124.5864,8.2852],[124.5919,8.285],[124.5926,8.28],[124.5968,8.2798],[124.5941,8.2772],[124.5943,8.2728],[124.6018,8.2709],[124.637,8.2737],[124.6549,8.2705],[124.6538,8.2693],[124.6553,8.2662],[124.6581,8.2647],[124.6568,8.2634],[124.6593,8.2633],[124.659,8.2613],[124.6624,8.2586],[124.6608,8.2568],[124.6649,8.255],[124.7232,8.173],[124.9118,8.1193],[124.87,8.0749],[124.8495,8.0556],[124.8302,7.9534],[124.7642,7.9434]]]]},"properties":{"ADM3_EN":"Talakag","name":"Talakag","ADM3_PCODE":"PH101320000","psgc_code":"101320000","ADM2_EN":"Bukidnon","ADM2_PCODE":"PH1013","ADM1_EN":"Northern Mindanao & Caraga","ADM1_PCODE":"PH10","ADM0_EN":"Philippines (the)","ADM0_PCODE":"PH","region_key":"northern_mindanao_caraga","province_key":"bukidnon","type":"Municipality"}},{"type":"Feature","geometry":{"type":"MultiPolygon","coordinates":[[[[125.1939,7.8099],[125.1681,7.8015],[125.1611,7.7957],[125.1479,7.7943],[125.1435,7.7958],[125.1415,7.7947],[125.1357,7.7981],[125.1309,7.8068],[125.122,7.8148],[125.1195,7.8219],[125.1148,7.8229],[125.1153,7.8294],[125.1087,7.832],[125.1089,7.8339],[125.1067,7.8336],[125.1062,7.8426],[125.1037,7.8437],[125.0979,7.8353],[125.0918,7.8324],[125.0902,7.8281],[125.082,7.8292],[125.0807,7.8304],[125.0807,7.8443],[125.0822,7.8453],[125.0873,7.8427],[125.0894,7.844],[125.0894,7.8466],[125.0849,7.8498],[125.0899,7.8556],[125.0901,7.8598],[125.0822,7.8763],[125.0774,7.8784],[125.0704,7.8844],[125.0035,7.8766],[124.8753,7.8752],[124.8551,7.9268],[124.8302,7.9534],[124.8467,8.0357],[124.883,8.0227],[124.888,8.0224],[124.8937,8.0183],[124.8994,8.0181],[124.9076,8.015],[124.9139,8.0086],[124.92,8.0051],[124.9296,8.0079],[124.9327,8.0059],[124.9365,8.0068],[124.9384,8.001],[124.9401,8.0008],[124.9436,8.0013],[124.9471,8.0044],[124.9551,8.0048],[124.9682,8.0011],[124.9816,8.0019],[124.992,7.9986],[125.0005,7.9926],[125.0008,7.9903],[125.0131,7.9924],[125.0221,7.9902],[125.0297,7.9929],[125.0318,7.991],[125.0376,7.9903],[125.039,7.9885],[125.0419,7.989],[125.0432,7.9873],[125.0503,7.9916],[125.0568,7.9925],[125.0609,7.9897],[125.0642,7.9897],[125.0741,7.9791],[125.0889,7.9833],[125.102,7.9922],[125.1069,7.9894],[125.1228,7.9921],[125.1255,7.9893],[125.1293,7.9903],[125.1311,7.9855],[125.1379,7.9886],[125.1383,7.9848],[125.1422,7.9853],[125.1436,7.9843],[125.1436,7.9808],[125.1471,7.9797],[125.1435,7.9751],[125.1452,7.9723],[125.1781,7.9714],[125.1817,7.9681],[125.191,7.9695],[125.1935,7.9686],[125.1964,7.962],[125.2055,7.9566],[125.2055,7.9543],[125.2017,7.9497],[125.2039,7.9482],[125.2102,7.9486],[125.2123,7.9507],[125.213,7.957],[125.2162,7.9593],[125.22,7.9574],[125.2192,7.9523],[125.221,7.9509],[125.2282,7.9535],[125.2906,7.9537],[125.2809,7.9316],[125.2819,7.9219],[125.2753,7.8997],[125.2746,7.8751],[125.2706,7.8495],[125.2713,7.8216],[125.2609,7.8238],[125.2448,7.8218],[125.2274,7.8164],[125.2054,7.8141],[125.1939,7.8099]]]]},"properties":{"ADM3_EN":"Valencia City","name":"Valencia City","ADM3_PCODE":"PH101321000","psgc_code":"101321000","ADM2_EN":"Bukidnon","ADM2_PCODE":"PH1013","ADM1_EN":"Northern Mindanao & Caraga","ADM1_PCODE":"PH10","ADM0_EN":"Philippines (the)","ADM0_PCODE":"PH","region_key":"northern_mindanao_caraga","province_key":"bukidnon","type":"City"}},{"type":"Feature","geometry":{"type":"MultiPolygon","coordinates":[[[[124.7125,9.1853],[124.7238,9.1781],[124.7053,9.1331],[124.7035,9.1223],[124.6991,9.1191],[124.6982,9.1114],[124.6905,9.1121],[124.6749,9.1203],[124.6707,9.1289],[124.6649,9.1311],[124.6532,9.1392],[124.6423,9.1537],[124.6352,9.1699],[124.636,9.1722],[124.634,9.185],[124.6369,9.1939],[124.6332,9.2046],[124.6366,9.2108],[124.6343,9.2168],[124.6631,9.2172],[124.7125,9.1853]]]]},"properties":{"ADM3_EN":"Catarman","name":"Catarman","ADM3_PCODE":"PH101801000","psgc_code":"101801000","ADM2_EN":"Camiguin","ADM2_PCODE":"PH1018","ADM1_EN":"Northern Mindanao & Caraga","ADM1_PCODE":"PH10","ADM0_EN":"Philippines (the)","ADM0_PCODE":"PH","region_key":"northern_mindanao_caraga","province_key":"camiguin","type":"Municipality"}},{"type":"Feature","geometry":{"type":"MultiPolygon","coordinates":[[[[124.7966,9.1077],[124.7943,9.1032],[124.7876,9.0993],[124.7818,9.0836],[124.7707,9.0784],[124.7668,9.0784],[124.7595,9.0818],[124.7664,9.08],[124.7382,9.167],[124.7919,9.1325],[124.792,9.131],[124.7965,9.1296],[124.798,9.133],[124.7983,9.1279],[124.8043,9.1246],[124.8066,9.1211],[124.8031,9.1038],[124.7993,9.1038],[124.7997,9.1064],[124.7966,9.1077]]],[[[124.7595,9.0818],[124.7589,9.0822],[124.7585,9.0827],[124.7585,9.0827],[124.7595,9.0818]]]]},"properties":{"ADM3_EN":"Guinsiliban","name":"Guinsiliban","ADM3_PCODE":"PH101802000","psgc_code":"101802000","ADM2_EN":"Camiguin","ADM2_PCODE":"PH1018","ADM1_EN":"Northern Mindanao & Caraga","ADM1_PCODE":"PH10","ADM0_EN":"Philippines (the)","ADM0_PCODE":"PH","region_key":"northern_mindanao_caraga","province_key":"camiguin","type":"Municipality"}},{"type":"Feature","geometry":{"type":"MultiPolygon","coordinates":[[[[124.7946,9.1314],[124.7953,9.133],[124.7971,9.1334],[124.7965,9.1296],[124.7946,9.1314]]],[[[124.7925,9.1339],[124.7919,9.1325],[124.7653,9.1495],[124.7281,9.1739],[124.7238,9.1781],[124.7448,9.1878],[124.7486,9.1923],[124.7538,9.1929],[124.7586,9.1997],[124.7659,9.2],[124.7721,9.1982],[124.7782,9.2007],[124.7761,9.2067],[124.7788,9.2037],[124.7823,9.1921],[124.7814,9.1911],[124.7831,9.19],[124.7983,9.1467],[124.7955,9.144],[124.7944,9.1356],[124.7925,9.1339]]]]},"properties":{"ADM3_EN":"Mahinog","name":"Mahinog","ADM3_PCODE":"PH101803000","psgc_code":"101803000","ADM2_EN":"Camiguin","ADM2_PCODE":"PH1018","ADM1_EN":"Northern Mindanao & Caraga","ADM1_PCODE":"PH10","ADM0_EN":"Philippines (the)","ADM0_PCODE":"PH","region_key":"northern_mindanao_caraga","province_key":"camiguin","type":"Municipality"}},{"type":"Feature","geometry":{"type":"MultiPolygon","coordinates":[[[[124.7612,9.2138],[124.7663,9.2136],[124.7708,9.2111],[124.7761,9.2067],[124.7782,9.2007],[124.7721,9.1982],[124.7659,9.2],[124.7586,9.1997],[124.7538,9.1929],[124.7486,9.1923],[124.7448,9.1878],[124.7238,9.1781],[124.6631,9.2172],[124.6343,9.2168],[124.6436,9.2261],[124.643,9.2329],[124.6501,9.2382],[124.6585,9.2402],[124.6687,9.2502],[124.6965,9.257],[124.7097,9.2578],[124.7307,9.2497],[124.7382,9.2437],[124.7436,9.2351],[124.7549,9.2242],[124.7578,9.2171],[124.7612,9.2138]]]]},"properties":{"ADM3_EN":"Mambajao","name":"Mambajao","ADM3_PCODE":"PH101804000","psgc_code":"101804000","ADM2_EN":"Camiguin","ADM2_PCODE":"PH1018","ADM1_EN":"Northern Mindanao & Caraga","ADM1_PCODE":"PH10","ADM0_EN":"Philippines (the)","ADM0_PCODE":"PH","region_key":"northern_mindanao_caraga","province_key":"camiguin","type":"Municipality"}},{"type":"Feature","geometry":{"type":"MultiPolygon","coordinates":[[[[124.742,9.1033],[124.7171,9.1037],[124.7082,9.1056],[124.7014,9.1098],[124.6947,9.1103],[124.6911,9.1114],[124.6894,9.1126],[124.6982,9.1114],[124.6991,9.1191],[124.7035,9.1223],[124.7053,9.1331],[124.7238,9.1781],[124.7382,9.167],[124.7664,9.08],[124.7585,9.0827],[124.752,9.0944],[124.742,9.1033]]]]},"properties":{"ADM3_EN":"Sagay","name":"Sagay","ADM3_PCODE":"PH101805000","psgc_code":"101805000","ADM2_EN":"Camiguin","ADM2_PCODE":"PH1018","ADM1_EN":"Northern Mindanao & Caraga","ADM1_PCODE":"PH10","ADM0_EN":"Philippines (the)","ADM0_PCODE":"PH","region_key":"northern_mindanao_caraga","province_key":"camiguin","type":"Municipality"}},{"type":"Feature","geometry":{"type":"MultiPolygon","coordinates":[[[[125.5108,9.9992],[125.5106,9.9953],[125.5072,9.9911],[125.5033,9.9808],[125.4989,9.9861],[125.5028,9.9869],[125.5039,9.9911],[125.502,9.9956],[125.5033,9.9978],[125.5014,10.0022],[125.5022,10.0058],[125.4952,10.0148],[125.4976,10.0179],[125.5017,10.0157],[125.5108,9.9992]]],[[[125.524,9.9944],[125.5233,9.9967],[125.5243,9.998],[125.5253,9.9932],[125.524,9.9944]]],[[[125.5378,9.99],[125.5406,9.9853],[125.5453,9.9836],[125.5486,9.9789],[125.5544,9.9775],[125.5542,9.9758],[125.56,9.9706],[125.5605,9.9689],[125.5586,9.9681],[125.5605,9.9672],[125.5603,9.9644],[125.5575,9.9611],[125.5553,9.9611],[125.5525,9.9642],[125.556,9.9689],[125.5522,9.9706],[125.5514,9.9736],[125.5472,9.9756],[125.5417,9.9736],[125.5401,9.9753],[125.5408,9.9767],[125.5378,9.9781],[125.5342,9.9887],[125.5356,9.9908],[125.5378,9.99]]],[[[125.5347,10.0086],[125.5311,10.0094],[125.5289,10.0078],[125.5214,10.0111],[125.513,10.005],[125.515,10.0094],[125.5142,10.0119],[125.5117,10.0131],[125.5119,10.0183],[125.515,10.0208],[125.5128,10.0278],[125.5139,10.0303],[125.5208,10.0244],[125.5264,10.0236],[125.535,10.0161],[125.5383,10.0106],[125.5375,10.0089],[125.5347,10.0086]]],[[[125.5683,10.0797],[125.5711,10.0811],[125.5761,10.0781],[125.5764,10.075],[125.5733,10.0708],[125.5783,10.0672],[125.5767,10.0644],[125.5725,10.0656],[125.5636,10.0722],[125.5614,10.0714],[125.5583,10.0728],[125.5542,10.0772],[125.5506,10.0786],[125.5478,10.0833],[125.5456,10.0806],[125.5393,10.0808],[125.5369,10.0741],[125.5387,10.0729],[125.5389,10.0705],[125.5373,10.0695],[125.5341,10.0708],[125.5301,10.0682],[125.5283,10.0624],[125.5194,10.0611],[125.5179,10.0623],[125.5156,10.0611],[125.5138,10.0633],[125.5097,10.0622],[125.5081,10.065],[125.5095,10.0688],[125.507,10.0677],[125.5061,10.0689],[125.5053,10.0767],[125.5033,10.0761],[125.5053,10.0661],[125.5042,10.0653],[125.4969,10.0783],[125.5008,10.0808],[125.5044,10.0789],[125.5064,10.0836],[125.5031,10.0856],[125.4976,10.0832],[125.4992,10.0925],[125.4975,10.1006],[125.4948,10.1042],[125.4936,10.0992],[125.4894,10.0953],[125.4903,10.1003],[125.4871,10.1025],[125.4826,10.1028],[125.4795,10.1099],[125.5999,10.1199],[125.5998,10.0875],[125.6081,10.0739],[125.6163,10.0527],[125.6021,10.0523],[125.602,10.0546],[125.5988,10.0572],[125.6008,10.0613],[125.5973,10.0626],[125.5967,10.0652],[125.595,10.0625],[125.5906,10.0606],[125.5886,10.0644],[125.5903,10.0694],[125.5875,10.0744],[125.5892,10.0772],[125.5861,10.0792],[125.5828,10.0856],[125.58,10.0847],[125.5764,10.0878],[125.5742,10.0861],[125.5714,10.0875],[125.5672,10.0833],[125.5669,10.0806],[125.5683,10.0797]]],[[[125.4739,10.0781],[125.4711,10.0797],[125.4708,10.0819],[125.4733,10.0808],[125.475,10.0786],[125.4739,10.0781]]],[[[125.5037,10.0818],[125.5016,10.0818],[125.5014,10.0837],[125.5051,10.0841],[125.5037,10.0818]]],[[[125.4819,10.0869],[125.4836,10.0861],[125.4814,10.0817],[125.4819,10.0797],[125.4789,10.0781],[125.4767,10.0825],[125.4764,10.0886],[125.4786,10.0906],[125.4819,10.0869]]],[[[125.5829,10.0744],[125.5809,10.0734],[125.5808,10.0768],[125.5832,10.0757],[125.5829,10.0744]]],[[[125.4781,10.1056],[125.483,10.1006],[125.4853,10.0961],[125.4856,10.0908],[125.4835,10.0925],[125.4839,10.0949],[125.4818,10.0958],[125.4823,10.0969],[125.4792,10.0981],[125.4795,10.1011],[125.4756,10.1019],[125.4747,10.1061],[125.4781,10.1056]]]]},"properties":{"ADM3_EN":"Basilisa","name":"Basilisa","ADM3_PCODE":"PH168501000","psgc_code":"168501000","ADM2_EN":"Dinagat Islands","ADM2_PCODE":"PH1685","ADM1_EN":"Northern Mindanao & Caraga","ADM1_PCODE":"PH10","ADM0_EN":"Philippines (the)","ADM0_PCODE":"PH","region_key":"northern_mindanao_caraga","province_key":"dinagat_islands","type":"Municipality"}},{"type":"Feature","geometry":{"type":"MultiPolygon","coordinates":[[[[125.7025,9.8808],[125.7019,9.8781],[125.7056,9.8753],[125.7058,9.8733],[125.7003,9.865],[125.6892,9.8636],[125.6872,9.8653],[125.6782,9.8673],[125.6722,9.8528],[125.6603,9.8525],[125.6553,9.86],[125.6556,9.8653],[125.6503,9.8694],[125.6494,9.8753],[125.6426,9.8822],[125.6431,9.8836],[125.6467,9.8843],[125.6422,9.8847],[125.6408,9.8883],[125.6422,9.8956],[125.6442,9.8972],[125.6486,9.8964],[125.6457,9.8981],[125.6444,9.9033],[125.6454,9.9128],[125.6436,9.9164],[125.6464,9.9211],[125.6456,9.9303],[125.6395,9.936],[125.6412,9.9362],[125.6404,9.9384],[125.635,9.9367],[125.6342,9.9389],[125.6309,9.9394],[125.6275,9.9375],[125.6235,9.9474],[125.6151,9.9481],[125.6157,9.9599],[125.618,9.9629],[125.6208,9.9888],[125.6148,10.0022],[125.618,10.0065],[125.6178,10.0154],[125.6248,10.022],[125.6163,10.0527],[125.6081,10.0739],[125.5998,10.0875],[125.5992,10.1403],[125.6042,10.142],[125.6106,10.1489],[125.6117,10.1528],[125.6153,10.1544],[125.6211,10.1661],[125.6211,10.1706],[125.6244,10.1722],[125.6289,10.1811],[125.6327,10.1796],[125.6358,10.1822],[125.6425,10.1778],[125.6488,10.1854],[125.6506,10.1842],[125.6492,10.1781],[125.6511,10.1683],[125.6545,10.1647],[125.6578,10.1653],[125.6647,10.1731],[125.6708,10.1731],[125.6763,10.1674],[125.6768,10.1572],[125.6755,10.1539],[125.6617,10.1533],[125.6586,10.1486],[125.66,10.1453],[125.6639,10.1425],[125.6608,10.1352],[125.6608,10.1208],[125.6636,10.1142],[125.6669,10.1128],[125.6725,10.1139],[125.6775,10.1066],[125.6778,10.1014],[125.6822,10.1003],[125.6842,10.0975],[125.6845,10.0916],[125.693,10.08],[125.6953,10.0739],[125.6953,10.0678],[125.6928,10.0639],[125.6981,10.0594],[125.6975,10.0569],[125.6933,10.0533],[125.6956,10.0469],[125.6925,10.0439],[125.6914,10.0367],[125.6847,10.0336],[125.6853,10.0303],[125.6889,10.0269],[125.6881,10.0206],[125.6833,10.0142],[125.6822,10.0094],[125.6778,10.0075],[125.6808,10.0044],[125.6755,9.9934],[125.6731,9.995],[125.6722,9.993],[125.6736,9.9897],[125.6772,9.9875],[125.6804,9.9748],[125.6789,9.9689],[125.6761,9.9681],[125.6761,9.9694],[125.6722,9.9694],[125.6793,9.9621],[125.6758,9.9575],[125.6603,9.9525],[125.6567,9.9481],[125.6619,9.9456],[125.6628,9.9411],[125.6664,9.9417],[125.6739,9.9355],[125.6765,9.9351],[125.6761,9.9306],[125.6722,9.9221],[125.6722,9.9186],[125.6747,9.9158],[125.6833,9.9139],[125.6857,9.9174],[125.693,9.9158],[125.7019,9.9086],[125.7014,9.9064],[125.7031,9.9036],[125.7062,9.9019],[125.7075,9.8922],[125.7042,9.8882],[125.7025,9.8808]]],[[[125.6806,9.9297],[125.6791,9.929],[125.6776,9.9307],[125.6803,9.9336],[125.6822,9.9314],[125.6806,9.9297]]],[[[125.6865,9.9359],[125.688,9.9395],[125.689,9.9395],[125.6889,9.9364],[125.6865,9.9359]]],[[[125.6517,10.1876],[125.6515,10.1878],[125.6526,10.1872],[125.6519,10.1872],[125.6517,10.1876]]],[[[125.6443,9.9246],[125.6453,9.9217],[125.6433,9.9194],[125.6383,9.9219],[125.6406,9.9267],[125.6443,9.9246]]],[[[125.6353,9.9281],[125.6339,9.9267],[125.6286,9.9292],[125.6247,9.9342],[125.6256,9.9358],[125.632,9.9374],[125.6325,9.9319],[125.6353,9.9281]]],[[[125.6478,10.1878],[125.6477,10.1871],[125.6454,10.1856],[125.6468,10.1871],[125.6478,10.1878]]],[[[125.6108,10.1559],[125.6122,10.158],[125.6135,10.1557],[125.6111,10.1549],[125.6108,10.1559]]],[[[125.6195,10.1667],[125.6178,10.1633],[125.6158,10.162],[125.6171,10.1715],[125.6189,10.1714],[125.6195,10.1667]]],[[[125.6256,10.1808],[125.6242,10.1744],[125.6216,10.1725],[125.6247,10.1803],[125.6256,10.1808]]],[[[125.6282,10.183],[125.6275,10.1817],[125.6265,10.1814],[125.6275,10.183],[125.6282,10.183]]],[[[125.6418,10.183],[125.6431,10.1838],[125.6405,10.1817],[125.6406,10.1818],[125.6418,10.183]]]]},"properties":{"ADM3_EN":"Cagdianao","name":"Cagdianao","ADM3_PCODE":"PH168502000","psgc_code":"168502000","ADM2_EN":"Dinagat Islands","ADM2_PCODE":"PH1685","ADM1_EN":"Northern Mindanao & Caraga","ADM1_PCODE":"PH10","ADM0_EN":"Philippines (the)","ADM0_PCODE":"PH","region_key":"northern_mindanao_caraga","province_key":"dinagat_islands","type":"Municipality"}},{"type":"Feature","geometry":{"type":"MultiPolygon","coordinates":[[[[125.5533,9.9436],[125.5508,9.9461],[125.5525,9.9475],[125.5544,9.9453],[125.5533,9.9436]]],[[[125.5486,9.9488],[125.5497,9.9465],[125.5461,9.9431],[125.5419,9.9483],[125.5422,9.9497],[125.5454,9.948],[125.5486,9.9488]]],[[[125.5975,9.95],[125.5928,9.9519],[125.5914,9.9544],[125.5897,9.9606],[125.5906,9.9628],[125.5961,9.9597],[125.5933,9.9567],[125.5976,9.9557],[125.6075,9.9561],[125.6128,9.9544],[125.6114,9.9564],[125.6134,9.9571],[125.6117,9.9594],[125.6157,9.96],[125.6151,9.9481],[125.612,9.9472],[125.6097,9.9486],[125.6058,9.9467],[125.6028,9.9517],[125.5992,9.9517],[125.5975,9.95]]],[[[125.5594,9.9911],[125.5611,9.9936],[125.5636,9.9914],[125.5658,9.9931],[125.5747,9.9931],[125.5756,9.9961],[125.5768,9.9898],[125.5938,9.9955],[125.6002,9.991],[125.5978,9.9875],[125.5921,9.9875],[125.5894,9.9897],[125.584,9.9877],[125.5818,9.9859],[125.5821,9.9834],[125.58,9.9839],[125.5773,9.9812],[125.5756,9.9816],[125.5789,9.9769],[125.5772,9.9758],[125.5725,9.9833],[125.5726,9.9871],[125.5694,9.9864],[125.5684,9.9883],[125.5647,9.9889],[125.5613,9.9875],[125.5594,9.9911]]],[[[125.6182,9.9665],[125.6166,9.9611],[125.6039,9.9625],[125.6025,9.9636],[125.6033,9.9653],[125.6017,9.9656],[125.6033,9.9678],[125.6032,9.9739],[125.6006,9.9739],[125.5994,9.9761],[125.5972,9.9747],[125.5919,9.9758],[125.5911,9.9778],[125.5922,9.9806],[125.5999,9.9826],[125.6003,9.9811],[125.6043,9.9805],[125.6053,9.9781],[125.6058,9.9803],[125.6031,9.9809],[125.6028,9.9825],[125.6083,9.9839],[125.6097,9.988],[125.608,9.9889],[125.6053,9.9876],[125.6036,9.9893],[125.6147,10.0023],[125.6208,9.9888],[125.6182,9.9665]]]]},"properties":{"ADM3_EN":"Dinagat","name":"Dinagat","ADM3_PCODE":"PH168503000","psgc_code":"168503000","ADM2_EN":"Dinagat Islands","ADM2_PCODE":"PH1685","ADM1_EN":"Northern Mindanao & Caraga","ADM1_PCODE":"PH10","ADM0_EN":"Philippines (the)","ADM0_PCODE":"PH","region_key":"northern_mindanao_caraga","province_key":"dinagat_islands","type":"Municipality"}},{"type":"Feature","geometry":{"type":"MultiPolygon","coordinates":[[[[125.4797,10.1108],[125.48,10.1175],[125.4771,10.1196],[125.4788,10.1225],[125.4767,10.1239],[125.4775,10.1317],[125.4732,10.1346],[125.4751,10.1391],[125.4781,10.1394],[125.4839,10.1269],[125.4855,10.1285],[125.4836,10.131],[125.4897,10.1353],[125.4964,10.1333],[125.4997,10.1344],[125.4958,10.1381],[125.4903,10.1381],[125.49,10.1418],[125.4873,10.1436],[125.4897,10.1453],[125.4894,10.1506],[125.4928,10.1494],[125.4942,10.1428],[125.4956,10.1439],[125.495,10.1494],[125.4994,10.1558],[125.4963,10.1592],[125.4986,10.1611],[125.5014,10.1719],[125.4981,10.1744],[125.4969,10.1717],[125.4961,10.1725],[125.4956,10.175],[125.4983,10.1754],[125.4974,10.1771],[125.4989,10.1789],[125.4963,10.1817],[125.4994,10.1843],[125.5002,10.1823],[125.5031,10.1825],[125.5053,10.1861],[125.5081,10.1872],[125.5175,10.1786],[125.5211,10.1792],[125.5251,10.1837],[125.5183,10.1898],[125.5144,10.1894],[125.5114,10.1931],[125.5061,10.1936],[125.5031,10.1964],[125.5008,10.2023],[125.4972,10.1992],[125.4964,10.2031],[125.4997,10.2028],[125.4979,10.2095],[125.5106,10.21],[125.5158,10.2083],[125.5229,10.202],[125.521,10.2011],[125.5222,10.1942],[125.5256,10.1917],[125.5339,10.1972],[125.5372,10.2025],[125.5426,10.2034],[125.5398,10.2063],[125.5421,10.2081],[125.5421,10.21],[125.5406,10.2097],[125.5336,10.2156],[125.513,10.2406],[125.5142,10.2467],[125.5215,10.2458],[125.5203,10.2486],[125.5214,10.2553],[125.5181,10.2628],[125.5189,10.2711],[125.5255,10.2706],[125.5268,10.2729],[125.5222,10.275],[125.5208,10.2764],[125.5217,10.2775],[125.5308,10.2772],[125.536,10.2799],[125.5368,10.2821],[125.5856,10.2533],[125.6577,10.2076],[125.6586,10.2097],[125.6619,10.2054],[125.6603,10.2042],[125.6606,10.2026],[125.6631,10.2026],[125.6625,10.1977],[125.6547,10.1914],[125.6531,10.1872],[125.648,10.1887],[125.6405,10.1817],[125.6361,10.1844],[125.6283,10.1836],[125.6247,10.1803],[125.6216,10.1725],[125.6165,10.1712],[125.6171,10.1655],[125.6131,10.1585],[125.6031,10.1544],[125.5978,10.1481],[125.5992,10.145],[125.5975,10.1436],[125.5908,10.1431],[125.5928,10.1397],[125.5994,10.1411],[125.5999,10.1199],[125.4797,10.1108]]],[[[125.4843,10.144],[125.4862,10.1455],[125.4875,10.1457],[125.4848,10.1424],[125.4843,10.144]]],[[[125.4847,10.1533],[125.4883,10.1528],[125.4872,10.1506],[125.483,10.1486],[125.4839,10.1459],[125.4819,10.1447],[125.4825,10.1414],[125.4789,10.1439],[125.4811,10.1464],[125.4803,10.1536],[125.4847,10.1533]]],[[[125.4656,10.1736],[125.4664,10.1708],[125.4619,10.1664],[125.4606,10.1703],[125.4631,10.1744],[125.4656,10.1736]]],[[[125.4942,10.1706],[125.4922,10.1681],[125.4897,10.1711],[125.49,10.1739],[125.4942,10.1706]]],[[[125.4928,10.2028],[125.4945,10.2028],[125.4936,10.2006],[125.4925,10.2011],[125.4928,10.2028]]],[[[125.4982,10.2235],[125.4993,10.2241],[125.4997,10.2215],[125.4982,10.2227],[125.4982,10.2235]]],[[[125.6381,10.1802],[125.6365,10.1816],[125.6362,10.182],[125.6364,10.1819],[125.6381,10.1802]]]]},"properties":{"ADM3_EN":"Libjo","name":"Libjo","ADM3_PCODE":"PH168504000","psgc_code":"168504000","ADM2_EN":"Dinagat Islands","ADM2_PCODE":"PH1685","ADM1_EN":"Northern Mindanao & Caraga","ADM1_PCODE":"PH10","ADM0_EN":"Philippines (the)","ADM0_PCODE":"PH","region_key":"northern_mindanao_caraga","province_key":"dinagat_islands","type":"Municipality"}},{"type":"Feature","geometry":{"type":"MultiPolygon","coordinates":[[[[125.6712,10.3576],[125.6731,10.3557],[125.6681,10.3525],[125.6649,10.3468],[125.6644,10.3403],[125.662,10.3375],[125.6622,10.3329],[125.6468,10.3056],[125.6472,10.2995],[125.6455,10.2956],[125.6484,10.2942],[125.6519,10.2859],[125.6536,10.2853],[125.6531,10.2811],[125.6553,10.2772],[125.6532,10.2743],[125.6523,10.2676],[125.6551,10.2626],[125.6533,10.2594],[125.6528,10.2506],[125.6503,10.2486],[125.645,10.2525],[125.6325,10.2556],[125.6289,10.2582],[125.6283,10.2617],[125.625,10.2643],[125.6261,10.2682],[125.6238,10.2703],[125.6237,10.2735],[125.6122,10.2806],[125.6034,10.2917],[125.6058,10.3095],[125.6003,10.3222],[125.5887,10.3299],[125.5789,10.3335],[125.5547,10.3475],[125.5554,10.3532],[125.5513,10.3534],[125.5469,10.3578],[125.5478,10.3614],[125.5458,10.3708],[125.5493,10.3759],[125.5506,10.3842],[125.5543,10.3855],[125.5578,10.385],[125.5628,10.3814],[125.5635,10.3766],[125.5669,10.3703],[125.5752,10.3613],[125.5822,10.3591],[125.5917,10.3658],[125.5964,10.3661],[125.5983,10.3714],[125.6047,10.3797],[125.6053,10.3889],[125.6072,10.3936],[125.6073,10.3999],[125.6031,10.4083],[125.6025,10.4131],[125.6047,10.4136],[125.6048,10.4109],[125.6092,10.4086],[125.611,10.4093],[125.6125,10.4131],[125.6089,10.4294],[125.612,10.4419],[125.62,10.4481],[125.6212,10.4586],[125.6314,10.4614],[125.6333,10.4676],[125.6425,10.4718],[125.6464,10.4705],[125.65,10.4659],[125.6507,10.4556],[125.6549,10.4526],[125.6523,10.4407],[125.6571,10.4403],[125.6621,10.4372],[125.6611,10.4344],[125.666,10.4341],[125.6666,10.4313],[125.6697,10.4297],[125.6679,10.4252],[125.6687,10.4225],[125.6732,10.4205],[125.6724,10.4176],[125.6694,10.416],[125.6699,10.4097],[125.6769,10.3956],[125.6812,10.392],[125.6775,10.3881],[125.6789,10.385],[125.6749,10.3808],[125.6736,10.3707],[125.67,10.3646],[125.6712,10.3576]]],[[[125.5939,10.3817],[125.595,10.3772],[125.5919,10.3706],[125.5878,10.3747],[125.5872,10.3781],[125.5892,10.3825],[125.5928,10.3831],[125.5939,10.3817]]],[[[125.4709,10.431],[125.4724,10.4302],[125.4717,10.4286],[125.4665,10.4285],[125.4643,10.4314],[125.4724,10.4412],[125.4734,10.4354],[125.4693,10.4304],[125.4709,10.431]]],[[[125.4961,10.4497],[125.5022,10.4456],[125.4986,10.4367],[125.4933,10.4328],[125.4994,10.4239],[125.4964,10.4219],[125.4856,10.4225],[125.4771,10.4269],[125.4782,10.4301],[125.4774,10.4322],[125.4755,10.4325],[125.4765,10.4339],[125.4751,10.4378],[125.4785,10.4335],[125.4787,10.436],[125.4697,10.4439],[125.4633,10.4581],[125.4658,10.4611],[125.4717,10.4628],[125.4808,10.4575],[125.4842,10.4578],[125.4883,10.4533],[125.4931,10.4533],[125.4961,10.4497]]]]},"properties":{"ADM3_EN":"Loreto","name":"Loreto","ADM3_PCODE":"PH168505000","psgc_code":"168505000","ADM2_EN":"Dinagat Islands","ADM2_PCODE":"PH1685","ADM1_EN":"Northern Mindanao & Caraga","ADM1_PCODE":"PH10","ADM0_EN":"Philippines (the)","ADM0_PCODE":"PH","region_key":"northern_mindanao_caraga","province_key":"dinagat_islands","type":"Municipality"}},{"type":"Feature","geometry":{"type":"MultiPolygon","coordinates":[[[[125.5805,9.9912],[125.5768,9.9898],[125.5747,9.9981],[125.5795,9.9985],[125.5786,10.0011],[125.5689,10.0075],[125.5692,10.0122],[125.5739,10.0156],[125.5683,10.0186],[125.5744,10.0242],[125.5733,10.0283],[125.5744,10.0294],[125.5858,10.0244],[125.5892,10.0269],[125.5867,10.0339],[125.5828,10.0381],[125.5789,10.0381],[125.5753,10.0431],[125.5803,10.0439],[125.5836,10.0508],[125.5986,10.0372],[125.5999,10.0381],[125.5984,10.0429],[125.604,10.0438],[125.6029,10.0471],[125.6008,10.048],[125.5975,10.0467],[125.5906,10.0514],[125.5989,10.0597],[125.5973,10.0626],[125.5992,10.0624],[125.6008,10.0613],[125.5988,10.0572],[125.602,10.0546],[125.6021,10.0523],[125.6163,10.0527],[125.6248,10.022],[125.6178,10.0154],[125.618,10.0065],[125.605,9.992],[125.6061,9.9933],[125.6002,9.991],[125.5938,9.9955],[125.5805,9.9912]]],[[[125.5703,9.9997],[125.5678,9.9995],[125.5667,10.0003],[125.5689,10.0011],[125.5703,9.9997]]],[[[125.5856,10.0597],[125.5844,10.0583],[125.5808,10.0589],[125.5814,10.0567],[125.5836,10.0564],[125.5817,10.0544],[125.5781,10.0586],[125.5814,10.0614],[125.5856,10.0597]]]]},"properties":{"ADM3_EN":"San Jose","name":"San Jose","ADM3_PCODE":"PH168506000","psgc_code":"168506000","ADM2_EN":"Dinagat Islands","ADM2_PCODE":"PH1685","ADM1_EN":"Northern Mindanao & Caraga","ADM1_PCODE":"PH10","ADM0_EN":"Philippines (the)","ADM0_PCODE":"PH","region_key":"northern_mindanao_caraga","province_key":"dinagat_islands","type":"Municipality"}},{"type":"Feature","geometry":{"type":"MultiPolygon","coordinates":[[[[125.6068,10.2391],[125.5368,10.2821],[125.5333,10.2822],[125.5325,10.285],[125.5363,10.2871],[125.536,10.2885],[125.5322,10.2883],[125.5281,10.2825],[125.5192,10.2844],[125.5181,10.2869],[125.5226,10.2894],[125.5144,10.2925],[125.5142,10.2981],[125.5183,10.3053],[125.5186,10.3094],[125.514,10.3155],[125.5139,10.3217],[125.5186,10.3242],[125.5289,10.3222],[125.5333,10.3253],[125.5367,10.3231],[125.5442,10.3242],[125.5512,10.3205],[125.5575,10.3197],[125.5586,10.3219],[125.5553,10.3269],[125.5556,10.3394],[125.5525,10.3478],[125.5553,10.3498],[125.5547,10.3475],[125.5789,10.3335],[125.5887,10.3299],[125.6003,10.3222],[125.6058,10.3095],[125.604,10.3033],[125.604,10.2906],[125.6122,10.2806],[125.6224,10.275],[125.6238,10.2727],[125.6209,10.2753],[125.6215,10.2718],[125.6186,10.2737],[125.6051,10.2747],[125.6097,10.2698],[125.6197,10.2697],[125.6217,10.2683],[125.6189,10.2654],[125.621,10.2657],[125.6208,10.2636],[125.6272,10.2587],[125.6259,10.255],[125.6289,10.2514],[125.6267,10.2472],[125.6232,10.2482],[125.6253,10.2458],[125.6286,10.2453],[125.6317,10.2472],[125.6328,10.2492],[125.6314,10.2514],[125.633,10.2527],[125.6476,10.241],[125.6548,10.2268],[125.6556,10.2186],[125.6545,10.2174],[125.6567,10.2148],[125.6577,10.2076],[125.6068,10.2391]]],[[[125.6305,10.2565],[125.6289,10.2578],[125.6289,10.2582],[125.6297,10.2578],[125.6305,10.2565]]]]},"properties":{"ADM3_EN":"Tubajon","name":"Tubajon","ADM3_PCODE":"PH168507000","psgc_code":"168507000","ADM2_EN":"Dinagat Islands","ADM2_PCODE":"PH1685","ADM1_EN":"Northern Mindanao & Caraga","ADM1_PCODE":"PH10","ADM0_EN":"Philippines (the)","ADM0_PCODE":"PH","region_key":"northern_mindanao_caraga","province_key":"dinagat_islands","type":"Municipality"}},{"type":"Feature","geometry":{"type":"MultiPolygon","coordinates":[[[[124.0356,8.0836],[124.0306,8.0923],[124.0303,8.1002],[124.0272,8.1052],[124.0243,8.1064],[124.0257,8.1088],[124.0228,8.1124],[124.0238,8.114],[124.0195,8.1222],[124.0201,8.125],[124.0168,8.1271],[124.016,8.1317],[124.0113,8.1388],[124.0092,8.1483],[124.0098,8.1533],[124.0058,8.157],[124.0074,8.1598],[124.0065,8.1613],[124.0036,8.1611],[124.0042,8.1642],[124.0005,8.1692],[123.9999,8.173],[123.9951,8.1778],[123.989,8.1792],[123.9937,8.1828],[124.0075,8.1861],[124.0111,8.1925],[124.0175,8.1978],[124.0261,8.1961],[124.0328,8.1986],[124.035,8.1961],[124.04,8.1969],[124.0417,8.195],[124.0458,8.1947],[124.0561,8.1961],[124.0597,8.1935],[124.0638,8.1933],[124.0645,8.1897],[124.0663,8.1888],[124.0661,8.1851],[124.0598,8.1789],[124.0565,8.1671],[124.055,8.166],[124.0561,8.1616],[124.0546,8.1595],[124.0558,8.1597],[124.0576,8.1541],[124.0555,8.1534],[124.0567,8.1499],[124.0545,8.1477],[124.0549,8.1455],[124.0606,8.1283],[124.0583,8.1169],[124.0621,8.1131],[124.0594,8.0825],[124.0368,8.0814],[124.0356,8.0836]]]]},"properties":{"ADM3_EN":"Bacolod","name":"Bacolod","ADM3_PCODE":"PH103501000","psgc_code":"103501000","ADM2_EN":"Lanao del Norte","ADM2_PCODE":"PH1035","ADM1_EN":"Northern Mindanao & Caraga","ADM1_PCODE":"PH10","ADM0_EN":"Philippines (the)","ADM0_PCODE":"PH","region_key":"northern_mindanao_caraga","province_key":"lanao_del_norte","type":"Municipality"}},{"type":"Feature","geometry":{"type":"MultiPolygon","coordinates":[[[[124.2076,8.0587],[124.2057,8.0577],[124.2043,8.0474],[124.201,8.0477],[124.1982,8.046],[124.1949,8.0469],[124.193,8.0448],[124.192,8.0394],[124.1772,8.0402],[124.1675,8.0336],[124.1519,8.0296],[124.1569,8.0337],[124.2002,8.1148],[124.2,8.1185],[124.2038,8.1261],[124.2217,8.1368],[124.2438,8.1463],[124.2458,8.146],[124.2505,8.1397],[124.253,8.1291],[124.2605,8.1189],[124.2635,8.1117],[124.2639,8.1043],[124.2611,8.1009],[124.2588,8.0937],[124.2613,8.0853],[124.2559,8.0809],[124.22,8.0797],[124.2188,8.0666],[124.2141,8.0638],[124.2143,8.0602],[124.2076,8.0587]]]]},"properties":{"ADM3_EN":"Baloi","name":"Baloi","ADM3_PCODE":"PH103502000","psgc_code":"103502000","ADM2_EN":"Lanao del Norte","ADM2_PCODE":"PH1035","ADM1_EN":"Northern Mindanao & Caraga","ADM1_PCODE":"PH10","ADM0_EN":"Philippines (the)","ADM0_PCODE":"PH","region_key":"northern_mindanao_caraga","province_key":"lanao_del_norte","type":"Municipality"}},{"type":"Feature","geometry":{"type":"MultiPolygon","coordinates":[[[[123.8255,7.9129],[123.8198,7.9092],[123.8152,7.9879],[123.8001,7.997],[123.7955,7.9914],[123.7911,7.9912],[123.7819,8.0001],[123.7777,7.9998],[123.7725,8.0062],[123.7585,8.0122],[123.7581,8.0174],[123.7646,8.0173],[123.7746,8.0278],[123.7793,8.0371],[123.7797,8.0444],[123.7833,8.0485],[123.7913,8.0427],[123.8194,8.0142],[123.8748,7.9494],[123.8511,7.929],[123.8255,7.9129]]]]},"properties":{"ADM3_EN":"Baroy","name":"Baroy","ADM3_PCODE":"PH103503000","psgc_code":"103503000","ADM2_EN":"Lanao del Norte","ADM2_PCODE":"PH1035","ADM1_EN":"Northern Mindanao & Caraga","ADM1_PCODE":"PH10","ADM0_EN":"Philippines (the)","ADM0_PCODE":"PH","region_key":"northern_mindanao_caraga","province_key":"lanao_del_norte","type":"Municipality"}},{"type":"Feature","geometry":{"type":"MultiPolygon","coordinates":[[[[124.2046,8.1267],[124.2027,8.1223],[124.1979,8.1267],[124.1991,8.1366],[124.1978,8.1497],[124.1953,8.1558],[124.192,8.1558],[124.1839,8.1618],[124.1777,8.1634],[124.1782,8.1661],[124.1739,8.1709],[124.1713,8.1786],[124.1733,8.1902],[124.1825,8.1936],[124.1842,8.1953],[124.1831,8.1975],[124.1842,8.1989],[124.1897,8.1972],[124.1914,8.1981],[124.1997,8.2044],[124.1989,8.2072],[124.2028,8.211],[124.2136,8.2122],[124.2211,8.2111],[124.2311,8.2194],[124.2339,8.2272],[124.2325,8.2308],[124.2333,8.2347],[124.2375,8.2369],[124.2408,8.2414],[124.2431,8.2508],[124.245,8.2534],[124.2447,8.2578],[124.2486,8.2642],[124.2558,8.2681],[124.2639,8.2787],[124.2633,8.2844],[124.2572,8.2881],[124.2542,8.2969],[124.2542,8.3053],[124.2456,8.3264],[124.2605,8.3342],[124.2908,8.3392],[124.334,8.3406],[124.3981,8.3354],[124.4236,8.3361],[124.4544,8.3342],[124.4719,8.3314],[124.4767,8.3232],[124.481,8.3217],[124.4835,8.3187],[124.4932,8.3184],[124.5026,8.3161],[124.5055,8.3145],[124.5081,8.3103],[124.5151,8.3066],[124.5216,8.2978],[124.5336,8.2924],[124.5335,8.2875],[124.5379,8.2716],[124.5562,8.2434],[124.5652,8.2352],[124.561,8.2322],[124.5592,8.2259],[124.5594,8.224],[124.5647,8.2205],[124.566,8.2177],[124.5651,8.2154],[124.5616,8.2139],[124.5607,8.2098],[124.5627,8.2074],[124.5669,8.2111],[124.5673,8.2042],[124.5655,8.2013],[124.5722,8.1974],[124.5728,8.1947],[124.5709,8.1937],[124.5683,8.1973],[124.5656,8.1923],[124.5675,8.1903],[124.5716,8.1896],[124.5751,8.186],[124.5664,8.1777],[124.564,8.1685],[124.5582,8.162],[124.5604,8.1587],[124.5588,8.1584],[124.5517,8.149],[124.4956,8.138],[124.4662,8.1603],[124.3463,8.1958],[124.3318,8.2122],[124.2984,8.2078],[124.2946,8.1723],[124.2681,8.1606],[124.2446,8.1463],[124.2217,8.1368],[124.2046,8.1267]]]]},"properties":{"ADM3_EN":"Iligan City","name":"Iligan City","ADM3_PCODE":"PH103504000","psgc_code":"103504000","ADM2_EN":"Lanao del Norte","ADM2_PCODE":"PH1035","ADM1_EN":"Northern Mindanao & Caraga","ADM1_PCODE":"PH10","ADM0_EN":"Philippines (the)","ADM0_PCODE":"PH","region_key":"northern_mindanao_caraga","province_key":"lanao_del_norte","type":"City"}},{"type":"Feature","geometry":{"type":"MultiPolygon","coordinates":[[[[123.7566,7.8042],[123.7149,7.8265],[123.6848,7.84],[123.6763,7.8489],[123.6707,7.8575],[123.6639,7.8757],[123.6476,7.8759],[123.6543,7.8885],[123.6691,7.9521],[123.672,7.9541],[123.6749,7.9521],[123.6798,7.9577],[123.68,7.9616],[123.6862,7.9652],[123.6861,7.9583],[123.6925,7.9481],[123.6925,7.9398],[123.695,7.9318],[123.6993,7.9284],[123.7467,7.9127],[123.7633,7.9119],[123.7766,7.9194],[123.7798,7.9165],[123.7876,7.9169],[123.7928,7.9095],[123.7952,7.9022],[123.794,7.8999],[123.7961,7.8977],[123.7954,7.8957],[123.8009,7.8927],[123.8036,7.8934],[123.8059,7.8854],[123.8103,7.8839],[123.8133,7.8803],[123.8186,7.8793],[123.8112,7.8682],[123.8091,7.8625],[123.7899,7.788],[123.7566,7.8042]]]]},"properties":{"ADM3_EN":"Kapatagan","name":"Kapatagan","ADM3_PCODE":"PH103505000","psgc_code":"103505000","ADM2_EN":"Lanao del Norte","ADM2_PCODE":"PH1035","ADM1_EN":"Northern Mindanao & Caraga","ADM1_PCODE":"PH10","ADM0_EN":"Philippines (the)","ADM0_PCODE":"PH","region_key":"northern_mindanao_caraga","province_key":"lanao_del_norte","type":"Municipality"}},{"type":"Feature","geometry":{"type":"MultiPolygon","coordinates":[[[[124.1407,8.1678],[124.1433,8.1641],[124.1427,8.1617],[124.1393,8.1617],[124.1426,8.1575],[124.1417,8.1527],[124.143,8.1491],[124.139,8.145],[124.0563,8.143],[124.0549,8.1455],[124.0545,8.1477],[124.0567,8.1499],[124.0555,8.1534],[124.0576,8.1541],[124.0558,8.1597],[124.0546,8.1595],[124.0561,8.1616],[124.055,8.166],[124.0565,8.1671],[124.0598,8.1789],[124.0661,8.1851],[124.0657,8.1869],[124.0747,8.1939],[124.0825,8.1919],[124.0834,8.1901],[124.085,8.1933],[124.0919,8.1925],[124.0954,8.1902],[124.0961,8.1931],[124.1003,8.1928],[124.1092,8.1872],[124.1155,8.1889],[124.1203,8.1878],[124.123,8.1839],[124.1228,8.1881],[124.135,8.1875],[124.1313,8.1836],[124.131,8.179],[124.1385,8.1754],[124.1407,8.1678]]]]},"properties":{"ADM3_EN":"Kauswagan","name":"Kauswagan","ADM3_PCODE":"PH103507000","psgc_code":"103507000","ADM2_EN":"Lanao del Norte","ADM2_PCODE":"PH1035","ADM1_EN":"Northern Mindanao & Caraga","ADM1_PCODE":"PH10","ADM0_EN":"Philippines (the)","ADM0_PCODE":"PH","region_key":"northern_mindanao_caraga","province_key":"lanao_del_norte","type":"Municipality"}},{"type":"Feature","geometry":{"type":"MultiPolygon","coordinates":[[[[123.8585,8.0544],[123.8222,8.0816],[123.8274,8.0866],[123.8345,8.0861],[123.8481,8.1121],[123.8585,8.1056],[123.8687,8.1038],[123.8826,8.1106],[123.8847,8.1136],[123.8991,8.1145],[123.9018,8.1168],[123.9017,8.1194],[123.9088,8.1212],[123.9137,8.125],[123.9202,8.1386],[123.926,8.1351],[123.9287,8.1379],[123.9287,8.1322],[123.9317,8.1308],[123.9296,8.1278],[123.9347,8.1244],[123.9337,8.1187],[123.9376,8.1176],[123.9352,8.1133],[123.9386,8.112],[123.9387,8.108],[123.9329,8.1061],[123.9345,8.105],[123.9336,8.1023],[123.9371,8.0982],[123.9367,8.0957],[123.9389,8.0914],[123.9412,8.0908],[123.9405,8.0864],[123.9423,8.0849],[123.9412,8.0833],[123.9436,8.0792],[123.9434,8.0752],[123.8695,8.0468],[123.8676,8.0441],[123.8585,8.0544]]]]},"properties":{"ADM3_EN":"Kolambugan","name":"Kolambugan","ADM3_PCODE":"PH103508000","psgc_code":"103508000","ADM2_EN":"Lanao del Norte","ADM2_PCODE":"PH1035","ADM1_EN":"Northern Mindanao & Caraga","ADM1_PCODE":"PH10","ADM0_EN":"Philippines (the)","ADM0_PCODE":"PH","region_key":"northern_mindanao_caraga","province_key":"lanao_del_norte","type":"Municipality"}},{"type":"Feature","geometry":{"type":"MultiPolygon","coordinates":[[[[123.8125,7.9045],[123.8403,7.8803],[123.8347,7.8819],[123.828,7.8883],[123.8249,7.8895],[123.8218,7.8889],[123.7968,7.8946],[123.794,7.8999],[123.7952,7.9022],[123.7928,7.9095],[123.7876,7.9169],[123.7798,7.9165],[123.7766,7.9194],[123.7633,7.9119],[123.7467,7.9127],[123.6993,7.9284],[123.695,7.9318],[123.6925,7.9398],[123.6925,7.9481],[123.6861,7.9583],[123.6872,7.9652],[123.6906,7.9642],[123.6881,7.9683],[123.6889,7.9733],[123.6928,7.9744],[123.6914,7.9767],[123.6956,7.9806],[123.6989,7.9781],[123.7003,7.9803],[123.7084,7.979],[123.7125,7.9811],[123.7135,7.9861],[123.7186,7.99],[123.727,7.9933],[123.7441,7.9955],[123.752,8.0036],[123.7575,8.0162],[123.7585,8.0122],[123.7725,8.0062],[123.7777,7.9998],[123.7819,8.0001],[123.7911,7.9912],[123.7955,7.9914],[123.8001,7.997],[123.8152,7.9879],[123.8198,7.9092],[123.8125,7.9045]]]]},"properties":{"ADM3_EN":"Lala","name":"Lala","ADM3_PCODE":"PH103509000","psgc_code":"103509000","ADM2_EN":"Lanao del Norte","ADM2_PCODE":"PH1035","ADM1_EN":"Northern Mindanao & Caraga","ADM1_PCODE":"PH10","ADM0_EN":"Philippines (the)","ADM0_PCODE":"PH","region_key":"northern_mindanao_caraga","province_key":"lanao_del_norte","type":"Municipality"}},{"type":"Feature","geometry":{"type":"MultiPolygon","coordinates":[[[[124.1394,8.1719],[124.1378,8.1761],[124.131,8.179],[124.1313,8.1836],[124.135,8.1875],[124.1547,8.185],[124.1661,8.1867],[124.1733,8.1902],[124.1713,8.1786],[124.1739,8.1709],[124.1782,8.1661],[124.1777,8.1634],[124.1839,8.1618],[124.192,8.1558],[124.1947,8.1564],[124.1978,8.1497],[124.1982,8.144],[124.139,8.145],[124.143,8.1491],[124.1417,8.1527],[124.1426,8.1575],[124.1393,8.1617],[124.1416,8.1612],[124.1434,8.1629],[124.1396,8.1689],[124.1394,8.1719]]]]},"properties":{"ADM3_EN":"Linamon","name":"Linamon","ADM3_PCODE":"PH103510000","psgc_code":"103510000","ADM2_EN":"Lanao del Norte","ADM2_PCODE":"PH1035","ADM1_EN":"Northern Mindanao & Caraga","ADM1_PCODE":"PH10","ADM0_EN":"Philippines (the)","ADM0_PCODE":"PH","region_key":"northern_mindanao_caraga","province_key":"lanao_del_norte","type":"Municipality"}},{"type":"Feature","geometry":{"type":"MultiPolygon","coordinates":[[[[123.9541,7.9797],[123.9163,8.0069],[123.9119,8.0051],[123.907,8.0082],[123.9043,8.007],[123.9013,8.0105],[123.8965,8.0123],[123.8908,8.006],[123.8897,8.0103],[123.8869,8.0096],[123.8861,8.0109],[123.8807,8.0115],[123.8743,8.0105],[123.8723,8.0076],[123.8667,8.0063],[123.863,8.0099],[123.8624,8.0141],[123.8576,8.0153],[123.8554,8.0188],[123.8516,8.0156],[123.8485,8.0203],[123.852,8.0209],[123.8554,8.0242],[123.8598,8.0217],[123.8646,8.0215],[123.8637,8.0275],[123.8664,8.0294],[123.8653,8.0397],[123.8695,8.0468],[123.9434,8.0752],[123.9452,8.0716],[123.9478,8.0715],[123.9523,8.0648],[123.9539,8.0647],[123.9555,8.0579],[123.9903,8.0246],[123.9541,7.9797]]]]},"properties":{"ADM3_EN":"Magsaysay","name":"Magsaysay","ADM3_PCODE":"PH103511000","psgc_code":"103511000","ADM2_EN":"Lanao del Norte","ADM2_PCODE":"PH1035","ADM1_EN":"Northern Mindanao & Caraga","ADM1_PCODE":"PH10","ADM0_EN":"Philippines (the)","ADM0_PCODE":"PH","region_key":"northern_mindanao_caraga","province_key":"lanao_del_norte","type":"Municipality"}},{"type":"Feature","geometry":{"type":"MultiPolygon","coordinates":[[[[124.0074,8.1598],[124.0058,8.157],[124.0098,8.1533],[124.0092,8.1483],[124.0121,8.1365],[124.016,8.1317],[124.0168,8.1271],[124.0201,8.125],[124.0195,8.1222],[124.0238,8.114],[124.0228,8.1124],[124.0257,8.1088],[124.0243,8.1064],[124.0272,8.1052],[124.0303,8.1002],[124.0306,8.0923],[124.0368,8.0814],[123.9903,8.0246],[123.9555,8.0579],[123.9539,8.0647],[123.9523,8.0648],[123.9478,8.0715],[123.9452,8.0716],[123.9412,8.0833],[123.9423,8.0849],[123.9405,8.0864],[123.9412,8.0908],[123.9389,8.0914],[123.9367,8.0957],[123.9371,8.0982],[123.9336,8.1023],[123.9345,8.105],[123.9329,8.1061],[123.9387,8.108],[123.9386,8.112],[123.9352,8.1133],[123.9376,8.1176],[123.9337,8.1187],[123.9347,8.1244],[123.9296,8.1278],[123.9317,8.1308],[123.9287,8.1322],[123.9287,8.1379],[123.926,8.1351],[123.9202,8.1386],[123.9315,8.153],[123.9454,8.1578],[123.951,8.1623],[123.9503,8.1641],[123.9548,8.1683],[123.9615,8.1713],[123.9795,8.1731],[123.9862,8.1755],[123.9854,8.1783],[123.989,8.1792],[123.9951,8.1778],[124.0005,8.1719],[124.0005,8.1692],[124.0042,8.1642],[124.0036,8.1611],[124.0065,8.1613],[124.0074,8.1598]]]]},"properties":{"ADM3_EN":"Maigo","name":"Maigo","ADM3_PCODE":"PH103512000","psgc_code":"103512000","ADM2_EN":"Lanao del Norte","ADM2_PCODE":"PH1035","ADM1_EN":"Northern Mindanao & Caraga","ADM1_PCODE":"PH10","ADM0_EN":"Philippines (the)","ADM0_PCODE":"PH","region_key":"northern_mindanao_caraga","province_key":"lanao_del_norte","type":"Municipality"}},{"type":"Feature","geometry":{"type":"MultiPolygon","coordinates":[[[[124.1291,8.0756],[124.1292,8.085],[124.1234,8.0921],[124.1209,8.0996],[124.1191,8.1004],[124.1185,8.1075],[124.1189,8.1094],[124.1225,8.1107],[124.1247,8.1181],[124.1228,8.1209],[124.1266,8.1238],[124.1306,8.1383],[124.1335,8.1403],[124.1323,8.1418],[124.139,8.145],[124.1982,8.144],[124.1991,8.1366],[124.1979,8.1267],[124.2027,8.1223],[124.2,8.1185],[124.2002,8.1148],[124.1576,8.0744],[124.1291,8.0756]]]]},"properties":{"ADM3_EN":"Matungao","name":"Matungao","ADM3_PCODE":"PH103513000","psgc_code":"103513000","ADM2_EN":"Lanao del Norte","ADM2_PCODE":"PH1035","ADM1_EN":"Northern Mindanao & Caraga","ADM1_PCODE":"PH10","ADM0_EN":"Philippines (the)","ADM0_PCODE":"PH","region_key":"northern_mindanao_caraga","province_key":"lanao_del_norte","type":"Municipality"}},{"type":"Feature","geometry":{"type":"MultiPolygon","coordinates":[[[[124.0363,7.9334],[124.0332,8.0234],[124.1142,8.0258],[124.1171,8.0153],[124.1236,8.0036],[124.1314,7.9987],[124.1349,7.9936],[124.1378,7.9859],[124.1392,7.9741],[124.1347,7.9502],[124.1154,7.909],[124.1116,7.9048],[124.1032,7.9004],[124.0453,7.8997],[124.0361,7.9223],[124.0363,7.9334]]]]},"properties":{"ADM3_EN":"Munai","name":"Munai","ADM3_PCODE":"PH103514000","psgc_code":"103514000","ADM2_EN":"Lanao del Norte","ADM2_PCODE":"PH1035","ADM1_EN":"Northern Mindanao & Caraga","ADM1_PCODE":"PH10","ADM0_EN":"Philippines (the)","ADM0_PCODE":"PH","region_key":"northern_mindanao_caraga","province_key":"lanao_del_norte","type":"Municipality"}},{"type":"Feature","geometry":{"type":"MultiPolygon","coordinates":[[[[123.9276,7.9157],[124.008,7.9161],[124.0234,7.8996],[124.0307,7.8785],[124.0443,7.8589],[124.046,7.8337],[124.0439,7.8182],[124.0405,7.8074],[124.009,7.7532],[124.0137,7.7388],[124.0143,7.7226],[124.0108,7.7103],[124.0009,7.6942],[123.942,7.7104],[123.8372,7.7443],[123.8452,7.759],[123.8272,7.7684],[123.8457,7.8179],[123.8734,7.8717],[123.9063,7.9123],[123.9276,7.9157]]]]},"properties":{"ADM3_EN":"Nunungan","name":"Nunungan","ADM3_PCODE":"PH103515000","psgc_code":"103515000","ADM2_EN":"Lanao del Norte","ADM2_PCODE":"PH1035","ADM1_EN":"Northern Mindanao & Caraga","ADM1_PCODE":"PH10","ADM0_EN":"Philippines (the)","ADM0_PCODE":"PH","region_key":"northern_mindanao_caraga","province_key":"lanao_del_norte","type":"Municipality"}},{"type":"Feature","geometry":{"type":"MultiPolygon","coordinates":[[[[124.0491,8.0239],[124.0332,8.0234],[124.0103,8.0201],[123.9861,8.0197],[124.0074,8.0451],[124.0376,8.0451],[124.0689,8.0424],[124.0966,8.0431],[124.0985,8.0557],[124.1064,8.0751],[124.1576,8.0744],[124.2002,8.1148],[124.1569,8.0337],[124.1423,8.023],[124.1162,8.0189],[124.1142,8.0258],[124.0491,8.0239]]]]},"properties":{"ADM3_EN":"Pantao Ragat","name":"Pantao Ragat","ADM3_PCODE":"PH103516000","psgc_code":"103516000","ADM2_EN":"Lanao del Norte","ADM2_PCODE":"PH1035","ADM1_EN":"Northern Mindanao & Caraga","ADM1_PCODE":"PH10","ADM0_EN":"Philippines (the)","ADM0_PCODE":"PH","region_key":"northern_mindanao_caraga","province_key":"lanao_del_norte","type":"Municipality"}},{"type":"Feature","geometry":{"type":"MultiPolygon","coordinates":[[[[124.1171,8.0153],[124.1162,8.0189],[124.1423,8.023],[124.1519,8.0296],[124.171,8.0351],[124.1755,8.0397],[124.192,8.0394],[124.193,8.0448],[124.1949,8.0469],[124.1982,8.046],[124.201,8.0477],[124.2043,8.0474],[124.2058,8.058],[124.2143,8.0602],[124.2141,8.0638],[124.2188,8.0666],[124.22,8.0797],[124.2559,8.0809],[124.2687,8.0704],[124.2379,8.0373],[124.2141,8.0158],[124.1589,8.0154],[124.1391,8.0056],[124.1323,8.0047],[124.1275,8.002],[124.1236,8.0036],[124.1171,8.0153]]]]},"properties":{"ADM3_EN":"Pantar","name":"Pantar","ADM3_PCODE":"PH103523000","psgc_code":"103523000","ADM2_EN":"Lanao del Norte","ADM2_PCODE":"PH1035","ADM1_EN":"Northern Mindanao & Caraga","ADM1_PCODE":"PH10","ADM0_EN":"Philippines (the)","ADM0_PCODE":"PH","region_key":"northern_mindanao_caraga","province_key":"lanao_del_norte","type":"Municipality"}},{"type":"Feature","geometry":{"type":"MultiPolygon","coordinates":[[[[124.0656,8.0426],[124.0376,8.0451],[124.0074,8.0451],[124.0368,8.0814],[124.0594,8.0825],[124.0621,8.1131],[124.0583,8.1169],[124.0606,8.1283],[124.0563,8.143],[124.1369,8.1448],[124.1323,8.1418],[124.1335,8.1403],[124.1306,8.1383],[124.1266,8.1238],[124.1228,8.1209],[124.1247,8.1181],[124.1225,8.1107],[124.1189,8.1094],[124.1185,8.1075],[124.1191,8.1004],[124.1209,8.0996],[124.1234,8.0921],[124.1292,8.085],[124.1291,8.0756],[124.1064,8.0751],[124.0985,8.0557],[124.0966,8.0431],[124.0656,8.0426]]]]},"properties":{"ADM3_EN":"Poona Piagapo","name":"Poona Piagapo","ADM3_PCODE":"PH103517000","psgc_code":"103517000","ADM2_EN":"Lanao del Norte","ADM2_PCODE":"PH1035","ADM1_EN":"Northern Mindanao & Caraga","ADM1_PCODE":"PH10","ADM0_EN":"Philippines (the)","ADM0_PCODE":"PH","region_key":"northern_mindanao_caraga","province_key":"lanao_del_norte","type":"Municipality"}},{"type":"Feature","geometry":{"type":"MultiPolygon","coordinates":[[[[123.8499,7.877],[123.8403,7.8803],[123.8125,7.9045],[123.8511,7.929],[123.8748,7.9494],[123.9063,7.9123],[123.8772,7.8764],[123.8499,7.877]]]]},"properties":{"ADM3_EN":"Salvador","name":"Salvador","ADM3_PCODE":"PH103518000","psgc_code":"103518000","ADM2_EN":"Lanao del Norte","ADM2_PCODE":"PH1035","ADM1_EN":"Northern Mindanao & Caraga","ADM1_PCODE":"PH10","ADM0_EN":"Philippines (the)","ADM0_PCODE":"PH","region_key":"northern_mindanao_caraga","province_key":"lanao_del_norte","type":"Municipality"}},{"type":"Feature","geometry":{"type":"MultiPolygon","coordinates":[[[[123.8034,7.7815],[123.7899,7.788],[123.8091,7.8625],[123.8112,7.8682],[123.8186,7.8793],[123.8133,7.8803],[123.8103,7.8839],[123.8059,7.8854],[123.8036,7.8934],[123.828,7.8883],[123.8347,7.8819],[123.8442,7.8799],[123.8488,7.8766],[123.8772,7.8764],[123.8734,7.8717],[123.8457,7.8179],[123.8272,7.7684],[123.8034,7.7815]]]]},"properties":{"ADM3_EN":"Sapad","name":"Sapad","ADM3_PCODE":"PH103519000","psgc_code":"103519000","ADM2_EN":"Lanao del Norte","ADM2_PCODE":"PH1035","ADM1_EN":"Northern Mindanao & Caraga","ADM1_PCODE":"PH10","ADM0_EN":"Philippines (the)","ADM0_PCODE":"PH","region_key":"northern_mindanao_caraga","province_key":"lanao_del_norte","type":"Municipality"}},{"type":"Feature","geometry":{"type":"MultiPolygon","coordinates":[[[[123.7972,7.7057],[123.7907,7.7069],[123.7871,7.7052],[123.7823,7.7055],[123.7809,7.7039],[123.7725,7.7045],[123.7719,7.7077],[123.7753,7.7142],[123.7639,7.7323],[123.7603,7.7339],[123.7479,7.7364],[123.746,7.7274],[123.7362,7.7318],[123.7375,7.7439],[123.7357,7.7468],[123.736,7.7538],[123.7394,7.7602],[123.7386,7.7644],[123.7339,7.7712],[123.73,7.7736],[123.7262,7.7835],[123.722,7.7873],[123.7207,7.7907],[123.7173,7.7928],[123.7157,7.7916],[123.7163,7.7936],[123.71,7.7961],[123.6967,7.7994],[123.6917,7.7978],[123.6921,7.8016],[123.695,7.8039],[123.6951,7.8058],[123.6919,7.8128],[123.6597,7.8192],[123.6561,7.8217],[123.642,7.8213],[123.6312,7.8243],[123.6275,7.8305],[123.6225,7.829],[123.6246,7.8322],[123.6254,7.8387],[123.6212,7.8439],[123.6271,7.8499],[123.6284,7.8562],[123.6321,7.8579],[123.6476,7.8759],[123.6639,7.8757],[123.6707,7.8575],[123.6763,7.8489],[123.6848,7.84],[123.7149,7.8265],[123.7566,7.8042],[123.8224,7.7721],[123.8452,7.759],[123.8354,7.7413],[123.8358,7.7319],[123.8391,7.7268],[123.8154,7.7001],[123.7972,7.7057]]]]},"properties":{"ADM3_EN":"Sultan Naga Dimaporo","name":"Sultan Naga Dimaporo","ADM3_PCODE":"PH103506000","psgc_code":"103506000","ADM2_EN":"Lanao del Norte","ADM2_PCODE":"PH1035","ADM1_EN":"Northern Mindanao & Caraga","ADM1_PCODE":"PH10","ADM0_EN":"Philippines (the)","ADM0_PCODE":"PH","region_key":"northern_mindanao_caraga","province_key":"lanao_del_norte","type":"Municipality"}},{"type":"Feature","geometry":{"type":"MultiPolygon","coordinates":[[[[124.2566,8.1244],[124.253,8.1291],[124.2505,8.1397],[124.2446,8.1463],[124.2681,8.1606],[124.2946,8.1723],[124.2915,8.1682],[124.2759,8.1318],[124.2797,8.1001],[124.2848,8.0885],[124.2687,8.0704],[124.2559,8.0809],[124.2613,8.0853],[124.2591,8.0958],[124.264,8.1049],[124.2635,8.1117],[124.2566,8.1244]]]]},"properties":{"ADM3_EN":"Tagoloan","name":"Tagoloan","ADM3_PCODE":"PH103520000","psgc_code":"103520000","ADM2_EN":"Lanao del Norte","ADM2_PCODE":"PH1035","ADM1_EN":"Northern Mindanao & Caraga","ADM1_PCODE":"PH10","ADM0_EN":"Philippines (the)","ADM0_PCODE":"PH","region_key":"northern_mindanao_caraga","province_key":"lanao_del_norte","type":"Municipality"}},{"type":"Feature","geometry":{"type":"MultiPolygon","coordinates":[[[[124.0234,7.8996],[124.008,7.9161],[124.0038,7.9166],[123.9725,7.9151],[123.9276,7.9157],[123.9063,7.9123],[123.9355,7.9555],[123.9861,8.0197],[124.0103,8.0201],[124.0332,8.0234],[124.0361,7.9223],[124.0453,7.8997],[124.0234,7.8996]]]]},"properties":{"ADM3_EN":"Tangcal","name":"Tangcal","ADM3_PCODE":"PH103521000","psgc_code":"103521000","ADM2_EN":"Lanao del Norte","ADM2_PCODE":"PH1035","ADM1_EN":"Northern Mindanao & Caraga","ADM1_PCODE":"PH10","ADM0_EN":"Philippines (the)","ADM0_PCODE":"PH","region_key":"northern_mindanao_caraga","province_key":"lanao_del_norte","type":"Municipality"}},{"type":"Feature","geometry":{"type":"MultiPolygon","coordinates":[[[[123.8764,7.948],[123.8194,8.0142],[123.7913,8.0427],[123.7833,8.0485],[123.7883,8.053],[123.7867,8.0574],[123.7934,8.0584],[123.7955,8.062],[123.7978,8.0612],[123.8021,8.0627],[123.8058,8.0673],[123.8073,8.0732],[123.8086,8.0744],[123.8125,8.074],[123.8159,8.0798],[123.8222,8.0816],[123.8585,8.0544],[123.8676,8.0441],[123.8653,8.0397],[123.8667,8.0362],[123.8663,8.0286],[123.8637,8.0275],[123.8646,8.0215],[123.8626,8.0209],[123.8539,8.0238],[123.852,8.0209],[123.8485,8.0203],[123.8516,8.0156],[123.8554,8.0188],[123.8576,8.0153],[123.8624,8.0141],[123.863,8.0099],[123.8667,8.0063],[123.8723,8.0076],[123.8743,8.0105],[123.8807,8.0115],[123.8861,8.0109],[123.8869,8.0096],[123.8897,8.0103],[123.8908,8.006],[123.8965,8.0123],[123.9013,8.0105],[123.9043,8.007],[123.907,8.0082],[123.9119,8.0051],[123.9163,8.0069],[123.9541,7.9797],[123.9244,7.9401],[123.9063,7.9123],[123.8764,7.948]]]]},"properties":{"ADM3_EN":"Tubod","name":"Tubod","ADM3_PCODE":"PH103522000","psgc_code":"103522000","ADM2_EN":"Lanao del Norte","ADM2_PCODE":"PH1035","ADM1_EN":"Northern Mindanao & Caraga","ADM1_PCODE":"PH10","ADM0_EN":"Philippines (the)","ADM0_PCODE":"PH","region_key":"northern_mindanao_caraga","province_key":"lanao_del_norte","type":"Municipality"}},{"type":"Feature","geometry":{"type":"MultiPolygon","coordinates":[[[[123.801,8.3752],[123.7789,8.365],[123.761,8.3628],[123.7158,8.3499],[123.6602,8.3485],[123.6602,8.3799],[123.7167,8.3802],[123.7255,8.3892],[123.7484,8.4038],[123.7688,8.4232],[123.7796,8.4397],[123.7882,8.4431],[123.7926,8.4414],[123.8032,8.4465],[123.8111,8.4453],[123.8142,8.4508],[123.8148,8.4578],[123.8161,8.459],[123.816,8.4544],[123.8247,8.4443],[123.8269,8.4386],[123.8369,8.4304],[123.8378,8.4235],[123.8354,8.4047],[123.8389,8.3958],[123.8426,8.3919],[123.8433,8.3846],[123.8252,8.3787],[123.8157,8.3777],[123.8157,8.381],[123.801,8.3752]]]]},"properties":{"ADM3_EN":"Aloran","name":"Aloran","ADM3_PCODE":"PH104201000","psgc_code":"104201000","ADM2_EN":"Misamis Occidental","ADM2_PCODE":"PH1042","ADM1_EN":"Northern Mindanao & Caraga","ADM1_PCODE":"PH10","ADM0_EN":"Philippines (the)","ADM0_PCODE":"PH","region_key":"northern_mindanao_caraga","province_key":"misamis_occidental","type":"Municipality"}},{"type":"Feature","geometry":{"type":"MultiPolygon","coordinates":[[[[123.597,8.6017],[123.5966,8.6047],[123.592,8.6097],[123.5927,8.6139],[123.5883,8.6119],[123.5869,8.6133],[123.5886,8.6209],[123.5859,8.6303],[123.5946,8.6431],[123.5989,8.6411],[123.6015,8.6433],[123.5991,8.6486],[123.6028,8.6523],[123.6002,8.6531],[123.6005,8.6594],[123.5977,8.6612],[123.5866,8.6574],[123.5855,8.6546],[123.5807,8.6562],[123.5793,8.6583],[123.5864,8.6654],[123.5863,8.6685],[123.6091,8.6702],[123.6177,8.6661],[123.6221,8.6619],[123.6221,8.6575],[123.618,8.6557],[123.6153,8.6503],[123.6205,8.6488],[123.6217,8.6449],[123.6237,8.6437],[123.6304,8.646],[123.6336,8.6431],[123.6385,8.6416],[123.6383,8.6397],[123.6322,8.6365],[123.6311,8.6333],[123.6357,8.6363],[123.6363,8.6383],[123.6391,8.6362],[123.6386,8.6385],[123.6411,8.6414],[123.6449,8.64],[123.648,8.6358],[123.6523,8.5818],[123.6378,8.5792],[123.6247,8.5725],[123.6126,8.5634],[123.6064,8.5544],[123.6072,8.5606],[123.6024,8.5603],[123.6051,8.567],[123.5947,8.5751],[123.5967,8.5762],[123.6014,8.5747],[123.6022,8.5759],[123.5972,8.5814],[123.5982,8.5868],[123.5953,8.5875],[123.5937,8.5943],[123.5917,8.596],[123.597,8.6017]]],[[[123.5665,8.6203],[123.5713,8.6323],[123.575,8.634],[123.5698,8.6205],[123.5665,8.6203]]],[[[123.5754,8.6611],[123.5727,8.6618],[123.5732,8.6641],[123.5759,8.6641],[123.5771,8.6602],[123.5754,8.6611]]]]},"properties":{"ADM3_EN":"Baliangao","name":"Baliangao","ADM3_PCODE":"PH104202000","psgc_code":"104202000","ADM2_EN":"Misamis Occidental","ADM2_PCODE":"PH1042","ADM1_EN":"Northern Mindanao & Caraga","ADM1_PCODE":"PH10","ADM0_EN":"Philippines (the)","ADM0_PCODE":"PH","region_key":"northern_mindanao_caraga","province_key":"misamis_occidental","type":"Municipality"}},{"type":"Feature","geometry":{"type":"MultiPolygon","coordinates":[[[[123.6468,8.0197],[123.6456,8.0133],[123.6429,8.0124],[123.634,8.0206],[123.6392,8.0133],[123.6383,8.0106],[123.6367,8.0103],[123.6378,8.0133],[123.6323,8.0212],[123.6331,8.0239],[123.6373,8.0265],[123.6357,8.0319],[123.6319,8.0317],[123.6271,8.0276],[123.6242,8.0285],[123.6218,8.0334],[123.6153,8.0318],[123.6129,8.0275],[123.6088,8.0281],[123.607,8.03],[123.6027,8.0298],[123.6021,8.0248],[123.5976,8.0309],[123.5918,8.0338],[123.5882,8.0421],[123.5774,8.0447],[123.5711,8.0409],[123.566,8.0477],[123.5635,8.0453],[123.5626,8.0879],[123.5592,8.1058],[123.5574,8.1435],[123.6108,8.1478],[123.6239,8.1476],[123.6249,8.1143],[123.6444,8.0984],[123.6391,8.0887],[123.6398,8.0847],[123.6369,8.077],[123.6384,8.0727],[123.6406,8.0723],[123.6399,8.0601],[123.6419,8.0552],[123.64,8.0508],[123.6405,8.0454],[123.6451,8.0441],[123.6488,8.039],[123.6488,8.0204],[123.6468,8.0197]]]]},"properties":{"ADM3_EN":"Bonifacio","name":"Bonifacio","ADM3_PCODE":"PH104203000","psgc_code":"104203000","ADM2_EN":"Misamis Occidental","ADM2_PCODE":"PH1042","ADM1_EN":"Northern Mindanao & Caraga","ADM1_PCODE":"PH10","ADM0_EN":"Philippines (the)","ADM0_PCODE":"PH","region_key":"northern_mindanao_caraga","province_key":"misamis_occidental","type":"Municipality"}},{"type":"Feature","geometry":{"type":"MultiPolygon","coordinates":[[[[123.6285,8.4548],[123.6187,8.4524],[123.5866,8.4537],[123.5925,8.4561],[123.5965,8.4607],[123.5997,8.4705],[123.6027,8.4872],[123.6024,8.5],[123.6087,8.5166],[123.6064,8.5298],[123.6031,8.534],[123.6027,8.5377],[123.6056,8.5514],[123.6126,8.5634],[123.6292,8.5751],[123.6469,8.5815],[123.6523,8.5818],[123.6594,8.5783],[123.6782,8.5801],[123.7036,8.5774],[123.7389,8.5772],[123.7017,8.5498],[123.6807,8.5368],[123.6727,8.5288],[123.668,8.5172],[123.6681,8.4974],[123.6663,8.4898],[123.6462,8.4664],[123.6285,8.4548]]]]},"properties":{"ADM3_EN":"Calamba","name":"Calamba","ADM3_PCODE":"PH104204000","psgc_code":"104204000","ADM2_EN":"Misamis Occidental","ADM2_PCODE":"PH1042","ADM1_EN":"Northern Mindanao & Caraga","ADM1_PCODE":"PH10","ADM0_EN":"Philippines (the)","ADM0_PCODE":"PH","region_key":"northern_mindanao_caraga","province_key":"misamis_occidental","type":"Municipality"}},{"type":"Feature","geometry":{"type":"MultiPolygon","coordinates":[[[[123.8423,8.1854],[123.8404,8.187],[123.8326,8.185],[123.8119,8.1884],[123.7992,8.194],[123.7913,8.1923],[123.7902,8.1907],[123.7884,8.1922],[123.7848,8.1918],[123.7754,8.1971],[123.762,8.1985],[123.7429,8.1805],[123.7355,8.1764],[123.7268,8.1745],[123.7207,8.1699],[123.7137,8.168],[123.7106,8.1653],[123.7048,8.1659],[123.701,8.1692],[123.6952,8.1694],[123.6629,8.1583],[123.6636,8.2028],[123.6747,8.2088],[123.6807,8.2168],[123.6886,8.2229],[123.6904,8.2219],[123.6939,8.2239],[123.7002,8.2338],[123.7036,8.2349],[123.7119,8.2341],[123.717,8.2391],[123.7223,8.2394],[123.7267,8.2418],[123.7455,8.2316],[123.7583,8.228],[123.7753,8.2267],[123.8011,8.2281],[123.8156,8.2245],[123.8185,8.2253],[123.8345,8.2231],[123.846,8.2263],[123.8579,8.2406],[123.8622,8.2347],[123.8642,8.2237],[123.8644,8.2055],[123.8664,8.2029],[123.8659,8.1972],[123.8684,8.188],[123.8549,8.182],[123.8423,8.1854]]]]},"properties":{"ADM3_EN":"Clarin","name":"Clarin","ADM3_PCODE":"PH104205000","psgc_code":"104205000","ADM2_EN":"Misamis Occidental","ADM2_PCODE":"PH1042","ADM1_EN":"Northern Mindanao & Caraga","ADM1_PCODE":"PH10","ADM0_EN":"Philippines (the)","ADM0_PCODE":"PH","region_key":"northern_mindanao_caraga","province_key":"misamis_occidental","type":"Municipality"}},{"type":"Feature","geometry":{"type":"MultiPolygon","coordinates":[[[[123.642,8.3796],[123.5552,8.3835],[123.5552,8.4579],[123.5789,8.4475],[123.6445,8.4246],[123.642,8.3796]]]]},"properties":{"ADM3_EN":"Concepcion","name":"Concepcion","ADM3_PCODE":"PH104206000","psgc_code":"104206000","ADM2_EN":"Misamis Occidental","ADM2_PCODE":"PH1042","ADM1_EN":"Northern Mindanao & Caraga","ADM1_PCODE":"PH10","ADM0_EN":"Philippines (the)","ADM0_PCODE":"PH","region_key":"northern_mindanao_caraga","province_key":"misamis_occidental","type":"Municipality"}},{"type":"Feature","geometry":{"type":"MultiPolygon","coordinates":[[[[123.5534,8.1615],[123.5482,8.1957],[123.5507,8.2491],[123.5549,8.2755],[123.5552,8.3835],[123.6602,8.3799],[123.6593,8.3544],[123.6641,8.2397],[123.6629,8.1583],[123.6438,8.1502],[123.6372,8.1553],[123.6301,8.1644],[123.6233,8.1647],[123.6239,8.1476],[123.6108,8.1478],[123.5574,8.1435],[123.5534,8.1615]]]]},"properties":{"ADM3_EN":"Don Victoriano Chiongbian","name":"Don Victoriano Chiongbian","ADM3_PCODE":"PH104217000","psgc_code":"104217000","ADM2_EN":"Misamis Occidental","ADM2_PCODE":"PH1042","ADM1_EN":"Northern Mindanao & Caraga","ADM1_PCODE":"PH10","ADM0_EN":"Philippines (the)","ADM0_PCODE":"PH","region_key":"northern_mindanao_caraga","province_key":"misamis_occidental","type":"Municipality"}},{"type":"Feature","geometry":{"type":"MultiPolygon","coordinates":[[[[123.8148,8.3139],[123.8126,8.312],[123.8023,8.3112],[123.7823,8.3115],[123.752,8.3],[123.6612,8.2981],[123.6612,8.3331],[123.7326,8.3363],[123.7673,8.3397],[123.7693,8.3415],[123.7755,8.3426],[123.7829,8.3414],[123.7896,8.3436],[123.8014,8.3388],[123.806,8.3411],[123.8078,8.34],[123.8136,8.3428],[123.8231,8.3439],[123.8267,8.347],[123.833,8.3485],[123.8443,8.3462],[123.8468,8.347],[123.8527,8.3382],[123.8525,8.336],[123.8541,8.3375],[123.8562,8.3366],[123.8584,8.3294],[123.8637,8.3242],[123.8633,8.3217],[123.8532,8.3182],[123.852,8.3214],[123.8436,8.3213],[123.8382,8.3178],[123.8282,8.3164],[123.824,8.3174],[123.8178,8.3138],[123.8148,8.3139]]]]},"properties":{"ADM3_EN":"Jimenez","name":"Jimenez","ADM3_PCODE":"PH104207000","psgc_code":"104207000","ADM2_EN":"Misamis Occidental","ADM2_PCODE":"PH1042","ADM1_EN":"Northern Mindanao & Caraga","ADM1_PCODE":"PH10","ADM0_EN":"Philippines (the)","ADM0_PCODE":"PH","region_key":"northern_mindanao_caraga","province_key":"misamis_occidental","type":"Municipality"}},{"type":"Feature","geometry":{"type":"MultiPolygon","coordinates":[[[[123.7164,8.4819],[123.7008,8.4762],[123.655,8.4756],[123.6663,8.4898],[123.6681,8.4974],[123.668,8.5172],[123.6727,8.5288],[123.6807,8.5368],[123.7197,8.5625],[123.7406,8.5791],[123.7439,8.5792],[123.7448,8.5768],[123.7474,8.5768],[123.7483,8.5716],[123.7559,8.5696],[123.7542,8.5643],[123.7554,8.5626],[123.76,8.5635],[123.7598,8.5587],[123.7614,8.5555],[123.7631,8.5549],[123.7662,8.5574],[123.7732,8.5547],[123.7742,8.5483],[123.7844,8.5328],[123.7852,8.5184],[123.779,8.5136],[123.7747,8.5145],[123.7703,8.5131],[123.7664,8.515],[123.7164,8.4819]]]]},"properties":{"ADM3_EN":"Lopez Jaena","name":"Lopez Jaena","ADM3_PCODE":"PH104208000","psgc_code":"104208000","ADM2_EN":"Misamis Occidental","ADM2_PCODE":"PH1042","ADM1_EN":"Northern Mindanao & Caraga","ADM1_PCODE":"PH10","ADM0_EN":"Philippines (the)","ADM0_PCODE":"PH","region_key":"northern_mindanao_caraga","province_key":"misamis_occidental","type":"Municipality"}},{"type":"Feature","geometry":{"type":"MultiPolygon","coordinates":[[[[123.7296,8.3918],[123.7167,8.3802],[123.642,8.3796],[123.6445,8.4246],[123.5789,8.4475],[123.5552,8.4579],[123.5866,8.4537],[123.624,8.4533],[123.6379,8.46],[123.655,8.4756],[123.6984,8.4761],[123.7059,8.4775],[123.7201,8.484],[123.7664,8.515],[123.7712,8.513],[123.7776,8.5144],[123.7768,8.5131],[123.7811,8.5097],[123.7802,8.5056],[123.7827,8.5082],[123.7834,8.5058],[123.7858,8.5075],[123.788,8.5012],[123.803,8.4926],[123.8092,8.4858],[123.8086,8.4833],[123.8098,8.4838],[123.8122,8.48],[123.8171,8.4765],[123.8173,8.4706],[123.8145,8.4626],[123.8164,8.4596],[123.8148,8.4578],[123.8142,8.4508],[123.8111,8.4453],[123.8032,8.4465],[123.7926,8.4414],[123.7882,8.4431],[123.7796,8.4397],[123.7651,8.4197],[123.7484,8.4038],[123.7296,8.3918]]]]},"properties":{"ADM3_EN":"Oroquieta City","name":"Oroquieta City","ADM3_PCODE":"PH104209000","psgc_code":"104209000","ADM2_EN":"Misamis Occidental","ADM2_PCODE":"PH1042","ADM1_EN":"Northern Mindanao & Caraga","ADM1_PCODE":"PH10","ADM0_EN":"Philippines (the)","ADM0_PCODE":"PH","region_key":"northern_mindanao_caraga","province_key":"misamis_occidental","type":"City"}},{"type":"Feature","geometry":{"type":"MultiPolygon","coordinates":[[[[123.7841,8.0887],[123.7852,8.0882],[123.7838,8.0842],[123.7851,8.0811],[123.7752,8.0854],[123.7554,8.0978],[123.7188,8.1445],[123.6959,8.1247],[123.6815,8.1388],[123.666,8.131],[123.6438,8.1502],[123.6952,8.1694],[123.701,8.1692],[123.7048,8.1659],[123.7106,8.1653],[123.7137,8.168],[123.7207,8.1699],[123.7268,8.1745],[123.7355,8.1764],[123.7429,8.1805],[123.762,8.1985],[123.7754,8.1971],[123.7848,8.1918],[123.7884,8.1922],[123.7902,8.1907],[123.7913,8.1923],[123.7992,8.194],[123.8119,8.1884],[123.8326,8.185],[123.8404,8.187],[123.8549,8.182],[123.8684,8.188],[123.8685,8.1717],[123.8653,8.1581],[123.8602,8.1584],[123.8564,8.1562],[123.8533,8.1468],[123.8464,8.1379],[123.8446,8.1372],[123.8443,8.1391],[123.8381,8.1421],[123.8323,8.1395],[123.8299,8.1297],[123.8192,8.1277],[123.8213,8.1261],[123.8176,8.1207],[123.8126,8.1139],[123.8083,8.112],[123.8034,8.1071],[123.8033,8.1051],[123.7908,8.0992],[123.7878,8.1011],[123.7895,8.0973],[123.7836,8.0901],[123.7841,8.0887]]]]},"properties":{"ADM3_EN":"Ozamis City","name":"Ozamis City","ADM3_PCODE":"PH104210000","psgc_code":"104210000","ADM2_EN":"Misamis Occidental","ADM2_PCODE":"PH1042","ADM1_EN":"Northern Mindanao & Caraga","ADM1_PCODE":"PH10","ADM0_EN":"Philippines (the)","ADM0_PCODE":"PH","region_key":"northern_mindanao_caraga","province_key":"misamis_occidental","type":"City"}},{"type":"Feature","geometry":{"type":"MultiPolygon","coordinates":[[[[123.8436,8.3676],[123.8443,8.3602],[123.8494,8.3571],[123.8487,8.3547],[123.8463,8.3562],[123.8452,8.354],[123.8475,8.3528],[123.8461,8.3506],[123.8468,8.3479],[123.8491,8.3467],[123.8485,8.3446],[123.8461,8.3474],[123.8443,8.3462],[123.833,8.3485],[123.8267,8.347],[123.8231,8.3439],[123.8136,8.3428],[123.8078,8.34],[123.806,8.3411],[123.8014,8.3388],[123.7896,8.3436],[123.7829,8.3414],[123.7755,8.3426],[123.7693,8.3415],[123.7673,8.3397],[123.7326,8.3363],[123.6612,8.3331],[123.6602,8.3485],[123.7158,8.3499],[123.761,8.3628],[123.7789,8.365],[123.8157,8.381],[123.8157,8.3777],[123.8252,8.3787],[123.8433,8.3846],[123.8451,8.3815],[123.843,8.3728],[123.8436,8.3676]]]]},"properties":{"ADM3_EN":"Panaon","name":"Panaon","ADM3_PCODE":"PH104211000","psgc_code":"104211000","ADM2_EN":"Misamis Occidental","ADM2_PCODE":"PH1042","ADM1_EN":"Northern Mindanao & Caraga","ADM1_PCODE":"PH10","ADM0_EN":"Philippines (the)","ADM0_PCODE":"PH","region_key":"northern_mindanao_caraga","province_key":"misamis_occidental","type":"Municipality"}},{"type":"Feature","geometry":{"type":"MultiPolygon","coordinates":[[[[123.7078,8.6239],[123.7126,8.6222],[123.7193,8.6143],[123.725,8.6112],[123.7254,8.6042],[123.7311,8.603],[123.7328,8.6003],[123.7357,8.6011],[123.7378,8.5997],[123.7375,8.5929],[123.7397,8.59],[123.7417,8.591],[123.7395,8.5951],[123.7402,8.5991],[123.7352,8.605],[123.7335,8.6092],[123.7344,8.6116],[123.7411,8.6077],[123.7394,8.6047],[123.7417,8.6033],[123.7417,8.6003],[123.7459,8.604],[123.748,8.6039],[123.7579,8.5983],[123.755,8.5978],[123.7502,8.6002],[123.7492,8.5989],[123.7475,8.6008],[123.7453,8.6],[123.7471,8.5922],[123.7439,8.5792],[123.7406,8.5791],[123.7389,8.5772],[123.7036,8.5774],[123.6782,8.5801],[123.6655,8.5781],[123.6594,8.5783],[123.6523,8.5818],[123.6478,8.636],[123.6519,8.6352],[123.6556,8.6364],[123.6558,8.6345],[123.6585,8.6412],[123.6663,8.6456],[123.6696,8.6429],[123.6794,8.6404],[123.6888,8.6408],[123.6968,8.6298],[123.7038,8.628],[123.7063,8.6254],[123.7058,8.6234],[123.7078,8.6239]]],[[[123.7415,8.6057],[123.7419,8.6069],[123.7433,8.6057],[123.7423,8.6036],[123.7415,8.6057]]]]},"properties":{"ADM3_EN":"Plaridel","name":"Plaridel","ADM3_PCODE":"PH104212000","psgc_code":"104212000","ADM2_EN":"Misamis Occidental","ADM2_PCODE":"PH1042","ADM1_EN":"Northern Mindanao & Caraga","ADM1_PCODE":"PH10","ADM0_EN":"Philippines (the)","ADM0_PCODE":"PH","region_key":"northern_mindanao_caraga","province_key":"misamis_occidental","type":"Municipality"}},{"type":"Feature","geometry":{"type":"MultiPolygon","coordinates":[[[[123.5965,8.4607],[123.5925,8.4561],[123.5866,8.4537],[123.5552,8.4579],[123.5544,8.6213],[123.5556,8.6176],[123.5587,8.6192],[123.5597,8.6171],[123.5629,8.6183],[123.5652,8.6159],[123.56,8.6038],[123.5604,8.6007],[123.5567,8.5951],[123.5601,8.5917],[123.5647,8.598],[123.5687,8.5967],[123.5645,8.5891],[123.5652,8.5844],[123.5636,8.5792],[123.5653,8.5726],[123.5667,8.5722],[123.5674,8.5768],[123.5725,8.5779],[123.5743,8.5805],[123.5734,8.5842],[123.5767,8.595],[123.5761,8.608],[123.5798,8.6142],[123.5761,8.6175],[123.5837,8.6269],[123.5778,8.6317],[123.5786,8.6331],[123.5819,8.6325],[123.5853,8.6278],[123.5864,8.6283],[123.5886,8.6209],[123.5872,8.6127],[123.5927,8.6139],[123.592,8.6097],[123.597,8.6037],[123.597,8.6017],[123.5917,8.596],[123.5937,8.5943],[123.5953,8.5875],[123.5982,8.5868],[123.5972,8.5814],[123.6022,8.5759],[123.6014,8.5747],[123.5967,8.5762],[123.5947,8.5751],[123.6051,8.567],[123.6024,8.5603],[123.6073,8.5601],[123.6027,8.5377],[123.6031,8.534],[123.6064,8.5298],[123.6087,8.5166],[123.6024,8.5],[123.6027,8.4872],[123.5965,8.4607]]],[[[123.5657,8.6005],[123.5666,8.6051],[123.567,8.6053],[123.5681,8.604],[123.5671,8.5983],[123.5657,8.6005]]]]},"properties":{"ADM3_EN":"Sapang Dalaga","name":"Sapang Dalaga","ADM3_PCODE":"PH104213000","psgc_code":"104213000","ADM2_EN":"Misamis Occidental","ADM2_PCODE":"PH1042","ADM1_EN":"Northern Mindanao & Caraga","ADM1_PCODE":"PH10","ADM0_EN":"Philippines (the)","ADM0_PCODE":"PH","region_key":"northern_mindanao_caraga","province_key":"misamis_occidental","type":"Municipality"}},{"type":"Feature","geometry":{"type":"MultiPolygon","coordinates":[[[[123.8211,8.2743],[123.8148,8.2754],[123.8026,8.2737],[123.798,8.276],[123.7947,8.2748],[123.7629,8.2775],[123.6619,8.2702],[123.6612,8.2981],[123.752,8.3],[123.7823,8.3115],[123.8126,8.312],[123.824,8.3174],[123.8319,8.3167],[123.8382,8.3178],[123.8436,8.3213],[123.852,8.3214],[123.8532,8.3182],[123.8496,8.3152],[123.8479,8.3107],[123.8477,8.3012],[123.85,8.2892],[123.8472,8.2828],[123.8484,8.2769],[123.8475,8.272],[123.8422,8.2755],[123.8382,8.2738],[123.8211,8.2743]]]]},"properties":{"ADM3_EN":"Sinacaban","name":"Sinacaban","ADM3_PCODE":"PH104214000","psgc_code":"104214000","ADM2_EN":"Misamis Occidental","ADM2_PCODE":"PH1042","ADM1_EN":"Northern Mindanao & Caraga","ADM1_PCODE":"PH10","ADM0_EN":"Philippines (the)","ADM0_PCODE":"PH","region_key":"northern_mindanao_caraga","province_key":"misamis_occidental","type":"Municipality"}},{"type":"Feature","geometry":{"type":"MultiPolygon","coordinates":[[[[123.6459,8.0434],[123.6402,8.0464],[123.6419,8.0552],[123.6399,8.0601],[123.6406,8.0723],[123.6384,8.0727],[123.6369,8.077],[123.6398,8.0847],[123.6391,8.0887],[123.6444,8.0984],[123.6249,8.1143],[123.6233,8.1647],[123.6301,8.1644],[123.6372,8.1553],[123.666,8.131],[123.6815,8.1388],[123.6959,8.1247],[123.7188,8.1445],[123.7554,8.0978],[123.7752,8.0854],[123.7852,8.0812],[123.7699,8.0717],[123.7709,8.0676],[123.7744,8.0666],[123.7746,8.065],[123.763,8.0646],[123.7607,8.0629],[123.7576,8.0575],[123.7599,8.0543],[123.7599,8.0503],[123.7584,8.0499],[123.7556,8.0552],[123.752,8.0562],[123.7471,8.0547],[123.7466,8.0489],[123.736,8.0504],[123.7217,8.0451],[123.7189,8.0483],[123.7138,8.0503],[123.7139,8.0533],[123.7119,8.0544],[123.7125,8.0522],[123.7111,8.0511],[123.7044,8.0517],[123.6935,8.0485],[123.692,8.0444],[123.6874,8.0439],[123.6828,8.0395],[123.6746,8.0381],[123.6621,8.0288],[123.6588,8.0216],[123.6541,8.0188],[123.6488,8.0204],[123.6488,8.039],[123.6459,8.0434]]],[[[123.7765,8.0682],[123.7802,8.0684],[123.7805,8.0675],[123.7768,8.065],[123.7747,8.0671],[123.7765,8.0682]]]]},"properties":{"ADM3_EN":"Tangub City","name":"Tangub City","ADM3_PCODE":"PH104215000","psgc_code":"104215000","ADM2_EN":"Misamis Occidental","ADM2_PCODE":"PH1042","ADM1_EN":"Northern Mindanao & Caraga","ADM1_PCODE":"PH10","ADM0_EN":"Philippines (the)","ADM0_PCODE":"PH","region_key":"northern_mindanao_caraga","province_key":"misamis_occidental","type":"City"}},{"type":"Feature","geometry":{"type":"MultiPolygon","coordinates":[[[[123.717,8.2391],[123.7119,8.2341],[123.7036,8.2349],[123.7002,8.2338],[123.6939,8.2239],[123.6904,8.2219],[123.6886,8.2229],[123.6807,8.2168],[123.6747,8.2088],[123.6636,8.2028],[123.6641,8.2397],[123.6619,8.2702],[123.7629,8.2775],[123.7947,8.2748],[123.798,8.276],[123.8026,8.2737],[123.8184,8.2755],[123.8243,8.2738],[123.8382,8.2738],[123.8422,8.2755],[123.8475,8.272],[123.8481,8.2658],[123.8498,8.2645],[123.8483,8.2627],[123.8489,8.2551],[123.8556,8.2477],[123.8579,8.2406],[123.846,8.2263],[123.836,8.2231],[123.8202,8.2241],[123.8185,8.2253],[123.8156,8.2245],[123.8011,8.2281],[123.7753,8.2267],[123.7583,8.228],[123.7402,8.234],[123.7278,8.242],[123.7223,8.2394],[123.717,8.2391]]]]},"properties":{"ADM3_EN":"Tudela","name":"Tudela","ADM3_PCODE":"PH104216000","psgc_code":"104216000","ADM2_EN":"Misamis Occidental","ADM2_PCODE":"PH1042","ADM1_EN":"Northern Mindanao & Caraga","ADM1_PCODE":"PH10","ADM0_EN":"Philippines (the)","ADM0_PCODE":"PH","region_key":"northern_mindanao_caraga","province_key":"misamis_occidental","type":"Municipality"}},{"type":"Feature","geometry":{"type":"MultiPolygon","coordinates":[[[[124.402,8.4267],[124.3714,8.4338],[124.393,8.4781],[124.3938,8.4767],[124.3969,8.4816],[124.4101,8.5102],[124.4118,8.5125],[124.4187,8.5043],[124.4287,8.5173],[124.4484,8.573],[124.4698,8.5987],[124.4697,8.5948],[124.4719,8.5923],[124.4704,8.5903],[124.4842,8.5886],[124.5013,8.5793],[124.4657,8.5205],[124.4097,8.4387],[124.4031,8.4263],[124.402,8.4267]]]]},"properties":{"ADM3_EN":"Alubijid","name":"Alubijid","ADM3_PCODE":"PH104301000","psgc_code":"104301000","ADM2_EN":"Misamis Oriental","ADM2_PCODE":"PH1043","ADM1_EN":"Northern Mindanao & Caraga","ADM1_PCODE":"PH10","ADM0_EN":"Philippines (the)","ADM0_PCODE":"PH","region_key":"northern_mindanao_caraga","province_key":"misamis_oriental","type":"Municipality"}},{"type":"Feature","geometry":{"type":"MultiPolygon","coordinates":[[[[124.8886,8.6822],[124.8769,8.6881],[124.8702,8.6865],[124.8658,8.6877],[124.8623,8.6846],[124.858,8.6838],[124.8552,8.6872],[124.8515,8.6874],[124.8487,8.6897],[124.8461,8.6883],[124.8426,8.691],[124.8404,8.6867],[124.8391,8.6903],[124.832,8.6879],[124.8226,8.6933],[124.8129,8.6903],[124.8098,8.6927],[124.8085,8.6852],[124.8044,8.6849],[124.8015,8.6853],[124.8001,8.699],[124.748,8.6988],[124.7438,8.6999],[124.7445,8.7047],[124.7514,8.7097],[124.7581,8.7178],[124.7639,8.7181],[124.7722,8.7131],[124.7775,8.7181],[124.7781,8.7339],[124.7636,8.7614],[124.7653,8.775],[124.7714,8.7858],[124.8616,8.7891],[124.8886,8.6822]]]]},"properties":{"ADM3_EN":"Balingasag","name":"Balingasag","ADM3_PCODE":"PH104302000","psgc_code":"104302000","ADM2_EN":"Misamis Oriental","ADM2_PCODE":"PH1043","ADM1_EN":"Northern Mindanao & Caraga","ADM1_PCODE":"PH10","ADM0_EN":"Philippines (the)","ADM0_PCODE":"PH","region_key":"northern_mindanao_caraga","province_key":"misamis_oriental","type":"Municipality"}},{"type":"Feature","geometry":{"type":"MultiPolygon","coordinates":[[[[124.9074,8.8823],[124.9049,8.8781],[124.8567,8.8759],[124.8547,8.895],[124.8583,8.9011],[124.8579,8.9206],[124.8551,8.9238],[124.8555,8.9259],[124.8498,8.935],[124.8486,8.9399],[124.833,8.9544],[124.8317,8.9687],[124.8348,8.9807],[124.8335,8.9884],[124.835,8.9914],[124.8321,8.9955],[124.8369,9.0052],[124.849,9.005],[124.8542,9.008],[124.8563,9.0066],[124.8643,9.0067],[124.887,8.9313],[124.9003,8.8959],[124.9074,8.8823]]]]},"properties":{"ADM3_EN":"Balingoan","name":"Balingoan","ADM3_PCODE":"PH104303000","psgc_code":"104303000","ADM2_EN":"Misamis Oriental","ADM2_PCODE":"PH1043","ADM1_EN":"Northern Mindanao & Caraga","ADM1_PCODE":"PH10","ADM0_EN":"Philippines (the)","ADM0_PCODE":"PH","region_key":"northern_mindanao_caraga","province_key":"misamis_oriental","type":"Municipality"}},{"type":"Feature","geometry":{"type":"MultiPolygon","coordinates":[[[[124.8067,8.9348],[124.8091,8.9347],[124.813,8.9306],[124.8176,8.9241],[124.8194,8.9173],[124.8228,8.9171],[124.8284,8.9135],[124.8346,8.9071],[124.8476,8.904],[124.8083,8.9079],[124.8025,8.9075],[124.7965,8.9029],[124.785,8.9035],[124.7833,8.9114],[124.7844,8.9167],[124.7817,8.9178],[124.7822,8.92],[124.7792,8.9231],[124.7794,8.9283],[124.7769,8.9346],[124.7828,8.9371],[124.7889,8.9369],[124.7997,8.941],[124.8067,8.9348]]]]},"properties":{"ADM3_EN":"Binuangan","name":"Binuangan","ADM3_PCODE":"PH104304000","psgc_code":"104304000","ADM2_EN":"Misamis Oriental","ADM2_PCODE":"PH1043","ADM1_EN":"Northern Mindanao & Caraga","ADM1_PCODE":"PH10","ADM0_EN":"Philippines (the)","ADM0_PCODE":"PH","region_key":"northern_mindanao_caraga","province_key":"misamis_oriental","type":"Municipality"}},{"type":"Feature","geometry":{"type":"MultiPolygon","coordinates":[[[[124.5737,8.254],[124.5727,8.2469],[124.5676,8.2424],[124.5674,8.2359],[124.5652,8.2352],[124.5562,8.2434],[124.5379,8.2716],[124.5335,8.2875],[124.5336,8.2924],[124.5216,8.2978],[124.5151,8.3066],[124.5081,8.3103],[124.5055,8.3145],[124.5026,8.3161],[124.4932,8.3184],[124.4849,8.3181],[124.481,8.3217],[124.4767,8.3232],[124.4719,8.3314],[124.4544,8.3342],[124.4543,8.3357],[124.4506,8.3371],[124.4535,8.3419],[124.449,8.3476],[124.4547,8.3497],[124.4544,8.3525],[124.4574,8.3521],[124.4579,8.3578],[124.4633,8.3546],[124.4635,8.3496],[124.4663,8.353],[124.4666,8.3559],[124.4703,8.3582],[124.4707,8.3544],[124.4729,8.3559],[124.4762,8.3551],[124.4777,8.3618],[124.4808,8.3572],[124.4836,8.363],[124.4799,8.3625],[124.4794,8.3637],[124.4828,8.3683],[124.4878,8.366],[124.4935,8.366],[124.4925,8.369],[124.4857,8.3743],[124.4904,8.3772],[124.494,8.3765],[124.4943,8.3816],[124.4895,8.3805],[124.4882,8.3823],[124.4921,8.385],[124.4935,8.3889],[124.5,8.3856],[124.5027,8.3881],[124.5065,8.3862],[124.5094,8.3871],[124.5086,8.39],[124.5034,8.3915],[124.5013,8.3959],[124.5024,8.3977],[124.5087,8.3993],[124.5193,8.4056],[124.5168,8.4121],[124.5193,8.4136],[124.5195,8.4173],[124.5238,8.4173],[124.5254,8.4114],[124.5285,8.4115],[124.5318,8.4149],[124.5341,8.4135],[124.5334,8.4073],[124.5407,8.4088],[124.5433,8.4146],[124.5418,8.4183],[124.5429,8.4203],[124.5449,8.4194],[124.5458,8.4146],[124.5501,8.4169],[124.5523,8.4203],[124.5479,8.4281],[124.5384,8.4292],[124.5465,8.4378],[124.5464,8.4405],[124.5521,8.4467],[124.5508,8.4476],[124.5546,8.4505],[124.556,8.4613],[124.5612,8.4639],[124.5622,8.4676],[124.5641,8.4678],[124.5635,8.4704],[124.5681,8.4746],[124.5671,8.4776],[124.5723,8.4807],[124.5704,8.4882],[124.5735,8.4894],[124.5736,8.4929],[124.576,8.4937],[124.5813,8.4998],[124.5871,8.4973],[124.593,8.505],[124.5946,8.5037],[124.6045,8.5033],[124.6044,8.5059],[124.6107,8.5135],[124.6096,8.5208],[124.6122,8.5211],[124.6126,8.5196],[124.6153,8.5208],[124.64,8.515],[124.6433,8.5114],[124.6539,8.51],[124.6558,8.5069],[124.6553,8.5025],[124.6428,8.4925],[124.6417,8.4889],[124.6519,8.4961],[124.6583,8.505],[124.6617,8.5072],[124.665,8.5014],[124.6631,8.4908],[124.6667,8.4836],[124.68,8.4778],[124.6919,8.4783],[124.6992,8.4728],[124.7186,8.4783],[124.7272,8.485],[124.7286,8.4878],[124.7319,8.4878],[124.7408,8.4928],[124.7511,8.5039],[124.7498,8.5067],[124.7531,8.5131],[124.7575,8.5126],[124.7585,8.5103],[124.7646,8.5079],[124.7744,8.5137],[124.7778,8.5119],[124.7864,8.5119],[124.789,8.5133],[124.7963,8.5066],[124.7954,8.5048],[124.7972,8.5013],[124.7965,8.5001],[124.7993,8.4959],[124.8087,8.4904],[124.81,8.4833],[124.8122,8.482],[124.8139,8.478],[124.8146,8.4609],[124.8178,8.4549],[124.8162,8.4465],[124.8186,8.4443],[124.8166,8.438],[124.8182,8.4328],[124.8162,8.4221],[124.6261,8.4195],[124.6193,8.4248],[124.6174,8.4247],[124.6169,8.4218],[124.62,8.4152],[124.6177,8.4082],[124.6215,8.4053],[124.6219,8.4029],[124.6212,8.4019],[124.614,8.4032],[124.6123,8.4017],[124.611,8.3896],[124.6082,8.3815],[124.6107,8.3766],[124.6092,8.3727],[124.6146,8.3695],[124.6146,8.3678],[124.6114,8.3643],[124.6078,8.3659],[124.6044,8.3634],[124.6037,8.3537],[124.6069,8.3485],[124.6027,8.3438],[124.6001,8.345],[124.5984,8.3431],[124.5987,8.3392],[124.6014,8.3371],[124.5996,8.3313],[124.6031,8.3295],[124.599,8.3138],[124.6027,8.3103],[124.6043,8.3056],[124.6017,8.3033],[124.5936,8.3063],[124.5918,8.3032],[124.5929,8.2942],[124.5907,8.2907],[124.5852,8.2911],[124.5808,8.2972],[124.5781,8.2967],[124.5776,8.2949],[124.5832,8.2868],[124.5799,8.2808],[124.5839,8.2797],[124.5847,8.2781],[124.5813,8.2717],[124.5819,8.2646],[124.577,8.2636],[124.5772,8.2562],[124.5737,8.254]]],[[[124.6459,8.494],[124.6474,8.4951],[124.6487,8.4955],[124.6442,8.4925],[124.6459,8.494]]]]},"properties":{"ADM3_EN":"Cagayan de Oro City","name":"Cagayan de Oro City","ADM3_PCODE":"PH104305000","psgc_code":"104305000","ADM2_EN":"Misamis Oriental","ADM2_PCODE":"PH1043","ADM1_EN":"Northern Mindanao & Caraga","ADM1_PCODE":"PH10","ADM0_EN":"Philippines (the)","ADM0_PCODE":"PH","region_key":"northern_mindanao_caraga","province_key":"misamis_oriental","type":"City"}},{"type":"Feature","geometry":{"type":"MultiPolygon","coordinates":[[[[124.8652,8.5921],[124.8544,8.58],[124.8478,8.5621],[124.8432,8.563],[124.8258,8.6058],[124.8028,8.6417],[124.8009,8.6838],[124.8015,8.6853],[124.8085,8.6852],[124.8103,8.6929],[124.8129,8.6903],[124.8226,8.6933],[124.832,8.6879],[124.8391,8.6903],[124.8404,8.6867],[124.8426,8.691],[124.8461,8.6883],[124.8487,8.6897],[124.8515,8.6874],[124.8552,8.6872],[124.858,8.6838],[124.8623,8.6846],[124.8658,8.6877],[124.8702,8.6865],[124.8769,8.6881],[124.8886,8.6822],[124.8619,8.7868],[124.8567,8.8759],[124.9049,8.8781],[124.9381,8.8121],[124.9478,8.7846],[124.9646,8.7535],[125.0021,8.6754],[125.1133,8.6713],[125.1359,8.6727],[125.2362,8.7846],[125.2423,8.6596],[125.2442,8.5816],[125.0926,8.583],[125.0292,8.5793],[124.9792,8.5811],[124.9692,8.5849],[124.8828,8.5933],[124.8688,8.5944],[124.8652,8.5921]]]]},"properties":{"ADM3_EN":"Claveria","name":"Claveria","ADM3_PCODE":"PH104306000","psgc_code":"104306000","ADM2_EN":"Misamis Oriental","ADM2_PCODE":"PH1043","ADM1_EN":"Northern Mindanao & Caraga","ADM1_PCODE":"PH10","ADM0_EN":"Philippines (the)","ADM0_PCODE":"PH","region_key":"northern_mindanao_caraga","province_key":"misamis_oriental","type":"Municipality"}},{"type":"Feature","geometry":{"type":"MultiPolygon","coordinates":[[[[124.4526,8.5007],[124.5013,8.5793],[124.5347,8.5567],[124.5372,8.5497],[124.5436,8.5411],[124.5559,8.5376],[124.5617,8.5378],[124.5668,8.54],[124.57,8.5383],[124.5704,8.5356],[124.5732,8.5334],[124.5572,8.5186],[124.4968,8.4698],[124.4933,8.4642],[124.4751,8.4454],[124.4712,8.4283],[124.4649,8.4157],[124.4614,8.4121],[124.4507,8.406],[124.4344,8.3849],[124.4084,8.3957],[124.421,8.4227],[124.4031,8.4263],[124.4097,8.4387],[124.4526,8.5007]]]]},"properties":{"ADM3_EN":"El Salvador City","name":"El Salvador City","ADM3_PCODE":"PH104307000","psgc_code":"104307000","ADM2_EN":"Misamis Oriental","ADM2_PCODE":"PH1043","ADM1_EN":"Northern Mindanao & Caraga","ADM1_PCODE":"PH10","ADM0_EN":"Philippines (the)","ADM0_PCODE":"PH","region_key":"northern_mindanao_caraga","province_key":"misamis_oriental","type":"City"}},{"type":"Feature","geometry":{"type":"MultiPolygon","coordinates":[[[[125.1238,8.837],[125.1308,8.8391],[125.1345,8.8423],[125.1418,8.8424],[125.148,8.8466],[125.1509,8.851],[125.1599,8.8513],[125.1629,8.8462],[125.1639,8.847],[125.1674,8.8524],[125.1648,8.858],[125.1686,8.8649],[125.1685,8.8763],[125.1714,8.8785],[125.174,8.8847],[125.1794,8.8875],[125.2017,8.8755],[125.2315,8.8552],[125.2411,8.8406],[125.24,8.8006],[125.2362,8.7846],[125.1359,8.6727],[125.1133,8.6713],[125.0021,8.6754],[124.9646,8.7535],[124.9478,8.7846],[124.9381,8.8121],[124.9518,8.8245],[125.0365,8.8899],[125.0434,8.8762],[125.0468,8.8741],[125.0464,8.8727],[125.0483,8.8733],[125.0558,8.8681],[125.0659,8.8574],[125.0694,8.8486],[125.0697,8.8436],[125.068,8.8403],[125.0698,8.8355],[125.0778,8.8289],[125.0919,8.8275],[125.1238,8.837]]]]},"properties":{"ADM3_EN":"Gingoog City","name":"Gingoog City","ADM3_PCODE":"PH104308000","psgc_code":"104308000","ADM2_EN":"Misamis Oriental","ADM2_PCODE":"PH1043","ADM1_EN":"Northern Mindanao & Caraga","ADM1_PCODE":"PH10","ADM0_EN":"Philippines (the)","ADM0_PCODE":"PH","region_key":"northern_mindanao_caraga","province_key":"misamis_oriental","type":"City"}},{"type":"Feature","geometry":{"type":"MultiPolygon","coordinates":[[[[124.391,8.537],[124.3607,8.5692],[124.3667,8.5761],[124.3686,8.5814],[124.3742,8.5867],[124.3805,8.5889],[124.3869,8.5944],[124.3889,8.595],[124.39,8.5936],[124.4033,8.5964],[124.4107,8.6015],[124.4131,8.5893],[124.4187,8.5788],[124.4167,8.5708],[124.4209,8.5662],[124.4252,8.5534],[124.4287,8.5173],[124.4187,8.5043],[124.391,8.537]]]]},"properties":{"ADM3_EN":"Gitagum","name":"Gitagum","ADM3_PCODE":"PH104309000","psgc_code":"104309000","ADM2_EN":"Misamis Oriental","ADM2_PCODE":"PH1043","ADM1_EN":"Northern Mindanao & Caraga","ADM1_PCODE":"PH10","ADM0_EN":"Philippines (the)","ADM0_PCODE":"PH","region_key":"northern_mindanao_caraga","province_key":"misamis_oriental","type":"Municipality"}},{"type":"Feature","geometry":{"type":"MultiPolygon","coordinates":[[[[124.2973,8.4552],[124.2833,8.4538],[124.2833,8.4608],[124.2864,8.4658],[124.2931,8.4694],[124.2955,8.4728],[124.2936,8.4861],[124.3014,8.4947],[124.3067,8.5053],[124.3067,8.5186],[124.3111,8.5289],[124.3117,8.5361],[124.3137,8.539],[124.3697,8.5149],[124.393,8.4781],[124.3873,8.4654],[124.2973,8.4552]]]]},"properties":{"ADM3_EN":"Initao","name":"Initao","ADM3_PCODE":"PH104310000","psgc_code":"104310000","ADM2_EN":"Misamis Oriental","ADM2_PCODE":"PH1043","ADM1_EN":"Northern Mindanao & Caraga","ADM1_PCODE":"PH10","ADM0_EN":"Philippines (the)","ADM0_PCODE":"PH","region_key":"northern_mindanao_caraga","province_key":"misamis_oriental","type":"Municipality"}},{"type":"Feature","geometry":{"type":"MultiPolygon","coordinates":[[[[124.7678,8.5994],[124.7647,8.6011],[124.7603,8.6089],[124.7625,8.6267],[124.76,8.6298],[124.76,8.6364],[124.7625,8.6383],[124.7619,8.6417],[124.7555,8.6482],[124.7526,8.6466],[124.7519,8.644],[124.75,8.6464],[124.7503,8.6439],[124.7478,8.6422],[124.7439,8.6475],[124.7462,8.6485],[124.7466,8.6511],[124.742,8.651],[124.7419,8.6583],[124.7386,8.6725],[124.7403,8.6933],[124.7438,8.6999],[124.748,8.6988],[124.8001,8.699],[124.8028,8.6417],[124.8272,8.602],[124.7783,8.6016],[124.7709,8.5975],[124.7678,8.5994]]]]},"properties":{"ADM3_EN":"Jasaan","name":"Jasaan","ADM3_PCODE":"PH104311000","psgc_code":"104311000","ADM2_EN":"Misamis Oriental","ADM2_PCODE":"PH1043","ADM1_EN":"Northern Mindanao & Caraga","ADM1_PCODE":"PH10","ADM0_EN":"Philippines (the)","ADM0_PCODE":"PH","region_key":"northern_mindanao_caraga","province_key":"misamis_oriental","type":"Municipality"}},{"type":"Feature","geometry":{"type":"MultiPolygon","coordinates":[[[[124.8568,8.9216],[124.8585,8.9122],[124.8472,8.9109],[124.8446,8.9158],[124.8381,8.9165],[124.8345,8.9241],[124.8277,8.9295],[124.8172,8.9422],[124.8126,8.9534],[124.8093,8.9561],[124.798,8.9601],[124.7926,8.96],[124.7897,8.9659],[124.7852,8.9687],[124.7821,8.9764],[124.7833,8.9747],[124.7842,8.9756],[124.7811,8.9797],[124.7869,8.9797],[124.7902,8.9837],[124.7894,8.9853],[124.7936,8.9859],[124.7975,8.9942],[124.8019,8.9981],[124.8108,9.0],[124.8179,9.005],[124.8369,9.0052],[124.8321,8.9955],[124.835,8.9914],[124.8335,8.9884],[124.8348,8.9807],[124.8317,8.9687],[124.833,8.9544],[124.8486,8.9399],[124.8568,8.9216]]]]},"properties":{"ADM3_EN":"Kinoguitan","name":"Kinoguitan","ADM3_PCODE":"PH104312000","psgc_code":"104312000","ADM2_EN":"Misamis Oriental","ADM2_PCODE":"PH1043","ADM1_EN":"Northern Mindanao & Caraga","ADM1_PCODE":"PH10","ADM0_EN":"Philippines (the)","ADM0_PCODE":"PH","region_key":"northern_mindanao_caraga","province_key":"misamis_oriental","type":"Municipality"}},{"type":"Feature","geometry":{"type":"MultiPolygon","coordinates":[[[[124.7757,8.786],[124.7714,8.7858],[124.775,8.7922],[124.7819,8.7986],[124.7886,8.8186],[124.7878,8.8378],[124.8584,8.8384],[124.8616,8.7891],[124.7757,8.786]]]]},"properties":{"ADM3_EN":"Lagonglong","name":"Lagonglong","ADM3_PCODE":"PH104313000","psgc_code":"104313000","ADM2_EN":"Misamis Oriental","ADM2_PCODE":"PH1043","ADM1_EN":"Northern Mindanao & Caraga","ADM1_PCODE":"PH10","ADM0_EN":"Philippines (the)","ADM0_PCODE":"PH","region_key":"northern_mindanao_caraga","province_key":"misamis_oriental","type":"Municipality"}},{"type":"Feature","geometry":{"type":"MultiPolygon","coordinates":[[[[124.4317,8.525],[124.4287,8.5173],[124.4252,8.5534],[124.4209,8.5662],[124.4167,8.5708],[124.4187,8.5788],[124.4131,8.5893],[124.4107,8.6015],[124.4317,8.6128],[124.4336,8.6172],[124.4492,8.6239],[124.465,8.6244],[124.4664,8.6222],[124.4772,8.6208],[124.4794,8.6175],[124.4744,8.6033],[124.4484,8.573],[124.4317,8.525]]]]},"properties":{"ADM3_EN":"Laguindingan","name":"Laguindingan","ADM3_PCODE":"PH104314000","psgc_code":"104314000","ADM2_EN":"Misamis Oriental","ADM2_PCODE":"PH1043","ADM1_EN":"Northern Mindanao & Caraga","ADM1_PCODE":"PH10","ADM0_EN":"Philippines (the)","ADM0_PCODE":"PH","region_key":"northern_mindanao_caraga","province_key":"misamis_oriental","type":"Municipality"}},{"type":"Feature","geometry":{"type":"MultiPolygon","coordinates":[[[[124.393,8.4781],[124.3697,8.5149],[124.3137,8.539],[124.3153,8.5422],[124.3228,8.5478],[124.3383,8.5503],[124.3442,8.5583],[124.3483,8.5597],[124.3508,8.5639],[124.3607,8.5692],[124.4118,8.5125],[124.3969,8.4816],[124.3938,8.4767],[124.393,8.4781]]]]},"properties":{"ADM3_EN":"Libertad","name":"Libertad","ADM3_PCODE":"PH104315000","psgc_code":"104315000","ADM2_EN":"Misamis Oriental","ADM2_PCODE":"PH1043","ADM1_EN":"Northern Mindanao & Caraga","ADM1_PCODE":"PH10","ADM0_EN":"Philippines (the)","ADM0_PCODE":"PH","region_key":"northern_mindanao_caraga","province_key":"misamis_oriental","type":"Municipality"}},{"type":"Feature","geometry":{"type":"MultiPolygon","coordinates":[[[[124.2628,8.3349],[124.2456,8.3268],[124.2467,8.3333],[124.2503,8.3367],[124.2539,8.3367],[124.2575,8.3411],[124.2575,8.3478],[124.26,8.3533],[124.2614,8.3639],[124.2611,8.3713],[124.2859,8.3642],[124.2909,8.3565],[124.3008,8.3488],[124.3016,8.3396],[124.2628,8.3349]]]]},"properties":{"ADM3_EN":"Lugait","name":"Lugait","ADM3_PCODE":"PH104316000","psgc_code":"104316000","ADM2_EN":"Misamis Oriental","ADM2_PCODE":"PH1043","ADM1_EN":"Northern Mindanao & Caraga","ADM1_PCODE":"PH10","ADM0_EN":"Philippines (the)","ADM0_PCODE":"PH","region_key":"northern_mindanao_caraga","province_key":"misamis_oriental","type":"Municipality"}},{"type":"Feature","geometry":{"type":"MultiPolygon","coordinates":[[[[125.2536,8.8812],[125.252,8.881],[125.2522,8.8793],[125.2556,8.8722],[125.2534,8.867],[125.2315,8.8552],[125.2017,8.8755],[125.1794,8.8875],[125.1855,8.8975],[125.1847,8.907],[125.1866,8.9165],[125.1856,8.9229],[125.1874,8.9277],[125.1865,8.9362],[125.1839,8.9408],[125.1872,8.951],[125.1839,8.9682],[125.1796,8.9728],[125.1798,8.9802],[125.1775,8.9832],[125.1739,9.0022],[125.1711,9.0053],[125.1712,9.0081],[125.1719,9.0128],[125.1743,9.0156],[125.1767,9.016],[125.185,9.0283],[125.1814,9.0392],[125.1814,9.0539],[125.1855,9.0744],[125.1914,9.0844],[125.2003,9.0883],[125.2057,9.0926],[125.2103,9.0643],[125.2197,9.033],[125.2278,8.9812],[125.2315,8.9813],[125.2337,8.9786],[125.2325,8.9757],[125.2273,8.9732],[125.23,8.9699],[125.2285,8.9639],[125.2331,8.9625],[125.2296,8.9571],[125.2362,8.9572],[125.2333,8.951],[125.225,8.9478],[125.2326,8.9462],[125.2319,8.9433],[125.2265,8.9382],[125.2222,8.9406],[125.2198,8.939],[125.2182,8.9346],[125.2213,8.9354],[125.2222,8.932],[125.2217,8.9272],[125.2191,8.9235],[125.2202,8.9208],[125.225,8.9209],[125.2235,8.9168],[125.2286,8.918],[125.2291,8.915],[125.2333,8.9156],[125.2357,8.9141],[125.2347,8.9065],[125.2358,8.902],[125.2344,8.8976],[125.2359,8.8937],[125.239,8.8955],[125.2423,8.8909],[125.2455,8.8937],[125.2498,8.8928],[125.2475,8.8886],[125.2493,8.8842],[125.2519,8.8842],[125.2536,8.8812]]]]},"properties":{"ADM3_EN":"Magsaysay","name":"Magsaysay","ADM3_PCODE":"PH104317000","psgc_code":"104317000","ADM2_EN":"Misamis Oriental","ADM2_PCODE":"PH1043","ADM1_EN":"Northern Mindanao & Caraga","ADM1_PCODE":"PH10","ADM0_EN":"Philippines (the)","ADM0_PCODE":"PH","region_key":"northern_mindanao_caraga","province_key":"misamis_oriental","type":"Municipality"}},{"type":"Feature","geometry":{"type":"MultiPolygon","coordinates":[[[[124.3536,8.3393],[124.334,8.3406],[124.3016,8.3396],[124.3,8.3502],[124.2909,8.3565],[124.2859,8.3642],[124.2611,8.3713],[124.2622,8.3778],[124.2758,8.3861],[124.2822,8.3944],[124.2858,8.4126],[124.2887,8.4081],[124.2939,8.4099],[124.2991,8.408],[124.3313,8.4084],[124.3798,8.4049],[124.3808,8.4063],[124.4089,8.3978],[124.4084,8.3957],[124.41,8.3947],[124.4344,8.3849],[124.3981,8.3354],[124.3536,8.3393]]]]},"properties":{"ADM3_EN":"Manticao","name":"Manticao","ADM3_PCODE":"PH104318000","psgc_code":"104318000","ADM2_EN":"Misamis Oriental","ADM2_PCODE":"PH1043","ADM1_EN":"Northern Mindanao & Caraga","ADM1_PCODE":"PH10","ADM0_EN":"Philippines (the)","ADM0_PCODE":"PH","region_key":"northern_mindanao_caraga","province_key":"misamis_oriental","type":"Municipality"}},{"type":"Feature","geometry":{"type":"MultiPolygon","coordinates":[[[[124.9518,8.8245],[124.9381,8.8121],[124.9049,8.8781],[124.9517,8.941],[124.9528,8.96],[124.9708,8.9517],[124.9913,8.9304],[124.9967,8.9303],[125.0067,8.9259],[125.0153,8.9244],[125.0241,8.9191],[125.0272,8.9106],[125.0246,8.902],[125.0329,8.8957],[125.0365,8.8899],[124.9518,8.8245]]]]},"properties":{"ADM3_EN":"Medina","name":"Medina","ADM3_PCODE":"PH104319000","psgc_code":"104319000","ADM2_EN":"Misamis Oriental","ADM2_PCODE":"PH1043","ADM1_EN":"Northern Mindanao & Caraga","ADM1_PCODE":"PH10","ADM0_EN":"Philippines (the)","ADM0_PCODE":"PH","region_key":"northern_mindanao_caraga","province_key":"misamis_oriental","type":"Municipality"}},{"type":"Feature","geometry":{"type":"MultiPolygon","coordinates":[[[[124.3027,8.4081],[124.2939,8.4099],[124.2887,8.4081],[124.2871,8.4091],[124.2858,8.4128],[124.2875,8.4245],[124.2861,8.4269],[124.2883,8.4436],[124.2833,8.4538],[124.3873,8.4654],[124.3714,8.4338],[124.421,8.4227],[124.4089,8.3978],[124.3808,8.4063],[124.3798,8.4049],[124.3313,8.4084],[124.3027,8.4081]]]]},"properties":{"ADM3_EN":"Naawan","name":"Naawan","ADM3_PCODE":"PH104320000","psgc_code":"104320000","ADM2_EN":"Misamis Oriental","ADM2_PCODE":"PH1043","ADM1_EN":"Northern Mindanao & Caraga","ADM1_PCODE":"PH10","ADM0_EN":"Philippines (the)","ADM0_PCODE":"PH","region_key":"northern_mindanao_caraga","province_key":"misamis_oriental","type":"Municipality"}},{"type":"Feature","geometry":{"type":"MultiPolygon","coordinates":[[[[124.4038,8.3439],[124.4466,8.4016],[124.4507,8.406],[124.4614,8.4121],[124.4649,8.4157],[124.4712,8.4283],[124.4751,8.4454],[124.4933,8.4642],[124.4971,8.4702],[124.5572,8.5186],[124.5732,8.5334],[124.5747,8.5283],[124.5717,8.5247],[124.5797,8.5183],[124.6017,8.5186],[124.6096,8.5208],[124.6107,8.5135],[124.6044,8.5059],[124.6045,8.5033],[124.5946,8.5037],[124.593,8.505],[124.5871,8.4973],[124.5813,8.4998],[124.576,8.4937],[124.5736,8.4929],[124.5735,8.4894],[124.5704,8.4882],[124.5723,8.4807],[124.5671,8.4776],[124.5681,8.4746],[124.5635,8.4704],[124.5641,8.4678],[124.5622,8.4676],[124.5612,8.4639],[124.556,8.4613],[124.5546,8.4505],[124.5508,8.4476],[124.5521,8.4467],[124.5464,8.4405],[124.5465,8.4378],[124.5384,8.4292],[124.5479,8.4281],[124.5523,8.4203],[124.551,8.4178],[124.5458,8.4146],[124.5449,8.4194],[124.5429,8.4203],[124.5418,8.4183],[124.5433,8.4146],[124.5407,8.4088],[124.5334,8.4073],[124.5341,8.4135],[124.5318,8.4149],[124.5285,8.4115],[124.5254,8.4114],[124.5238,8.4173],[124.5195,8.4173],[124.5193,8.4136],[124.5168,8.4121],[124.5193,8.4056],[124.5087,8.3993],[124.5024,8.3977],[124.5013,8.3959],[124.5034,8.3915],[124.5086,8.39],[124.5094,8.3871],[124.5065,8.3862],[124.5027,8.3881],[124.5,8.3856],[124.4935,8.3889],[124.4921,8.385],[124.4882,8.3823],[124.4895,8.3805],[124.4943,8.3816],[124.494,8.3765],[124.4904,8.3772],[124.4857,8.3743],[124.4925,8.369],[124.4935,8.366],[124.4878,8.366],[124.4828,8.3683],[124.4794,8.3637],[124.4799,8.3625],[124.4836,8.363],[124.4808,8.3572],[124.4777,8.3618],[124.4762,8.3551],[124.4729,8.3559],[124.4707,8.3544],[124.4703,8.3582],[124.4666,8.3559],[124.4663,8.353],[124.4635,8.3496],[124.4633,8.3546],[124.4579,8.3578],[124.4574,8.3521],[124.4544,8.3525],[124.4547,8.3497],[124.4489,8.3471],[124.4529,8.344],[124.4535,8.3419],[124.4504,8.338],[124.4544,8.3342],[124.4236,8.3361],[124.3981,8.3354],[124.4038,8.3439]]]]},"properties":{"ADM3_EN":"Opol","name":"Opol","ADM3_PCODE":"PH104321000","psgc_code":"104321000","ADM2_EN":"Misamis Oriental","ADM2_PCODE":"PH1043","ADM1_EN":"Northern Mindanao & Caraga","ADM1_PCODE":"PH10","ADM0_EN":"Philippines (the)","ADM0_PCODE":"PH","region_key":"northern_mindanao_caraga","province_key":"misamis_oriental","type":"Municipality"}},{"type":"Feature","geometry":{"type":"MultiPolygon","coordinates":[[[[124.7878,8.8392],[124.7881,8.8486],[124.7842,8.8547],[124.7889,8.8767],[124.7889,8.8856],[124.7858,8.8922],[124.785,8.9035],[124.7965,8.9029],[124.8025,8.9075],[124.8083,8.9079],[124.8476,8.904],[124.8547,8.895],[124.8584,8.8384],[124.7878,8.8378],[124.7878,8.8392]]]]},"properties":{"ADM3_EN":"Salay","name":"Salay","ADM3_PCODE":"PH104322000","psgc_code":"104322000","ADM2_EN":"Misamis Oriental","ADM2_PCODE":"PH1043","ADM1_EN":"Northern Mindanao & Caraga","ADM1_PCODE":"PH10","ADM0_EN":"Philippines (the)","ADM0_PCODE":"PH","region_key":"northern_mindanao_caraga","province_key":"misamis_oriental","type":"Municipality"}},{"type":"Feature","geometry":{"type":"MultiPolygon","coordinates":[[[[124.8477,8.9028],[124.8465,8.9047],[124.8346,8.9071],[124.8284,8.9135],[124.8228,8.9171],[124.8194,8.9173],[124.8176,8.9241],[124.813,8.9306],[124.7997,8.941],[124.7889,8.9369],[124.7828,8.9371],[124.7769,8.9346],[124.7753,8.9367],[124.7753,8.9408],[124.7731,8.9425],[124.7744,8.9492],[124.7719,8.9525],[124.7714,8.9611],[124.7717,8.9656],[124.7789,8.9769],[124.7821,8.9764],[124.7852,8.9687],[124.7897,8.9659],[124.7926,8.96],[124.798,8.9601],[124.8093,8.9561],[124.8126,8.9534],[124.8172,8.9422],[124.8277,8.9295],[124.8345,8.9241],[124.8381,8.9165],[124.8446,8.9158],[124.8472,8.9109],[124.8585,8.9122],[124.8583,8.9011],[124.8547,8.895],[124.8477,8.9028]]]]},"properties":{"ADM3_EN":"Sugbongcogon","name":"Sugbongcogon","ADM3_PCODE":"PH104323000","psgc_code":"104323000","ADM2_EN":"Misamis Oriental","ADM2_PCODE":"PH1043","ADM1_EN":"Northern Mindanao & Caraga","ADM1_PCODE":"PH10","ADM0_EN":"Philippines (the)","ADM0_PCODE":"PH","region_key":"northern_mindanao_caraga","province_key":"misamis_oriental","type":"Municipality"}},{"type":"Feature","geometry":{"type":"MultiPolygon","coordinates":[[[[124.8141,8.4763],[124.8122,8.482],[124.81,8.4833],[124.8087,8.4904],[124.7993,8.4959],[124.7965,8.5001],[124.7972,8.5013],[124.7954,8.5048],[124.7963,8.5066],[124.789,8.5133],[124.7864,8.5119],[124.7778,8.5119],[124.7744,8.5137],[124.7646,8.5079],[124.7585,8.5103],[124.7575,8.5126],[124.7531,8.5131],[124.7492,8.5225],[124.7458,8.5236],[124.7433,8.5261],[124.7427,8.5305],[124.7407,8.5306],[124.7403,8.5353],[124.7417,8.5369],[124.7403,8.5439],[124.7436,8.5461],[124.74,8.5464],[124.7414,8.555],[124.7458,8.5544],[124.7483,8.5522],[124.7507,8.5437],[124.7512,8.5467],[124.7528,8.5464],[124.7494,8.5528],[124.744,8.5564],[124.7526,8.5551],[124.7606,8.5516],[124.7686,8.5586],[124.7892,8.5491],[124.7965,8.5436],[124.8064,8.5448],[124.8098,8.5484],[124.808,8.5513],[124.8133,8.5549],[124.818,8.5533],[124.82,8.5575],[124.8242,8.5568],[124.8283,8.5613],[124.8345,8.5594],[124.8366,8.5612],[124.8385,8.5567],[124.8421,8.5561],[124.8462,8.5565],[124.849,8.559],[124.8141,8.4763]]]]},"properties":{"ADM3_EN":"Tagoloan","name":"Tagoloan","ADM3_PCODE":"PH104324000","psgc_code":"104324000","ADM2_EN":"Misamis Oriental","ADM2_PCODE":"PH1043","ADM1_EN":"Northern Mindanao & Caraga","ADM1_PCODE":"PH10","ADM0_EN":"Philippines (the)","ADM0_PCODE":"PH","region_key":"northern_mindanao_caraga","province_key":"misamis_oriental","type":"Municipality"}},{"type":"Feature","geometry":{"type":"MultiPolygon","coordinates":[[[[124.9385,8.9701],[124.9481,8.9657],[124.9488,8.9627],[124.9527,8.96],[124.9517,8.941],[124.9074,8.8823],[124.9003,8.8959],[124.887,8.9313],[124.864,9.0072],[124.8675,9.0085],[124.8705,9.0053],[124.8742,9.004],[124.8769,9.0049],[124.8839,8.9983],[124.8906,8.9947],[124.8983,8.9956],[124.9033,8.9919],[124.9069,8.9819],[124.9178,8.98],[124.9225,8.975],[124.9288,8.9714],[124.9385,8.9701]]],[[[124.8755,9.0085],[124.8725,9.0076],[124.8699,9.011],[124.8734,9.0153],[124.877,9.0169],[124.8804,9.0119],[124.8777,9.0083],[124.8755,9.0085]]]]},"properties":{"ADM3_EN":"Talisayan","name":"Talisayan","ADM3_PCODE":"PH104325000","psgc_code":"104325000","ADM2_EN":"Misamis Oriental","ADM2_PCODE":"PH1043","ADM1_EN":"Northern Mindanao & Caraga","ADM1_PCODE":"PH10","ADM0_EN":"Philippines (the)","ADM0_PCODE":"PH","region_key":"northern_mindanao_caraga","province_key":"misamis_oriental","type":"Municipality"}},{"type":"Feature","geometry":{"type":"MultiPolygon","coordinates":[[[[124.7924,8.5471],[124.7686,8.5586],[124.7606,8.5516],[124.742,8.5578],[124.747,8.567],[124.7595,8.5767],[124.7564,8.5767],[124.7572,8.5794],[124.7633,8.5789],[124.7672,8.5833],[124.7711,8.5933],[124.77,8.5975],[124.7735,8.598],[124.7783,8.6016],[124.8272,8.602],[124.84,8.5683],[124.8428,8.5661],[124.8432,8.563],[124.8478,8.5621],[124.849,8.559],[124.8462,8.5565],[124.8421,8.5561],[124.8385,8.5567],[124.8366,8.5612],[124.8345,8.5594],[124.8283,8.5613],[124.8242,8.5568],[124.82,8.5575],[124.818,8.5533],[124.8133,8.5549],[124.808,8.5513],[124.8098,8.5484],[124.8064,8.5448],[124.7965,8.5436],[124.7924,8.5471]]]]},"properties":{"ADM3_EN":"Villanueva","name":"Villanueva","ADM3_PCODE":"PH104326000","psgc_code":"104326000","ADM2_EN":"Misamis Oriental","ADM2_PCODE":"PH1043","ADM1_EN":"Northern Mindanao & Caraga","ADM1_PCODE":"PH10","ADM0_EN":"Philippines (the)","ADM0_PCODE":"PH","region_key":"northern_mindanao_caraga","province_key":"misamis_oriental","type":"Municipality"}},{"type":"Feature","geometry":{"type":"MultiPolygon","coordinates":[[[[125.5576,9.4591],[125.5555,9.4641],[125.5563,9.4719],[125.5597,9.4775],[125.5592,9.4873],[125.5651,9.4936],[125.5714,9.5061],[125.5697,9.5085],[125.5581,9.5126],[125.5515,9.522],[125.6045,9.544],[125.6134,9.5297],[125.6374,9.5031],[125.6595,9.4432],[125.6305,9.4461],[125.5969,9.4551],[125.5576,9.4591]]]]},"properties":{"ADM3_EN":"Alegria","name":"Alegria","ADM3_PCODE":"PH166701000","psgc_code":"166701000","ADM2_EN":"Surigao del Norte","ADM2_PCODE":"PH1667","ADM1_EN":"Northern Mindanao & Caraga","ADM1_PCODE":"PH10","ADM0_EN":"Philippines (the)","ADM0_PCODE":"PH","region_key":"northern_mindanao_caraga","province_key":"surigao_del_norte","type":"Municipality"}},{"type":"Feature","geometry":{"type":"MultiPolygon","coordinates":[[[[125.6433,9.5365],[125.6388,9.5259],[125.6381,9.5154],[125.6348,9.5058],[125.6134,9.5297],[125.6045,9.544],[125.5963,9.5606],[125.5872,9.6028],[125.5933,9.6029],[125.604,9.6064],[125.6191,9.6066],[125.6336,9.6155],[125.6408,9.6094],[125.6528,9.6044],[125.6546,9.5992],[125.6542,9.6047],[125.6657,9.6004],[125.6842,9.6019],[125.6783,9.5964],[125.6739,9.5894],[125.6642,9.5891],[125.6632,9.5857],[125.6686,9.5825],[125.6691,9.5803],[125.6655,9.5762],[125.6636,9.5674],[125.6555,9.5577],[125.6433,9.5365]]]]},"properties":{"ADM3_EN":"Bacuag","name":"Bacuag","ADM3_PCODE":"PH166702000","psgc_code":"166702000","ADM2_EN":"Surigao del Norte","ADM2_PCODE":"PH1667","ADM1_EN":"Northern Mindanao & Caraga","ADM1_PCODE":"PH10","ADM0_EN":"Philippines (the)","ADM0_PCODE":"PH","region_key":"northern_mindanao_caraga","province_key":"surigao_del_norte","type":"Municipality"}},{"type":"Feature","geometry":{"type":"MultiPolygon","coordinates":[[[[126.0842,10.0078],[126.0839,10.0044],[126.0889,9.995],[126.0892,9.9898],[126.0882,9.9917],[126.0617,9.9869],[126.0569,10.0364],[126.0635,10.0431],[126.0705,10.0413],[126.0718,10.0347],[126.0703,10.0239],[126.0842,10.0078]]]]},"properties":{"ADM3_EN":"Burgos","name":"Burgos","ADM3_PCODE":"PH166704000","psgc_code":"166704000","ADM2_EN":"Surigao del Norte","ADM2_PCODE":"PH1667","ADM1_EN":"Northern Mindanao & Caraga","ADM1_PCODE":"PH10","ADM0_EN":"Philippines (the)","ADM0_PCODE":"PH","region_key":"northern_mindanao_caraga","province_key":"surigao_del_norte","type":"Municipality"}},{"type":"Feature","geometry":{"type":"MultiPolygon","coordinates":[[[[125.8798,9.4982],[125.8822,9.497],[125.8828,9.4983],[125.8886,9.4906],[125.8914,9.4911],[125.8911,9.4939],[125.8961,9.4947],[125.8979,9.4968],[125.9028,9.4947],[125.9039,9.4919],[125.9092,9.4911],[125.9108,9.4936],[125.9075,9.5021],[125.9178,9.4951],[125.7477,9.3246],[125.7484,9.3305],[125.7438,9.365],[125.7447,9.3747],[125.7435,9.3848],[125.731,9.4051],[125.7332,9.4974],[125.6696,9.4984],[125.6705,9.5373],[125.7071,9.5515],[125.7216,9.5758],[125.7271,9.5792],[125.7257,9.582],[125.7278,9.5846],[125.7231,9.5845],[125.7255,9.5863],[125.7321,9.5846],[125.7335,9.5834],[125.7326,9.582],[125.7356,9.5828],[125.7389,9.588],[125.7383,9.5917],[125.74,9.5917],[125.7419,9.5875],[125.739,9.5818],[125.7408,9.5656],[125.7461,9.5639],[125.7485,9.5652],[125.7595,9.5618],[125.7669,9.5531],[125.7705,9.5548],[125.7711,9.5567],[125.7824,9.553],[125.7892,9.5572],[125.7955,9.5542],[125.8012,9.554],[125.8164,9.5453],[125.8231,9.5469],[125.8311,9.5422],[125.8381,9.5403],[125.8405,9.5416],[125.8458,9.5411],[125.8514,9.5375],[125.8525,9.5383],[125.8606,9.5347],[125.8687,9.5239],[125.8676,9.5191],[125.8717,9.5161],[125.8737,9.5202],[125.8763,9.5173],[125.8778,9.5128],[125.873,9.5094],[125.8718,9.5032],[125.875,9.4991],[125.8798,9.4982]]],[[[125.8711,9.5397],[125.8688,9.5394],[125.8671,9.5406],[125.8695,9.5415],[125.8711,9.5397]]],[[[125.8442,9.5437],[125.8442,9.5447],[125.8411,9.5453],[125.8443,9.546],[125.8465,9.5446],[125.8451,9.5425],[125.8437,9.5426],[125.8442,9.5437]]],[[[125.8359,9.5443],[125.8342,9.5438],[125.8337,9.5442],[125.8345,9.5446],[125.8359,9.5443]]],[[[125.835,9.5542],[125.8371,9.5564],[125.8397,9.5554],[125.8377,9.5532],[125.835,9.5542]]],[[[125.7837,9.5708],[125.7845,9.5729],[125.7886,9.5675],[125.788,9.5672],[125.7837,9.5708]]],[[[125.7616,9.5825],[125.7653,9.5816],[125.7681,9.5783],[125.7639,9.5744],[125.7593,9.5771],[125.7555,9.5772],[125.7544,9.5792],[125.756,9.5838],[125.7616,9.5825]]]]},"properties":{"ADM3_EN":"Claver","name":"Claver","ADM3_PCODE":"PH166706000","psgc_code":"166706000","ADM2_EN":"Surigao del Norte","ADM2_PCODE":"PH1667","ADM1_EN":"Northern Mindanao & Caraga","ADM1_PCODE":"PH10","ADM0_EN":"Philippines (the)","ADM0_PCODE":"PH","region_key":"northern_mindanao_caraga","province_key":"surigao_del_norte","type":"Municipality"}},{"type":"Feature","geometry":{"type":"MultiPolygon","coordinates":[[[[126.0183,9.6863],[126.0193,9.6876],[126.0208,9.6873],[126.0201,9.6858],[126.0183,9.6863]]],[[[125.9949,9.6862],[125.9947,9.6886],[125.9951,9.6889],[125.9966,9.6863],[125.9949,9.6862]]],[[[126.0257,9.7053],[126.0283,9.7038],[126.0267,9.6989],[126.0242,9.6971],[126.0242,9.6919],[126.0208,9.6889],[126.0148,9.6908],[126.0123,9.6876],[126.0119,9.6894],[126.0096,9.6897],[126.0088,9.6824],[126.0056,9.6832],[126.0054,9.6852],[126.0071,9.687],[126.0061,9.6934],[126.0099,9.7002],[126.0095,9.7033],[126.0029,9.6961],[125.9978,9.6956],[125.9956,9.6914],[125.9883,9.6953],[125.9845,9.695],[125.9824,9.6972],[125.985,9.6886],[125.9836,9.6869],[125.9781,9.6869],[125.9747,9.6886],[125.9728,9.6925],[125.9731,9.7058],[125.9692,9.7083],[125.9661,9.7144],[125.9722,9.7239],[125.9758,9.7186],[125.9817,9.7208],[125.9828,9.7258],[125.9803,9.7278],[125.9815,9.7369],[125.9834,9.7359],[125.9823,9.7322],[125.9854,9.7298],[125.9866,9.7295],[125.987,9.7314],[125.9908,9.73],[125.9946,9.7254],[125.9986,9.7275],[126.0009,9.7269],[125.9994,9.7233],[125.9953,9.7231],[125.9953,9.7217],[125.9997,9.72],[126.0037,9.7208],[126.0042,9.7186],[126.0008,9.7171],[126.0046,9.716],[126.001,9.7124],[126.0048,9.7113],[126.0068,9.7075],[126.0134,9.7101],[126.011,9.715],[126.0155,9.7207],[126.0182,9.7205],[126.0191,9.717],[126.0225,9.7176],[126.0232,9.7204],[126.0167,9.7253],[126.0194,9.7278],[126.0262,9.727],[126.0264,9.7298],[126.0286,9.7317],[126.0272,9.733],[126.0278,9.7368],[126.03,9.7353],[126.0304,9.7321],[126.0373,9.7265],[126.0405,9.7277],[126.0452,9.733],[126.0502,9.7314],[126.0576,9.7321],[126.0631,9.7277],[126.0656,9.7299],[126.066,9.7267],[126.0712,9.7284],[126.0707,9.7257],[126.0664,9.7251],[126.0652,9.7229],[126.0651,9.7217],[126.0691,9.7209],[126.0689,9.7193],[126.0656,9.72],[126.0646,9.7153],[126.0664,9.7113],[126.0704,9.7095],[126.0684,9.7068],[126.0558,9.7048],[126.0526,9.7066],[126.0465,9.7069],[126.0422,9.7033],[126.04,9.7036],[126.0353,9.7128],[126.0287,9.7072],[126.0231,9.7073],[126.0257,9.7053]]],[[[126.0301,9.6922],[126.0313,9.6931],[126.0308,9.6903],[126.0297,9.6906],[126.0301,9.6922]]],[[[126.0369,9.7],[126.0385,9.7007],[126.04,9.6992],[126.0378,9.698],[126.0369,9.7]]],[[[126.0461,9.7339],[126.0417,9.7361],[126.0414,9.7397],[126.0489,9.7378],[126.0478,9.7339],[126.0461,9.7339]]],[[[126.0246,9.77],[126.0264,9.7653],[126.0235,9.7603],[126.0294,9.756],[126.0349,9.7568],[126.0366,9.7521],[126.0327,9.7448],[126.0304,9.7479],[126.027,9.7473],[126.0171,9.7537],[126.0088,9.7647],[126.0088,9.7709],[126.0035,9.7749],[126.0026,9.7764],[126.0017,9.7804],[126.0025,9.7774],[126.008,9.781],[126.0165,9.7921],[126.0326,9.8381],[126.0739,9.8347],[126.1244,9.8358],[126.1258,9.8324],[126.1113,9.809],[126.1074,9.7999],[126.1078,9.7808],[126.1141,9.7744],[126.1205,9.7608],[126.1126,9.7568],[126.1143,9.7476],[126.0944,9.7473],[126.0849,9.7498],[126.0745,9.7499],[126.0667,9.7535],[126.0514,9.7542],[126.0456,9.7604],[126.042,9.7607],[126.0423,9.7632],[126.0406,9.7635],[126.0412,9.7617],[126.0398,9.7614],[126.029,9.7669],[126.0272,9.7648],[126.0251,9.7711],[126.0246,9.77]]],[[[126.0442,9.7514],[126.0453,9.7486],[126.0422,9.7431],[126.0356,9.7433],[126.04,9.7517],[126.0442,9.7514]]],[[[126.0869,9.6978],[126.0917,9.6928],[126.0881,9.6914],[126.0864,9.6883],[126.0836,9.69],[126.0808,9.6886],[126.0786,9.6897],[126.0728,9.6953],[126.0755,9.6978],[126.0869,9.6978]]],[[[126.1202,9.7561],[126.1179,9.7557],[126.1145,9.7567],[126.1208,9.76],[126.1231,9.7564],[126.1202,9.7561]]]]},"properties":{"ADM3_EN":"Dapa","name":"Dapa","ADM3_PCODE":"PH166707000","psgc_code":"166707000","ADM2_EN":"Surigao del Norte","ADM2_PCODE":"PH1667","ADM1_EN":"Northern Mindanao & Caraga","ADM1_PCODE":"PH10","ADM0_EN":"Philippines (the)","ADM0_PCODE":"PH","region_key":"northern_mindanao_caraga","province_key":"surigao_del_norte","type":"Municipality"}},{"type":"Feature","geometry":{"type":"MultiPolygon","coordinates":[[[[126.002,9.7798],[125.9975,9.7839],[125.9958,9.7906],[125.9903,9.7947],[125.9889,9.8006],[125.983,9.8075],[125.9794,9.81],[125.9738,9.8096],[125.9715,9.8119],[125.9731,9.8133],[125.9722,9.8197],[125.975,9.8206],[125.9854,9.8147],[125.9878,9.8151],[125.9856,9.8159],[125.9871,9.819],[125.9826,9.8171],[125.9767,9.8201],[125.9747,9.8256],[125.9594,9.825],[125.9597,9.8286],[125.9639,9.8319],[125.9622,9.8325],[125.96,9.8306],[125.9561,9.8342],[125.9486,9.8347],[125.9518,9.8369],[125.9539,9.8414],[125.9509,9.84],[125.9529,9.8433],[125.95,9.8469],[125.9578,9.8522],[125.9594,9.8552],[125.9631,9.855],[125.9647,9.8511],[125.9686,9.8508],[125.9742,9.8556],[125.9792,9.8553],[125.9881,9.8592],[125.9932,9.8563],[125.9943,9.8584],[125.9899,9.8601],[125.9836,9.8594],[125.9753,9.8622],[125.9679,9.868],[125.9683,9.8703],[125.9652,9.8695],[125.9616,9.8744],[125.9597,9.8806],[125.9658,9.8922],[125.9653,9.8956],[125.9675,9.8997],[125.9731,9.9033],[125.9746,9.9063],[125.9879,9.9153],[125.9955,9.9088],[125.9987,9.9082],[126.0358,9.9155],[126.0351,9.8989],[126.045,9.8846],[126.0402,9.8706],[126.0309,9.8302],[126.0193,9.7986],[126.0165,9.7921],[126.008,9.781],[126.0025,9.7774],[126.002,9.7798]]],[[[125.9807,9.8584],[125.9792,9.8567],[125.9761,9.8583],[125.9724,9.8569],[125.9717,9.8597],[125.9742,9.8617],[125.9808,9.8597],[125.9807,9.8584]]],[[[125.9719,9.8547],[125.9681,9.8519],[125.9645,9.8521],[125.965,9.8544],[125.9708,9.8586],[125.9719,9.8547]]],[[[125.9651,9.8556],[125.9625,9.8557],[125.9667,9.8594],[125.9686,9.8657],[125.9708,9.86],[125.9651,9.8556]]],[[[125.9751,9.8562],[125.9761,9.8573],[125.9769,9.8561],[125.9764,9.8558],[125.9751,9.8562]]],[[[125.9717,9.8636],[125.9734,9.863],[125.9737,9.8624],[125.9719,9.8617],[125.9717,9.8636]]],[[[125.9538,9.8921],[125.9592,9.8883],[125.9589,9.8783],[125.9606,9.8739],[125.9675,9.8658],[125.9658,9.8614],[125.9619,9.8572],[125.9589,9.8561],[125.9542,9.8511],[125.9483,9.8497],[125.9361,9.8575],[125.9342,9.8622],[125.925,9.8653],[125.9239,9.8683],[125.9279,9.8696],[125.9301,9.8751],[125.9336,9.8761],[125.9314,9.8789],[125.9381,9.8853],[125.9428,9.8867],[125.9457,9.891],[125.9474,9.8889],[125.9461,9.8856],[125.947,9.8847],[125.9497,9.892],[125.9514,9.8931],[125.9538,9.8921]]],[[[125.9607,9.8893],[125.9619,9.8875],[125.9607,9.8867],[125.9603,9.8878],[125.9607,9.8893]]],[[[125.9478,9.9118],[125.9623,9.9098],[125.955,9.9019],[125.9482,9.891],[125.9456,9.8919],[125.9428,9.8883],[125.933,9.8842],[125.9297,9.8869],[125.9311,9.8924],[125.9298,9.8931],[125.9295,9.8915],[125.9258,9.8936],[125.9292,9.8899],[125.9256,9.8801],[125.9234,9.8793],[125.9242,9.8833],[125.9183,9.8839],[125.9139,9.8817],[125.9172,9.8775],[125.9233,9.8786],[125.9208,9.876],[125.9205,9.8731],[125.9144,9.8747],[125.9111,9.8792],[125.9083,9.8786],[125.906,9.8809],[125.9079,9.8861],[125.9067,9.8911],[125.9136,9.8836],[125.9125,9.8867],[125.9231,9.8942],[125.925,9.9036],[125.9333,9.9025],[125.9311,9.905],[125.928,9.9044],[125.9289,9.9086],[125.9353,9.9083],[125.938,9.9134],[125.9478,9.9118]]],[[[125.9044,9.8969],[125.9042,9.8999],[125.9056,9.9013],[125.9067,9.8969],[125.9053,9.8953],[125.9044,9.8969]]],[[[125.9083,9.8985],[125.9095,9.8999],[125.9103,9.9],[125.9092,9.8967],[125.9083,9.8985]]],[[[125.8916,9.9009],[125.892,9.8999],[125.891,9.8992],[125.8909,9.9008],[125.8916,9.9009]]],[[[125.9011,9.9183],[125.9092,9.9119],[125.9086,9.91],[125.9114,9.9069],[125.9069,9.9067],[125.9,9.8942],[125.8954,9.895],[125.8933,9.8928],[125.8919,9.8961],[125.8949,9.8985],[125.8953,9.9028],[125.8914,9.9064],[125.8942,9.9092],[125.8947,9.9156],[125.8989,9.9192],[125.9011,9.9183]]],[[[125.9247,9.9056],[125.9242,9.9069],[125.9264,9.9067],[125.9261,9.9056],[125.9247,9.9056]]],[[[125.8714,9.9005],[125.8645,9.9005],[125.8618,9.9085],[125.8657,9.9192],[125.8685,9.9215],[125.8705,9.9214],[125.8726,9.9186],[125.8747,9.9087],[125.8774,9.9036],[125.8775,9.901],[125.8714,9.9005]]],[[[125.8955,9.9218],[125.8941,9.9203],[125.8915,9.9226],[125.8938,9.9232],[125.8955,9.9218]]],[[[125.8086,9.9189],[125.8053,9.9211],[125.8092,9.9292],[125.8108,9.9297],[125.8131,9.9253],[125.8114,9.9206],[125.8086,9.9189]]]]},"properties":{"ADM3_EN":"Del Carmen","name":"Del Carmen","ADM3_PCODE":"PH166708000","psgc_code":"166708000","ADM2_EN":"Surigao del Norte","ADM2_PCODE":"PH1667","ADM1_EN":"Northern Mindanao & Caraga","ADM1_PCODE":"PH10","ADM0_EN":"Philippines (the)","ADM0_PCODE":"PH","region_key":"northern_mindanao_caraga","province_key":"surigao_del_norte","type":"Municipality"}},{"type":"Feature","geometry":{"type":"MultiPolygon","coordinates":[[[[126.1794,9.6044],[126.1792,9.6019],[126.1764,9.6053],[126.1789,9.6056],[126.1794,9.6044]]],[[[126.1794,9.6133],[126.182,9.6136],[126.1831,9.6122],[126.1783,9.61],[126.1761,9.6069],[126.1708,9.6086],[126.1764,9.615],[126.1794,9.6133]]],[[[126.1803,9.6247],[126.1797,9.6219],[126.1767,9.6189],[126.1725,9.6233],[126.1722,9.6306],[126.1745,9.6347],[126.1742,9.6386],[126.1778,9.6414],[126.1822,9.6408],[126.1839,9.6386],[126.1811,9.6392],[126.18,9.6372],[126.1803,9.6247]]],[[[126.1728,9.7456],[126.1736,9.7414],[126.1722,9.7394],[126.1645,9.7353],[126.1566,9.7357],[126.1531,9.7381],[126.1556,9.7425],[126.1667,9.7458],[126.1728,9.7456]]],[[[126.1507,9.7792],[126.1317,9.7711],[126.1284,9.7666],[126.1276,9.7578],[126.1231,9.7564],[126.1141,9.7744],[126.1078,9.7808],[126.1074,9.7999],[126.1113,9.809],[126.1258,9.8324],[126.1244,9.8358],[126.126,9.8432],[126.1306,9.8426],[126.1354,9.845],[126.142,9.8454],[126.14,9.8383],[126.1438,9.8309],[126.1426,9.8262],[126.1449,9.8259],[126.1481,9.8215],[126.147,9.8196],[126.1502,9.8195],[126.1534,9.8145],[126.1487,9.8062],[126.153,9.8062],[126.156,9.8101],[126.1634,9.814],[126.1687,9.8111],[126.1681,9.8051],[126.1633,9.8058],[126.1614,9.8014],[126.1639,9.7864],[126.1578,9.781],[126.1507,9.7792]]],[[[126.1692,9.7653],[126.1686,9.7642],[126.1669,9.7647],[126.1683,9.7664],[126.1692,9.7653]]],[[[126.1741,9.7724],[126.1725,9.774],[126.1737,9.7753],[126.1751,9.7731],[126.1741,9.7724]]],[[[126.1686,9.7871],[126.1679,9.7884],[126.1713,9.7909],[126.1717,9.7874],[126.1686,9.7871]]],[[[126.1466,9.6151],[126.1472,9.6131],[126.1453,9.6106],[126.1389,9.6078],[126.1328,9.6019],[126.1297,9.6022],[126.1303,9.6061],[126.1353,9.6111],[126.1442,9.6161],[126.1466,9.6151]]],[[[126.1321,9.7547],[126.1304,9.7528],[126.1298,9.7531],[126.1304,9.7561],[126.1323,9.756],[126.1321,9.7547]]]]},"properties":{"ADM3_EN":"General Luna","name":"General Luna","ADM3_PCODE":"PH166710000","psgc_code":"166710000","ADM2_EN":"Surigao del Norte","ADM2_PCODE":"PH1667","ADM1_EN":"Northern Mindanao & Caraga","ADM1_PCODE":"PH10","ADM0_EN":"Philippines (the)","ADM0_PCODE":"PH","region_key":"northern_mindanao_caraga","province_key":"surigao_del_norte","type":"Municipality"}},{"type":"Feature","geometry":{"type":"MultiPolygon","coordinates":[[[[125.7226,9.4147],[125.6984,9.4306],[125.6816,9.4375],[125.6595,9.4432],[125.6374,9.5031],[125.6348,9.5058],[125.6381,9.5154],[125.6388,9.5259],[125.6433,9.5365],[125.6555,9.5577],[125.6636,9.5674],[125.6655,9.5762],[125.6691,9.5803],[125.6686,9.5825],[125.6632,9.5857],[125.6642,9.5891],[125.6703,9.5892],[125.6719,9.5875],[125.675,9.5886],[125.6794,9.595],[125.6898,9.6007],[125.6876,9.6028],[125.7017,9.5966],[125.7099,9.5975],[125.7146,9.5906],[125.7204,9.5865],[125.7167,9.5869],[125.7125,9.585],[125.7278,9.5846],[125.7257,9.582],[125.7271,9.5792],[125.7216,9.5758],[125.7071,9.5515],[125.6705,9.5373],[125.6696,9.4984],[125.7332,9.4974],[125.731,9.4051],[125.7226,9.4147]]],[[[125.7144,9.603],[125.7139,9.6052],[125.7153,9.6066],[125.7181,9.6063],[125.7158,9.6022],[125.7144,9.603]]],[[[125.713,9.6524],[125.7131,9.6544],[125.7144,9.655],[125.7149,9.6523],[125.713,9.6524]]],[[[125.7087,9.6636],[125.7085,9.6661],[125.7091,9.6662],[125.7099,9.6628],[125.7087,9.6636]]]]},"properties":{"ADM3_EN":"Gigaquit","name":"Gigaquit","ADM3_PCODE":"PH166711000","psgc_code":"166711000","ADM2_EN":"Surigao del Norte","ADM2_PCODE":"PH1667","ADM1_EN":"Northern Mindanao & Caraga","ADM1_PCODE":"PH10","ADM0_EN":"Philippines (the)","ADM0_PCODE":"PH","region_key":"northern_mindanao_caraga","province_key":"surigao_del_norte","type":"Municipality"}},{"type":"Feature","geometry":{"type":"MultiPolygon","coordinates":[[[[125.4685,9.4859],[125.453,9.5981],[125.4465,9.6365],[125.5382,9.607],[125.535,9.57],[125.5399,9.5648],[125.5668,9.5451],[125.6045,9.544],[125.5515,9.522],[125.5434,9.5285],[125.5388,9.5288],[125.529,9.5337],[125.5077,9.5341],[125.4972,9.5368],[125.4945,9.536],[125.4925,9.5374],[125.4897,9.5323],[125.492,9.528],[125.4861,9.527],[125.4756,9.5155],[125.4766,9.5056],[125.479,9.5004],[125.4779,9.4897],[125.48,9.4862],[125.4785,9.4824],[125.4799,9.472],[125.4897,9.456],[125.4726,9.4477],[125.4685,9.4859]]]]},"properties":{"ADM3_EN":"Mainit","name":"Mainit","ADM3_PCODE":"PH166714000","psgc_code":"166714000","ADM2_EN":"Surigao del Norte","ADM2_PCODE":"PH1667","ADM1_EN":"Northern Mindanao & Caraga","ADM1_PCODE":"PH10","ADM0_EN":"Philippines (the)","ADM0_PCODE":"PH","region_key":"northern_mindanao_caraga","province_key":"surigao_del_norte","type":"Municipality"}},{"type":"Feature","geometry":{"type":"MultiPolygon","coordinates":[[[[125.4538,9.4418],[125.4536,9.4481],[125.45,9.4542],[125.4469,9.4565],[125.448,9.4739],[125.4391,9.4808],[125.4369,9.4846],[125.4344,9.5031],[125.4294,9.5178],[125.4289,9.5292],[125.4219,9.5557],[125.4094,9.5825],[125.4042,9.605],[125.4011,9.6106],[125.3909,9.6561],[125.3947,9.6599],[125.3931,9.6754],[125.4342,9.6743],[125.4367,9.6618],[125.4465,9.6365],[125.4723,9.4587],[125.4726,9.4477],[125.4531,9.4396],[125.4538,9.4418]]]]},"properties":{"ADM3_EN":"Malimono","name":"Malimono","ADM3_PCODE":"PH166715000","psgc_code":"166715000","ADM2_EN":"Surigao del Norte","ADM2_PCODE":"PH1667","ADM1_EN":"Northern Mindanao & Caraga","ADM1_PCODE":"PH10","ADM0_EN":"Philippines (the)","ADM0_PCODE":"PH","region_key":"northern_mindanao_caraga","province_key":"surigao_del_norte","type":"Municipality"}},{"type":"Feature","geometry":{"type":"MultiPolygon","coordinates":[[[[126.0378,9.859],[126.0436,9.8822],[126.048,9.8886],[126.114,9.9239],[126.116,9.9178],[126.1136,9.9135],[126.1151,9.9101],[126.1142,9.9002],[126.1117,9.8994],[126.1106,9.8972],[126.1118,9.8947],[126.1146,9.8941],[126.1137,9.8927],[126.1154,9.8916],[126.121,9.8782],[126.1206,9.8754],[126.1178,9.8745],[126.1179,9.8684],[126.112,9.8642],[126.1005,9.8619],[126.0956,9.8656],[126.0873,9.8659],[126.0889,9.8608],[126.0925,9.8636],[126.0972,9.8638],[126.0987,9.858],[126.0967,9.8533],[126.0914,9.8499],[126.0886,9.8503],[126.0817,9.8434],[126.0859,9.8442],[126.0889,9.8489],[126.0936,9.8492],[126.1003,9.8542],[126.1036,9.8524],[126.1072,9.8536],[126.1067,9.8467],[126.1086,9.8461],[126.1117,9.8512],[126.115,9.8501],[126.1184,9.8432],[126.1223,9.8413],[126.1225,9.8374],[126.1239,9.8373],[126.125,9.8416],[126.1244,9.8358],[126.0739,9.8347],[126.0326,9.8381],[126.0378,9.859]]],[[[126.1147,9.8565],[126.1158,9.8574],[126.1167,9.8561],[126.1147,9.8553],[126.1147,9.8565]]]]},"properties":{"ADM3_EN":"Pilar","name":"Pilar","ADM3_PCODE":"PH166716000","psgc_code":"166716000","ADM2_EN":"Surigao del Norte","ADM2_PCODE":"PH1667","ADM1_EN":"Northern Mindanao & Caraga","ADM1_PCODE":"PH10","ADM0_EN":"Philippines (the)","ADM0_PCODE":"PH","region_key":"northern_mindanao_caraga","province_key":"surigao_del_norte","type":"Municipality"}},{"type":"Feature","geometry":{"type":"MultiPolygon","coordinates":[[[[125.6069,9.6066],[125.5933,9.6029],[125.5872,9.6028],[125.5414,9.606],[125.4465,9.6365],[125.5397,9.6531],[125.5479,9.6503],[125.5898,9.6696],[125.6022,9.6779],[125.6061,9.6777],[125.6062,9.6742],[125.6024,9.6748],[125.5998,9.6733],[125.5991,9.665],[125.5972,9.6614],[125.5987,9.6579],[125.6031,9.6596],[125.6047,9.6569],[125.6033,9.6561],[125.6058,9.6518],[125.6046,9.6464],[125.6061,9.64],[125.6142,9.6439],[125.6178,9.6435],[125.6184,9.6398],[125.6101,9.6354],[125.6108,9.6325],[125.6093,9.6307],[125.6155,9.6339],[125.6203,9.6261],[125.6235,9.6264],[125.6208,9.6236],[125.6233,9.6231],[125.6255,9.6263],[125.6292,9.6195],[125.6336,9.6155],[125.6191,9.6066],[125.6069,9.6066]]],[[[125.6601,9.6725],[125.6622,9.6679],[125.6559,9.6676],[125.6584,9.664],[125.6503,9.6644],[125.6436,9.6692],[125.6436,9.6858],[125.6414,9.6947],[125.6431,9.6981],[125.6389,9.6989],[125.6546,9.7056],[125.6592,9.7041],[125.6567,9.7013],[125.6608,9.6981],[125.6582,9.6961],[125.6556,9.6894],[125.6575,9.6887],[125.6584,9.685],[125.657,9.6765],[125.6601,9.6725]]],[[[125.6746,9.6774],[125.6724,9.6742],[125.6693,9.678],[125.6728,9.6807],[125.6747,9.68],[125.6746,9.6774]]],[[[125.6601,9.685],[125.6604,9.6857],[125.6616,9.6857],[125.6612,9.6846],[125.6601,9.685]]],[[[125.6672,9.6875],[125.6686,9.6872],[125.6674,9.6859],[125.6667,9.6865],[125.6672,9.6875]]],[[[125.6658,9.7089],[125.6733,9.7033],[125.6739,9.6992],[125.6756,9.7025],[125.6733,9.7069],[125.675,9.7069],[125.6772,9.7008],[125.6717,9.6914],[125.67,9.6933],[125.6647,9.6903],[125.6633,9.6914],[125.6642,9.6958],[125.6675,9.6947],[125.6694,9.6978],[125.6686,9.6997],[125.6642,9.7006],[125.6678,9.7036],[125.6669,9.7047],[125.6622,9.7039],[125.6647,9.7061],[125.6628,9.7069],[125.6622,9.7108],[125.6658,9.7089]]]]},"properties":{"ADM3_EN":"Placer","name":"Placer","ADM3_PCODE":"PH166717000","psgc_code":"166717000","ADM2_EN":"Surigao del Norte","ADM2_PCODE":"PH1667","ADM1_EN":"Northern Mindanao & Caraga","ADM1_PCODE":"PH10","ADM0_EN":"Philippines (the)","ADM0_PCODE":"PH","region_key":"northern_mindanao_caraga","province_key":"surigao_del_norte","type":"Municipality"}},{"type":"Feature","geometry":{"type":"MultiPolygon","coordinates":[[[[125.9739,9.913],[125.9697,9.9081],[125.9677,9.9089],[125.9693,9.9152],[125.9739,9.913]]],[[[125.9395,9.9286],[125.9408,9.9258],[125.9355,9.9258],[125.9361,9.9231],[125.9383,9.9227],[125.9381,9.9195],[125.9353,9.9201],[125.9374,9.9168],[125.9367,9.9144],[125.9359,9.9166],[125.9314,9.9189],[125.9328,9.9217],[125.932,9.9267],[125.9353,9.9275],[125.9372,9.9299],[125.9395,9.9286]]],[[[126.0092,9.9099],[125.9955,9.9088],[125.9879,9.9153],[125.9773,9.9069],[125.9746,9.9063],[125.9818,9.9133],[125.9725,9.9067],[125.9714,9.9078],[125.9753,9.9119],[125.9725,9.9146],[125.9739,9.9181],[125.9733,9.9228],[125.9797,9.9303],[125.9833,9.9383],[125.987,9.9378],[125.9931,9.9419],[125.9953,9.9408],[125.9945,9.9433],[125.9993,9.9538],[126.0038,9.9562],[126.0137,9.9706],[126.0217,9.9765],[126.0298,9.997],[126.03,10.0008],[126.0342,10.0042],[126.0372,10.0042],[126.0522,9.9964],[126.0526,9.9878],[126.0548,9.9859],[126.049,9.9716],[126.0378,9.922],[126.0358,9.9155],[126.0092,9.9099]]],[[[125.9532,9.9114],[125.9381,9.9138],[125.9395,9.9178],[125.9458,9.9219],[125.947,9.9267],[125.9514,9.9281],[125.9545,9.9273],[125.9547,9.9258],[125.9592,9.9289],[125.9536,9.9314],[125.9519,9.9353],[125.9589,9.932],[125.9631,9.9333],[125.9667,9.9369],[125.9682,9.9416],[125.973,9.9414],[125.9738,9.94],[125.9729,9.9423],[125.9704,9.9435],[125.9723,9.9464],[125.9694,9.9492],[125.9692,9.9536],[125.9664,9.9575],[125.9672,9.9628],[125.9692,9.9639],[125.9711,9.9608],[125.9744,9.96],[125.9719,9.9533],[125.9725,9.9494],[125.9781,9.9506],[125.9811,9.9464],[125.9811,9.9381],[125.9786,9.9314],[125.9717,9.9236],[125.9725,9.9175],[125.9694,9.9167],[125.9656,9.9108],[125.9653,9.9125],[125.9623,9.9098],[125.9532,9.9114]]],[[[126.0064,9.9878],[126.0055,9.9899],[126.0091,9.9886],[126.0079,9.9875],[126.0064,9.9878]]],[[[125.9868,9.9428],[125.9873,9.9468],[125.9898,9.9493],[125.9909,9.9477],[125.9894,9.9432],[125.9868,9.9428]]],[[[125.9739,9.9679],[125.9731,9.9704],[125.974,9.9709],[125.9747,9.9685],[125.9739,9.9679]]]]},"properties":{"ADM3_EN":"San Benito","name":"San Benito","ADM3_PCODE":"PH166718000","psgc_code":"166718000","ADM2_EN":"Surigao del Norte","ADM2_PCODE":"PH1667","ADM1_EN":"Northern Mindanao & Caraga","ADM1_PCODE":"PH10","ADM0_EN":"Philippines (the)","ADM0_PCODE":"PH","region_key":"northern_mindanao_caraga","province_key":"surigao_del_norte","type":"Municipality"}},{"type":"Feature","geometry":{"type":"MultiPolygon","coordinates":[[[[125.3927,9.6758],[125.3959,9.6899],[125.3944,9.7283],[125.3967,9.7344],[125.3967,9.7497],[125.4017,9.7639],[125.4008,9.7672],[125.4031,9.7697],[125.4117,9.7715],[125.4246,9.7829],[125.4268,9.7734],[125.431,9.7721],[125.4335,9.7603],[125.4359,9.7583],[125.4339,9.7486],[125.4354,9.7453],[125.4328,9.7402],[125.4363,9.7239],[125.4335,9.7161],[125.4348,9.7107],[125.4341,9.7031],[125.4354,9.7009],[125.4342,9.6936],[125.436,9.6902],[125.4342,9.6743],[125.3927,9.6758]]]]},"properties":{"ADM3_EN":"San Francisco","name":"San Francisco","ADM3_PCODE":"PH166719000","psgc_code":"166719000","ADM2_EN":"Surigao del Norte","ADM2_PCODE":"PH1667","ADM1_EN":"Northern Mindanao & Caraga","ADM1_PCODE":"PH10","ADM0_EN":"Philippines (the)","ADM0_PCODE":"PH","region_key":"northern_mindanao_caraga","province_key":"surigao_del_norte","type":"Municipality"}},{"type":"Feature","geometry":{"type":"MultiPolygon","coordinates":[[[[126.0351,9.8989],[126.0358,9.9155],[126.0523,9.9819],[126.0548,9.9859],[126.0882,9.9917],[126.0895,9.9841],[126.0882,9.9821],[126.0942,9.973],[126.0974,9.9719],[126.0997,9.9642],[126.0983,9.9528],[126.1038,9.9454],[126.1023,9.9389],[126.1071,9.9367],[126.114,9.9239],[126.0521,9.8916],[126.045,9.8846],[126.0351,9.8989]]]]},"properties":{"ADM3_EN":"San Isidro","name":"San Isidro","ADM3_PCODE":"PH166720000","psgc_code":"166720000","ADM2_EN":"Surigao del Norte","ADM2_PCODE":"PH1667","ADM1_EN":"Northern Mindanao & Caraga","ADM1_PCODE":"PH10","ADM0_EN":"Philippines (the)","ADM0_PCODE":"PH","region_key":"northern_mindanao_caraga","province_key":"surigao_del_norte","type":"Municipality"}},{"type":"Feature","geometry":{"type":"MultiPolygon","coordinates":[[[[126.0342,10.0042],[126.0361,10.0068],[126.0344,10.0081],[126.0308,10.0063],[126.0297,10.0092],[126.0367,10.0186],[126.0292,10.0211],[126.0294,10.0292],[126.0342,10.0369],[126.0414,10.0411],[126.0433,10.0486],[126.0478,10.0539],[126.0536,10.0567],[126.0614,10.0639],[126.065,10.0625],[126.0714,10.055],[126.0728,10.0403],[126.0722,10.0336],[126.0714,10.0326],[126.0705,10.0413],[126.0673,10.0428],[126.0635,10.0431],[126.0569,10.0364],[126.0617,9.9869],[126.0546,9.9859],[126.0526,9.9878],[126.0522,9.9964],[126.0372,10.0042],[126.0342,10.0042]]]]},"properties":{"ADM3_EN":"Santa Monica","name":"Santa Monica","ADM3_PCODE":"PH166721000","psgc_code":"166721000","ADM2_EN":"Surigao del Norte","ADM2_PCODE":"PH1667","ADM1_EN":"Northern Mindanao & Caraga","ADM1_PCODE":"PH10","ADM0_EN":"Philippines (the)","ADM0_PCODE":"PH","region_key":"northern_mindanao_caraga","province_key":"surigao_del_norte","type":"Municipality"}},{"type":"Feature","geometry":{"type":"MultiPolygon","coordinates":[[[[125.5404,9.6657],[125.5397,9.6531],[125.4465,9.6365],[125.4367,9.6618],[125.4342,9.6743],[125.436,9.6902],[125.4343,9.6949],[125.488,9.6905],[125.4919,9.6933],[125.4931,9.692],[125.4954,9.6996],[125.5213,9.7129],[125.5297,9.7197],[125.5409,9.7016],[125.5404,9.6657]]]]},"properties":{"ADM3_EN":"Sison","name":"Sison","ADM3_PCODE":"PH166722000","psgc_code":"166722000","ADM2_EN":"Surigao del Norte","ADM2_PCODE":"PH1667","ADM1_EN":"Northern Mindanao & Caraga","ADM1_PCODE":"PH10","ADM0_EN":"Philippines (the)","ADM0_PCODE":"PH","region_key":"northern_mindanao_caraga","province_key":"surigao_del_norte","type":"Municipality"}},{"type":"Feature","geometry":{"type":"MultiPolygon","coordinates":[[[[125.9321,9.5674],[125.928,9.5656],[125.9272,9.5661],[125.9278,9.5678],[125.9328,9.5683],[125.9321,9.5674]]],[[[125.9247,9.5739],[125.9232,9.5733],[125.9231,9.5775],[125.9254,9.5789],[125.9247,9.5739]]],[[[125.9452,9.5617],[125.9411,9.5617],[125.9409,9.5599],[125.9386,9.5592],[125.9367,9.5612],[125.9322,9.5619],[125.9395,9.5669],[125.9381,9.5742],[125.9351,9.5771],[125.9294,9.5792],[125.93,9.5813],[125.9269,9.5792],[125.9208,9.5811],[125.9183,9.5803],[125.9183,9.5828],[125.9167,9.5814],[125.9128,9.5822],[125.9119,9.5878],[125.9142,9.5892],[125.9111,9.5914],[125.9097,9.5908],[125.9075,9.5947],[125.9044,9.5953],[125.9035,9.5974],[125.9061,9.5963],[125.9069,9.5975],[125.91,9.5937],[125.9106,9.5958],[125.9125,9.5961],[125.9137,9.5933],[125.9186,9.5991],[125.9189,9.5972],[125.9205,9.5992],[125.9217,9.5984],[125.9204,9.5958],[125.9254,9.5971],[125.9278,9.595],[125.9293,9.596],[125.9291,9.5983],[125.9253,9.5976],[125.9225,9.6003],[125.9175,9.5995],[125.9139,9.5969],[125.9111,9.6016],[125.9124,9.6043],[125.9106,9.6081],[125.9044,9.6133],[125.9008,9.6133],[125.8969,9.6158],[125.8939,9.6149],[125.8955,9.6132],[125.8908,9.6106],[125.8878,9.6114],[125.8882,9.6163],[125.8908,9.6182],[125.8902,9.622],[125.8928,9.6222],[125.895,9.6194],[125.8983,9.6238],[125.8973,9.6195],[125.8983,9.6186],[125.9003,9.6236],[125.9028,9.621],[125.9062,9.6234],[125.9023,9.6268],[125.8992,9.625],[125.8964,9.6275],[125.8976,9.6292],[125.8997,9.6284],[125.9011,9.6322],[125.9034,9.6294],[125.9066,9.6296],[125.9092,9.6253],[125.9103,9.6264],[125.9086,9.6319],[125.9017,9.6381],[125.9089,9.6508],[125.907,9.6539],[125.9133,9.6561],[125.9206,9.6511],[125.9265,9.6549],[125.9269,9.67],[125.9236,9.6722],[125.9269,9.6744],[125.9228,9.675],[125.9203,9.6775],[125.9186,9.6831],[125.9205,9.6894],[125.9156,9.6953],[125.9247,9.7028],[125.9189,9.7083],[125.9175,9.7072],[125.9197,9.7044],[125.9183,9.7031],[125.915,9.7028],[125.9114,9.7058],[125.9106,9.7108],[125.9058,9.72],[125.9069,9.7231],[125.9111,9.7261],[125.9204,9.7275],[125.916,9.7362],[125.9111,9.7397],[125.9164,9.7465],[125.9137,9.7507],[125.9136,9.755],[125.9193,9.7596],[125.9181,9.7535],[125.9193,9.7524],[125.9231,9.7544],[125.9269,9.7542],[125.9328,9.7606],[125.9378,9.7581],[125.9408,9.7608],[125.9467,9.7564],[125.9464,9.7539],[125.9439,9.7517],[125.9406,9.7514],[125.9375,9.7478],[125.9395,9.7467],[125.9425,9.7478],[125.9475,9.7453],[125.9448,9.74],[125.94,9.7378],[125.9395,9.7341],[125.9517,9.7408],[125.9536,9.7378],[125.9597,9.7342],[125.9614,9.7358],[125.9589,9.7403],[125.9597,9.745],[125.9619,9.7461],[125.9643,9.7438],[125.9665,9.7384],[125.9652,9.735],[125.9686,9.7325],[125.9711,9.7275],[125.9639,9.725],[125.9647,9.7318],[125.9617,9.7303],[125.9597,9.7203],[125.9628,9.6958],[125.9619,9.6947],[125.9592,9.6956],[125.9613,9.6927],[125.9622,9.6874],[125.9647,9.6858],[125.9687,9.6862],[125.9714,9.6841],[125.9719,9.6864],[125.975,9.6869],[125.9769,9.6849],[125.9856,9.6839],[125.9875,9.68],[125.9853,9.6739],[125.9905,9.6653],[125.9892,9.6586],[125.9867,9.6547],[125.988,9.645],[125.9863,9.6409],[125.9808,9.6342],[125.9791,9.6341],[125.9753,9.6263],[125.9717,9.6263],[125.9672,9.6231],[125.9656,9.6154],[125.9661,9.6044],[125.9683,9.6014],[125.9695,9.593],[125.971,9.5912],[125.971,9.5845],[125.9669,9.5803],[125.9621,9.5669],[125.9514,9.5619],[125.9452,9.5617]]],[[[125.9336,9.5714],[125.9344,9.5736],[125.9363,9.5715],[125.9354,9.5707],[125.9336,9.5714]]]]},"properties":{"ADM3_EN":"Socorro","name":"Socorro","ADM3_PCODE":"PH166723000","psgc_code":"166723000","ADM2_EN":"Surigao del Norte","ADM2_PCODE":"PH1667","ADM1_EN":"Northern Mindanao & Caraga","ADM1_PCODE":"PH10","ADM0_EN":"Philippines (the)","ADM0_PCODE":"PH","region_key":"northern_mindanao_caraga","province_key":"surigao_del_norte","type":"Municipality"}},{"type":"Feature","geometry":{"type":"MultiPolygon","coordinates":[[[[125.4354,9.6992],[125.4335,9.7161],[125.4363,9.7239],[125.4328,9.7402],[125.4354,9.7453],[125.4339,9.7486],[125.4359,9.7583],[125.4335,9.7603],[125.431,9.7721],[125.4268,9.7734],[125.4246,9.7829],[125.4286,9.7872],[125.4378,9.7906],[125.44,9.7939],[125.4389,9.8114],[125.4353,9.8214],[125.4369,9.8239],[125.4453,9.8236],[125.4581,9.8119],[125.4581,9.8014],[125.4483,9.7947],[125.4509,9.7901],[125.4567,9.7892],[125.4575,9.7919],[125.46,9.7911],[125.4636,9.7947],[125.4664,9.7928],[125.4711,9.7936],[125.4703,9.7953],[125.4656,9.7944],[125.4678,9.7969],[125.4667,9.7978],[125.4614,9.795],[125.4592,9.7961],[125.4583,9.7936],[125.4569,9.7939],[125.4564,9.7983],[125.4589,9.7972],[125.4581,9.7989],[125.4603,9.8014],[125.4731,9.7978],[125.4726,9.7948],[125.476,9.7987],[125.4825,9.7931],[125.4875,9.7917],[125.4967,9.7939],[125.4966,9.7912],[125.502,9.7825],[125.497,9.7793],[125.4961,9.7769],[125.4986,9.7739],[125.5008,9.7761],[125.4994,9.7714],[125.4967,9.7694],[125.4983,9.7686],[125.5041,9.7713],[125.5063,9.7656],[125.5075,9.7669],[125.5178,9.7653],[125.52,9.7675],[125.5212,9.7661],[125.5236,9.7681],[125.5269,9.7678],[125.5306,9.7722],[125.5317,9.7775],[125.5347,9.7797],[125.5406,9.7797],[125.5439,9.7769],[125.5495,9.7758],[125.5597,9.7772],[125.5619,9.7728],[125.5613,9.7672],[125.5467,9.7697],[125.5575,9.7636],[125.5572,9.7536],[125.5592,9.7519],[125.5669,9.7539],[125.5728,9.7619],[125.5765,9.7582],[125.5749,9.7531],[125.5708,9.7497],[125.5703,9.7467],[125.5669,9.7431],[125.5667,9.7384],[125.5616,9.7316],[125.5475,9.7282],[125.5297,9.7197],[125.5213,9.7129],[125.4954,9.6996],[125.493,9.692],[125.4919,9.6933],[125.488,9.6905],[125.4343,9.6949],[125.4354,9.6992]]],[[[125.5792,9.7619],[125.5769,9.7594],[125.5747,9.7622],[125.5783,9.7633],[125.5792,9.7619]]],[[[125.504,9.781],[125.5052,9.7815],[125.5058,9.7808],[125.5041,9.7799],[125.504,9.781]]],[[[125.5675,9.7606],[125.5656,9.7609],[125.5649,9.762],[125.5678,9.7626],[125.5675,9.7606]]],[[[125.5797,9.7689],[125.5807,9.7701],[125.5825,9.7692],[125.5811,9.767],[125.5794,9.7676],[125.5797,9.7689]]],[[[125.5558,9.7783],[125.5492,9.7769],[125.5439,9.7783],[125.5419,9.78],[125.5422,9.7825],[125.5519,9.7884],[125.5545,9.7883],[125.5578,9.7858],[125.5589,9.7796],[125.5558,9.7783]]],[[[125.5464,9.7872],[125.5455,9.7874],[125.545,9.7894],[125.5477,9.7888],[125.5464,9.7872]]],[[[125.4453,9.9192],[125.4477,9.9142],[125.4458,9.9131],[125.44,9.917],[125.4417,9.92],[125.4453,9.9192]]],[[[125.4786,9.8381],[125.4808,9.8375],[125.4808,9.8361],[125.4778,9.8372],[125.4786,9.8381]]],[[[125.4989,9.9289],[125.5011,9.9256],[125.4972,9.9208],[125.4942,9.9208],[125.4919,9.9242],[125.4925,9.9258],[125.4961,9.93],[125.4989,9.9289]]],[[[125.6734,9.7543],[125.6722,9.7571],[125.6743,9.757],[125.6764,9.7543],[125.6761,9.7513],[125.6734,9.7543]]],[[[125.6542,9.7758],[125.6548,9.7737],[125.6678,9.767],[125.6688,9.7581],[125.6658,9.7539],[125.6649,9.756],[125.6578,9.7575],[125.6551,9.7541],[125.6528,9.755],[125.6522,9.7633],[125.6492,9.7658],[125.6505,9.7707],[125.6478,9.77],[125.6442,9.7661],[125.6373,9.7696],[125.6325,9.7697],[125.6394,9.7747],[125.6394,9.7778],[125.6378,9.7755],[125.6362,9.7758],[125.6362,9.7785],[125.638,9.7793],[125.6341,9.7789],[125.6303,9.77],[125.6236,9.77],[125.6242,9.7739],[125.6283,9.7758],[125.63,9.775],[125.6319,9.7803],[125.6376,9.7847],[125.6361,9.7864],[125.6345,9.7839],[125.6318,9.7852],[125.6289,9.7839],[125.6306,9.7898],[125.638,9.7992],[125.6397,9.7944],[125.6461,9.7897],[125.6464,9.7861],[125.6493,9.784],[125.6506,9.7791],[125.6542,9.7758]]],[[[125.7205,9.7875],[125.7222,9.7881],[125.7247,9.7861],[125.7314,9.7894],[125.7333,9.7828],[125.738,9.7836],[125.7408,9.781],[125.7377,9.7759],[125.7325,9.7767],[125.7283,9.7683],[125.7231,9.7643],[125.7258,9.7609],[125.7263,9.7531],[125.7191,9.7558],[125.7199,9.7581],[125.7173,9.7644],[125.7111,9.7661],[125.7132,9.7638],[125.7123,9.7613],[125.7103,9.7633],[125.7008,9.7647],[125.7005,9.7728],[125.7019,9.7761],[125.6985,9.7785],[125.6958,9.7925],[125.6988,9.7969],[125.6994,9.7941],[125.7028,9.7912],[125.7089,9.7917],[125.7133,9.7961],[125.7123,9.7984],[125.7149,9.8],[125.7153,9.803],[125.7119,9.8055],[125.7103,9.8106],[125.7142,9.8128],[125.717,9.8125],[125.7217,9.8067],[125.7165,9.7981],[125.7175,9.7889],[125.7205,9.7875]]],[[[125.6464,9.7922],[125.6469,9.7928],[125.6478,9.7928],[125.6469,9.7908],[125.6464,9.7922]]],[[[125.6517,9.7919],[125.6497,9.7942],[125.6535,9.797],[125.655,9.7922],[125.6517,9.7919]]],[[[125.6096,9.8138],[125.6088,9.8144],[125.6099,9.8158],[125.6109,9.8133],[125.6096,9.8138]]],[[[125.6467,9.8669],[125.6492,9.8681],[125.6544,9.8644],[125.6536,9.8603],[125.6591,9.849],[125.6747,9.8511],[125.6783,9.8569],[125.68,9.8567],[125.6815,9.8536],[125.6892,9.8508],[125.6869,9.8472],[125.6794,9.8433],[125.6705,9.8322],[125.6653,9.8322],[125.6589,9.8267],[125.6539,9.8253],[125.6469,9.8303],[125.6419,9.825],[125.6386,9.8267],[125.6375,9.8306],[125.6358,9.8314],[125.6345,9.8261],[125.6292,9.8247],[125.6225,9.8269],[125.6208,9.8242],[125.6192,9.8247],[125.6196,9.8222],[125.6185,9.8208],[125.6171,9.8218],[125.6145,9.8152],[125.6116,9.815],[125.6122,9.8169],[125.6088,9.8176],[125.6031,9.8164],[125.6009,9.8094],[125.5953,9.8039],[125.5892,9.8061],[125.5906,9.8083],[125.589,9.8092],[125.5892,9.8119],[125.588,9.8109],[125.5886,9.8075],[125.5872,9.8078],[125.5844,9.8147],[125.5858,9.8197],[125.5972,9.8261],[125.5964,9.8314],[125.5938,9.8349],[125.5897,9.8344],[125.5858,9.8292],[125.5856,9.8253],[125.5825,9.8206],[125.5806,9.82],[125.5778,9.8233],[125.5764,9.8283],[125.5786,9.8394],[125.5828,9.8428],[125.5869,9.8503],[125.5866,9.8529],[125.5919,9.8519],[125.595,9.8539],[125.6014,9.8708],[125.5993,9.8787],[125.6028,9.8814],[125.6142,9.8817],[125.6117,9.8875],[125.623,9.9017],[125.6238,9.9052],[125.6219,9.9056],[125.6211,9.9089],[125.6244,9.9111],[125.6305,9.9111],[125.6353,9.9144],[125.6417,9.9163],[125.6442,9.9125],[125.6428,9.9061],[125.644,9.8997],[125.6403,9.8953],[125.6389,9.8875],[125.6489,9.8736],[125.6442,9.8675],[125.6433,9.8636],[125.6447,9.8614],[125.645,9.8653],[125.6467,9.8669]]],[[[125.6792,9.86],[125.68,9.8605],[125.6787,9.858],[125.6786,9.8591],[125.6792,9.86]]],[[[125.5899,9.798],[125.5842,9.795],[125.5822,9.7992],[125.5866,9.8002],[125.5859,9.8022],[125.5899,9.798]]],[[[125.5964,9.8878],[125.5961,9.8839],[125.5925,9.8803],[125.5897,9.8736],[125.5878,9.873],[125.5889,9.8703],[125.5855,9.8601],[125.5832,9.8596],[125.5833,9.8533],[125.5806,9.8514],[125.5767,9.8528],[125.5755,9.8549],[125.5804,9.8652],[125.5739,9.8772],[125.5769,9.8853],[125.5811,9.8892],[125.5833,9.8942],[125.5817,9.8956],[125.5761,9.8947],[125.5692,9.8881],[125.5679,9.8827],[125.5658,9.8808],[125.5645,9.8824],[125.5653,9.8875],[125.5597,9.8942],[125.5619,9.8953],[125.5653,9.9011],[125.5706,9.9019],[125.5711,9.9041],[125.5687,9.9056],[125.5715,9.9094],[125.5753,9.9086],[125.5758,9.905],[125.5783,9.9024],[125.5868,9.8985],[125.5885,9.8991],[125.5899,9.9065],[125.5939,9.9083],[125.6017,9.9053],[125.6033,9.9086],[125.608,9.9089],[125.6114,9.9123],[125.6121,9.9105],[125.608,9.9016],[125.6111,9.8986],[125.6125,9.8899],[125.6092,9.8875],[125.6058,9.8889],[125.602,9.8873],[125.5986,9.8908],[125.5959,9.8899],[125.5964,9.8878]]],[[[125.5347,9.8811],[125.5428,9.8769],[125.5464,9.8703],[125.5506,9.8697],[125.5558,9.8651],[125.5556,9.8636],[125.5507,9.8608],[125.5456,9.8606],[125.5431,9.8628],[125.5366,9.8618],[125.5356,9.8678],[125.5327,9.8715],[125.5247,9.87],[125.5169,9.8806],[125.51,9.8862],[125.51,9.8883],[125.5141,9.8926],[125.5123,9.8945],[125.513,9.8992],[125.5083,9.9109],[125.5106,9.9142],[125.5106,9.9187],[125.5139,9.9222],[125.5158,9.9172],[125.5139,9.9142],[125.5142,9.9114],[125.5178,9.9094],[125.5156,9.9067],[125.5189,9.9025],[125.5183,9.8997],[125.5194,9.8983],[125.5225,9.8986],[125.5256,9.8947],[125.5333,9.8911],[125.5333,9.8833],[125.5347,9.8811]]]]},"properties":{"ADM3_EN":"Surigao City","name":"Surigao City","ADM3_PCODE":"PH166724000","psgc_code":"166724000","ADM2_EN":"Surigao del Norte","ADM2_PCODE":"PH1667","ADM1_EN":"Northern Mindanao & Caraga","ADM1_PCODE":"PH10","ADM0_EN":"Philippines (the)","ADM0_PCODE":"PH","region_key":"northern_mindanao_caraga","province_key":"surigao_del_norte","type":"City"}},{"type":"Feature","geometry":{"type":"MultiPolygon","coordinates":[[[[125.5408,9.6529],[125.5397,9.6531],[125.5409,9.7016],[125.5297,9.7197],[125.5475,9.7282],[125.5616,9.7316],[125.5674,9.7401],[125.5732,9.736],[125.5743,9.732],[125.5761,9.7297],[125.5788,9.7295],[125.5819,9.732],[125.5833,9.7236],[125.5902,9.7197],[125.5915,9.7119],[125.5874,9.7083],[125.5862,9.7026],[125.5885,9.7009],[125.5935,9.7001],[125.5911,9.6944],[125.5918,9.6899],[125.6022,9.6779],[125.5898,9.6696],[125.5519,9.6519],[125.5479,9.6503],[125.5408,9.6529]]],[[[125.6161,9.6873],[125.6166,9.6878],[125.6182,9.6872],[125.6155,9.6858],[125.6161,9.6873]]],[[[125.6122,9.6914],[125.6146,9.692],[125.6117,9.6856],[125.6062,9.683],[125.6018,9.6906],[125.6083,9.6939],[125.6115,9.6901],[125.6122,9.6914]]],[[[125.5872,9.7247],[125.5861,9.7231],[125.5833,9.7275],[125.5867,9.7264],[125.5872,9.7247]]],[[[125.5775,9.7452],[125.5824,9.7455],[125.585,9.74],[125.5836,9.7333],[125.5777,9.7299],[125.5747,9.7326],[125.572,9.7451],[125.5775,9.7452]]],[[[125.6507,9.7041],[125.6389,9.6989],[125.64,9.7036],[125.6353,9.7078],[125.6345,9.7092],[125.6364,9.7106],[125.6351,9.711],[125.6317,9.7069],[125.6315,9.7035],[125.6188,9.7027],[125.6168,9.7047],[125.62,9.7067],[125.6203,9.71],[125.6228,9.7117],[125.6208,9.7219],[125.6275,9.728],[125.635,9.7262],[125.6342,9.7225],[125.6381,9.7193],[125.6418,9.7215],[125.6422,9.725],[125.6451,9.7221],[125.6489,9.7268],[125.6556,9.7225],[125.6582,9.7245],[125.6584,9.7268],[125.6642,9.7207],[125.6625,9.7191],[125.6612,9.7207],[125.6586,9.7158],[125.6508,9.7111],[125.6508,9.7097],[125.654,9.7091],[125.6546,9.7056],[125.6507,9.7041]]],[[[125.6494,9.7401],[125.6477,9.7374],[125.6437,9.7371],[125.6417,9.7318],[125.6395,9.7326],[125.6395,9.7364],[125.6371,9.7377],[125.6382,9.7395],[125.6439,9.7408],[125.6494,9.7401]]],[[[125.6136,9.705],[125.6148,9.7015],[125.6167,9.7006],[125.6163,9.6984],[125.6143,9.6974],[125.6083,9.6991],[125.6092,9.7019],[125.6112,9.7024],[125.6114,9.7053],[125.6136,9.705]]],[[[125.6189,9.7127],[125.6204,9.7133],[125.6214,9.7119],[125.6203,9.7117],[125.6189,9.7127]]],[[[125.5908,9.7286],[125.5903,9.7258],[125.5917,9.7244],[125.5928,9.7269],[125.6001,9.7291],[125.6039,9.7283],[125.6064,9.7307],[125.612,9.725],[125.61,9.7094],[125.6086,9.7075],[125.6019,9.7058],[125.5986,9.7008],[125.5953,9.7011],[125.5944,9.7045],[125.594,9.7009],[125.5891,9.7015],[125.5876,9.7038],[125.5877,9.7071],[125.5917,9.7108],[125.5927,9.7142],[125.5908,9.7203],[125.5883,9.7219],[125.5878,9.7281],[125.5836,9.7306],[125.587,9.7403],[125.5908,9.7286]]],[[[125.6072,9.7542],[125.6093,9.7546],[125.6101,9.7518],[125.6083,9.7483],[125.6114,9.7492],[125.6103,9.7544],[125.6186,9.7516],[125.6153,9.7354],[125.6117,9.7311],[125.6069,9.7328],[125.6037,9.7375],[125.6056,9.7324],[125.6041,9.7297],[125.6003,9.7298],[125.5931,9.7276],[125.589,9.7369],[125.59,9.7378],[125.5936,9.7353],[125.5947,9.7361],[125.5931,9.7369],[125.5928,9.7512],[125.595,9.7506],[125.5958,9.7469],[125.5992,9.7474],[125.5958,9.7525],[125.6008,9.755],[125.6072,9.7542]]],[[[125.7022,9.7475],[125.7053,9.7406],[125.7011,9.735],[125.6955,9.7379],[125.692,9.7359],[125.6904,9.7367],[125.6918,9.7434],[125.69,9.7459],[125.6865,9.7413],[125.6815,9.7427],[125.6782,9.7408],[125.6831,9.7469],[125.6914,9.7503],[125.6941,9.7531],[125.6975,9.7522],[125.7022,9.7475]]],[[[125.6428,9.7627],[125.6434,9.7589],[125.6414,9.7574],[125.6428,9.7561],[125.6385,9.7524],[125.6349,9.7461],[125.6321,9.747],[125.6303,9.7431],[125.6263,9.7398],[125.6228,9.7408],[125.6222,9.7533],[125.6266,9.7577],[125.6267,9.7644],[125.6286,9.7656],[125.6291,9.7685],[125.6325,9.7654],[125.6362,9.7691],[125.6411,9.7658],[125.6428,9.7627]]],[[[125.6939,9.7581],[125.6921,9.7567],[125.6907,9.7576],[125.6908,9.7581],[125.6939,9.7581]]],[[[125.62,9.7611],[125.6228,9.7603],[125.6221,9.7589],[125.619,9.7593],[125.62,9.7611]]],[[[125.6147,9.7656],[125.6159,9.7622],[125.6143,9.7597],[125.6177,9.757],[125.6172,9.7536],[125.6106,9.7558],[125.6036,9.7548],[125.6013,9.7568],[125.5971,9.7556],[125.5945,9.7566],[125.5972,9.758],[125.5969,9.7605],[125.6006,9.7611],[125.6058,9.7653],[125.608,9.7636],[125.6121,9.766],[125.6147,9.7656]]]]},"properties":{"ADM3_EN":"Tagana-An","name":"Tagana-An","ADM3_PCODE":"PH166725000","psgc_code":"166725000","ADM2_EN":"Surigao del Norte","ADM2_PCODE":"PH1667","ADM1_EN":"Northern Mindanao & Caraga","ADM1_PCODE":"PH10","ADM0_EN":"Philippines (the)","ADM0_PCODE":"PH","region_key":"northern_mindanao_caraga","province_key":"surigao_del_norte","type":"Municipality"}},{"type":"Feature","geometry":{"type":"MultiPolygon","coordinates":[[[[125.5695,9.5455],[125.5668,9.5451],[125.5418,9.5631],[125.535,9.57],[125.5382,9.607],[125.5872,9.6028],[125.5963,9.5606],[125.6045,9.544],[125.5769,9.5439],[125.5695,9.5455]]]]},"properties":{"ADM3_EN":"Tubod","name":"Tubod","ADM3_PCODE":"PH166727000","psgc_code":"166727000","ADM2_EN":"Surigao del Norte","ADM2_PCODE":"PH1667","ADM1_EN":"Northern Mindanao & Caraga","ADM1_PCODE":"PH10","ADM0_EN":"Philippines (the)","ADM0_PCODE":"PH","region_key":"northern_mindanao_caraga","province_key":"surigao_del_norte","type":"Municipality"}},{"type":"Feature","geometry":{"type":"MultiPolygon","coordinates":[[[[126.0422,8.4672],[126.0409,8.5091],[126.0338,8.5411],[126.025,8.5681],[126.1127,8.5694],[126.1147,8.5686],[126.1139,8.5656],[126.1195,8.5597],[126.1236,8.5436],[126.1328,8.5378],[126.1406,8.5358],[126.1444,8.5325],[126.1428,8.5308],[126.1436,8.5297],[126.1478,8.5314],[126.1494,8.5297],[126.1472,8.5286],[126.1539,8.5278],[126.16,8.5331],[126.1636,8.5308],[126.1608,8.5347],[126.1617,8.5375],[126.1594,8.5397],[126.16,8.5414],[126.1745,8.5372],[126.1936,8.5267],[126.2061,8.5253],[126.2119,8.5228],[126.2158,8.5244],[126.2192,8.5231],[126.2208,8.5253],[126.2264,8.5267],[126.2272,8.5303],[126.2253,8.5325],[126.215,8.5353],[126.2122,8.5417],[126.2083,8.5389],[126.2064,8.5411],[126.1989,8.5422],[126.1914,8.5464],[126.1883,8.5461],[126.1864,8.5497],[126.1876,8.5528],[126.2086,8.5581],[126.2277,8.5508],[126.2378,8.5489],[126.2456,8.5486],[126.2589,8.5514],[126.281,8.5387],[126.2825,8.535],[126.2883,8.5322],[126.2889,8.5294],[126.2928,8.5294],[126.2958,8.5344],[126.304,8.5348],[126.3142,8.5389],[126.3183,8.5319],[126.3236,8.5369],[126.3253,8.5356],[126.3333,8.5356],[126.3347,8.5311],[126.3375,8.5301],[126.3414,8.5344],[126.3378,8.5378],[126.3414,8.5439],[126.3542,8.5486],[126.3582,8.5461],[126.3531,8.5369],[126.3445,8.5272],[126.3256,8.5158],[126.2968,8.5021],[126.286,8.4998],[126.2629,8.4994],[126.2236,8.5037],[126.1707,8.5137],[126.1554,8.5136],[126.1393,8.5065],[126.1129,8.4772],[126.1084,8.4702],[126.0986,8.4681],[126.0565,8.4661],[126.0422,8.4639],[126.0422,8.4672]]],[[[126.1689,8.5689],[126.1678,8.566],[126.1658,8.5678],[126.1627,8.5667],[126.1639,8.5703],[126.1689,8.5689]]],[[[126.1747,8.5642],[126.1758,8.5664],[126.1772,8.5633],[126.1761,8.5622],[126.1747,8.5642]]]]},"properties":{"ADM3_EN":"Barobo","name":"Barobo","ADM3_PCODE":"PH166801000","psgc_code":"166801000","ADM2_EN":"Surigao del Sur","ADM2_PCODE":"PH1668","ADM1_EN":"Northern Mindanao & Caraga","ADM1_PCODE":"PH10","ADM0_EN":"Philippines (the)","ADM0_PCODE":"PH","region_key":"northern_mindanao_caraga","province_key":"surigao_del_sur","type":"Municipality"}},{"type":"Feature","geometry":{"type":"MultiPolygon","coordinates":[[[[126.3084,8.9491],[126.311,8.9481],[126.3109,8.9457],[126.2797,8.931],[126.275,8.9311],[126.2701,8.9347],[126.2664,8.9333],[126.2579,8.9357],[126.2383,8.9441],[126.234,8.9479],[126.2306,8.9571],[126.2234,8.9636],[126.2254,8.9668],[126.2276,8.9673],[126.229,8.971],[126.2279,8.9798],[126.2216,8.9971],[126.2205,9.0045],[126.2221,9.0083],[126.2299,9.0112],[126.2349,9.0115],[126.236,9.0097],[126.2412,9.011],[126.2472,9.0],[126.2528,8.9966],[126.2616,8.9851],[126.2627,8.9868],[126.2609,8.991],[126.2442,9.01],[126.2385,9.0139],[126.2426,9.0147],[126.2692,8.9844],[126.2747,8.9833],[126.2764,8.9814],[126.2758,8.9792],[126.2719,8.9775],[126.2731,8.9753],[126.2719,8.9703],[126.2806,8.9683],[126.2853,8.9772],[126.2894,8.9769],[126.2912,8.9737],[126.2899,8.9698],[126.2935,8.9696],[126.3075,8.9565],[126.308,8.951],[126.3064,8.95],[126.3084,8.9491]]]]},"properties":{"ADM3_EN":"Bayabas","name":"Bayabas","ADM3_PCODE":"PH166802000","psgc_code":"166802000","ADM2_EN":"Surigao del Sur","ADM2_PCODE":"PH1668","ADM1_EN":"Northern Mindanao & Caraga","ADM1_PCODE":"PH10","ADM0_EN":"Philippines (the)","ADM0_PCODE":"PH","region_key":"northern_mindanao_caraga","province_key":"surigao_del_sur","type":"Municipality"}},{"type":"Feature","geometry":{"type":"MultiPolygon","coordinates":[[[[126.276,8.1342],[126.2329,8.1745],[126.2082,8.1762],[126.2069,8.178],[126.2212,8.2295],[126.2718,8.2869],[126.3387,8.2866],[126.3808,8.2893],[126.3748,8.2824],[126.3792,8.2822],[126.3828,8.285],[126.3864,8.2839],[126.3867,8.2806],[126.3833,8.2778],[126.3808,8.2778],[126.3783,8.2744],[126.3759,8.2802],[126.3736,8.2807],[126.3671,8.2717],[126.3672,8.269],[126.3613,8.263],[126.3519,8.2571],[126.3496,8.2511],[126.348,8.2507],[126.3477,8.2519],[126.3383,8.2494],[126.333,8.2463],[126.3192,8.2353],[126.315,8.2289],[126.3264,8.2011],[126.3367,8.1878],[126.3425,8.1839],[126.3467,8.1847],[126.3528,8.1922],[126.3544,8.1919],[126.3583,8.1958],[126.3733,8.1953],[126.3775,8.2003],[126.3794,8.1978],[126.3828,8.1983],[126.3875,8.2031],[126.3919,8.2044],[126.3997,8.2158],[126.4072,8.2219],[126.4094,8.2217],[126.4108,8.2244],[126.4186,8.2294],[126.4317,8.2352],[126.4364,8.2436],[126.4403,8.2469],[126.443,8.2472],[126.4491,8.2437],[126.422,8.1911],[126.4112,8.1744],[126.3897,8.15],[126.3602,8.1236],[126.312,8.1169],[126.2939,8.1166],[126.276,8.1342]]]]},"properties":{"ADM3_EN":"Bislig City","name":"Bislig City","ADM3_PCODE":"PH166803000","psgc_code":"166803000","ADM2_EN":"Surigao del Sur","ADM2_PCODE":"PH1668","ADM1_EN":"Northern Mindanao & Caraga","ADM1_PCODE":"PH10","ADM0_EN":"Philippines (the)","ADM0_PCODE":"PH","region_key":"northern_mindanao_caraga","province_key":"surigao_del_sur","type":"City"}},{"type":"Feature","geometry":{"type":"MultiPolygon","coordinates":[[[[126.3156,8.8747],[126.318,8.8694],[126.32,8.8708],[126.3236,8.8703],[126.3306,8.8533],[126.2588,8.8389],[126.1655,8.8338],[126.1562,8.8399],[126.1467,8.8759],[126.1318,8.9178],[126.1893,8.9298],[126.212,8.9375],[126.234,8.9479],[126.2458,8.9399],[126.2664,8.9333],[126.2701,8.9347],[126.275,8.9311],[126.2831,8.9319],[126.3109,8.9457],[126.3089,8.9415],[126.3108,8.9344],[126.3078,8.9325],[126.2936,8.9331],[126.2911,8.9306],[126.2911,8.9278],[126.2939,8.9236],[126.2997,8.9208],[126.3033,8.9206],[126.3039,8.9283],[126.3054,8.9264],[126.3103,8.9264],[126.3122,8.9233],[126.31,8.9175],[126.3119,8.9158],[126.3154,8.9161],[126.3167,8.9192],[126.3197,8.9186],[126.3222,8.9214],[126.3258,8.9189],[126.3258,8.9156],[126.3231,8.9122],[126.3255,8.8969],[126.3172,8.8944],[126.3153,8.8894],[126.3133,8.889],[126.3078,8.8814],[126.3156,8.8747]]],[[[126.3404,8.8753],[126.3396,8.879],[126.3411,8.8797],[126.3427,8.8742],[126.3404,8.8753]]],[[[126.3369,8.8818],[126.3353,8.88],[126.3269,8.88],[126.3258,8.8822],[126.3325,8.885],[126.3347,8.8833],[126.3347,8.8864],[126.3364,8.8878],[126.3375,8.8864],[126.3369,8.8818]]]]},"properties":{"ADM3_EN":"Cagwait","name":"Cagwait","ADM3_PCODE":"PH166804000","psgc_code":"166804000","ADM2_EN":"Surigao del Sur","ADM2_PCODE":"PH1668","ADM1_EN":"Northern Mindanao & Caraga","ADM1_PCODE":"PH10","ADM0_EN":"Philippines (the)","ADM0_PCODE":"PH","region_key":"northern_mindanao_caraga","province_key":"surigao_del_sur","type":"Municipality"}},{"type":"Feature","geometry":{"type":"MultiPolygon","coordinates":[[[[125.7836,9.2011],[125.7753,9.212],[125.7736,9.2261],[125.7552,9.2351],[125.7603,9.241],[125.8196,9.2662],[125.8528,9.285],[125.9316,9.3184],[125.9348,9.3191],[125.9367,9.3171],[125.9424,9.3172],[125.9509,9.3273],[125.9518,9.3313],[125.949,9.3346],[125.951,9.3352],[125.9489,9.3431],[125.9454,9.345],[125.9706,9.3786],[125.9747,9.3794],[125.9759,9.3775],[125.9782,9.3801],[125.9744,9.3814],[125.9712,9.3795],[125.9875,9.4039],[125.9886,9.3992],[125.9872,9.3944],[125.9836,9.3907],[125.9867,9.3803],[125.9811,9.3783],[125.9762,9.3738],[125.9733,9.3747],[125.9689,9.3684],[125.9726,9.3714],[125.9715,9.3622],[125.9746,9.3503],[125.98,9.3457],[125.9844,9.3444],[125.987,9.3411],[125.9853,9.3403],[125.9827,9.3416],[125.9814,9.3392],[125.9794,9.3397],[125.9797,9.3331],[125.9761,9.3312],[125.9742,9.3322],[125.9711,9.3264],[125.9758,9.3279],[125.981,9.333],[125.9828,9.3392],[125.9856,9.3381],[125.9822,9.3282],[125.9847,9.32],[126.0061,9.2867],[125.9555,9.2744],[125.8817,9.2325],[125.7942,9.1869],[125.7934,9.1907],[125.7836,9.2011]]],[[[125.9738,9.3291],[125.9746,9.3299],[125.9756,9.3302],[125.9749,9.3281],[125.9738,9.3291]]],[[[125.9985,9.376],[125.9993,9.373],[125.9944,9.3733],[125.9941,9.3774],[125.9958,9.3797],[125.9992,9.38],[125.9985,9.376]]],[[[126.0567,9.3976],[126.057,9.3946],[126.0538,9.3928],[126.056,9.3895],[126.053,9.3898],[126.0511,9.3875],[126.0468,9.3865],[126.0433,9.3869],[126.0478,9.3925],[126.0519,9.3933],[126.0544,9.3981],[126.0567,9.3976]]],[[[126.0173,9.4278],[126.0238,9.4239],[126.0258,9.4172],[126.0252,9.4119],[126.0198,9.4146],[126.0159,9.4115],[126.014,9.4138],[126.0125,9.4133],[126.0108,9.4086],[126.0135,9.407],[126.0102,9.4066],[126.0143,9.4036],[126.0142,9.4019],[126.0038,9.4072],[126.0046,9.41],[126.0072,9.4088],[126.0082,9.4098],[126.0054,9.4108],[126.006,9.4124],[126.0029,9.4145],[125.9967,9.4099],[125.9915,9.411],[125.9931,9.4157],[126.0067,9.4293],[126.0121,9.43],[126.0173,9.4278]]],[[[126.0481,9.4174],[126.0492,9.4178],[126.0499,9.4171],[126.048,9.4159],[126.0481,9.4174]]]]},"properties":{"ADM3_EN":"Cantilan","name":"Cantilan","ADM3_PCODE":"PH166805000","psgc_code":"166805000","ADM2_EN":"Surigao del Sur","ADM2_PCODE":"PH1668","ADM1_EN":"Northern Mindanao & Caraga","ADM1_PCODE":"PH10","ADM0_EN":"Philippines (the)","ADM0_PCODE":"PH","region_key":"northern_mindanao_caraga","province_key":"surigao_del_sur","type":"Municipality"}},{"type":"Feature","geometry":{"type":"MultiPolygon","coordinates":[[[[126.0118,9.19],[126.0066,9.1752],[125.9604,9.1485],[125.8702,9.0904],[125.8602,9.1036],[125.8345,9.1441],[125.8588,9.1592],[125.9308,9.2122],[125.9539,9.2316],[125.9583,9.2335],[125.9618,9.2331],[125.97,9.2402],[125.9752,9.2399],[125.9778,9.2415],[125.989,9.2525],[125.9945,9.2543],[125.9961,9.2595],[125.9988,9.2624],[126.0088,9.2672],[126.0219,9.2658],[126.0343,9.2506],[126.0267,9.2476],[126.0223,9.2429],[126.0204,9.2313],[126.0217,9.2279],[126.0197,9.2256],[126.0283,9.222],[126.0288,9.2202],[126.0118,9.19]]],[[[126.0103,9.2728],[126.0084,9.2787],[126.0086,9.2831],[126.0194,9.2677],[126.0171,9.2697],[126.0155,9.268],[126.01,9.2681],[126.0103,9.2728]]]]},"properties":{"ADM3_EN":"Carmen","name":"Carmen","ADM3_PCODE":"PH166806000","psgc_code":"166806000","ADM2_EN":"Surigao del Sur","ADM2_PCODE":"PH1668","ADM1_EN":"Northern Mindanao & Caraga","ADM1_PCODE":"PH10","ADM0_EN":"Philippines (the)","ADM0_PCODE":"PH","region_key":"northern_mindanao_caraga","province_key":"surigao_del_sur","type":"Municipality"}},{"type":"Feature","geometry":{"type":"MultiPolygon","coordinates":[[[[125.8192,9.3961],[125.9178,9.4951],[125.9225,9.4833],[125.9172,9.4761],[125.9189,9.4744],[125.9241,9.4752],[125.927,9.4739],[125.9289,9.4713],[125.9289,9.4671],[125.9314,9.4639],[125.9312,9.457],[125.9358,9.4536],[125.9362,9.4484],[125.9431,9.4457],[125.9457,9.4468],[125.9433,9.4508],[125.9439,9.4539],[125.9386,9.4597],[125.9384,9.4746],[125.94,9.474],[125.9427,9.4665],[125.9464,9.4657],[125.9507,9.4686],[125.9475,9.4753],[125.9472,9.4817],[125.9489,9.485],[125.9523,9.4806],[125.9577,9.4807],[125.9576,9.4838],[125.9625,9.4797],[125.9594,9.4681],[125.9535,9.4635],[125.9497,9.457],[125.9502,9.4523],[125.9587,9.4519],[125.9587,9.4493],[125.9554,9.4465],[125.955,9.4424],[125.9533,9.4412],[125.9503,9.4422],[125.9492,9.4397],[125.9456,9.4378],[125.9439,9.4417],[125.9397,9.445],[125.9298,9.4374],[125.9281,9.4407],[125.9245,9.4413],[125.9269,9.444],[125.9264,9.4453],[125.922,9.4432],[125.9229,9.4369],[125.9178,9.4393],[125.9156,9.4379],[125.9136,9.4325],[125.9075,9.4338],[125.9053,9.4314],[125.896,9.4284],[125.8939,9.4188],[125.8943,9.4138],[125.8976,9.4102],[125.9044,9.41],[125.9094,9.4019],[125.9167,9.3986],[125.9188,9.3942],[125.9172,9.3897],[125.9245,9.3883],[125.9299,9.3956],[125.9317,9.3956],[125.9331,9.3927],[125.9302,9.3883],[125.9305,9.3862],[125.9349,9.3851],[125.9287,9.3831],[125.9308,9.3836],[125.932,9.382],[125.9315,9.3784],[125.9336,9.3747],[125.9428,9.3706],[125.9539,9.3725],[125.9526,9.3679],[125.9489,9.3664],[125.9482,9.3644],[125.9525,9.3664],[125.9556,9.3729],[125.959,9.3757],[125.9669,9.3792],[125.9706,9.3786],[125.9454,9.345],[125.9489,9.3431],[125.951,9.3352],[125.949,9.3346],[125.9518,9.3325],[125.9509,9.3273],[125.9474,9.3224],[125.9424,9.3172],[125.9367,9.3171],[125.9348,9.3191],[125.9316,9.3184],[125.8528,9.285],[125.8196,9.2662],[125.7603,9.241],[125.7552,9.2351],[125.7527,9.2691],[125.7449,9.292],[125.7461,9.299],[125.7435,9.309],[125.7435,9.3175],[125.7477,9.3246],[125.8192,9.3961]]],[[[125.9698,9.3797],[125.9686,9.3817],[125.9692,9.3867],[125.9717,9.3939],[125.9819,9.4033],[125.987,9.4044],[125.972,9.3806],[125.9698,9.3797]]],[[[125.9265,9.4169],[125.9369,9.4157],[125.9411,9.4081],[125.9401,9.4054],[125.9322,9.4024],[125.9281,9.4026],[125.9279,9.4014],[125.9279,9.4039],[125.9342,9.4041],[125.9355,9.4091],[125.9334,9.4118],[125.9313,9.4093],[125.9294,9.4116],[125.9271,9.4076],[125.9251,9.4067],[125.9236,9.4083],[125.9214,9.4055],[125.9215,9.4122],[125.9184,9.4122],[125.9182,9.414],[125.9168,9.4126],[125.9166,9.4141],[125.9265,9.4169]]],[[[125.914,9.4186],[125.9156,9.4182],[125.9141,9.4141],[125.9085,9.4117],[125.9095,9.4142],[125.912,9.4154],[125.9115,9.4181],[125.914,9.4186]]]]},"properties":{"ADM3_EN":"Carrascal","name":"Carrascal","ADM3_PCODE":"PH166807000","psgc_code":"166807000","ADM2_EN":"Surigao del Sur","ADM2_PCODE":"PH1668","ADM1_EN":"Northern Mindanao & Caraga","ADM1_PCODE":"PH10","ADM0_EN":"Philippines (the)","ADM0_PCODE":"PH","region_key":"northern_mindanao_caraga","province_key":"surigao_del_sur","type":"Municipality"}},{"type":"Feature","geometry":{"type":"MultiPolygon","coordinates":[[[[126.1787,9.1659],[126.1794,9.1608],[126.1761,9.1577],[126.1564,9.1582],[126.131,9.1615],[126.1117,9.1685],[126.1063,9.1679],[126.1008,9.1694],[126.0967,9.1726],[126.1124,9.194],[126.1627,9.2536],[126.1691,9.2696],[126.169,9.2783],[126.168,9.2811],[126.155,9.2895],[126.1645,9.304],[126.1683,9.3084],[126.1717,9.3087],[126.1736,9.307],[126.177,9.3094],[126.1798,9.3045],[126.1796,9.3086],[126.1834,9.3114],[126.1915,9.3129],[126.1934,9.3121],[126.1949,9.3075],[126.2021,9.3087],[126.2071,9.3069],[126.2056,9.3044],[126.2074,9.2996],[126.2008,9.2978],[126.1971,9.2894],[126.1914,9.2886],[126.1932,9.2745],[126.1974,9.2707],[126.195,9.2663],[126.1914,9.264],[126.1935,9.2592],[126.1904,9.2576],[126.1819,9.2443],[126.1822,9.2406],[126.1799,9.2376],[126.1833,9.2313],[126.1819,9.2258],[126.1849,9.22],[126.1796,9.2193],[126.1823,9.2176],[126.1787,9.2149],[126.18,9.2082],[126.1778,9.2029],[126.1761,9.2022],[126.1759,9.2041],[126.1736,9.2027],[126.1761,9.2008],[126.1762,9.1959],[126.178,9.198],[126.1806,9.192],[126.1772,9.188],[126.1733,9.1778],[126.1738,9.1735],[126.1779,9.1701],[126.1766,9.1673],[126.1787,9.1659]]],[[[126.1964,9.2311],[126.1958,9.2295],[126.1933,9.2292],[126.191,9.2324],[126.1947,9.2325],[126.1958,9.2339],[126.1964,9.2311]]]]},"properties":{"ADM3_EN":"Cortes","name":"Cortes","ADM3_PCODE":"PH166808000","psgc_code":"166808000","ADM2_EN":"Surigao del Sur","ADM2_PCODE":"PH1668","ADM1_EN":"Northern Mindanao & Caraga","ADM1_PCODE":"PH10","ADM0_EN":"Philippines (the)","ADM0_PCODE":"PH","region_key":"northern_mindanao_caraga","province_key":"surigao_del_sur","type":"Municipality"}},{"type":"Feature","geometry":{"type":"MultiPolygon","coordinates":[[[[126.291,8.303],[126.2911,8.3112],[126.285,8.3214],[126.2678,8.3402],[126.2764,8.3663],[126.2796,8.4038],[126.2757,8.4913],[126.2799,8.4995],[126.3011,8.5039],[126.3256,8.5158],[126.3445,8.5272],[126.3531,8.5369],[126.3583,8.5466],[126.361,8.5446],[126.3594,8.5411],[126.3636,8.5373],[126.3575,8.5256],[126.3511,8.52],[126.3597,8.5159],[126.3697,8.5147],[126.3746,8.5169],[126.3842,8.5131],[126.3886,8.5172],[126.3917,8.5164],[126.3872,8.5136],[126.3897,8.5108],[126.3872,8.5058],[126.3878,8.5031],[126.3933,8.4994],[126.3972,8.4925],[126.3914,8.4925],[126.3845,8.4853],[126.3839,8.4825],[126.3903,8.4786],[126.395,8.4784],[126.3897,8.4736],[126.3897,8.4714],[126.3911,8.4694],[126.3967,8.4692],[126.3978,8.4675],[126.3828,8.4672],[126.3753,8.465],[126.3706,8.4669],[126.3719,8.4697],[126.3708,8.4731],[126.3628,8.4717],[126.3639,8.4703],[126.3697,8.4703],[126.3669,8.4669],[126.3642,8.4675],[126.3611,8.465],[126.3631,8.4606],[126.3608,8.4592],[126.3547,8.4467],[126.3572,8.4411],[126.3553,8.4372],[126.3497,8.4334],[126.3518,8.4306],[126.3488,8.4284],[126.3531,8.4253],[126.3578,8.4264],[126.3633,8.4253],[126.3697,8.4308],[126.3742,8.4314],[126.3764,8.4286],[126.3742,8.4164],[126.3811,8.41],[126.3711,8.4042],[126.3725,8.4017],[126.3711,8.3992],[126.373,8.3956],[126.3708,8.3922],[126.3594,8.3872],[126.36,8.385],[126.358,8.3839],[126.3583,8.3792],[126.3561,8.3756],[126.3572,8.3695],[126.3525,8.3672],[126.3503,8.3706],[126.3472,8.3711],[126.3464,8.3678],[126.3492,8.365],[126.3464,8.3617],[126.3397,8.3686],[126.3389,8.3647],[126.3361,8.3625],[126.3322,8.3631],[126.3266,8.3582],[126.3197,8.3566],[126.3191,8.3535],[126.3226,8.3521],[126.3258,8.3478],[126.3281,8.3478],[126.3289,8.345],[126.3339,8.3433],[126.3286,8.3406],[126.3297,8.3369],[126.3314,8.3361],[126.3345,8.3378],[126.3382,8.3343],[126.3292,8.3308],[126.3194,8.3319],[126.3174,8.3312],[126.314,8.3261],[126.3067,8.325],[126.3145,8.3247],[126.3206,8.3308],[126.3273,8.3302],[126.3308,8.3142],[126.355,8.3106],[126.3639,8.3133],[126.3642,8.3094],[126.3681,8.3111],[126.3703,8.3081],[126.3717,8.3094],[126.3742,8.3081],[126.3764,8.31],[126.3772,8.3089],[126.375,8.3033],[126.3761,8.3017],[126.3786,8.3022],[126.3828,8.2922],[126.3842,8.2914],[126.3867,8.2944],[126.39,8.2919],[126.3872,8.2864],[126.3825,8.29],[126.3387,8.2866],[126.2908,8.2872],[126.291,8.303]]],[[[126.329,8.3295],[126.3339,8.3318],[126.3357,8.3317],[126.3332,8.3278],[126.3292,8.3269],[126.329,8.3295]]],[[[126.4006,8.3006],[126.3946,8.3],[126.3927,8.2979],[126.3858,8.3016],[126.3892,8.3025],[126.4011,8.3123],[126.4044,8.3095],[126.4053,8.3042],[126.4022,8.3006],[126.4006,8.3006]]],[[[126.3856,8.3072],[126.3847,8.3103],[126.3858,8.3114],[126.3919,8.3131],[126.3883,8.3097],[126.3875,8.3056],[126.3856,8.3072]]],[[[126.4197,8.3275],[126.4161,8.3258],[126.4153,8.3286],[126.4177,8.3292],[126.4197,8.3275]]],[[[126.3746,8.3358],[126.3736,8.3325],[126.3696,8.3337],[126.3713,8.3371],[126.3746,8.3358]]],[[[126.3558,8.3244],[126.3558,8.3269],[126.3597,8.3297],[126.3598,8.3244],[126.358,8.323],[126.3558,8.3244]]],[[[126.3517,8.3272],[126.3472,8.3258],[126.3542,8.3311],[126.3578,8.3311],[126.3544,8.3277],[126.3517,8.3272]]],[[[126.3444,8.3358],[126.3414,8.3341],[126.338,8.3364],[126.3398,8.3368],[126.3444,8.3358]]],[[[126.3622,8.3728],[126.3608,8.3761],[126.3617,8.3775],[126.3642,8.3733],[126.3622,8.3728]]],[[[126.373,8.3783],[126.3708,8.3761],[126.3689,8.3786],[126.3717,8.3814],[126.373,8.3783]]],[[[126.4094,8.3858],[126.4069,8.3822],[126.4026,8.3819],[126.4075,8.3873],[126.4094,8.3858]]],[[[126.3897,8.4067],[126.3964,8.4006],[126.3981,8.3969],[126.3944,8.3911],[126.3889,8.3925],[126.3842,8.3969],[126.3858,8.4067],[126.3869,8.4078],[126.3897,8.4067]]],[[[126.3961,8.4469],[126.3931,8.445],[126.3819,8.4445],[126.373,8.4461],[126.3717,8.4478],[126.3747,8.4494],[126.3939,8.4481],[126.3997,8.4492],[126.3999,8.4476],[126.3961,8.4469]]],[[[126.3845,8.5431],[126.3831,8.5405],[126.38,8.5417],[126.3817,8.5436],[126.3845,8.5431]]]]},"properties":{"ADM3_EN":"Hinatuan","name":"Hinatuan","ADM3_PCODE":"PH166809000","psgc_code":"166809000","ADM2_EN":"Surigao del Sur","ADM2_PCODE":"PH1668","ADM1_EN":"Northern Mindanao & Caraga","ADM1_PCODE":"PH10","ADM0_EN":"Philippines (the)","ADM0_PCODE":"PH","region_key":"northern_mindanao_caraga","province_key":"surigao_del_sur","type":"Municipality"}},{"type":"Feature","geometry":{"type":"MultiPolygon","coordinates":[[[[125.8765,9.0726],[125.8693,9.0903],[125.9604,9.1485],[126.0066,9.1752],[126.0124,9.1916],[126.0288,9.2202],[126.0283,9.222],[126.0197,9.2256],[126.0217,9.2279],[126.0204,9.2313],[126.0223,9.2429],[126.0267,9.2476],[126.0343,9.2506],[126.0409,9.2437],[126.0547,9.2347],[126.0472,9.2354],[126.0556,9.2327],[126.0617,9.2368],[126.0718,9.2398],[126.078,9.2448],[126.0821,9.2459],[126.084,9.2439],[126.0912,9.2441],[126.0938,9.2472],[126.1014,9.2482],[126.1108,9.2544],[126.1185,9.2567],[126.1247,9.2635],[126.1296,9.2639],[126.1327,9.2696],[126.1376,9.2708],[126.1453,9.2835],[126.1537,9.2891],[126.155,9.2895],[126.168,9.2811],[126.1691,9.2696],[126.1627,9.2536],[126.1124,9.194],[126.0964,9.1722],[126.0676,9.1504],[126.037,9.1303],[126.0304,9.1284],[125.8908,9.055],[125.8829,9.0519],[125.8765,9.0726]]]]},"properties":{"ADM3_EN":"Lanuza","name":"Lanuza","ADM3_PCODE":"PH166810000","psgc_code":"166810000","ADM2_EN":"Surigao del Sur","ADM2_PCODE":"PH1668","ADM1_EN":"Northern Mindanao & Caraga","ADM1_PCODE":"PH10","ADM0_EN":"Philippines (the)","ADM0_PCODE":"PH","region_key":"northern_mindanao_caraga","province_key":"surigao_del_sur","type":"Municipality"}},{"type":"Feature","geometry":{"type":"MultiPolygon","coordinates":[[[[125.9991,8.6094],[125.9982,8.6321],[125.9927,8.6484],[126.0163,8.6643],[126.0326,8.673],[126.0514,8.6792],[126.0744,8.6814],[126.109,8.6761],[126.137,8.6672],[126.1383,8.6681],[126.14,8.6656],[126.1328,8.6625],[126.1272,8.6539],[126.1242,8.6542],[126.1225,8.6572],[126.1219,8.6544],[126.1181,8.6514],[126.1164,8.6525],[126.1131,8.6506],[126.1067,8.6514],[126.1044,8.6498],[126.1064,8.6467],[126.1056,8.645],[126.0972,8.6433],[126.0956,8.6392],[126.0972,8.6236],[126.0919,8.6189],[126.0864,8.6172],[126.0828,8.6128],[126.0872,8.6064],[126.0981,8.6019],[126.1117,8.5917],[126.1217,8.5867],[126.1225,8.5842],[126.1253,8.5825],[126.1225,8.5744],[126.1195,8.572],[126.115,8.5711],[126.1147,8.5686],[126.1068,8.5701],[126.0903,8.5699],[126.0306,8.5675],[126.0002,8.5701],[125.9996,8.5826],[125.9979,8.5846],[125.9991,8.6094]]]]},"properties":{"ADM3_EN":"Lianga","name":"Lianga","ADM3_PCODE":"PH166811000","psgc_code":"166811000","ADM2_EN":"Surigao del Sur","ADM2_PCODE":"PH1668","ADM1_EN":"Northern Mindanao & Caraga","ADM1_PCODE":"PH10","ADM0_EN":"Philippines (the)","ADM0_PCODE":"PH","region_key":"northern_mindanao_caraga","province_key":"surigao_del_sur","type":"Municipality"}},{"type":"Feature","geometry":{"type":"MultiPolygon","coordinates":[[[[126.3497,7.9304],[126.3514,7.9619],[126.3512,8.0009],[126.3482,8.0448],[126.3458,8.0515],[126.3443,8.0532],[126.3339,8.0568],[126.3121,8.0607],[126.3002,8.0654],[126.3249,8.085],[126.3564,8.1167],[126.3602,8.1236],[126.3835,8.1439],[126.4037,8.1649],[126.422,8.1911],[126.4491,8.2437],[126.4528,8.2431],[126.4564,8.245],[126.4578,8.2408],[126.4561,8.2394],[126.4597,8.2306],[126.4578,8.2301],[126.4538,8.2323],[126.4497,8.2272],[126.447,8.2281],[126.4514,8.2231],[126.4512,8.2199],[126.4464,8.2185],[126.4445,8.2162],[126.4457,8.2076],[126.4402,8.2016],[126.4437,8.1954],[126.4423,8.193],[126.444,8.1892],[126.4422,8.1874],[126.4454,8.1841],[126.4469,8.1771],[126.4438,8.1717],[126.4451,8.1653],[126.4385,8.1633],[126.4342,8.1568],[126.4344,8.1555],[126.438,8.1555],[126.4354,8.1529],[126.437,8.1482],[126.4365,8.1387],[126.4398,8.1249],[126.4324,8.1165],[126.4357,8.1117],[126.4307,8.1158],[126.4289,8.1128],[126.43,8.1064],[126.4335,8.1021],[126.4393,8.0998],[126.4411,8.1014],[126.4484,8.101],[126.4528,8.0983],[126.449,8.0959],[126.4497,8.0922],[126.4412,8.0947],[126.4384,8.0906],[126.4397,8.0881],[126.4337,8.0875],[126.4345,8.0852],[126.4281,8.0738],[126.4289,8.0717],[126.4247,8.0643],[126.4211,8.0616],[126.4224,8.0546],[126.4159,8.0548],[126.4162,8.052],[126.4197,8.0517],[126.4222,8.0472],[126.4147,8.0367],[126.4156,8.0331],[126.4139,8.0319],[126.416,8.0283],[126.4153,8.0217],[126.4171,8.0191],[126.4203,8.0186],[126.4231,8.0161],[126.4231,8.0139],[126.4192,8.0111],[126.4136,8.0144],[126.4107,8.0099],[126.407,8.0098],[126.4072,8.0035],[126.4108,8.0003],[126.4083,7.9991],[126.4087,7.9979],[126.412,7.9966],[126.4167,7.9978],[126.4164,7.9942],[126.4182,7.9936],[126.4201,7.9956],[126.4208,7.9947],[126.4197,7.9914],[126.4164,7.9886],[126.4162,7.9848],[126.4194,7.9856],[126.4219,7.9903],[126.4297,7.9936],[126.4331,7.9925],[126.4342,7.9894],[126.4367,7.9889],[126.4386,7.9919],[126.4414,7.9925],[126.4436,7.99],[126.4483,7.99],[126.45,7.9883],[126.4428,7.9878],[126.4414,7.9839],[126.4336,7.9847],[126.4267,7.9778],[126.4239,7.9786],[126.4217,7.9747],[126.4228,7.9728],[126.4197,7.9731],[126.4164,7.9697],[126.4125,7.9597],[126.4069,7.9542],[126.405,7.9536],[126.4014,7.9575],[126.3875,7.9542],[126.3797,7.945],[126.3739,7.9414],[126.37,7.9333],[126.3708,7.9295],[126.3726,7.9282],[126.3677,7.9232],[126.3679,7.9214],[126.3699,7.9208],[126.3677,7.9161],[126.362,7.9102],[126.3561,7.9149],[126.3497,7.9304]]],[[[126.4186,7.9631],[126.4194,7.9603],[126.4158,7.9583],[126.4156,7.9636],[126.4186,7.9631]]],[[[126.4114,8.0027],[126.4119,8.0041],[126.4141,8.0047],[126.4128,8.0016],[126.4114,8.0027]]],[[[126.4258,7.9683],[126.4239,7.9675],[126.4231,7.9689],[126.4256,7.9694],[126.4258,7.9683]]],[[[126.4338,7.982],[126.4336,7.9805],[126.432,7.9823],[126.4324,7.9826],[126.4338,7.982]]],[[[126.4472,8.0139],[126.448,8.016],[126.4489,8.0167],[126.4496,8.0142],[126.4474,8.0126],[126.4472,8.0139]]]]},"properties":{"ADM3_EN":"Lingig","name":"Lingig","ADM3_PCODE":"PH166812000","psgc_code":"166812000","ADM2_EN":"Surigao del Sur","ADM2_PCODE":"PH1668","ADM1_EN":"Northern Mindanao & Caraga","ADM1_PCODE":"PH10","ADM0_EN":"Philippines (the)","ADM0_PCODE":"PH","region_key":"northern_mindanao_caraga","province_key":"surigao_del_sur","type":"Municipality"}},{"type":"Feature","geometry":{"type":"MultiPolygon","coordinates":[[[[125.841,9.2111],[125.9555,9.2744],[126.0061,9.2867],[126.0086,9.2831],[126.0104,9.2684],[126.0063,9.2677],[126.0088,9.2672],[125.9988,9.2624],[125.9961,9.2595],[125.9945,9.2543],[125.989,9.2525],[125.9752,9.2399],[125.97,9.2402],[125.9618,9.2331],[125.9583,9.2335],[125.9539,9.2316],[125.9308,9.2122],[125.8588,9.1592],[125.8345,9.1441],[125.7942,9.1869],[125.841,9.2111]]]]},"properties":{"ADM3_EN":"Madrid","name":"Madrid","ADM3_PCODE":"PH166813000","psgc_code":"166813000","ADM2_EN":"Surigao del Sur","ADM2_PCODE":"PH1668","ADM1_EN":"Northern Mindanao & Caraga","ADM1_PCODE":"PH10","ADM0_EN":"Philippines (the)","ADM0_PCODE":"PH","region_key":"northern_mindanao_caraga","province_key":"surigao_del_sur","type":"Municipality"}},{"type":"Feature","geometry":{"type":"MultiPolygon","coordinates":[[[[126.0119,8.7998],[126.0704,8.82],[126.1141,8.83],[126.2588,8.8389],[126.3306,8.8533],[126.3309,8.8494],[126.3356,8.8447],[126.3342,8.8431],[126.3356,8.84],[126.3328,8.8381],[126.3259,8.8398],[126.3201,8.8363],[126.3156,8.8364],[126.3161,8.8336],[126.3203,8.8328],[126.3278,8.8247],[126.3242,8.8239],[126.3253,8.8206],[126.3223,8.8203],[126.3228,8.8192],[126.3203,8.8169],[126.3175,8.8172],[126.3145,8.8139],[126.3067,8.8122],[126.3044,8.8083],[126.3056,8.8056],[126.3039,8.8039],[126.3008,8.805],[126.3025,8.8033],[126.3008,8.7986],[126.3028,8.7958],[126.3014,8.7928],[126.3042,8.7875],[126.3036,8.7833],[126.3019,8.7817],[126.3006,8.7833],[126.2969,8.7831],[126.2911,8.7731],[126.2886,8.7717],[126.2764,8.775],[126.2739,8.7736],[126.2647,8.7736],[126.2623,8.7718],[126.2273,8.7823],[126.147,8.7673],[126.1188,8.7611],[126.1148,8.7583],[125.9742,8.7342],[125.9699,8.7403],[125.9579,8.7768],[125.9564,8.7856],[126.0119,8.7998]]],[[[126.3103,8.78],[126.3086,8.7783],[126.3053,8.7794],[126.3086,8.7811],[126.3103,8.78]]]]},"properties":{"ADM3_EN":"Marihatag","name":"Marihatag","ADM3_PCODE":"PH166814000","psgc_code":"166814000","ADM2_EN":"Surigao del Sur","ADM2_PCODE":"PH1668","ADM1_EN":"Northern Mindanao & Caraga","ADM1_PCODE":"PH10","ADM0_EN":"Philippines (the)","ADM0_PCODE":"PH","region_key":"northern_mindanao_caraga","province_key":"surigao_del_sur","type":"Municipality"}},{"type":"Feature","geometry":{"type":"MultiPolygon","coordinates":[[[[126.0083,8.6836],[125.9742,8.7342],[126.1148,8.7583],[126.1188,8.7611],[126.147,8.7673],[126.2273,8.7823],[126.2623,8.7718],[126.2578,8.7667],[126.2558,8.7678],[126.2565,8.7712],[126.2544,8.7728],[126.2525,8.7689],[126.2472,8.7661],[126.248,8.7639],[126.2408,8.7647],[126.2383,8.7619],[126.2363,8.7555],[126.2364,8.7519],[126.2398,8.751],[126.2411,8.7486],[126.2394,8.7422],[126.2328,8.7381],[126.2273,8.743],[126.2179,8.739],[126.2183,8.7376],[126.2125,8.7316],[126.2108,8.725],[126.2108,8.7131],[126.2131,8.7103],[126.2177,8.707],[126.2195,8.709],[126.2236,8.7087],[126.233,8.6992],[126.2408,8.7011],[126.2447,8.6986],[126.2445,8.6947],[126.2397,8.6933],[126.2267,8.6936],[126.2242,8.6919],[126.2133,8.6908],[126.2064,8.6939],[126.2044,8.6964],[126.1947,8.6969],[126.1936,8.6986],[126.1928,8.6958],[126.1872,8.6978],[126.1785,8.6878],[126.1783,8.6853],[126.1719,8.6803],[126.165,8.6803],[126.1594,8.6758],[126.155,8.6772],[126.1531,8.675],[126.1467,8.6742],[126.1442,8.6711],[126.1378,8.6717],[126.1367,8.6703],[126.1383,8.6681],[126.137,8.6672],[126.109,8.6761],[126.0744,8.6814],[126.0514,8.6792],[126.0326,8.673],[126.0163,8.6643],[126.0127,8.6758],[126.0083,8.6836]]],[[[126.1917,8.6892],[126.1903,8.6875],[126.1884,8.6889],[126.1903,8.6924],[126.1917,8.6892]]],[[[126.1995,8.6856],[126.2002,8.6868],[126.2013,8.6856],[126.2003,8.6848],[126.1995,8.6856]]]]},"properties":{"ADM3_EN":"San Agustin","name":"San Agustin","ADM3_PCODE":"PH166815000","psgc_code":"166815000","ADM2_EN":"Surigao del Sur","ADM2_PCODE":"PH1668","ADM1_EN":"Northern Mindanao & Caraga","ADM1_PCODE":"PH10","ADM0_EN":"Philippines (the)","ADM0_PCODE":"PH","region_key":"northern_mindanao_caraga","province_key":"surigao_del_sur","type":"Municipality"}},{"type":"Feature","geometry":{"type":"MultiPolygon","coordinates":[[[[126.0775,8.969],[126.087,8.9432],[126.0937,8.9302],[126.0857,8.9214],[126.081,8.9201],[126.0785,8.9228],[126.0758,8.9228],[126.0772,8.914],[126.0701,8.9046],[126.0474,8.894],[126.0463,8.8909],[126.0478,8.8867],[126.0476,8.8615],[126.053,8.8509],[126.0528,8.847],[126.0409,8.8104],[126.0119,8.7998],[125.9564,8.7856],[125.9562,8.7958],[125.9472,8.8183],[125.9416,8.8263],[125.9109,8.8562],[125.9009,8.8683],[125.8981,8.8744],[125.8942,8.8898],[125.8871,8.9684],[125.8894,9.0044],[126.0566,9.0159],[126.0703,8.9878],[126.0727,8.9772],[126.0775,8.969]]]]},"properties":{"ADM3_EN":"San Miguel","name":"San Miguel","ADM3_PCODE":"PH166816000","psgc_code":"166816000","ADM2_EN":"Surigao del Sur","ADM2_PCODE":"PH1668","ADM1_EN":"Northern Mindanao & Caraga","ADM1_PCODE":"PH10","ADM0_EN":"Philippines (the)","ADM0_PCODE":"PH","region_key":"northern_mindanao_caraga","province_key":"surigao_del_sur","type":"Municipality"}},{"type":"Feature","geometry":{"type":"MultiPolygon","coordinates":[[[[126.1986,8.3691],[126.1796,8.3695],[126.1433,8.3741],[126.126,8.3745],[126.0985,8.3793],[126.0832,8.3907],[126.0601,8.4166],[126.1084,8.4702],[126.1287,8.4956],[126.1393,8.5065],[126.1514,8.5127],[126.1707,8.5137],[126.2417,8.5014],[126.2799,8.4995],[126.2757,8.4913],[126.2796,8.4038],[126.2688,8.3991],[126.2593,8.3747],[126.2336,8.3778],[126.1986,8.3691]]]]},"properties":{"ADM3_EN":"Tagbina","name":"Tagbina","ADM3_PCODE":"PH166817000","psgc_code":"166817000","ADM2_EN":"Surigao del Sur","ADM2_PCODE":"PH1668","ADM1_EN":"Northern Mindanao & Caraga","ADM1_PCODE":"PH10","ADM0_EN":"Philippines (the)","ADM0_PCODE":"PH","region_key":"northern_mindanao_caraga","province_key":"surigao_del_sur","type":"Municipality"}},{"type":"Feature","geometry":{"type":"MultiPolygon","coordinates":[[[[126.053,8.8509],[126.0476,8.8615],[126.0478,8.8867],[126.0463,8.8909],[126.0474,8.894],[126.0701,8.9046],[126.0772,8.914],[126.0758,8.9228],[126.0785,8.9228],[126.081,8.9201],[126.0857,8.9214],[126.0937,8.9302],[126.087,8.9432],[126.0789,8.9661],[126.0727,8.9772],[126.0703,8.9878],[126.0566,9.0159],[126.0646,9.0153],[126.1125,9.0198],[126.1625,9.0263],[126.1883,9.0337],[126.2147,9.0449],[126.2374,9.0211],[126.2377,9.0157],[126.2333,9.0142],[126.2272,9.0197],[126.2203,9.0209],[126.2156,9.0253],[126.203,9.0304],[126.2025,9.0278],[126.2039,9.0264],[126.2083,9.025],[126.2086,9.0208],[126.2036,9.0078],[126.2075,9.0114],[126.2103,9.0265],[126.2203,9.0186],[126.2247,9.0186],[126.2292,9.0142],[126.2349,9.0117],[126.2239,9.0098],[126.2205,9.0045],[126.2216,8.9971],[126.2279,8.9798],[126.229,8.971],[126.2276,8.9673],[126.2254,8.9668],[126.2234,8.9636],[126.2306,8.9571],[126.234,8.9479],[126.212,8.9375],[126.1893,8.9298],[126.1318,8.9178],[126.1467,8.8759],[126.1562,8.8399],[126.1655,8.8338],[126.1141,8.83],[126.0704,8.82],[126.0409,8.8104],[126.053,8.8509]]],[[[126.2052,9.0269],[126.2037,9.0282],[126.2035,9.0296],[126.2078,9.0256],[126.2052,9.0269]]]]},"properties":{"ADM3_EN":"Tago","name":"Tago","ADM3_PCODE":"PH166818000","psgc_code":"166818000","ADM2_EN":"Surigao del Sur","ADM2_PCODE":"PH1668","ADM1_EN":"Northern Mindanao & Caraga","ADM1_PCODE":"PH10","ADM0_EN":"Philippines (the)","ADM0_PCODE":"PH","region_key":"northern_mindanao_caraga","province_key":"surigao_del_sur","type":"Municipality"}},{"type":"Feature","geometry":{"type":"MultiPolygon","coordinates":[[[[126.1937,9.0777],[126.1956,9.0815],[126.1925,9.0819],[126.1925,9.0858],[126.1972,9.09],[126.1975,9.0877],[126.1947,9.0836],[126.1965,9.0825],[126.1975,9.0861],[126.2,9.0863],[126.1981,9.0841],[126.2013,9.0814],[126.202,9.0724],[126.2089,9.0701],[126.2059,9.0633],[126.2147,9.0449],[126.1883,9.0337],[126.1625,9.0263],[126.1379,9.0224],[126.0646,9.0153],[126.0421,9.0158],[126.0382,9.0141],[126.0324,9.0148],[125.9574,9.0082],[125.8894,9.0044],[125.8891,9.016],[125.8829,9.0519],[125.9221,9.0707],[126.0304,9.1284],[126.037,9.1303],[126.0676,9.1504],[126.0967,9.1726],[126.1008,9.1694],[126.1063,9.1679],[126.1117,9.1685],[126.131,9.1615],[126.1564,9.1582],[126.1761,9.1577],[126.1738,9.1436],[126.1675,9.1349],[126.167,9.1287],[126.163,9.1218],[126.165,9.1184],[126.1635,9.1145],[126.1587,9.1117],[126.1579,9.1056],[126.1612,9.0993],[126.1619,9.0941],[126.1681,9.0876],[126.1676,9.0854],[126.1715,9.0852],[126.1826,9.0778],[126.192,9.0795],[126.1898,9.0746],[126.1937,9.0777]]],[[[126.2242,9.1144],[126.2269,9.1183],[126.2292,9.1164],[126.225,9.1133],[126.2242,9.1144]]]]},"properties":{"ADM3_EN":"Tandag City","name":"Tandag City","ADM3_PCODE":"PH166819000","psgc_code":"166819000","ADM2_EN":"Surigao del Sur","ADM2_PCODE":"PH1668","ADM1_EN":"Northern Mindanao & Caraga","ADM1_PCODE":"PH10","ADM0_EN":"Philippines (the)","ADM0_PCODE":"PH","region_key":"northern_mindanao_caraga","province_key":"surigao_del_sur","type":"City"}}]}