{"type":"FeatureCollection","name":"zamboanga_peninsula_municipalities","crs":{"type":"name","properties":{"name":"urn:ogc:def:crs:OGC:1.3:CRS84"}},"features":[{"type":"Feature","geometry":{"type":"MultiPolygon","coordinates":[[[[123.0425,7.9887],[123.0437,7.9865],[123.0403,7.9841],[123.0422,7.9823],[123.0459,7.9832],[123.048,7.9801],[123.052,7.981],[122.9864,7.9336],[122.9623,7.9142],[122.9464,7.9143],[122.928,7.9168],[122.9295,7.9213],[122.9271,7.931],[122.9277,7.9348],[122.9302,7.9381],[122.9334,7.9386],[122.9402,7.9505],[122.9382,7.9547],[122.9406,7.9612],[122.9382,7.9681],[122.9395,7.9704],[122.9342,7.9722],[122.9295,7.9775],[122.926,7.9772],[122.9256,7.9812],[122.9234,7.9839],[122.9147,7.9901],[122.9125,8.0001],[122.9094,8.0016],[122.9092,8.0067],[122.9052,8.0117],[122.8981,8.0135],[122.8961,8.0108],[122.8929,8.0114],[122.8936,8.0147],[122.892,8.016],[122.8885,8.0117],[122.8853,8.0139],[122.8883,8.0173],[122.8877,8.0186],[122.8841,8.0181],[122.8781,8.0219],[122.8765,8.0281],[122.8734,8.0283],[122.8699,8.0348],[122.8778,8.0429],[122.879,8.047],[122.8835,8.0531],[122.8819,8.0562],[122.8822,8.0632],[122.8801,8.0637],[122.8797,8.0658],[122.8813,8.0673],[122.8768,8.0725],[122.8774,8.0765],[122.8732,8.0857],[122.8773,8.0878],[122.8758,8.0926],[122.8778,8.0969],[122.8777,8.1012],[122.8751,8.1019],[122.8719,8.1115],[122.8655,8.1202],[122.8657,8.1233],[122.8627,8.1281],[122.8631,8.1325],[122.8599,8.1352],[122.858,8.1404],[122.8583,8.1464],[122.8632,8.1464],[122.8675,8.1414],[122.8728,8.1414],[122.8858,8.145],[122.8992,8.1436],[122.9078,8.1444],[122.9433,8.1692],[122.956,8.1838],[122.9697,8.1663],[122.9834,8.1534],[123.0216,8.107],[123.0315,8.0817],[123.0346,8.0794],[123.0323,8.0735],[123.035,8.0727],[123.035,8.0688],[123.0391,8.0618],[123.037,8.0534],[123.0413,8.0476],[123.0395,8.0422],[123.0426,8.0406],[123.0463,8.0409],[123.0455,8.0353],[123.051,8.0302],[123.0491,8.0205],[123.0454,8.0187],[123.0459,8.0155],[123.0431,8.014],[123.0436,8.0104],[123.0463,8.009],[123.0454,8.0066],[123.042,8.0067],[123.0394,8.0035],[123.0384,8.0065],[123.0352,8.0051],[123.0373,8.0007],[123.0343,7.997],[123.0369,7.9946],[123.0377,7.9898],[123.0399,7.9881],[123.0425,7.9887]]]]},"properties":{"ADM3_EN":"Bacungan","name":"Bacungan","ADM3_PCODE":"PH97226000","psgc_code":"97226000","ADM2_EN":"Zamboanga del Norte","ADM2_PCODE":"PH9722","ADM1_EN":"Region IX (Zamboanga Peninsula)","ADM1_PCODE":"PH09","ADM0_EN":"Philippines (the)","ADM0_PCODE":"PH","region_key":"zamboanga_peninsula","province_key":"zamboanga_del_norte","type":"Municipality"}},{"type":"Feature","geometry":{"type":"MultiPolygon","coordinates":[[[[122.1762,7.7467],[122.125,7.7743],[122.1216,7.7745],[122.1219,7.7767],[122.1202,7.7775],[122.1211,7.7796],[122.1192,7.7825],[122.1222,7.7842],[122.1247,7.789],[122.1209,7.7997],[122.1236,7.8028],[122.1246,7.7982],[122.1295,7.799],[122.1338,7.8035],[122.1388,7.8039],[122.1425,7.8075],[122.1427,7.8149],[122.1389,7.817],[122.1388,7.8197],[122.1401,7.8213],[122.1425,7.82],[122.1445,7.8223],[122.1445,7.8274],[122.1517,7.8317],[122.1533,7.8361],[122.1507,7.8398],[122.1578,7.8474],[122.1602,7.8585],[122.1712,7.8691],[122.1866,7.8737],[122.2047,7.8844],[122.2112,7.8915],[122.217,7.8951],[122.2209,7.9026],[122.2264,7.9083],[122.2313,7.9198],[122.2333,7.931],[122.2311,7.9387],[122.2277,7.9433],[122.2243,7.9448],[122.2219,7.9503],[122.2217,7.9536],[122.2244,7.9558],[122.2763,7.9053],[122.4112,7.7681],[122.371,7.7557],[122.3578,7.7494],[122.3344,7.7153],[122.3073,7.6698],[122.2861,7.6838],[122.1762,7.7467]]]]},"properties":{"ADM3_EN":"Baliguian","name":"Baliguian","ADM3_PCODE":"PH97224000","psgc_code":"97224000","ADM2_EN":"Zamboanga del Norte","ADM2_PCODE":"PH9722","ADM1_EN":"Region IX (Zamboanga Peninsula)","ADM1_PCODE":"PH09","ADM0_EN":"Philippines (the)","ADM0_PCODE":"PH","region_key":"zamboanga_peninsula","province_key":"zamboanga_del_norte","type":"Municipality"}},{"type":"Feature","geometry":{"type":"MultiPolygon","coordinates":[[[[123.4588,8.4704],[123.4081,8.5525],[123.3794,8.5919],[123.3763,8.5995],[123.3582,8.6283],[123.3558,8.6311],[123.3511,8.6309],[123.3492,8.6328],[123.3502,8.635],[123.3546,8.6357],[123.3566,8.6382],[123.3658,8.6397],[123.3681,8.6412],[123.368,8.643],[123.3706,8.6436],[123.3737,8.6401],[123.377,8.6405],[123.38,8.6367],[123.3824,8.637],[123.3871,8.6297],[123.3896,8.629],[123.3926,8.625],[123.394,8.6275],[123.4066,8.6356],[123.4126,8.6355],[123.4144,8.6331],[123.4112,8.64],[123.4157,8.6471],[123.4202,8.6633],[123.4175,8.6666],[123.4137,8.6671],[123.4125,8.6656],[123.4106,8.6676],[123.4051,8.6678],[123.4088,8.6699],[123.4103,8.674],[123.4043,8.6726],[123.4019,8.6731],[123.4021,8.6758],[123.3978,8.6753],[123.3996,8.6855],[123.4067,8.689],[123.406,8.6945],[123.402,8.6967],[123.4022,8.7038],[123.4004,8.7035],[123.397,8.6975],[123.3972,8.6933],[123.3993,8.6932],[123.3959,8.6916],[123.3971,8.6883],[123.3943,8.6838],[123.3945,8.688],[123.3913,8.6907],[123.3933,8.6934],[123.3927,8.6953],[123.3886,8.6945],[123.3898,8.7001],[123.3785,8.7046],[123.3801,8.712],[123.3793,8.7268],[123.3898,8.7277],[123.398,8.7263],[123.4127,8.7225],[123.4145,8.7206],[123.4169,8.7212],[123.4361,8.7158],[123.4406,8.709],[123.4512,8.6987],[123.4533,8.6927],[123.4519,8.6884],[123.453,8.6846],[123.4517,8.683],[123.4556,8.6843],[123.4531,8.6863],[123.4565,8.6915],[123.4586,8.6894],[123.4677,8.6892],[123.475,8.6822],[123.4787,8.6875],[123.4837,8.687],[123.4837,8.6894],[123.4917,8.6966],[123.4895,8.6787],[123.4649,8.6642],[123.4627,8.66],[123.4598,8.6221],[123.459,8.5821],[123.4554,8.5408],[123.4633,8.5366],[123.4637,8.5335],[123.4658,8.5335],[123.4742,8.5405],[123.4818,8.5391],[123.4833,8.5416],[123.4808,8.5471],[123.482,8.5512],[123.4811,8.5559],[123.4876,8.5557],[123.4894,8.5526],[123.4905,8.5548],[123.4939,8.5554],[123.497,8.5508],[123.5001,8.5491],[123.5074,8.549],[123.4983,8.4745],[123.4943,8.4143],[123.4588,8.4704]]],[[[123.2236,8.7427],[123.2196,8.7421],[123.2179,8.744],[123.2182,8.7476],[123.2243,8.7499],[123.2267,8.7492],[123.2281,8.7454],[123.2236,8.7427]]],[[[123.4167,8.8496],[123.4125,8.8538],[123.4138,8.8596],[123.4217,8.8561],[123.4204,8.8499],[123.4167,8.8496]]]]},"properties":{"ADM3_EN":"Dapitan City","name":"Dapitan City","ADM3_PCODE":"PH97201000","psgc_code":"97201000","ADM2_EN":"Zamboanga del Norte","ADM2_PCODE":"PH9720","ADM1_EN":"Region IX (Zamboanga Peninsula)","ADM1_PCODE":"PH09","ADM0_EN":"Philippines (the)","ADM0_PCODE":"PH","region_key":"zamboanga_peninsula","province_key":"zamboanga_del_norte","type":"City"}},{"type":"Feature","geometry":{"type":"MultiPolygon","coordinates":[[[[123.3852,8.3313],[123.3342,8.3315],[123.3349,8.3488],[123.3397,8.3656],[123.34,8.3787],[123.3339,8.3923],[123.3188,8.4158],[123.3091,8.4232],[123.3075,8.4283],[123.3097,8.4333],[123.3104,8.4453],[123.3225,8.4584],[123.3175,8.467],[123.3177,8.4737],[123.3199,8.4743],[123.3245,8.4799],[123.3299,8.482],[123.3276,8.4876],[123.3286,8.492],[123.3259,8.4969],[123.3273,8.5003],[123.3165,8.5073],[123.3147,8.5109],[123.3154,8.515],[123.3097,8.5235],[123.3061,8.5239],[123.3055,8.5267],[123.3211,8.5453],[123.3305,8.5629],[123.3372,8.5889],[123.3414,8.5933],[123.3363,8.5899],[123.3358,8.5914],[123.3426,8.6057],[123.3508,8.6314],[123.3558,8.6311],[123.3582,8.6283],[123.3763,8.5995],[123.3794,8.5919],[123.3889,8.5802],[123.4047,8.5558],[123.3381,8.5262],[123.3379,8.5202],[123.3573,8.4812],[123.3605,8.468],[123.3626,8.4632],[123.3668,8.4612],[123.3633,8.4553],[123.367,8.4551],[123.3681,8.453],[123.3662,8.4489],[123.3763,8.4398],[123.3907,8.4101],[123.3949,8.405],[123.3995,8.4022],[123.4013,8.3969],[123.4024,8.3313],[123.3852,8.3313]]]]},"properties":{"ADM3_EN":"Dipolog City","name":"Dipolog City","ADM3_PCODE":"PH97202000","psgc_code":"97202000","ADM2_EN":"Zamboanga del Norte","ADM2_PCODE":"PH9720","ADM1_EN":"Region IX (Zamboanga Peninsula)","ADM1_PCODE":"PH09","ADM0_EN":"Philippines (the)","ADM0_PCODE":"PH","region_key":"zamboanga_peninsula","province_key":"zamboanga_del_norte","type":"City"}},{"type":"Feature","geometry":{"type":"MultiPolygon","coordinates":[[[[122.8392,8.0341],[122.8699,8.0348],[122.8734,8.0283],[122.8765,8.0281],[122.8781,8.0219],[122.8841,8.0181],[122.8877,8.0186],[122.8883,8.0173],[122.8853,8.0139],[122.8885,8.0117],[122.892,8.016],[122.8936,8.0147],[122.8929,8.0114],[122.8961,8.0108],[122.8981,8.0135],[122.9052,8.0117],[122.9092,8.0067],[122.9094,8.0016],[122.9125,8.0001],[122.9147,7.9901],[122.9234,7.9839],[122.9256,7.9812],[122.926,7.9772],[122.9295,7.9775],[122.9342,7.9722],[122.9395,7.9704],[122.9382,7.9681],[122.9406,7.9612],[122.9382,7.9547],[122.9402,7.9505],[122.9334,7.9386],[122.9302,7.9381],[122.9277,7.9348],[122.9271,7.931],[122.9295,7.9213],[122.928,7.9168],[122.8718,7.9257],[122.8572,7.931],[122.7983,7.9419],[122.7533,7.9434],[122.7221,7.9393],[122.7185,7.9611],[122.7153,7.9659],[122.7144,7.9733],[122.7127,7.9724],[122.714,7.9811],[122.712,7.9821],[122.7118,7.9852],[122.7099,7.9856],[122.7114,7.9925],[122.7145,7.9957],[122.7131,7.9975],[122.714,8.0003],[122.7162,8.0024],[122.7149,8.0041],[122.7081,8.0057],[122.7094,8.0118],[122.7129,8.0114],[122.7142,8.0139],[122.7125,8.0177],[122.7168,8.0189],[122.7134,8.0237],[122.7146,8.0268],[122.7136,8.0301],[122.7166,8.0316],[122.8392,8.0341]]]]},"properties":{"ADM3_EN":"Godod","name":"Godod","ADM3_PCODE":"PH97225000","psgc_code":"97225000","ADM2_EN":"Zamboanga del Norte","ADM2_PCODE":"PH9722","ADM1_EN":"Region IX (Zamboanga Peninsula)","ADM1_PCODE":"PH09","ADM0_EN":"Philippines (the)","ADM0_PCODE":"PH","region_key":"zamboanga_peninsula","province_key":"zamboanga_del_norte","type":"Municipality"}},{"type":"Feature","geometry":{"type":"MultiPolygon","coordinates":[[[[122.4421,7.8888],[122.4442,7.8714],[122.4467,7.8661],[122.4453,7.8642],[122.4462,7.8604],[122.4423,7.8601],[122.4437,7.8582],[122.4428,7.8561],[122.4405,7.8564],[122.4429,7.8521],[122.4405,7.8516],[122.439,7.8486],[122.4347,7.8477],[122.4358,7.8437],[122.4316,7.8446],[122.4313,7.8431],[122.4357,7.8421],[122.4359,7.8405],[122.4296,7.8386],[122.422,7.8393],[122.4221,7.835],[122.4165,7.8347],[122.4172,7.8266],[122.4136,7.8227],[122.4181,7.8202],[122.4122,7.8182],[122.4163,7.8156],[122.4158,7.8143],[122.4121,7.8151],[122.4145,7.8101],[122.4111,7.8093],[122.4121,7.8057],[122.4089,7.8034],[122.4103,7.8001],[122.409,7.7944],[122.4123,7.794],[122.4111,7.7931],[122.4128,7.7906],[122.4126,7.7884],[122.4102,7.7883],[122.4119,7.7855],[122.4101,7.7841],[122.4077,7.7848],[122.4119,7.7721],[122.4112,7.7681],[122.2763,7.9053],[122.2244,7.9558],[122.2242,7.9583],[122.2261,7.9606],[122.2328,7.9625],[122.2381,7.9692],[122.2447,7.9708],[122.25,7.9792],[122.2508,7.9853],[122.2627,7.9906],[122.2686,7.9983],[122.2767,7.999],[122.2797,8.0027],[122.2814,8.0011],[122.283,8.0017],[122.2838,8.0036],[122.2886,8.0053],[122.2956,8.0139],[122.3042,8.0178],[122.3083,8.0161],[122.3197,8.0189],[122.3278,8.0269],[122.3408,8.0322],[122.3453,8.0383],[122.3494,8.0367],[122.3517,8.0397],[122.3547,8.0392],[122.3594,8.0428],[122.3636,8.0419],[122.3661,8.0439],[122.3706,8.0436],[122.3744,8.0456],[122.3861,8.0464],[122.3897,8.0489],[122.3989,8.0472],[122.4158,8.0556],[122.4178,8.0547],[122.4261,8.0569],[122.4608,8.0719],[122.4742,8.0728],[122.4717,8.0717],[122.4743,8.0617],[122.4689,8.0525],[122.4648,8.0504],[122.4597,8.0364],[122.4538,8.0303],[122.4532,8.0244],[122.4491,8.0202],[122.4527,8.0155],[122.4508,8.0106],[122.4523,8.0064],[122.4469,8.0082],[122.4458,7.9974],[122.4437,7.9953],[122.4402,7.9952],[122.4339,7.9803],[122.4353,7.976],[122.4378,7.9739],[122.433,7.9682],[122.4364,7.9549],[122.4329,7.9504],[122.4499,7.935],[122.4511,7.9324],[122.449,7.9289],[122.4526,7.924],[122.4464,7.918],[122.4462,7.9111],[122.4476,7.9094],[122.4456,7.9055],[122.4453,7.8974],[122.4426,7.896],[122.4448,7.8945],[122.442,7.8912],[122.4421,7.8888]]],[[[122.4486,8.1147],[122.4456,8.1139],[122.4433,8.1164],[122.4475,8.1175],[122.4486,8.1147]]],[[[122.4419,8.1178],[122.4397,8.1181],[122.4395,8.12],[122.4425,8.1192],[122.4419,8.1178]]]]},"properties":{"ADM3_EN":"Gutalac","name":"Gutalac","ADM3_PCODE":"PH97223000","psgc_code":"97223000","ADM2_EN":"Zamboanga del Norte","ADM2_PCODE":"PH9722","ADM1_EN":"Region IX (Zamboanga Peninsula)","ADM1_PCODE":"PH09","ADM0_EN":"Philippines (the)","ADM0_PCODE":"PH","region_key":"zamboanga_peninsula","province_key":"zamboanga_del_norte","type":"Municipality"}},{"type":"Feature","geometry":{"type":"MultiPolygon","coordinates":[[[[123.1527,8.3151],[123.1697,8.3151],[123.1697,8.297],[123.1451,8.3022],[123.0549,8.3138],[123.0354,8.3128],[123.0317,8.3179],[123.0157,8.3487],[123.0103,8.3561],[122.9809,8.4148],[122.9853,8.4192],[122.9917,8.4183],[122.995,8.4239],[123.0044,8.4244],[123.0084,8.4283],[123.0127,8.4408],[123.0196,8.4476],[123.0196,8.4589],[123.024,8.4661],[123.0224,8.4719],[123.0269,8.4821],[123.0255,8.4831],[123.0308,8.4903],[123.039,8.4896],[123.0425,8.4937],[123.0445,8.4937],[123.0461,8.4863],[123.0475,8.4842],[123.0493,8.4853],[123.0497,8.4783],[123.0513,8.476],[123.054,8.4758],[123.0587,8.4662],[123.0626,8.4651],[123.0623,8.4612],[123.0645,8.4571],[123.0631,8.4561],[123.0659,8.4517],[123.063,8.4484],[123.0673,8.4481],[123.0723,8.4438],[123.0705,8.4417],[123.0695,8.4355],[123.0667,8.4354],[123.0672,8.4336],[123.072,8.4288],[123.0731,8.4241],[123.0779,8.421],[123.0788,8.4242],[123.0873,8.4183],[123.0874,8.4133],[123.0899,8.408],[123.0875,8.4079],[123.0891,8.4038],[123.0866,8.4026],[123.0842,8.4039],[123.0833,8.4023],[123.0859,8.4009],[123.0825,8.3938],[123.084,8.3911],[123.0838,8.3853],[123.0816,8.3843],[123.0806,8.3809],[123.0822,8.3777],[123.0819,8.3728],[123.0863,8.3713],[123.0851,8.369],[123.0881,8.365],[123.1214,8.3649],[123.1205,8.3635],[123.1306,8.3623],[123.1314,8.359],[123.1295,8.3557],[123.1256,8.3545],[123.1274,8.3425],[123.1318,8.3401],[123.1324,8.337],[123.135,8.3355],[123.1341,8.3343],[123.1527,8.3151]]]]},"properties":{"ADM3_EN":"Jose Dalman","name":"Jose Dalman","ADM3_PCODE":"PH97222000","psgc_code":"97222000","ADM2_EN":"Zamboanga del Norte","ADM2_PCODE":"PH9722","ADM1_EN":"Region IX (Zamboanga Peninsula)","ADM1_PCODE":"PH09","ADM0_EN":"Philippines (the)","ADM0_PCODE":"PH","region_key":"zamboanga_peninsula","province_key":"zamboanga_del_norte","type":"Municipality"}},{"type":"Feature","geometry":{"type":"MultiPolygon","coordinates":[[[[122.4111,7.7748],[122.4077,7.7848],[122.4101,7.7841],[122.4119,7.7855],[122.4102,7.7883],[122.4126,7.7884],[122.4128,7.7906],[122.4111,7.7931],[122.4123,7.794],[122.409,7.7944],[122.4103,7.8001],[122.4089,7.8034],[122.4121,7.8057],[122.4111,7.8093],[122.4145,7.8101],[122.4121,7.8151],[122.4158,7.8143],[122.4163,7.8156],[122.4122,7.8182],[122.4181,7.8202],[122.4136,7.8227],[122.4172,7.8266],[122.4165,7.8347],[122.4221,7.835],[122.422,7.8393],[122.4296,7.8386],[122.4359,7.8405],[122.4357,7.8421],[122.4313,7.8431],[122.4316,7.8446],[122.4358,7.8437],[122.4347,7.8477],[122.439,7.8486],[122.4405,7.8516],[122.4429,7.8521],[122.4405,7.8564],[122.4428,7.8561],[122.4437,7.8582],[122.4423,7.8601],[122.4462,7.8604],[122.4453,7.8642],[122.4467,7.8661],[122.4442,7.8714],[122.442,7.8912],[122.4448,7.8945],[122.4426,7.896],[122.4453,7.8974],[122.4456,7.9055],[122.4476,7.9094],[122.4462,7.9111],[122.4464,7.918],[122.4526,7.924],[122.449,7.9289],[122.4511,7.9324],[122.4499,7.935],[122.4329,7.9504],[122.4364,7.9549],[122.433,7.9682],[122.4378,7.9739],[122.465,7.9718],[122.5582,7.9738],[122.5618,7.9779],[122.5655,7.9925],[122.5712,7.9981],[122.5732,8.006],[122.5726,8.0127],[122.5829,8.0179],[122.5906,8.0264],[122.6107,8.06],[122.6156,8.0612],[122.6286,8.0598],[122.6262,8.0547],[122.6299,8.0401],[122.6265,8.035],[122.6316,8.0304],[122.6351,8.0294],[122.6398,8.0222],[122.6354,8.0144],[122.6372,8.0127],[122.6359,8.0101],[122.6367,8.0064],[122.6394,8.002],[122.6395,7.996],[122.6372,7.9921],[122.6379,7.9862],[122.6398,7.9844],[122.6339,7.9784],[122.6333,7.9678],[122.6317,7.9659],[122.6289,7.9669],[122.6206,7.9456],[122.622,7.9384],[122.6192,7.9103],[122.5816,7.8921],[122.5736,7.8866],[122.5516,7.8775],[122.5454,7.8718],[122.5206,7.8562],[122.503,7.8376],[122.4905,7.8302],[122.4581,7.8034],[122.4516,7.7946],[122.4112,7.7681],[122.4111,7.7748]]]]},"properties":{"ADM3_EN":"Kalawit","name":"Kalawit","ADM3_PCODE":"PH97227000","psgc_code":"97227000","ADM2_EN":"Zamboanga del Norte","ADM2_PCODE":"PH9722","ADM1_EN":"Region IX (Zamboanga Peninsula)","ADM1_PCODE":"PH09","ADM0_EN":"Philippines (the)","ADM0_PCODE":"PH","region_key":"zamboanga_peninsula","province_key":"zamboanga_del_norte","type":"Municipality"}},{"type":"Feature","geometry":{"type":"MultiPolygon","coordinates":[[[[123.2481,8.3313],[123.197,8.3303],[123.2237,8.3688],[123.2532,8.4185],[123.2541,8.4965],[123.2576,8.5135],[123.2698,8.5119],[123.2805,8.5129],[123.2995,8.5194],[123.3053,8.525],[123.3077,8.5229],[123.3097,8.5235],[123.3154,8.515],[123.3147,8.5109],[123.3165,8.5073],[123.3273,8.5003],[123.3259,8.4969],[123.3286,8.492],[123.3276,8.4876],[123.3299,8.482],[123.3245,8.4799],[123.3199,8.4743],[123.3177,8.4737],[123.3175,8.467],[123.3225,8.4584],[123.3104,8.4453],[123.3097,8.4333],[123.3075,8.4283],[123.3091,8.4232],[123.3188,8.4158],[123.3339,8.3923],[123.34,8.3787],[123.3397,8.3656],[123.3349,8.3488],[123.3342,8.3315],[123.2481,8.3313]]]]},"properties":{"ADM3_EN":"Katipunan","name":"Katipunan","ADM3_PCODE":"PH97203000","psgc_code":"97203000","ADM2_EN":"Zamboanga del Norte","ADM2_PCODE":"PH9720","ADM1_EN":"Region IX (Zamboanga Peninsula)","ADM1_PCODE":"PH09","ADM0_EN":"Philippines (the)","ADM0_PCODE":"PH","region_key":"zamboanga_peninsula","province_key":"zamboanga_del_norte","type":"Municipality"}},{"type":"Feature","geometry":{"type":"MultiPolygon","coordinates":[[[[123.5214,8.4143],[123.4943,8.4143],[123.4983,8.4745],[123.507,8.5383],[123.5093,8.5345],[123.5145,8.5368],[123.516,8.5345],[123.5214,8.534],[123.5248,8.529],[123.5183,8.5276],[123.5233,8.5253],[123.5217,8.5148],[123.5253,8.5114],[123.5299,8.5104],[123.5293,8.5076],[123.5319,8.5076],[123.5346,8.5046],[123.5341,8.5007],[123.5414,8.4895],[123.55,8.4832],[123.5516,8.4803],[123.5551,8.4795],[123.5553,8.4151],[123.5214,8.4143]]]]},"properties":{"ADM3_EN":"La Libertad","name":"La Libertad","ADM3_PCODE":"PH97204000","psgc_code":"97204000","ADM2_EN":"Zamboanga del Norte","ADM2_PCODE":"PH9720","ADM1_EN":"Region IX (Zamboanga Peninsula)","ADM1_PCODE":"PH09","ADM0_EN":"Philippines (the)","ADM0_PCODE":"PH","region_key":"zamboanga_peninsula","province_key":"zamboanga_del_norte","type":"Municipality"}},{"type":"Feature","geometry":{"type":"MultiPolygon","coordinates":[[[[122.4437,7.9953],[122.4458,7.9974],[122.4469,8.0082],[122.4523,8.0064],[122.4508,8.0106],[122.4527,8.0155],[122.4491,8.0202],[122.4532,8.0244],[122.4538,8.0303],[122.4597,8.0364],[122.4648,8.0504],[122.4689,8.0525],[122.4743,8.0617],[122.4717,8.0717],[122.4808,8.0719],[122.4989,8.0653],[122.5103,8.065],[122.5186,8.07],[122.5214,8.0758],[122.5258,8.0772],[122.5292,8.0764],[122.5303,8.0775],[122.5314,8.0758],[122.5333,8.0767],[122.5383,8.0744],[122.5408,8.0761],[122.545,8.075],[122.5556,8.0797],[122.5647,8.0778],[122.5763,8.0802],[122.5908,8.0881],[122.5922,8.0911],[122.5906,8.0958],[122.5936,8.0992],[122.5989,8.1017],[122.6081,8.1011],[122.6198,8.1066],[122.6214,8.1023],[122.6205,8.0909],[122.6249,8.0891],[122.6279,8.0904],[122.6276,8.0954],[122.6331,8.0945],[122.6292,8.0822],[122.633,8.0826],[122.6341,8.081],[122.6306,8.0733],[122.6312,8.0709],[122.6334,8.0701],[122.6331,8.0668],[122.6286,8.0598],[122.6156,8.0612],[122.6107,8.06],[122.5906,8.0264],[122.5829,8.0179],[122.5726,8.0127],[122.5732,8.006],[122.5712,7.9981],[122.5655,7.9925],[122.5618,7.9779],[122.5582,7.9738],[122.465,7.9718],[122.4378,7.9739],[122.4353,7.976],[122.4339,7.9803],[122.4402,7.9952],[122.4437,7.9953]]]]},"properties":{"ADM3_EN":"Labason","name":"Labason","ADM3_PCODE":"PH97205000","psgc_code":"97205000","ADM2_EN":"Zamboanga del Norte","ADM2_PCODE":"PH9720","ADM1_EN":"Region IX (Zamboanga Peninsula)","ADM1_PCODE":"PH09","ADM0_EN":"Philippines (the)","ADM0_PCODE":"PH","region_key":"zamboanga_peninsula","province_key":"zamboanga_del_norte","type":"Municipality"}},{"type":"Feature","geometry":{"type":"MultiPolygon","coordinates":[[[[122.6986,8.1158],[122.7197,8.1119],[122.7386,8.1125],[122.7429,8.1086],[122.7387,8.1021],[122.7366,8.1063],[122.7347,8.1057],[122.736,8.097],[122.7343,8.0943],[122.7302,8.0929],[122.7307,8.0877],[122.7331,8.0903],[122.7355,8.0907],[122.7367,8.0888],[122.7357,8.0866],[122.7329,8.0863],[122.7313,8.0841],[122.7306,8.0819],[122.7331,8.0752],[122.728,8.0695],[122.7291,8.0681],[122.7271,8.0665],[122.728,8.0647],[122.7237,8.0618],[122.7233,8.0548],[122.7258,8.0548],[122.7238,8.0509],[122.7266,8.0481],[122.7264,8.0451],[122.7253,8.0422],[122.7224,8.0407],[122.7228,8.0392],[122.7186,8.0385],[122.7165,8.0363],[122.7166,8.0316],[122.7136,8.0301],[122.6351,8.0294],[122.6287,8.0325],[122.6265,8.035],[122.6268,8.037],[122.6286,8.0373],[122.6299,8.0401],[122.6262,8.0547],[122.6331,8.0668],[122.6334,8.0701],[122.6312,8.0709],[122.6306,8.0733],[122.6341,8.081],[122.633,8.0826],[122.6292,8.0822],[122.6333,8.093],[122.6331,8.0945],[122.6276,8.0954],[122.6279,8.0904],[122.6228,8.089],[122.6205,8.0909],[122.6214,8.1023],[122.6198,8.1066],[122.6294,8.1142],[122.6297,8.1197],[122.6367,8.1281],[122.6354,8.1307],[122.6372,8.1344],[122.6514,8.1442],[122.6614,8.1622],[122.6747,8.1572],[122.6736,8.1411],[122.6767,8.1328],[122.6827,8.1273],[122.6836,8.1231],[122.6858,8.1208],[122.6986,8.1158]]]]},"properties":{"ADM3_EN":"Liloy","name":"Liloy","ADM3_PCODE":"PH97206000","psgc_code":"97206000","ADM2_EN":"Zamboanga del Norte","ADM2_PCODE":"PH9720","ADM1_EN":"Region IX (Zamboanga Peninsula)","ADM1_PCODE":"PH09","ADM0_EN":"Philippines (the)","ADM0_PCODE":"PH","region_key":"zamboanga_peninsula","province_key":"zamboanga_del_norte","type":"Municipality"}},{"type":"Feature","geometry":{"type":"MultiPolygon","coordinates":[[[[123.135,8.3355],[123.1262,8.3451],[123.1256,8.3545],[123.1295,8.3557],[123.1314,8.359],[123.1306,8.3623],[123.1205,8.3635],[123.1214,8.3649],[123.0881,8.365],[123.0851,8.369],[123.0863,8.3713],[123.0819,8.3728],[123.0822,8.3777],[123.0806,8.3809],[123.0816,8.3843],[123.0838,8.3853],[123.084,8.3911],[123.0825,8.3938],[123.0859,8.4009],[123.0833,8.4023],[123.0842,8.4039],[123.0866,8.4026],[123.0891,8.4038],[123.0875,8.4079],[123.0899,8.408],[123.0874,8.4133],[123.0881,8.4161],[123.0873,8.4183],[123.0788,8.4242],[123.0779,8.421],[123.0731,8.4241],[123.072,8.4288],[123.0672,8.4336],[123.0667,8.4354],[123.0695,8.4355],[123.0705,8.4417],[123.0723,8.4438],[123.0673,8.4481],[123.063,8.4484],[123.0659,8.4517],[123.0631,8.4561],[123.0645,8.4571],[123.0623,8.4612],[123.0626,8.4651],[123.0587,8.4662],[123.054,8.4758],[123.0513,8.476],[123.0497,8.4783],[123.0493,8.4853],[123.0475,8.4842],[123.0461,8.4863],[123.0456,8.4923],[123.0439,8.495],[123.0502,8.5017],[123.0551,8.5118],[123.0637,8.5155],[123.1431,8.5243],[123.1693,8.5288],[123.1835,8.5331],[123.1849,8.5327],[123.1817,8.5251],[123.1835,8.5236],[123.179,8.5204],[123.1817,8.5187],[123.182,8.5157],[123.1771,8.5155],[123.1743,8.5094],[123.1776,8.5064],[123.1749,8.5026],[123.1784,8.4955],[123.174,8.49],[123.1711,8.4899],[123.1675,8.4859],[123.1657,8.4783],[123.1634,8.4756],[123.164,8.4428],[123.1766,8.4312],[123.175,8.4263],[123.1748,8.3307],[123.1689,8.3299],[123.1697,8.3151],[123.1527,8.3151],[123.1341,8.3343],[123.135,8.3355]]]]},"properties":{"ADM3_EN":"Manukan","name":"Manukan","ADM3_PCODE":"PH97207000","psgc_code":"97207000","ADM2_EN":"Zamboanga del Norte","ADM2_PCODE":"PH9720","ADM1_EN":"Region IX (Zamboanga Peninsula)","ADM1_PCODE":"PH09","ADM0_EN":"Philippines (the)","ADM0_PCODE":"PH","region_key":"zamboanga_peninsula","province_key":"zamboanga_del_norte","type":"Municipality"}},{"type":"Feature","geometry":{"type":"MultiPolygon","coordinates":[[[[123.5328,8.3326],[123.5275,8.3401],[123.523,8.3409],[123.5173,8.3443],[123.5137,8.3512],[123.5069,8.3521],[123.4996,8.3575],[123.4947,8.3573],[123.4879,8.3617],[123.4844,8.3613],[123.4821,8.3646],[123.4796,8.3659],[123.4777,8.3645],[123.4754,8.3676],[123.469,8.3692],[123.4654,8.3678],[123.465,8.3708],[123.4608,8.3749],[123.4596,8.3806],[123.4534,8.3926],[123.4617,8.436],[123.4813,8.4356],[123.4943,8.4143],[123.5551,8.4151],[123.5551,8.3309],[123.5367,8.3308],[123.5328,8.3326]]]]},"properties":{"ADM3_EN":"Mutia","name":"Mutia","ADM3_PCODE":"PH97208000","psgc_code":"97208000","ADM2_EN":"Zamboanga del Norte","ADM2_PCODE":"PH9720","ADM1_EN":"Region IX (Zamboanga Peninsula)","ADM1_PCODE":"PH09","ADM0_EN":"Philippines (the)","ADM0_PCODE":"PH","region_key":"zamboanga_peninsula","province_key":"zamboanga_del_norte","type":"Municipality"}},{"type":"Feature","geometry":{"type":"MultiPolygon","coordinates":[[[[123.4025,8.4349],[123.3998,8.4397],[123.4057,8.4451],[123.4048,8.4462],[123.4027,8.4441],[123.3998,8.4444],[123.3976,8.4538],[123.4008,8.4595],[123.4078,8.4855],[123.442,8.4982],[123.4516,8.481],[123.4813,8.4356],[123.4617,8.436],[123.4534,8.3926],[123.4596,8.3806],[123.4608,8.3749],[123.465,8.3708],[123.4654,8.3678],[123.469,8.3692],[123.4754,8.3676],[123.4777,8.3645],[123.4796,8.3659],[123.4821,8.3646],[123.4844,8.3613],[123.4879,8.3617],[123.4947,8.3573],[123.4996,8.3575],[123.5069,8.3521],[123.5137,8.3512],[123.5173,8.3443],[123.523,8.3409],[123.5275,8.3401],[123.5313,8.3338],[123.5367,8.3308],[123.4024,8.3313],[123.4012,8.3801],[123.4037,8.4301],[123.4025,8.4349]]]]},"properties":{"ADM3_EN":"Pinan","name":"Pinan","ADM3_PCODE":"PH97209000","psgc_code":"97209000","ADM2_EN":"Zamboanga del Norte","ADM2_PCODE":"PH9720","ADM1_EN":"Region IX (Zamboanga Peninsula)","ADM1_PCODE":"PH09","ADM0_EN":"Philippines (the)","ADM0_PCODE":"PH","region_key":"zamboanga_peninsula","province_key":"zamboanga_del_norte","type":"Municipality"}},{"type":"Feature","geometry":{"type":"MultiPolygon","coordinates":[[[[123.3763,8.4398],[123.3662,8.4489],[123.3681,8.453],[123.367,8.4551],[123.3633,8.4553],[123.3668,8.4612],[123.3626,8.4632],[123.3605,8.468],[123.3573,8.4812],[123.3379,8.5202],[123.3381,8.5262],[123.4047,8.5558],[123.4081,8.5525],[123.442,8.4982],[123.4078,8.4855],[123.4008,8.4595],[123.3976,8.4538],[123.3998,8.4444],[123.4027,8.4441],[123.4048,8.4462],[123.4057,8.4451],[123.3998,8.4397],[123.4037,8.4301],[123.4013,8.3969],[123.3995,8.4022],[123.3949,8.405],[123.3907,8.4101],[123.3763,8.4398]]]]},"properties":{"ADM3_EN":"Polanco","name":"Polanco","ADM3_PCODE":"PH97210000","psgc_code":"97210000","ADM2_EN":"Zamboanga del Norte","ADM2_PCODE":"PH9721","ADM1_EN":"Region IX (Zamboanga Peninsula)","ADM1_PCODE":"PH09","ADM0_EN":"Philippines (the)","ADM0_PCODE":"PH","region_key":"zamboanga_peninsula","province_key":"zamboanga_del_norte","type":"Municipality"}},{"type":"Feature","geometry":{"type":"MultiPolygon","coordinates":[[[[123.233,8.5215],[123.2521,8.5198],[123.2583,8.5141],[123.2541,8.4965],[123.2532,8.4185],[123.2237,8.3688],[123.197,8.3303],[123.1748,8.3307],[123.175,8.4263],[123.1766,8.4312],[123.164,8.4428],[123.1634,8.4756],[123.1657,8.4783],[123.1675,8.4859],[123.1711,8.4899],[123.174,8.49],[123.1784,8.4955],[123.1749,8.5026],[123.1776,8.5064],[123.1743,8.5094],[123.1771,8.5155],[123.182,8.5157],[123.1817,8.5187],[123.179,8.5204],[123.1835,8.5236],[123.1817,8.5251],[123.1849,8.5327],[123.2021,8.5317],[123.233,8.5215]]]]},"properties":{"ADM3_EN":"Pres.Manuel A.Roxas","name":"Pres.Manuel A.Roxas","ADM3_PCODE":"PH97211000","psgc_code":"97211000","ADM2_EN":"Zamboanga del Norte","ADM2_PCODE":"PH9721","ADM1_EN":"Region IX (Zamboanga Peninsula)","ADM1_PCODE":"PH09","ADM0_EN":"Philippines (the)","ADM0_PCODE":"PH","region_key":"zamboanga_peninsula","province_key":"zamboanga_del_norte","type":"Municipality"}},{"type":"Feature","geometry":{"type":"MultiPolygon","coordinates":[[[[123.55,8.4832],[123.5414,8.4895],[123.5341,8.5007],[123.5346,8.5046],[123.5319,8.5076],[123.5293,8.5076],[123.5299,8.5104],[123.5253,8.5114],[123.5217,8.5148],[123.5233,8.5253],[123.5183,8.5276],[123.5248,8.529],[123.5214,8.534],[123.516,8.5345],[123.5145,8.5368],[123.5093,8.5345],[123.507,8.5383],[123.5151,8.6026],[123.5204,8.6272],[123.5228,8.6254],[123.5272,8.6294],[123.5321,8.6278],[123.5344,8.6316],[123.5378,8.6271],[123.5345,8.6218],[123.5359,8.6194],[123.5405,8.6211],[123.5447,8.6256],[123.5473,8.6242],[123.5506,8.6251],[123.5519,8.6221],[123.5546,8.6213],[123.5551,8.4795],[123.5516,8.4803],[123.55,8.4832]]]]},"properties":{"ADM3_EN":"Rizal","name":"Rizal","ADM3_PCODE":"PH97212000","psgc_code":"97212000","ADM2_EN":"Zamboanga del Norte","ADM2_PCODE":"PH9721","ADM1_EN":"Region IX (Zamboanga Peninsula)","ADM1_PCODE":"PH09","ADM0_EN":"Philippines (the)","ADM0_PCODE":"PH","region_key":"zamboanga_peninsula","province_key":"zamboanga_del_norte","type":"Municipality"}},{"type":"Feature","geometry":{"type":"MultiPolygon","coordinates":[[[[122.7186,8.0385],[122.7228,8.0392],[122.7224,8.0407],[122.7253,8.0422],[122.7264,8.0451],[122.7266,8.0481],[122.7238,8.0509],[122.7258,8.0548],[122.7233,8.0548],[122.7237,8.0618],[122.728,8.0647],[122.7271,8.0665],[122.7291,8.0681],[122.728,8.0695],[122.7331,8.0752],[122.7306,8.0819],[122.7329,8.0863],[122.7357,8.0866],[122.7367,8.0888],[122.7355,8.0907],[122.7331,8.0903],[122.7307,8.0877],[122.7302,8.0929],[122.7343,8.0943],[122.736,8.097],[122.7347,8.1057],[122.7366,8.1063],[122.7387,8.1021],[122.7429,8.1086],[122.7386,8.1125],[122.7625,8.1139],[122.7656,8.1175],[122.7697,8.1153],[122.7742,8.1156],[122.7823,8.118],[122.7919,8.1178],[122.7961,8.12],[122.8142,8.1211],[122.8233,8.1256],[122.8314,8.1261],[122.8406,8.1303],[122.8547,8.1392],[122.8578,8.1453],[122.8599,8.1352],[122.8631,8.1325],[122.8627,8.1281],[122.8657,8.1233],[122.8655,8.1202],[122.8719,8.1115],[122.8751,8.1019],[122.8777,8.1012],[122.8778,8.0969],[122.8758,8.0926],[122.8773,8.0878],[122.8732,8.0857],[122.8774,8.0765],[122.8768,8.0725],[122.8813,8.0673],[122.8797,8.0658],[122.8801,8.0637],[122.8822,8.0632],[122.8819,8.0562],[122.8835,8.0531],[122.8729,8.0369],[122.8699,8.0348],[122.7166,8.0316],[122.7165,8.0363],[122.7186,8.0385]]]]},"properties":{"ADM3_EN":"Salug","name":"Salug","ADM3_PCODE":"PH97213000","psgc_code":"97213000","ADM2_EN":"Zamboanga del Norte","ADM2_PCODE":"PH9721","ADM1_EN":"Region IX (Zamboanga Peninsula)","ADM1_PCODE":"PH09","ADM0_EN":"Philippines (the)","ADM0_PCODE":"PH","region_key":"zamboanga_peninsula","province_key":"zamboanga_del_norte","type":"Municipality"}},{"type":"Feature","geometry":{"type":"MultiPolygon","coordinates":[[[[123.5502,8.2206],[123.5496,8.2154],[123.3823,8.2148],[123.3823,8.2238],[123.3484,8.2317],[123.2007,8.2394],[123.2145,8.263],[123.2087,8.3012],[123.1697,8.297],[123.1689,8.3299],[123.2834,8.3315],[123.5551,8.3309],[123.5549,8.2755],[123.5507,8.2491],[123.5502,8.2206]]]]},"properties":{"ADM3_EN":"Sergio Osmena Sr.","name":"Sergio Osmena Sr.","ADM3_PCODE":"PH97214000","psgc_code":"97214000","ADM2_EN":"Zamboanga del Norte","ADM2_PCODE":"PH9721","ADM1_EN":"Region IX (Zamboanga Peninsula)","ADM1_PCODE":"PH09","ADM0_EN":"Philippines (the)","ADM0_PCODE":"PH","region_key":"zamboanga_peninsula","province_key":"zamboanga_del_norte","type":"Municipality"}},{"type":"Feature","geometry":{"type":"MultiPolygon","coordinates":[[[[123.1911,8.102],[123.1669,8.0513],[123.167,7.9958],[123.0969,8.0018],[123.0778,7.9983],[123.0703,7.9952],[123.052,7.981],[123.048,7.9801],[123.0459,7.9832],[123.0422,7.9823],[123.0403,7.9841],[123.0437,7.9865],[123.0425,7.9887],[123.0399,7.9881],[123.0377,7.9898],[123.0369,7.9946],[123.0343,7.997],[123.0373,8.0007],[123.0352,8.0051],[123.0384,8.0065],[123.0394,8.0035],[123.042,8.0067],[123.0454,8.0066],[123.0463,8.009],[123.0436,8.0104],[123.0431,8.014],[123.0459,8.0155],[123.0454,8.0187],[123.0491,8.0205],[123.051,8.0302],[123.0455,8.0353],[123.0463,8.0409],[123.0426,8.0406],[123.0395,8.0422],[123.0413,8.0476],[123.037,8.0534],[123.0391,8.0618],[123.035,8.0688],[123.035,8.0727],[123.0323,8.0735],[123.0346,8.0794],[123.0315,8.0817],[123.0415,8.0898],[123.0562,8.1068],[123.0747,8.122],[123.105,8.1517],[123.1162,8.1682],[123.1239,8.2053],[123.0549,8.2269],[123.0568,8.2534],[123.055,8.2786],[123.0549,8.3138],[123.1451,8.3022],[123.1697,8.297],[123.2087,8.3012],[123.2145,8.263],[123.2007,8.2394],[123.1922,8.1981],[123.194,8.1741],[123.1934,8.1429],[123.1973,8.1403],[123.1945,8.1329],[123.1931,8.1061],[123.1911,8.102]]]]},"properties":{"ADM3_EN":"Siayan","name":"Siayan","ADM3_PCODE":"PH97215000","psgc_code":"97215000","ADM2_EN":"Zamboanga del Norte","ADM2_PCODE":"PH9721","ADM1_EN":"Region IX (Zamboanga Peninsula)","ADM1_PCODE":"PH09","ADM0_EN":"Philippines (the)","ADM0_PCODE":"PH","region_key":"zamboanga_peninsula","province_key":"zamboanga_del_norte","type":"Municipality"}},{"type":"Feature","geometry":{"type":"MultiPolygon","coordinates":[[[[121.9019,7.1478],[121.9117,7.1564],[121.9119,7.1647],[121.9222,7.1844],[121.9228,7.1886],[121.9283,7.1953],[121.9289,7.1994],[121.9381,7.2067],[121.9422,7.2136],[121.9489,7.2167],[121.9622,7.2281],[121.9625,7.2353],[121.9667,7.2386],[121.9661,7.2406],[121.9736,7.2486],[121.985,7.2525],[121.9914,7.2592],[122.0,7.2583],[122.0071,7.2617],[122.0141,7.2711],[122.0122,7.2789],[122.0337,7.2835],[122.0367,7.2827],[122.0439,7.2852],[122.0516,7.2845],[122.0561,7.2875],[122.0592,7.2875],[122.0616,7.2904],[122.0649,7.2997],[122.065,7.3133],[122.0505,7.3148],[122.0432,7.321],[122.0424,7.3235],[122.0371,7.3264],[122.0344,7.339],[122.0364,7.3468],[122.0325,7.349],[122.0297,7.3583],[122.0339,7.3606],[122.0372,7.3653],[122.0477,7.3711],[122.0484,7.3753],[122.0436,7.3798],[122.0436,7.3856],[122.0443,7.3871],[122.0472,7.3876],[122.049,7.3914],[122.0561,7.3982],[122.0591,7.4111],[122.0578,7.4159],[122.0594,7.4261],[122.0579,7.4287],[122.0597,7.435],[122.0589,7.4386],[122.0544,7.4418],[122.0542,7.4446],[122.056,7.4482],[122.0584,7.4493],[122.0583,7.452],[122.0618,7.4523],[122.0615,7.4556],[122.0644,7.4576],[122.0697,7.4678],[122.0701,7.4771],[122.0746,7.488],[122.2187,7.4609],[122.2096,7.4484],[122.1691,7.3653],[122.1658,7.2745],[122.1456,7.2195],[122.1035,7.1812],[122.085,7.1606],[122.0719,7.1495],[122.0337,7.1507],[121.9562,7.1491],[121.9014,7.146],[121.9019,7.1478]]]]},"properties":{"ADM3_EN":"Sibuco","name":"Sibuco","ADM3_PCODE":"PH97216000","psgc_code":"97216000","ADM2_EN":"Zamboanga del Norte","ADM2_PCODE":"PH9721","ADM1_EN":"Region IX (Zamboanga Peninsula)","ADM1_PCODE":"PH09","ADM0_EN":"Philippines (the)","ADM0_PCODE":"PH","region_key":"zamboanga_peninsula","province_key":"zamboanga_del_norte","type":"Municipality"}},{"type":"Feature","geometry":{"type":"MultiPolygon","coordinates":[[[[123.4586,8.5876],[123.4598,8.6221],[123.4636,8.6627],[123.4895,8.6787],[123.4925,8.6983],[123.4954,8.701],[123.5015,8.7008],[123.505,8.6939],[123.5055,8.6911],[123.5039,8.6904],[123.5077,8.6869],[123.5064,8.6838],[123.508,8.6819],[123.4931,8.6686],[123.4933,8.6617],[123.4886,8.6606],[123.4856,8.6564],[123.4883,8.6528],[123.4881,8.6431],[123.4947,8.6385],[123.4975,8.634],[123.5005,8.6334],[123.5044,8.6267],[123.5075,8.6279],[123.5109,8.6227],[123.5156,8.6211],[123.517,8.6229],[123.5164,8.63],[123.5188,8.6311],[123.5204,8.6272],[123.5151,8.6026],[123.5074,8.549],[123.5001,8.5491],[123.497,8.5508],[123.4939,8.5554],[123.4905,8.5548],[123.4894,8.5526],[123.4876,8.5557],[123.4811,8.5559],[123.482,8.5512],[123.4808,8.5471],[123.4833,8.5416],[123.4818,8.5391],[123.4742,8.5405],[123.4658,8.5335],[123.4637,8.5335],[123.4633,8.5366],[123.4554,8.5408],[123.4586,8.5876]]],[[[123.499,8.6579],[123.503,8.6551],[123.4962,8.65],[123.4947,8.6534],[123.496,8.6576],[123.499,8.6579]]]]},"properties":{"ADM3_EN":"Sibutad","name":"Sibutad","ADM3_PCODE":"PH97217000","psgc_code":"97217000","ADM2_EN":"Zamboanga del Norte","ADM2_PCODE":"PH9721","ADM1_EN":"Region IX (Zamboanga Peninsula)","ADM1_PCODE":"PH09","ADM0_EN":"Philippines (the)","ADM0_PCODE":"PH","region_key":"zamboanga_peninsula","province_key":"zamboanga_del_norte","type":"Municipality"}},{"type":"Feature","geometry":{"type":"MultiPolygon","coordinates":[[[[123.0562,8.1068],[123.0415,8.0898],[123.0315,8.0817],[123.0216,8.107],[122.9834,8.1534],[122.9697,8.1663],[122.956,8.1838],[122.9597,8.1847],[122.9753,8.1978],[122.9839,8.1981],[122.9894,8.2022],[122.9958,8.2142],[122.9961,8.2208],[122.9942,8.2264],[122.9969,8.2258],[122.9972,8.2269],[122.9936,8.2297],[122.9958,8.2403],[122.9947,8.25],[122.99,8.2519],[122.9872,8.2508],[122.9667,8.2608],[122.9647,8.2667],[122.9569,8.2722],[122.9542,8.2781],[122.9478,8.2797],[122.945,8.2875],[122.9461,8.2914],[122.9364,8.3069],[122.9372,8.3086],[122.9406,8.3083],[122.945,8.3164],[122.9578,8.3144],[122.9675,8.3186],[122.9722,8.3186],[122.9788,8.3219],[122.9828,8.3275],[122.9831,8.3322],[122.987,8.3383],[122.9897,8.35],[122.9858,8.3564],[122.9878,8.36],[122.9875,8.3636],[122.9797,8.3772],[122.9817,8.3825],[122.9781,8.4019],[122.9809,8.4148],[123.0103,8.3561],[123.0354,8.3128],[123.0549,8.3138],[123.055,8.2786],[123.0568,8.2534],[123.0549,8.2269],[123.1239,8.2053],[123.1162,8.1682],[123.105,8.1517],[123.0747,8.122],[123.0562,8.1068]]]]},"properties":{"ADM3_EN":"Sindangan","name":"Sindangan","ADM3_PCODE":"PH97218000","psgc_code":"97218000","ADM2_EN":"Zamboanga del Norte","ADM2_PCODE":"PH9721","ADM1_EN":"Region IX (Zamboanga Peninsula)","ADM1_PCODE":"PH09","ADM0_EN":"Philippines (the)","ADM0_PCODE":"PH","region_key":"zamboanga_peninsula","province_key":"zamboanga_del_norte","type":"Municipality"}},{"type":"Feature","geometry":{"type":"MultiPolygon","coordinates":[[[[122.1598,7.6116],[122.1209,7.6132],[122.1225,7.6176],[122.1195,7.6214],[122.1222,7.6211],[122.1258,7.6252],[122.1247,7.6294],[122.1275,7.6358],[122.1309,7.6349],[122.133,7.6373],[122.1352,7.6428],[122.1361,7.6522],[122.1329,7.6778],[122.1267,7.6894],[122.1267,7.7014],[122.125,7.7008],[122.1237,7.6964],[122.1169,7.7217],[122.115,7.7234],[122.1121,7.7223],[122.1099,7.7291],[122.1071,7.7302],[122.1039,7.7264],[122.099,7.7246],[122.0942,7.7296],[122.0938,7.7347],[122.0919,7.7369],[122.0853,7.7361],[122.0901,7.7448],[122.0918,7.7454],[122.0932,7.744],[122.0946,7.7488],[122.0985,7.7491],[122.0984,7.7536],[122.1014,7.7578],[122.0992,7.7594],[122.1033,7.7625],[122.106,7.7627],[122.1098,7.7602],[122.1118,7.7487],[122.1163,7.7549],[122.1178,7.7528],[122.1244,7.7571],[122.1221,7.7613],[122.1163,7.762],[122.1088,7.7722],[122.1069,7.7719],[122.1023,7.7766],[122.1015,7.779],[122.1035,7.7809],[122.1053,7.7886],[122.1091,7.7829],[122.111,7.775],[122.1151,7.7744],[122.1202,7.7775],[122.1219,7.7767],[122.1216,7.7745],[122.125,7.7743],[122.1762,7.7467],[122.2861,7.6838],[122.3073,7.6698],[122.2928,7.6444],[122.2791,7.6331],[122.276,7.6285],[122.2656,7.6057],[122.1598,7.6116]]],[[[122.1248,7.6967],[122.1248,7.699],[122.1258,7.6996],[122.1252,7.6949],[122.1248,7.6967]]]]},"properties":{"ADM3_EN":"Siocon","name":"Siocon","ADM3_PCODE":"PH97219000","psgc_code":"97219000","ADM2_EN":"Zamboanga del Norte","ADM2_PCODE":"PH9721","ADM1_EN":"Region IX (Zamboanga Peninsula)","ADM1_PCODE":"PH09","ADM0_EN":"Philippines (the)","ADM0_PCODE":"PH","region_key":"zamboanga_peninsula","province_key":"zamboanga_del_norte","type":"Municipality"}},{"type":"Feature","geometry":{"type":"MultiPolygon","coordinates":[[[[122.0761,7.4894],[122.0894,7.4948],[122.0901,7.4998],[122.0883,7.5072],[122.0864,7.5051],[122.0879,7.5047],[122.0878,7.5028],[122.0845,7.5025],[122.0773,7.5054],[122.073,7.5112],[122.0717,7.5143],[122.0737,7.5189],[122.0736,7.5236],[122.0773,7.5265],[122.0828,7.5215],[122.0828,7.5248],[122.0861,7.5281],[122.0925,7.5218],[122.0993,7.5234],[122.1061,7.5305],[122.1024,7.5357],[122.1066,7.5416],[122.1099,7.5411],[122.113,7.5431],[122.113,7.5513],[122.1207,7.5549],[122.1256,7.5534],[122.128,7.5558],[122.1279,7.5602],[122.1364,7.5609],[122.14,7.5637],[122.1431,7.5747],[122.1381,7.5858],[122.1368,7.5867],[122.1347,7.5856],[122.1353,7.5894],[122.13,7.5906],[122.1266,7.5894],[122.1258,7.5826],[122.1227,7.5814],[122.1136,7.5918],[122.1053,7.5962],[122.1094,7.6008],[122.1097,7.605],[122.1132,7.6078],[122.1165,7.6075],[122.1208,7.6101],[122.1212,7.6128],[122.2656,7.6057],[122.2535,7.5772],[122.2298,7.53],[122.2187,7.4609],[122.0746,7.488],[122.0761,7.4894]]],[[[122.0947,7.531],[122.0944,7.5299],[122.0933,7.5301],[122.0944,7.5315],[122.0947,7.531]]]]},"properties":{"ADM3_EN":"Sirawai","name":"Sirawai","ADM3_PCODE":"PH97220000","psgc_code":"97220000","ADM2_EN":"Zamboanga del Norte","ADM2_PCODE":"PH9722","ADM1_EN":"Region IX (Zamboanga Peninsula)","ADM1_PCODE":"PH09","ADM0_EN":"Philippines (the)","ADM0_PCODE":"PH","region_key":"zamboanga_peninsula","province_key":"zamboanga_del_norte","type":"Municipality"}},{"type":"Feature","geometry":{"type":"MultiPolygon","coordinates":[[[[122.6192,7.9103],[122.622,7.9384],[122.6206,7.9456],[122.6289,7.9669],[122.6317,7.9659],[122.6333,7.9678],[122.6339,7.9784],[122.6398,7.9844],[122.6379,7.9862],[122.6372,7.9921],[122.6395,7.996],[122.6394,8.002],[122.6367,8.0064],[122.6359,8.0101],[122.6372,8.0127],[122.6354,8.0144],[122.6398,8.0222],[122.6351,8.0294],[122.7136,8.0301],[122.7146,8.0268],[122.7134,8.0237],[122.7168,8.0189],[122.7125,8.0177],[122.7142,8.0139],[122.7129,8.0114],[122.7094,8.0118],[122.7081,8.0057],[122.7149,8.0041],[122.7162,8.0024],[122.714,8.0003],[122.7131,7.9975],[122.7145,7.9957],[122.7114,7.9925],[122.7099,7.9856],[122.7118,7.9852],[122.712,7.9821],[122.714,7.9811],[122.7127,7.9724],[122.7144,7.9733],[122.7153,7.9659],[122.7185,7.9611],[122.7221,7.9393],[122.7114,7.936],[122.6919,7.9364],[122.6629,7.9297],[122.6192,7.9103]]]]},"properties":{"ADM3_EN":"Tampilisan","name":"Tampilisan","ADM3_PCODE":"PH97221000","psgc_code":"97221000","ADM2_EN":"Zamboanga del Norte","ADM2_PCODE":"PH9722","ADM1_EN":"Region IX (Zamboanga Peninsula)","ADM1_PCODE":"PH09","ADM0_EN":"Philippines (the)","ADM0_PCODE":"PH","region_key":"zamboanga_peninsula","province_key":"zamboanga_del_norte","type":"Municipality"}},{"type":"Feature","geometry":{"type":"MultiPolygon","coordinates":[[[[123.6284,7.8562],[123.6271,7.8499],[123.6225,7.8452],[123.615,7.8906],[123.6061,7.8988],[123.6036,7.8985],[123.6069,7.9013],[123.6047,7.9045],[123.5983,7.9012],[123.5965,7.9064],[123.5946,7.9069],[123.5951,7.9089],[123.5929,7.9101],[123.5914,7.9099],[123.5894,7.9055],[123.5882,7.9062],[123.5828,7.9116],[123.5835,7.9188],[123.5739,7.9142],[123.5679,7.9165],[123.566,7.9151],[123.5595,7.9207],[123.557,7.9207],[123.5549,7.925],[123.55,7.9247],[123.5432,7.9275],[123.5419,7.934],[123.533,7.9363],[123.5282,7.9471],[123.5221,7.942],[123.5196,7.9423],[123.5211,7.9463],[123.5236,7.9475],[123.5213,7.9497],[123.5222,7.9525],[123.5201,7.9558],[123.5148,7.9518],[123.5031,7.9533],[123.5004,7.9514],[123.4985,7.9469],[123.4955,7.9457],[123.4935,7.9473],[123.4904,7.9459],[123.4886,7.9528],[123.4869,7.9516],[123.4845,7.9546],[123.4799,7.9559],[123.4834,7.9667],[123.4807,7.9716],[123.486,7.9789],[123.4888,7.9907],[123.4936,7.9921],[123.5104,7.9909],[123.5128,7.9978],[123.5207,7.9981],[123.5255,8.0029],[123.5302,8.0051],[123.5308,8.0078],[123.5495,7.9986],[123.5574,7.9983],[123.5603,7.9963],[123.5812,7.9919],[123.5833,7.9955],[123.5835,7.9923],[123.592,7.9912],[123.5925,7.988],[123.598,7.9842],[123.5998,7.981],[123.6054,7.9803],[123.6063,7.9817],[123.6199,7.9755],[123.6239,7.9787],[123.6236,7.9813],[123.6259,7.9826],[123.6273,7.9861],[123.6293,7.9838],[123.6281,7.9796],[123.6297,7.9786],[123.6268,7.9796],[123.6264,7.9815],[123.6253,7.9815],[123.6251,7.9788],[123.6283,7.971],[123.6324,7.9714],[123.6328,7.9781],[123.6307,7.9772],[123.6339,7.9794],[123.6376,7.9756],[123.6432,7.9739],[123.6455,7.9698],[123.6407,7.9656],[123.6483,7.9647],[123.6539,7.955],[123.6584,7.9541],[123.6617,7.9513],[123.6704,7.9535],[123.6543,7.8885],[123.6476,7.8759],[123.6321,7.8579],[123.6284,7.8562]]]]},"properties":{"ADM3_EN":"Aurora","name":"Aurora","ADM3_PCODE":"PH97302000","psgc_code":"97302000","ADM2_EN":"Zamboanga del Sur","ADM2_PCODE":"PH9730","ADM1_EN":"Region IX (Zamboanga Peninsula)","ADM1_PCODE":"PH09","ADM0_EN":"Philippines (the)","ADM0_PCODE":"PH","region_key":"zamboanga_peninsula","province_key":"zamboanga_del_sur","type":"Municipality"}},{"type":"Feature","geometry":{"type":"MultiPolygon","coordinates":[[[[123.0233,7.8197],[123.0221,7.8187],[123.0158,7.82],[123.02,7.8133],[123.0135,7.8131],[123.0099,7.8113],[123.0082,7.814],[123.0012,7.813],[122.9931,7.8259],[122.9158,7.8319],[122.9159,7.9186],[122.9464,7.9143],[122.9623,7.9142],[122.9864,7.9336],[123.0703,7.9952],[123.0861,8.0001],[123.0969,8.0018],[123.1097,8.0014],[123.118,7.9842],[123.1123,7.946],[123.1127,7.9305],[123.1057,7.8307],[123.0839,7.8247],[123.0854,7.8104],[123.0725,7.8186],[123.0233,7.8197]]]]},"properties":{"ADM3_EN":"Bayog","name":"Bayog","ADM3_PCODE":"PH97303000","psgc_code":"97303000","ADM2_EN":"Zamboanga del Sur","ADM2_PCODE":"PH9730","ADM1_EN":"Region IX (Zamboanga Peninsula)","ADM1_PCODE":"PH09","ADM0_EN":"Philippines (the)","ADM0_PCODE":"PH","region_key":"zamboanga_peninsula","province_key":"zamboanga_del_sur","type":"Municipality"}},{"type":"Feature","geometry":{"type":"MultiPolygon","coordinates":[[[[123.3897,7.4784],[123.3945,7.4716],[123.386,7.4719],[123.3858,7.4564],[123.3691,7.4571],[123.3171,7.5027],[123.3178,7.5203],[123.3159,7.5188],[123.3151,7.5217],[123.3117,7.5187],[123.3087,7.5188],[123.3078,7.5232],[123.3013,7.5303],[123.2953,7.5292],[123.2886,7.5315],[123.279,7.5304],[123.2706,7.5333],[123.2637,7.532],[123.2558,7.5361],[123.2526,7.5321],[123.2472,7.5292],[123.2419,7.5292],[123.2404,7.5306],[123.2515,7.5734],[123.2571,7.6031],[123.3375,7.5549],[123.3369,7.5511],[123.3402,7.5495],[123.3419,7.546],[123.3462,7.5506],[123.3551,7.54],[123.3602,7.5408],[123.3631,7.5376],[123.3695,7.5386],[123.3727,7.5342],[123.3817,7.535],[123.3802,7.5315],[123.3833,7.5258],[123.3822,7.5197],[123.3842,7.5119],[123.3813,7.5095],[123.3805,7.4918],[123.3897,7.4784]]],[[[123.2534,7.5266],[123.251,7.5272],[123.2508,7.5287],[123.2539,7.5291],[123.2562,7.5276],[123.2534,7.5266]]]]},"properties":{"ADM3_EN":"Dimataling","name":"Dimataling","ADM3_PCODE":"PH97305000","psgc_code":"97305000","ADM2_EN":"Zamboanga del Sur","ADM2_PCODE":"PH9730","ADM1_EN":"Region IX (Zamboanga Peninsula)","ADM1_PCODE":"PH09","ADM0_EN":"Philippines (the)","ADM0_PCODE":"PH","region_key":"zamboanga_peninsula","province_key":"zamboanga_del_sur","type":"Municipality"}},{"type":"Feature","geometry":{"type":"MultiPolygon","coordinates":[[[[123.299,7.5773],[123.2515,7.6062],[123.2556,7.6097],[123.2655,7.606],[123.3175,7.6799],[123.3168,7.7028],[123.3207,7.7108],[123.3366,7.7051],[123.3561,7.7073],[123.3572,7.7053],[123.3559,7.704],[123.3559,7.6975],[123.3583,7.6921],[123.3614,7.6945],[123.3624,7.692],[123.366,7.6931],[123.3664,7.6908],[123.3688,7.6906],[123.3714,7.7037],[123.3711,7.6763],[123.409,7.6567],[123.4299,7.6154],[123.4241,7.6147],[123.415,7.6175],[123.3967,7.6108],[123.3944,7.6092],[123.3947,7.6066],[123.3892,7.6081],[123.3842,7.6064],[123.3802,7.5961],[123.385,7.5931],[123.3836,7.5899],[123.3793,7.5886],[123.3834,7.5869],[123.3919,7.5856],[123.3922,7.5825],[123.3894,7.5761],[123.3942,7.5725],[123.3931,7.5633],[123.3886,7.5561],[123.3861,7.5569],[123.3836,7.5617],[123.371,7.5752],[123.37,7.5784],[123.3679,7.5742],[123.3655,7.5763],[123.3657,7.5729],[123.3608,7.5789],[123.3561,7.5794],[123.3516,7.5761],[123.3519,7.5736],[123.3497,7.5722],[123.3394,7.5711],[123.3389,7.5669],[123.3411,7.5631],[123.3375,7.5549],[123.299,7.5773]]],[[[123.3751,7.5693],[123.3752,7.5685],[123.3735,7.5679],[123.3735,7.5693],[123.3751,7.5693]]],[[[123.3845,7.5894],[123.3861,7.5881],[123.3839,7.5872],[123.3828,7.5883],[123.3845,7.5894]]]]},"properties":{"ADM3_EN":"Dinas","name":"Dinas","ADM3_PCODE":"PH97306000","psgc_code":"97306000","ADM2_EN":"Zamboanga del Sur","ADM2_PCODE":"PH9730","ADM1_EN":"Region IX (Zamboanga Peninsula)","ADM1_PCODE":"PH09","ADM0_EN":"Philippines (the)","ADM0_PCODE":"PH","region_key":"zamboanga_peninsula","province_key":"zamboanga_del_sur","type":"Municipality"}},{"type":"Feature","geometry":{"type":"MultiPolygon","coordinates":[[[[123.4817,7.7257],[123.4775,7.72],[123.45,7.7274],[123.4462,7.7224],[123.4104,7.7245],[123.4002,7.7229],[123.3921,7.733],[123.3739,7.7359],[123.3714,7.7546],[123.3373,7.7688],[123.3308,7.775],[123.3296,7.783],[123.3241,7.7896],[123.3138,7.7915],[123.3088,7.7958],[123.3056,7.7955],[123.3185,7.8334],[123.3664,7.8322],[123.3693,7.8309],[123.3813,7.8161],[123.3967,7.8045],[123.4052,7.7955],[123.4131,7.7852],[123.414,7.7817],[123.4204,7.7803],[123.4225,7.7781],[123.4198,7.7716],[123.4242,7.766],[123.4267,7.7642],[123.4308,7.7656],[123.4328,7.7615],[123.4393,7.7648],[123.4464,7.764],[123.4412,7.7519],[123.444,7.7471],[123.448,7.7466],[123.4519,7.7485],[123.4531,7.746],[123.4581,7.744],[123.4674,7.7424],[123.4714,7.7433],[123.4814,7.7308],[123.4817,7.7257]]]]},"properties":{"ADM3_EN":"Dumalinao","name":"Dumalinao","ADM3_PCODE":"PH97307000","psgc_code":"97307000","ADM2_EN":"Zamboanga del Sur","ADM2_PCODE":"PH9730","ADM1_EN":"Region IX (Zamboanga Peninsula)","ADM1_PCODE":"PH09","ADM0_EN":"Philippines (the)","ADM0_PCODE":"PH","region_key":"zamboanga_peninsula","province_key":"zamboanga_del_sur","type":"Municipality"}},{"type":"Feature","geometry":{"type":"MultiPolygon","coordinates":[[[[123.3846,8.1184],[123.3879,8.1041],[123.3381,8.0857],[123.3323,8.0906],[123.3093,8.081],[123.2942,8.0872],[123.2878,8.0843],[123.283,8.0864],[123.2793,8.0917],[123.2715,8.0903],[123.2701,8.092],[123.2721,8.0976],[123.2688,8.0969],[123.2669,8.0999],[123.2636,8.0929],[123.2589,8.0951],[123.2598,8.0969],[123.2552,8.0981],[123.2546,8.1038],[123.249,8.1065],[123.2458,8.103],[123.2461,8.0993],[123.2424,8.1046],[123.2358,8.1049],[123.2331,8.1067],[123.2283,8.1023],[123.223,8.1028],[123.2208,8.1013],[123.2171,8.1024],[123.1911,8.102],[123.1931,8.1061],[123.1945,8.1329],[123.1973,8.1403],[123.1934,8.1429],[123.194,8.1741],[123.1922,8.1981],[123.2007,8.2394],[123.3484,8.2317],[123.3823,8.2238],[123.3829,8.1777],[123.38,8.1753],[123.3813,8.1742],[123.3801,8.1706],[123.3776,8.1696],[123.3778,8.1615],[123.3757,8.1599],[123.3846,8.1184]]]]},"properties":{"ADM3_EN":"Dumingag","name":"Dumingag","ADM3_PCODE":"PH97308000","psgc_code":"97308000","ADM2_EN":"Zamboanga del Sur","ADM2_PCODE":"PH9730","ADM1_EN":"Region IX (Zamboanga Peninsula)","ADM1_PCODE":"PH09","ADM0_EN":"Philippines (the)","ADM0_PCODE":"PH","region_key":"zamboanga_peninsula","province_key":"zamboanga_del_sur","type":"Municipality"}},{"type":"Feature","geometry":{"type":"MultiPolygon","coordinates":[[[[123.3704,7.6965],[123.3688,7.6953],[123.3688,7.6906],[123.3664,7.6908],[123.366,7.6931],[123.3624,7.692],[123.3614,7.6945],[123.3583,7.6921],[123.3559,7.6975],[123.3559,7.704],[123.3572,7.7053],[123.3561,7.7073],[123.3366,7.7051],[123.3207,7.7108],[123.2855,7.7104],[123.2786,7.7234],[123.2732,7.7269],[123.2711,7.7303],[123.272,7.7398],[123.269,7.7568],[123.2633,7.7612],[123.2587,7.7694],[123.2586,7.7972],[123.3088,7.7958],[123.3138,7.7915],[123.3241,7.7896],[123.3296,7.783],[123.3308,7.775],[123.3373,7.7688],[123.3714,7.7546],[123.376,7.7089],[123.3709,7.7027],[123.3704,7.6965]]]]},"properties":{"ADM3_EN":"Guipos","name":"Guipos","ADM3_PCODE":"PH97343000","psgc_code":"97343000","ADM2_EN":"Zamboanga del Sur","ADM2_PCODE":"PH9734","ADM1_EN":"Region IX (Zamboanga Peninsula)","ADM1_PCODE":"PH09","ADM0_EN":"Philippines (the)","ADM0_PCODE":"PH","region_key":"zamboanga_peninsula","province_key":"zamboanga_del_sur","type":"Municipality"}},{"type":"Feature","geometry":{"type":"MultiPolygon","coordinates":[[[[123.5484,8.1596],[123.5429,8.1619],[123.525,8.1567],[123.5215,8.1538],[123.5192,8.1541],[123.5172,8.1478],[123.5157,8.1462],[123.5146,8.1474],[123.5103,8.1426],[123.5095,8.2151],[123.5496,8.2154],[123.5482,8.1957],[123.5534,8.1615],[123.5484,8.1596]]]]},"properties":{"ADM3_EN":"Josefina","name":"Josefina","ADM3_PCODE":"PH97337000","psgc_code":"97337000","ADM2_EN":"Zamboanga del Sur","ADM2_PCODE":"PH9733","ADM1_EN":"Region IX (Zamboanga Peninsula)","ADM1_PCODE":"PH09","ADM0_EN":"Philippines (the)","ADM0_PCODE":"PH","region_key":"zamboanga_peninsula","province_key":"zamboanga_del_sur","type":"Municipality"}},{"type":"Feature","geometry":{"type":"MultiPolygon","coordinates":[[[[123.1689,7.7103],[123.1443,7.6947],[123.1437,7.6994],[123.1378,7.7064],[123.1397,7.7108],[123.1383,7.7128],[123.1332,7.7119],[123.1288,7.7172],[123.1262,7.7139],[123.1181,7.7208],[123.1181,7.7317],[123.116,7.7341],[123.1141,7.7323],[123.1147,7.7286],[123.1117,7.7261],[123.1115,7.7188],[123.1086,7.7168],[123.1072,7.7108],[123.1047,7.7092],[123.1029,7.7032],[123.0975,7.705],[123.0839,7.8247],[123.146,7.8424],[123.1894,7.7891],[123.1974,7.7884],[123.1942,7.7287],[123.1689,7.7103]]]]},"properties":{"ADM3_EN":"Kumalarang","name":"Kumalarang","ADM3_PCODE":"PH97311000","psgc_code":"97311000","ADM2_EN":"Zamboanga del Sur","ADM2_PCODE":"PH9731","ADM1_EN":"Region IX (Zamboanga Peninsula)","ADM1_PCODE":"PH09","ADM0_EN":"Philippines (the)","ADM0_PCODE":"PH","region_key":"zamboanga_peninsula","province_key":"zamboanga_del_sur","type":"Municipality"}},{"type":"Feature","geometry":{"type":"MultiPolygon","coordinates":[[[[123.4993,7.8297],[123.4886,7.8219],[123.4858,7.8222],[123.487,7.8252],[123.4853,7.8266],[123.4874,7.8289],[123.4871,7.831],[123.4833,7.8324],[123.4823,7.8387],[123.4799,7.8412],[123.4756,7.8412],[123.4739,7.8439],[123.47,7.8453],[123.4715,7.8476],[123.4737,7.8452],[123.4753,7.8476],[123.4702,7.8556],[123.4703,7.8604],[123.4665,7.8633],[123.4675,7.866],[123.472,7.8697],[123.4736,7.8694],[123.4721,7.8822],[123.4702,7.8844],[123.4658,7.8856],[123.4615,7.8913],[123.4556,7.8948],[123.4536,7.8991],[123.4461,7.8977],[123.4403,7.8989],[123.4367,7.9014],[123.4378,7.9074],[123.4363,7.9111],[123.438,7.9166],[123.4362,7.9159],[123.4321,7.9191],[123.4118,7.9248],[123.4088,7.9234],[123.4122,7.9213],[123.412,7.9173],[123.4078,7.9137],[123.4027,7.914],[123.3968,7.918],[123.3888,7.9198],[123.3864,7.9182],[123.3884,7.9133],[123.3875,7.912],[123.3858,7.9124],[123.3857,7.9153],[123.3708,7.9123],[123.3621,7.9127],[123.3622,7.9104],[123.3518,7.9028],[123.35,7.9026],[123.3476,7.9058],[123.3456,7.9053],[123.343,7.901],[123.3445,7.8973],[123.3381,7.9021],[123.3287,7.9013],[123.2613,7.9645],[123.4203,7.966],[123.4748,7.9334],[123.4725,7.9267],[123.4828,7.9179],[123.5309,7.883],[123.5361,7.8816],[123.5396,7.878],[123.5434,7.8783],[123.5472,7.8765],[123.5534,7.8609],[123.5541,7.8495],[123.5419,7.8475],[123.54,7.849],[123.5292,7.8422],[123.5275,7.8372],[123.5253,7.8356],[123.515,7.8325],[123.5078,7.8339],[123.5075,7.8314],[123.5047,7.8319],[123.4993,7.8297]]]]},"properties":{"ADM3_EN":"Labangan","name":"Labangan","ADM3_PCODE":"PH97312000","psgc_code":"97312000","ADM2_EN":"Zamboanga del Sur","ADM2_PCODE":"PH9731","ADM1_EN":"Region IX (Zamboanga Peninsula)","ADM1_PCODE":"PH09","ADM0_EN":"Philippines (the)","ADM0_PCODE":"PH","region_key":"zamboanga_peninsula","province_key":"zamboanga_del_sur","type":"Municipality"}},{"type":"Feature","geometry":{"type":"MultiPolygon","coordinates":[[[[123.1675,7.8162],[123.146,7.8424],[123.1057,7.8307],[123.1127,7.9305],[123.1123,7.946],[123.118,7.9842],[123.1097,8.0014],[123.167,7.9958],[123.1662,7.9339],[123.2205,7.9104],[123.1968,7.9092],[123.211,7.8495],[123.235,7.7862],[123.1894,7.7891],[123.1675,7.8162]],[[123.1766,7.8591],[123.1715,7.8514],[123.1649,7.8516],[123.1533,7.8445],[123.1499,7.8443],[123.1503,7.8385],[123.1541,7.8334],[123.1573,7.8329],[123.1615,7.8286],[123.1635,7.8294],[123.1657,7.8314],[123.1658,7.8356],[123.1723,7.8342],[123.1791,7.8401],[123.1827,7.8463],[123.1861,7.8469],[123.1896,7.8547],[123.1805,7.8635],[123.1782,7.8626],[123.1766,7.8591]]]]},"properties":{"ADM3_EN":"Lakewood","name":"Lakewood","ADM3_PCODE":"PH97333000","psgc_code":"97333000","ADM2_EN":"Zamboanga del Sur","ADM2_PCODE":"PH9733","ADM1_EN":"Region IX (Zamboanga Peninsula)","ADM1_PCODE":"PH09","ADM0_EN":"Philippines (the)","ADM0_PCODE":"PH","region_key":"zamboanga_peninsula","province_key":"zamboanga_del_sur","type":"Municipality"}},{"type":"Feature","geometry":{"type":"MultiPolygon","coordinates":[[[[123.258,7.622],[123.2489,7.6196],[123.2477,7.6177],[123.2456,7.6107],[123.2468,7.5999],[123.2461,7.5972],[123.2437,7.5969],[123.24,7.5979],[123.2345,7.6073],[123.2322,7.6066],[123.2314,7.6084],[123.2273,7.6091],[123.2249,7.6114],[123.221,7.6109],[123.2126,7.6131],[123.1973,7.6205],[123.1896,7.617],[123.1893,7.6139],[123.1857,7.6154],[123.1811,7.6142],[123.1794,7.6161],[123.1806,7.622],[123.1744,7.6249],[123.1745,7.6267],[123.178,7.6281],[123.178,7.6308],[123.1745,7.635],[123.1783,7.6372],[123.1754,7.6423],[123.1677,7.6441],[123.1672,7.6394],[123.1628,7.6375],[123.1557,7.6403],[123.1535,7.6453],[123.15,7.648],[123.1464,7.6479],[123.1441,7.6443],[123.1397,7.6436],[123.1385,7.6448],[123.1392,7.6515],[123.1433,7.6552],[123.1399,7.6552],[123.1378,7.6533],[123.1321,7.6545],[123.1316,7.658],[123.1272,7.6628],[123.1274,7.6665],[123.1253,7.6699],[123.1263,7.6734],[123.1327,7.6777],[123.133,7.6826],[123.137,7.681],[123.137,7.6857],[123.145,7.6887],[123.1443,7.6947],[123.1805,7.718],[123.1942,7.7287],[123.1974,7.7884],[123.235,7.7862],[123.2356,7.7795],[123.2268,7.7497],[123.2596,7.6224],[123.258,7.622]]],[[[123.1222,7.6704],[123.1242,7.6705],[123.1239,7.6685],[123.1221,7.6694],[123.1222,7.6704]]],[[[123.1089,7.6754],[123.1076,7.6743],[123.1066,7.6754],[123.1112,7.6769],[123.1089,7.6754]]],[[[123.1061,7.6798],[123.1094,7.6817],[123.1112,7.6806],[123.1106,7.6787],[123.1071,7.6776],[123.1061,7.6798]]]]},"properties":{"ADM3_EN":"Lapuyan","name":"Lapuyan","ADM3_PCODE":"PH97313000","psgc_code":"97313000","ADM2_EN":"Zamboanga del Sur","ADM2_PCODE":"PH9731","ADM1_EN":"Region IX (Zamboanga Peninsula)","ADM1_PCODE":"PH09","ADM0_EN":"Philippines (the)","ADM0_PCODE":"PH","region_key":"zamboanga_peninsula","province_key":"zamboanga_del_sur","type":"Municipality"}},{"type":"Feature","geometry":{"type":"MultiPolygon","coordinates":[[[[123.483,8.0963],[123.464,8.0525],[123.4569,8.0531],[123.4547,8.052],[123.455,8.0539],[123.4513,8.0536],[123.4472,8.058],[123.4415,8.0596],[123.4416,8.0615],[123.4357,8.0605],[123.4302,8.0646],[123.4257,8.0588],[123.4258,8.0528],[123.4074,8.0528],[123.4085,8.0605],[123.4057,8.0653],[123.4087,8.0658],[123.4206,8.0882],[123.4148,8.0915],[123.4147,8.0941],[123.3972,8.0884],[123.3879,8.1041],[123.3757,8.1599],[123.3778,8.1615],[123.3776,8.1696],[123.3801,8.1706],[123.3813,8.1742],[123.38,8.1753],[123.3829,8.1777],[123.3823,8.2148],[123.4554,8.2146],[123.4844,8.1771],[123.4883,8.1598],[123.5025,8.1514],[123.4946,8.1371],[123.4814,8.1271],[123.4827,8.1263],[123.483,8.0963]]]]},"properties":{"ADM3_EN":"Mahayag","name":"Mahayag","ADM3_PCODE":"PH97315000","psgc_code":"97315000","ADM2_EN":"Zamboanga del Sur","ADM2_PCODE":"PH9731","ADM1_EN":"Region IX (Zamboanga Peninsula)","ADM1_PCODE":"PH09","ADM0_EN":"Philippines (the)","ADM0_PCODE":"PH","region_key":"zamboanga_peninsula","province_key":"zamboanga_del_sur","type":"Municipality"}},{"type":"Feature","geometry":{"type":"MultiPolygon","coordinates":[[[[123.1204,7.5363],[123.1092,7.5346],[123.1058,7.5317],[123.1078,7.5361],[123.1022,7.5383],[123.1033,7.5433],[123.1064,7.5475],[123.1048,7.5541],[123.1024,7.5559],[123.103,7.5597],[123.1051,7.5592],[123.1286,7.5658],[123.1314,7.57],[123.1256,7.5803],[123.1303,7.5806],[123.1261,7.5842],[123.1242,7.5831],[123.1206,7.5892],[123.0978,7.6],[123.0967,7.6019],[123.1008,7.605],[123.1083,7.6067],[123.1131,7.6044],[123.1217,7.6047],[123.1247,7.6025],[123.1342,7.5931],[123.1342,7.5903],[123.1305,7.5839],[123.1347,7.5778],[123.1371,7.5771],[123.1397,7.5792],[123.1478,7.5769],[123.1517,7.5794],[123.1622,7.5822],[123.1753,7.5753],[123.1799,7.5772],[123.1806,7.58],[123.183,7.5809],[123.185,7.5847],[123.1892,7.5844],[123.1961,7.5897],[123.1925,7.5972],[123.1936,7.6017],[123.1867,7.6131],[123.1867,7.6143],[123.1901,7.6144],[123.1896,7.617],[123.1921,7.6174],[123.1928,7.6194],[123.1973,7.6205],[123.2126,7.6131],[123.221,7.6109],[123.2249,7.6114],[123.2273,7.6091],[123.2314,7.6084],[123.2322,7.6066],[123.2345,7.6073],[123.24,7.5979],[123.2437,7.5969],[123.2461,7.5972],[123.2468,7.5999],[123.2456,7.6107],[123.2477,7.6177],[123.2489,7.6196],[123.2596,7.6224],[123.2556,7.6097],[123.2515,7.6062],[123.2571,7.6031],[123.2483,7.5596],[123.2289,7.5517],[123.1842,7.5468],[123.1204,7.5363]]]]},"properties":{"ADM3_EN":"Margosatubig","name":"Margosatubig","ADM3_PCODE":"PH97317000","psgc_code":"97317000","ADM2_EN":"Zamboanga del Sur","ADM2_PCODE":"PH9731","ADM1_EN":"Region IX (Zamboanga Peninsula)","ADM1_PCODE":"PH09","ADM0_EN":"Philippines (the)","ADM0_PCODE":"PH","region_key":"zamboanga_peninsula","province_key":"zamboanga_del_sur","type":"Municipality"}},{"type":"Feature","geometry":{"type":"MultiPolygon","coordinates":[[[[123.378,8.0083],[123.3712,8.0011],[123.372,7.9977],[123.3638,7.9906],[123.3459,7.9646],[123.1672,7.964],[123.1669,8.0513],[123.1911,8.102],[123.2171,8.1024],[123.2208,8.1013],[123.223,8.1028],[123.2283,8.1023],[123.2331,8.1067],[123.2358,8.1049],[123.2424,8.1046],[123.2461,8.0993],[123.2458,8.103],[123.249,8.1065],[123.2546,8.1038],[123.2552,8.0981],[123.2598,8.0969],[123.2589,8.0951],[123.2636,8.0929],[123.2669,8.0999],[123.2688,8.0969],[123.2721,8.0976],[123.2701,8.092],[123.2715,8.0903],[123.2793,8.0917],[123.283,8.0864],[123.2878,8.0843],[123.2942,8.0872],[123.3093,8.081],[123.3323,8.0906],[123.3381,8.0857],[123.3203,8.053],[123.3229,8.0416],[123.3494,8.0426],[123.3696,8.0225],[123.3732,8.0225],[123.3786,8.0168],[123.3764,8.0102],[123.378,8.0083]]]]},"properties":{"ADM3_EN":"Midsalip","name":"Midsalip","ADM3_PCODE":"PH97318000","psgc_code":"97318000","ADM2_EN":"Zamboanga del Sur","ADM2_PCODE":"PH9731","ADM1_EN":"Region IX (Zamboanga Peninsula)","ADM1_PCODE":"PH09","ADM0_EN":"Philippines (the)","ADM0_PCODE":"PH","region_key":"zamboanga_peninsula","province_key":"zamboanga_del_sur","type":"Municipality"}},{"type":"Feature","geometry":{"type":"MultiPolygon","coordinates":[[[[123.4791,8.0876],[123.483,8.096],[123.4827,8.1263],[123.4814,8.1271],[123.4946,8.1371],[123.5025,8.1514],[123.4883,8.1598],[123.4844,8.1771],[123.4554,8.2146],[123.5095,8.2151],[123.5113,8.0631],[123.4844,8.0465],[123.4612,8.0465],[123.4791,8.0876]]]]},"properties":{"ADM3_EN":"Molave","name":"Molave","ADM3_PCODE":"PH97319000","psgc_code":"97319000","ADM2_EN":"Zamboanga del Sur","ADM2_PCODE":"PH9731","ADM1_EN":"Region IX (Zamboanga Peninsula)","ADM1_PCODE":"PH09","ADM0_EN":"Philippines (the)","ADM0_PCODE":"PH","region_key":"zamboanga_peninsula","province_key":"zamboanga_del_sur","type":"Municipality"}},{"type":"Feature","geometry":{"type":"MultiPolygon","coordinates":[[[[123.4354,7.7948],[123.4363,7.7949],[123.4361,7.793],[123.4352,7.7936],[123.4354,7.7948]]],[[[123.4266,7.8097],[123.4274,7.7989],[123.4304,7.7957],[123.4294,7.785],[123.4313,7.781],[123.4258,7.7814],[123.4225,7.7781],[123.4204,7.7803],[123.414,7.7817],[123.4131,7.7852],[123.4052,7.7955],[123.3967,7.8045],[123.3813,7.8161],[123.3693,7.8309],[123.3664,7.8322],[123.3185,7.8334],[123.3201,7.8584],[123.2205,7.9104],[123.1662,7.9339],[123.1672,7.964],[123.2613,7.9645],[123.3287,7.9013],[123.3381,7.9021],[123.343,7.8975],[123.3449,7.8977],[123.343,7.901],[123.3456,7.9053],[123.3476,7.9058],[123.35,7.9026],[123.3518,7.9028],[123.3622,7.9104],[123.3621,7.9127],[123.3708,7.9123],[123.3857,7.9153],[123.3858,7.9124],[123.3875,7.912],[123.3884,7.9133],[123.3864,7.9182],[123.3888,7.9198],[123.3968,7.918],[123.4027,7.914],[123.4078,7.9137],[123.4111,7.9158],[123.4127,7.9198],[123.409,7.9244],[123.4162,7.924],[123.4225,7.9208],[123.4334,7.9186],[123.4362,7.9159],[123.438,7.9166],[123.4363,7.9111],[123.4378,7.9074],[123.4367,7.9014],[123.4403,7.8989],[123.4461,7.8977],[123.4536,7.8991],[123.4556,7.8948],[123.4615,7.8913],[123.4658,7.8856],[123.4702,7.8844],[123.4721,7.8822],[123.4736,7.8694],[123.472,7.8697],[123.4675,7.866],[123.4665,7.8633],[123.4703,7.8604],[123.4702,7.8556],[123.4753,7.8476],[123.4737,7.8452],[123.4715,7.8476],[123.47,7.8453],[123.4739,7.8439],[123.4756,7.8412],[123.4799,7.8412],[123.4834,7.8369],[123.4833,7.8324],[123.4871,7.831],[123.4874,7.8289],[123.4853,7.8266],[123.487,7.8252],[123.4858,7.8222],[123.4825,7.8244],[123.4811,7.8208],[123.4767,7.8192],[123.4775,7.8172],[123.4708,7.8188],[123.4615,7.8114],[123.4553,7.8142],[123.4506,7.8143],[123.4476,7.8169],[123.4481,7.8198],[123.446,7.8207],[123.4386,7.8174],[123.434,7.8175],[123.4312,7.8141],[123.4249,7.8159],[123.4238,7.8116],[123.4266,7.8097]]]]},"properties":{"ADM3_EN":"Pagadian City","name":"Pagadian City","ADM3_PCODE":"PH97322000","psgc_code":"97322000","ADM2_EN":"Zamboanga del Sur","ADM2_PCODE":"PH9732","ADM1_EN":"Region IX (Zamboanga Peninsula)","ADM1_PCODE":"PH09","ADM0_EN":"Philippines (the)","ADM0_PCODE":"PH","region_key":"zamboanga_peninsula","province_key":"zamboanga_del_sur","type":"City"}},{"type":"Feature","geometry":{"type":"MultiPolygon","coordinates":[[[[123.3871,7.3739],[123.3811,7.3761],[123.3815,7.3905],[123.3755,7.3988],[123.3394,7.4092],[123.3361,7.4117],[123.3248,7.4233],[123.3214,7.4419],[123.3139,7.4493],[123.3042,7.4528],[123.2926,7.4608],[123.2926,7.4632],[123.2883,7.4639],[123.2847,7.4675],[123.2822,7.4755],[123.2881,7.4833],[123.2914,7.4919],[123.2941,7.493],[123.2951,7.4955],[123.29,7.4986],[123.2893,7.5089],[123.2947,7.5147],[123.3017,7.5147],[123.3032,7.517],[123.3019,7.5193],[123.3061,7.5194],[123.3067,7.5238],[123.3087,7.5188],[123.3117,7.5187],[123.3151,7.5217],[123.3159,7.5188],[123.3178,7.5203],[123.3171,7.5027],[123.3691,7.4571],[123.3688,7.4439],[123.3896,7.4429],[123.3859,7.3987],[123.3904,7.3736],[123.3899,7.3725],[123.3871,7.3739]]],[[[123.3306,7.3722],[123.329,7.3702],[123.3275,7.3731],[123.3283,7.3747],[123.3306,7.3722]]]]},"properties":{"ADM3_EN":"Pitogo","name":"Pitogo","ADM3_PCODE":"PH97338000","psgc_code":"97338000","ADM2_EN":"Zamboanga del Sur","ADM2_PCODE":"PH9733","ADM1_EN":"Region IX (Zamboanga Peninsula)","ADM1_PCODE":"PH09","ADM0_EN":"Philippines (the)","ADM0_PCODE":"PH","region_key":"zamboanga_peninsula","province_key":"zamboanga_del_sur","type":"Municipality"}},{"type":"Feature","geometry":{"type":"MultiPolygon","coordinates":[[[[123.481,7.962],[123.4802,7.9595],[123.4757,7.9605],[123.4726,7.9636],[123.4668,7.9657],[123.4657,7.9684],[123.4627,7.9678],[123.4509,7.9711],[123.4487,7.9691],[123.4488,7.9718],[123.4466,7.9722],[123.4436,7.976],[123.4423,7.9823],[123.4361,7.9796],[123.4315,7.983],[123.4263,7.9841],[123.4253,7.9867],[123.4209,7.9886],[123.4198,7.9949],[123.4126,8.0017],[123.4136,8.0064],[123.4111,8.0077],[123.4115,8.0109],[123.4021,8.0225],[123.4074,8.0528],[123.4258,8.0528],[123.4257,8.0588],[123.4302,8.0646],[123.4357,8.0605],[123.4416,8.0615],[123.4415,8.0596],[123.4472,8.058],[123.4513,8.0536],[123.455,8.0539],[123.4547,8.052],[123.4569,8.0531],[123.464,8.0525],[123.4612,8.0465],[123.4844,8.0465],[123.4893,8.0487],[123.4896,8.0459],[123.4981,8.0428],[123.4987,8.0405],[123.5132,8.0326],[123.5147,8.0291],[123.5166,8.0289],[123.5196,8.0143],[123.5226,8.0114],[123.5308,8.0078],[123.5302,8.0051],[123.5255,8.0029],[123.5207,7.9981],[123.5128,7.9978],[123.5104,7.9909],[123.4893,7.9912],[123.486,7.9789],[123.4807,7.9716],[123.4834,7.9667],[123.481,7.962]]]]},"properties":{"ADM3_EN":"Ramon Magsaysay","name":"Ramon Magsaysay","ADM3_PCODE":"PH97323000","psgc_code":"97323000","ADM2_EN":"Zamboanga del Sur","ADM2_PCODE":"PH9732","ADM1_EN":"Region IX (Zamboanga Peninsula)","ADM1_PCODE":"PH09","ADM0_EN":"Philippines (the)","ADM0_PCODE":"PH","region_key":"zamboanga_peninsula","province_key":"zamboanga_del_sur","type":"Municipality"}},{"type":"Feature","geometry":{"type":"MultiPolygon","coordinates":[[[[123.2596,7.6224],[123.2268,7.7497],[123.2356,7.7795],[123.2587,7.7694],[123.2633,7.7612],[123.269,7.7568],[123.272,7.7398],[123.2711,7.7303],[123.2732,7.7269],[123.2786,7.7234],[123.2855,7.7104],[123.3207,7.7108],[123.3168,7.7028],[123.3175,7.6799],[123.2655,7.606],[123.2556,7.6097],[123.2596,7.6224]]]]},"properties":{"ADM3_EN":"San Miguel","name":"San Miguel","ADM3_PCODE":"PH97324000","psgc_code":"97324000","ADM2_EN":"Zamboanga del Sur","ADM2_PCODE":"PH9732","ADM1_EN":"Region IX (Zamboanga Peninsula)","ADM1_PCODE":"PH09","ADM0_EN":"Philippines (the)","ADM0_PCODE":"PH","region_key":"zamboanga_peninsula","province_key":"zamboanga_del_sur","type":"Municipality"}},{"type":"Feature","geometry":{"type":"MultiPolygon","coordinates":[[[[123.4608,7.6147],[123.4647,7.6092],[123.4612,7.6037],[123.4592,7.6036],[123.4539,7.6086],[123.4575,7.6117],[123.4575,7.6156],[123.4608,7.6147]]],[[[123.4646,7.6185],[123.4619,7.6177],[123.4651,7.621],[123.4674,7.6191],[123.4646,7.6185]]],[[[123.4598,7.6209],[123.4612,7.6213],[123.4617,7.6193],[123.4605,7.6193],[123.4598,7.6209]]],[[[123.4653,7.6468],[123.4672,7.6434],[123.4675,7.6381],[123.4634,7.6333],[123.4634,7.6296],[123.4587,7.632],[123.4536,7.6275],[123.4507,7.6279],[123.4434,7.6233],[123.4353,7.6237],[123.434,7.6216],[123.4293,7.6201],[123.4299,7.6154],[123.409,7.6567],[123.3711,7.6763],[123.3714,7.7037],[123.376,7.7089],[123.3739,7.7359],[123.3921,7.733],[123.4002,7.7229],[123.4104,7.7245],[123.4462,7.7224],[123.45,7.7274],[123.4775,7.72],[123.4777,7.7161],[123.4817,7.7128],[123.4819,7.7083],[123.4787,7.7077],[123.4769,7.7019],[123.4819,7.6939],[123.4794,7.6903],[123.4817,7.6817],[123.4756,7.6775],[123.4748,7.6734],[123.4782,7.669],[123.4728,7.6633],[123.4734,7.6593],[123.4685,7.6513],[123.469,7.6488],[123.4663,7.6496],[123.4653,7.6468]]]]},"properties":{"ADM3_EN":"San Pablo","name":"San Pablo","ADM3_PCODE":"PH97325000","psgc_code":"97325000","ADM2_EN":"Zamboanga del Sur","ADM2_PCODE":"PH9732","ADM1_EN":"Region IX (Zamboanga Peninsula)","ADM1_PCODE":"PH09","ADM0_EN":"Philippines (the)","ADM0_PCODE":"PH","region_key":"zamboanga_peninsula","province_key":"zamboanga_del_sur","type":"Municipality"}},{"type":"Feature","geometry":{"type":"MultiPolygon","coordinates":[[[[123.3677,7.9948],[123.372,7.9977],[123.3712,8.0011],[123.378,8.0083],[123.3764,8.0102],[123.3786,8.0168],[123.3732,8.0225],[123.3696,8.0225],[123.3494,8.0426],[123.3229,8.0416],[123.3203,8.053],[123.3381,8.0857],[123.3879,8.1041],[123.3972,8.0884],[123.4147,8.0941],[123.4148,8.0915],[123.4206,8.0882],[123.4087,8.0658],[123.4057,8.0653],[123.4085,8.0605],[123.4021,8.0225],[123.4115,8.0109],[123.4111,8.0077],[123.4136,8.0064],[123.4126,8.0017],[123.4198,7.9949],[123.4209,7.9886],[123.4203,7.966],[123.3459,7.9646],[123.3677,7.9948]]]]},"properties":{"ADM3_EN":"Sominot","name":"Sominot","ADM3_PCODE":"PH97340000","psgc_code":"97340000","ADM2_EN":"Zamboanga del Sur","ADM2_PCODE":"PH9734","ADM1_EN":"Region IX (Zamboanga Peninsula)","ADM1_PCODE":"PH09","ADM0_EN":"Philippines (the)","ADM0_PCODE":"PH","region_key":"zamboanga_peninsula","province_key":"zamboanga_del_sur","type":"Municipality"}},{"type":"Feature","geometry":{"type":"MultiPolygon","coordinates":[[[[123.4235,7.3733],[123.4217,7.3716],[123.4205,7.3617],[123.416,7.359],[123.4078,7.3576],[123.4017,7.3597],[123.3972,7.3633],[123.3954,7.3675],[123.3899,7.3725],[123.3859,7.3987],[123.3896,7.4429],[123.3688,7.4439],[123.3691,7.4571],[123.3858,7.4564],[123.386,7.4719],[123.3947,7.4714],[123.3952,7.4603],[123.3967,7.4583],[123.4008,7.4584],[123.4042,7.4603],[123.4086,7.4672],[123.4128,7.4672],[123.4227,7.4582],[123.4383,7.451],[123.4422,7.4442],[123.4467,7.4419],[123.4476,7.4381],[123.4508,7.4349],[123.4479,7.4317],[123.4414,7.4289],[123.4401,7.4224],[123.4422,7.4142],[123.4373,7.4107],[123.4378,7.4091],[123.4427,7.4075],[123.4458,7.4016],[123.445,7.3971],[123.4486,7.3853],[123.4519,7.3836],[123.4503,7.3801],[123.4531,7.3744],[123.4489,7.3696],[123.4456,7.3683],[123.4372,7.3717],[123.4235,7.3733]]]]},"properties":{"ADM3_EN":"Tabina","name":"Tabina","ADM3_PCODE":"PH97327000","psgc_code":"97327000","ADM2_EN":"Zamboanga del Sur","ADM2_PCODE":"PH9732","ADM1_EN":"Region IX (Zamboanga Peninsula)","ADM1_PCODE":"PH09","ADM0_EN":"Philippines (the)","ADM0_PCODE":"PH","region_key":"zamboanga_peninsula","province_key":"zamboanga_del_sur","type":"Municipality"}},{"type":"Feature","geometry":{"type":"MultiPolygon","coordinates":[[[[123.5964,7.9854],[123.5925,7.988],[123.592,7.9912],[123.5835,7.9923],[123.5833,7.9955],[123.5812,7.9919],[123.5603,7.9963],[123.5574,7.9983],[123.5495,7.9986],[123.5226,8.0114],[123.5196,8.0143],[123.5173,8.028],[123.5147,8.0291],[123.5139,8.032],[123.4987,8.0405],[123.4981,8.0428],[123.489,8.0468],[123.4893,8.0487],[123.5113,8.0631],[123.5103,8.1426],[123.5146,8.1474],[123.5157,8.1462],[123.5172,8.1478],[123.5192,8.1541],[123.5215,8.1538],[123.525,8.1567],[123.5429,8.1619],[123.5472,8.1592],[123.5534,8.1615],[123.5584,8.1354],[123.5592,8.1058],[123.5626,8.0879],[123.5635,8.0453],[123.566,8.0477],[123.5711,8.0409],[123.5774,8.0447],[123.5882,8.0421],[123.5918,8.0338],[123.5976,8.0309],[123.6021,8.0248],[123.6027,8.0298],[123.607,8.03],[123.6088,8.0281],[123.6129,8.0275],[123.6153,8.0318],[123.6218,8.0334],[123.6242,8.0285],[123.6271,8.0276],[123.6319,8.0317],[123.6357,8.0319],[123.6373,8.0265],[123.6331,8.0239],[123.6323,8.0212],[123.6369,8.0139],[123.6336,8.0125],[123.635,8.0108],[123.6342,8.0072],[123.6361,8.0075],[123.6411,8.0039],[123.638,8.0078],[123.6436,8.0094],[123.6478,8.019],[123.6496,8.0196],[123.654,8.0145],[123.6561,8.0086],[123.6591,8.0066],[123.6614,8.0],[123.6641,7.998],[123.6486,7.9916],[123.6481,7.9928],[123.6514,7.9947],[123.6486,7.9994],[123.6469,7.9981],[123.6458,7.9992],[123.6472,8.0008],[123.6444,8.0028],[123.6423,8.0023],[123.6415,8.0003],[123.6442,7.9978],[123.6451,7.9938],[123.6465,7.9941],[123.6458,7.9969],[123.6472,7.9961],[123.6464,7.9928],[123.6444,7.9936],[123.6408,7.9989],[123.6347,8.0006],[123.6311,7.9992],[123.6282,8.0004],[123.6233,7.9969],[123.6186,7.9964],[123.6158,7.9936],[123.6111,7.9922],[123.6019,7.9922],[123.605,7.9908],[123.6203,7.9917],[123.6225,7.9903],[123.6228,7.9939],[123.6249,7.9889],[123.6288,7.9875],[123.6233,7.9939],[123.6263,7.9935],[123.627,7.9953],[123.6311,7.9961],[123.638,7.9925],[123.6408,7.9939],[123.645,7.9908],[123.6443,7.9895],[123.6419,7.9902],[123.6455,7.9768],[123.6438,7.9749],[123.6386,7.9765],[123.6359,7.9793],[123.6386,7.9848],[123.6354,7.9858],[123.6348,7.9879],[123.6351,7.9841],[123.6317,7.98],[123.6297,7.9786],[123.6281,7.9796],[123.6293,7.9838],[123.6273,7.9861],[123.6259,7.9826],[123.6236,7.9813],[123.6239,7.9787],[123.6199,7.9755],[123.6063,7.9817],[123.6054,7.9803],[123.6006,7.9806],[123.5964,7.9854]]],[[[123.66,7.9944],[123.6617,7.9956],[123.6634,7.9945],[123.6608,7.9929],[123.66,7.9944]]]]},"properties":{"ADM3_EN":"Tambulig","name":"Tambulig","ADM3_PCODE":"PH97328000","psgc_code":"97328000","ADM2_EN":"Zamboanga del Sur","ADM2_PCODE":"PH9732","ADM1_EN":"Region IX (Zamboanga Peninsula)","ADM1_PCODE":"PH09","ADM0_EN":"Philippines (the)","ADM0_PCODE":"PH","region_key":"zamboanga_peninsula","province_key":"zamboanga_del_sur","type":"Municipality"}},{"type":"Feature","geometry":{"type":"MultiPolygon","coordinates":[[[[123.232,7.7931],[123.211,7.8495],[123.1968,7.9092],[123.2205,7.9104],[123.3201,7.8584],[123.3185,7.8334],[123.3056,7.7955],[123.271,7.7978],[123.2586,7.7972],[123.2587,7.7694],[123.2356,7.7795],[123.235,7.7862],[123.232,7.7931]]]]},"properties":{"ADM3_EN":"Tigbao","name":"Tigbao","ADM3_PCODE":"PH97344000","psgc_code":"97344000","ADM2_EN":"Zamboanga del Sur","ADM2_PCODE":"PH9734","ADM1_EN":"Region IX (Zamboanga Peninsula)","ADM1_PCODE":"PH09","ADM0_EN":"Philippines (the)","ADM0_PCODE":"PH","region_key":"zamboanga_peninsula","province_key":"zamboanga_del_sur","type":"Municipality"}},{"type":"Feature","geometry":{"type":"MultiPolygon","coordinates":[[[[123.6225,7.829],[123.6161,7.8278],[123.6076,7.8354],[123.5975,7.8333],[123.5873,7.8408],[123.5825,7.8419],[123.58,7.8458],[123.5726,7.8512],[123.5658,7.8517],[123.5541,7.8495],[123.5534,7.8609],[123.5472,7.8765],[123.5434,7.8783],[123.5396,7.878],[123.5361,7.8816],[123.5309,7.883],[123.4828,7.9179],[123.4725,7.9267],[123.4748,7.9334],[123.4203,7.966],[123.4209,7.9886],[123.4253,7.9867],[123.4263,7.9841],[123.4315,7.983],[123.4361,7.9796],[123.4423,7.9823],[123.4436,7.976],[123.4466,7.9722],[123.4488,7.9718],[123.4487,7.9691],[123.4509,7.9711],[123.4665,7.968],[123.4668,7.9657],[123.4693,7.9638],[123.4726,7.9636],[123.4757,7.9605],[123.4802,7.9595],[123.4799,7.9559],[123.481,7.9564],[123.4818,7.9546],[123.4845,7.9546],[123.4869,7.9516],[123.4886,7.9528],[123.4904,7.9459],[123.4935,7.9473],[123.497,7.946],[123.5031,7.9533],[123.5148,7.9518],[123.5201,7.9558],[123.5222,7.9525],[123.5213,7.9497],[123.5236,7.9475],[123.5211,7.9463],[123.5196,7.9423],[123.5221,7.942],[123.5282,7.9471],[123.533,7.9363],[123.5419,7.934],[123.5432,7.9275],[123.55,7.9247],[123.5549,7.925],[123.557,7.9207],[123.5595,7.9207],[123.566,7.9151],[123.5679,7.9165],[123.5739,7.9142],[123.5835,7.9188],[123.5828,7.9116],[123.5882,7.9062],[123.5894,7.9055],[123.5914,7.9099],[123.5929,7.9101],[123.5951,7.9089],[123.5946,7.9069],[123.5965,7.9064],[123.5983,7.9012],[123.6023,7.9042],[123.6067,7.9031],[123.6064,7.9002],[123.6036,7.8985],[123.6061,7.8988],[123.615,7.8906],[123.6225,7.8452],[123.6212,7.8439],[123.6254,7.8387],[123.6246,7.8322],[123.6225,7.829]]]]},"properties":{"ADM3_EN":"Tukuran","name":"Tukuran","ADM3_PCODE":"PH97330000","psgc_code":"97330000","ADM2_EN":"Zamboanga del Sur","ADM2_PCODE":"PH9733","ADM1_EN":"Region IX (Zamboanga Peninsula)","ADM1_PCODE":"PH09","ADM0_EN":"Philippines (the)","ADM0_PCODE":"PH","region_key":"zamboanga_peninsula","province_key":"zamboanga_del_sur","type":"Municipality"}},{"type":"Feature","geometry":{"type":"MultiPolygon","coordinates":[[[[123.1889,7.4783],[123.1865,7.4715],[123.1769,7.4658],[123.1675,7.4694],[123.1644,7.4725],[123.1617,7.4854],[123.1643,7.4924],[123.1667,7.489],[123.1693,7.4889],[123.1716,7.4933],[123.1671,7.4968],[123.1634,7.4953],[123.1506,7.4982],[123.1442,7.4978],[123.1261,7.5058],[123.1189,7.5133],[123.1158,7.5139],[123.1138,7.5185],[123.1152,7.5224],[123.1129,7.5238],[123.1144,7.5274],[123.1092,7.5322],[123.1067,7.5311],[123.1066,7.5323],[123.1123,7.5354],[123.1624,7.5435],[123.2289,7.5517],[123.2483,7.5596],[123.2404,7.5306],[123.2381,7.5347],[123.2253,7.5392],[123.2242,7.5347],[123.2214,7.5353],[123.2164,7.5279],[123.2169,7.5247],[123.2124,7.5214],[123.21,7.5222],[123.2036,7.519],[123.2022,7.5153],[123.1957,7.515],[123.1938,7.5103],[123.1824,7.5046],[123.1847,7.4972],[123.1914,7.4953],[123.1984,7.485],[123.1972,7.4815],[123.1915,7.4824],[123.1889,7.4783]]],[[[123.2245,7.5174],[123.2223,7.5169],[123.2185,7.519],[123.2178,7.5212],[123.2215,7.522],[123.2245,7.5174]]],[[[123.1346,7.4856],[123.1346,7.4868],[123.1357,7.4875],[123.1359,7.4849],[123.1346,7.4856]]]]},"properties":{"ADM3_EN":"Vincenzo A.Sagun","name":"Vincenzo A.Sagun","ADM3_PCODE":"PH97341000","psgc_code":"97341000","ADM2_EN":"Zamboanga del Sur","ADM2_PCODE":"PH9734","ADM1_EN":"Region IX (Zamboanga Peninsula)","ADM1_PCODE":"PH09","ADM0_EN":"Philippines (the)","ADM0_PCODE":"PH","region_key":"zamboanga_peninsula","province_key":"zamboanga_del_sur","type":"Municipality"}},{"type":"Feature","geometry":{"type":"MultiPolygon","coordinates":[[[[122.0664,6.8697],[122.0664,6.8667],[122.0619,6.8639],[122.0605,6.8647],[122.0611,6.8669],[122.0556,6.8678],[122.0622,6.8686],[122.0611,6.8703],[122.0567,6.8708],[122.0533,6.8689],[122.0625,6.86],[122.0625,6.8625],[122.068,6.8664],[122.068,6.8683],[122.0739,6.8644],[122.072,6.8608],[122.0619,6.8578],[122.06,6.8581],[122.05,6.8689],[122.0542,6.8728],[122.0636,6.8725],[122.0664,6.8697]]],[[[122.0933,6.8939],[122.0802,6.8997],[122.0793,6.9016],[122.076,6.8999],[122.0727,6.9015],[122.0677,6.9075],[122.0634,6.9083],[122.0604,6.9109],[122.0538,6.9097],[122.0253,6.92],[122.0122,6.9281],[121.9971,6.9348],[121.9739,6.9543],[121.9669,6.9536],[121.9675,6.9486],[121.9656,6.9469],[121.9625,6.9472],[121.9484,6.9551],[121.9461,6.9586],[121.9374,6.9646],[121.9302,6.9794],[121.9223,6.9897],[121.9178,7.0206],[121.9124,7.0312],[121.9117,7.0403],[121.9069,7.0503],[121.9044,7.0628],[121.8975,7.0769],[121.8972,7.0819],[121.9003,7.0883],[121.9014,7.0986],[121.9014,7.1039],[121.8978,7.1081],[121.8983,7.1119],[121.9028,7.1194],[121.9039,7.1261],[121.9014,7.146],[121.9562,7.1491],[122.0337,7.1507],[122.0719,7.1495],[122.085,7.1606],[122.1035,7.1812],[122.1456,7.2195],[122.1658,7.2745],[122.1691,7.3653],[122.2096,7.4484],[122.2187,7.4609],[122.2654,7.4633],[122.353,7.4624],[122.3564,7.4644],[122.3578,7.4625],[122.3542,7.46],[122.3531,7.4569],[122.3544,7.4547],[122.3511,7.4506],[122.3519,7.445],[122.3472,7.4444],[122.3467,7.4419],[122.3458,7.4225],[122.3503,7.4206],[122.3508,7.4189],[122.3489,7.4167],[122.3406,7.4158],[122.3447,7.4139],[122.351,7.4155],[122.3539,7.4139],[122.3447,7.4033],[122.3448,7.397],[122.3522,7.3978],[122.3578,7.4019],[122.3611,7.4006],[122.3638,7.3954],[122.3661,7.3958],[122.3678,7.3939],[122.3807,7.3929],[122.3842,7.3955],[122.3862,7.394],[122.3878,7.3958],[122.3895,7.3908],[122.3935,7.3909],[122.3894,7.3824],[122.3849,7.3794],[122.3836,7.3749],[122.3799,7.3724],[122.3803,7.3647],[122.382,7.3649],[122.3825,7.363],[122.3744,7.3547],[122.3725,7.3476],[122.3646,7.3424],[122.3631,7.3383],[122.3642,7.3351],[122.3594,7.3338],[122.3585,7.3302],[122.3522,7.3283],[122.346,7.3231],[122.3452,7.3184],[122.3409,7.3138],[122.338,7.3133],[122.3364,7.3159],[122.3309,7.3105],[122.3291,7.3064],[122.3256,7.3072],[122.3291,7.313],[122.3269,7.3194],[122.3333,7.3228],[122.3339,7.3269],[122.328,7.3291],[122.3194,7.3213],[122.3119,7.3186],[122.3111,7.3197],[122.3156,7.3308],[122.3283,7.3442],[122.3253,7.3517],[122.3304,7.36],[122.3305,7.3633],[122.3239,7.3522],[122.3236,7.3486],[122.3258,7.3442],[122.3206,7.3406],[122.3189,7.341],[122.32,7.3392],[122.3186,7.3364],[122.3089,7.3292],[122.3075,7.3342],[122.303,7.3353],[122.2926,7.3245],[122.2908,7.3211],[122.2927,7.3145],[122.2901,7.3069],[122.2945,7.3043],[122.2901,7.2941],[122.2898,7.275],[122.286,7.2744],[122.2839,7.2675],[122.2809,7.265],[122.285,7.2604],[122.2815,7.2546],[122.2819,7.2522],[122.2792,7.2503],[122.2784,7.2381],[122.28,7.2311],[122.2748,7.2313],[122.2668,7.2273],[122.2663,7.2248],[122.2682,7.2216],[122.2636,7.2178],[122.2658,7.2139],[122.2658,7.2094],[122.2633,7.2074],[122.2628,7.2039],[122.2578,7.2042],[122.2531,7.2078],[122.2492,7.2067],[122.2494,7.2033],[122.2555,7.1964],[122.2653,7.1947],[122.2522,7.1925],[122.2469,7.1892],[122.2529,7.1754],[122.2494,7.1705],[122.2556,7.1684],[122.2602,7.1593],[122.257,7.1564],[122.2586,7.1534],[122.2574,7.1472],[122.2501,7.1424],[122.2412,7.1311],[122.2437,7.13],[122.2473,7.1327],[122.2477,7.1354],[122.2567,7.1287],[122.2586,7.1254],[122.2583,7.1207],[122.2555,7.1165],[122.2511,7.1178],[122.2511,7.1167],[122.2572,7.1111],[122.2533,7.1099],[122.2495,7.1025],[122.2428,7.0997],[122.237,7.0908],[122.2349,7.0837],[122.2328,7.0832],[122.2311,7.0855],[122.2277,7.0863],[122.2244,7.0822],[122.215,7.0755],[122.2139,7.0735],[122.2149,7.0696],[122.2128,7.0667],[122.2087,7.071],[122.2045,7.0672],[122.2061,7.0639],[122.21,7.0642],[122.2128,7.0583],[122.2119,7.0533],[122.2064,7.0503],[122.2111,7.0508],[122.2133,7.0483],[122.2117,7.045],[122.2067,7.0433],[122.2064,7.0408],[122.2019,7.0415],[122.1981,7.0397],[122.2031,7.0381],[122.2019,7.0358],[122.2031,7.035],[122.2078,7.0397],[122.2122,7.0394],[122.2125,7.0364],[122.2082,7.0283],[122.2049,7.026],[122.2036,7.017],[122.2003,7.0152],[122.1964,7.0066],[122.1928,7.0038],[122.1942,6.9978],[122.1925,6.9931],[122.19,6.9919],[122.1892,6.9839],[122.1861,6.9803],[122.1847,6.9744],[122.1865,6.9611],[122.1844,6.9534],[122.1853,6.9522],[122.1822,6.9489],[122.1794,6.9483],[122.1761,6.9436],[122.1694,6.9408],[122.1689,6.9353],[122.1606,6.9314],[122.1542,6.9308],[122.1544,6.9292],[122.1514,6.9292],[122.1544,6.9275],[122.1597,6.9275],[122.1569,6.9228],[122.1503,6.9233],[122.1419,6.9278],[122.145,6.9247],[122.1421,6.923],[122.1561,6.9211],[122.1594,6.9167],[122.1508,6.9067],[122.1417,6.9056],[122.1392,6.9034],[122.1394,6.9011],[122.1308,6.8956],[122.1261,6.8947],[122.1278,6.8933],[122.1261,6.8914],[122.1247,6.8922],[122.1217,6.8906],[122.1217,6.8924],[122.1164,6.8886],[122.1144,6.8894],[122.1083,6.8875],[122.1033,6.8894],[122.0997,6.8931],[122.0933,6.8939]]],[[[122.0436,6.885],[122.0492,6.8833],[122.0389,6.8831],[122.035,6.8856],[122.0436,6.885]]],[[[122.1697,6.8922],[122.1658,6.8839],[122.1614,6.8844],[122.1539,6.8803],[122.145,6.8808],[122.1431,6.8803],[122.1436,6.8781],[122.1408,6.8775],[122.1356,6.8808],[122.1383,6.8858],[122.1447,6.8917],[122.1489,6.8911],[122.1661,6.8969],[122.1697,6.8922]]],[[[122.1561,6.9111],[122.1586,6.9142],[122.16,6.9139],[122.1583,6.91],[122.1561,6.9111]]],[[[122.1696,6.9398],[122.1707,6.9404],[122.1718,6.9401],[122.1708,6.9383],[122.1696,6.9398]]],[[[122.1794,6.9155],[122.1817,6.9194],[122.1847,6.915],[122.1797,6.9122],[122.1786,6.9133],[122.1794,6.9155]]],[[[122.1878,6.9311],[122.1881,6.9283],[122.1917,6.9269],[122.1908,6.9233],[122.1944,6.9236],[122.1958,6.9211],[122.1897,6.9203],[122.1872,6.9183],[122.1861,6.9206],[122.1842,6.9197],[122.182,6.9214],[122.1814,6.9278],[122.1833,6.9319],[122.1855,6.9331],[122.1878,6.9311]]],[[[122.2206,6.9381],[122.219,6.9383],[122.2224,6.9409],[122.2211,6.9397],[122.2206,6.9381]]],[[[122.1958,6.9383],[122.1939,6.94],[122.1928,6.9369],[122.1858,6.9358],[122.1947,6.9467],[122.1978,6.9425],[122.1972,6.9389],[122.1958,6.9383]]],[[[122.2281,6.962],[122.231,6.9636],[122.2326,6.9619],[122.2316,6.9605],[122.2339,6.9584],[122.2308,6.9572],[122.2318,6.9564],[122.2376,6.9577],[122.2368,6.9504],[122.2347,6.9521],[122.2327,6.9476],[122.231,6.9476],[122.2316,6.946],[122.2291,6.9469],[122.2289,6.945],[122.2251,6.9467],[122.2265,6.9439],[122.2244,6.9464],[122.219,6.945],[122.22,6.9432],[122.2172,6.9414],[122.2169,6.9378],[122.2116,6.9397],[122.2076,6.938],[122.2068,6.9277],[122.2049,6.9275],[122.2063,6.9264],[122.204,6.9234],[122.2007,6.9228],[122.2016,6.9198],[122.1993,6.9195],[122.2008,6.9251],[122.1974,6.9248],[122.1981,6.9268],[122.1965,6.9262],[122.1979,6.9281],[122.1974,6.9311],[122.1999,6.9352],[122.2027,6.9351],[122.2054,6.9395],[122.2043,6.9478],[122.2091,6.9481],[122.206,6.9494],[122.2073,6.9543],[122.2091,6.9538],[122.2091,6.9557],[122.214,6.9574],[122.2125,6.9591],[122.2129,6.9617],[122.2085,6.9624],[122.2091,6.9635],[122.2061,6.9668],[122.2091,6.9712],[122.2109,6.9712],[122.2116,6.9741],[122.2143,6.975],[122.2132,6.9764],[122.2156,6.9803],[122.2216,6.98],[122.2249,6.9763],[122.22,6.9839],[122.2245,6.9889],[122.2273,6.9854],[122.2318,6.9889],[122.2319,6.9877],[122.237,6.989],[122.2372,6.9859],[122.2389,6.9856],[122.237,6.9845],[122.2415,6.9829],[122.2388,6.9829],[122.2388,6.9816],[122.2406,6.982],[122.2392,6.9799],[122.241,6.9817],[122.2417,6.9795],[122.2429,6.9824],[122.2448,6.9816],[122.2429,6.9835],[122.2433,6.9862],[122.2447,6.9859],[122.2436,6.9876],[122.2463,6.9883],[122.2484,6.9921],[122.256,6.9958],[122.2719,6.9991],[122.2742,6.9978],[122.2757,6.9932],[122.2858,6.9786],[122.2736,6.9584],[122.2657,6.9535],[122.2508,6.956],[122.2475,6.9634],[122.2447,6.9642],[122.2412,6.9622],[122.2383,6.9652],[122.2365,6.963],[122.2361,6.9667],[122.2335,6.9645],[122.2339,6.9656],[122.2298,6.965],[122.2281,6.962]]],[[[122.2394,6.9514],[122.2385,6.9514],[122.2383,6.9531],[122.2396,6.9525],[122.2394,6.9514]]],[[[122.2388,6.955],[122.2391,6.9575],[122.2427,6.9575],[122.2438,6.9544],[122.2402,6.9525],[122.2388,6.955]]],[[[122.2038,6.9631],[122.205,6.9645],[122.2071,6.9626],[122.2038,6.9631]]],[[[122.238,6.9932],[122.2404,6.9921],[122.2426,6.9882],[122.238,6.9932]]],[[[122.2466,6.9904],[122.2447,6.9901],[122.2445,6.9909],[122.2466,6.9918],[122.2466,6.9904]]],[[[122.2849,6.892],[122.2915,6.8865],[122.2926,6.8831],[122.2919,6.8722],[122.2874,6.8732],[122.2872,6.8758],[122.2853,6.8758],[122.2735,6.8882],[122.2743,6.8969],[122.2771,6.8987],[122.2842,6.8982],[122.2835,6.8926],[122.2849,6.892]]],[[[122.2506,7.1004],[122.2522,7.104],[122.2545,7.104],[122.2531,7.0983],[122.2506,7.1004]]],[[[122.2998,6.8734],[122.2982,6.8742],[122.2971,6.8759],[122.3001,6.8751],[122.2998,6.8734]]],[[[122.3242,6.9552],[122.3286,6.9555],[122.3286,6.9536],[122.325,6.953],[122.3242,6.9552]]],[[[122.3589,6.9831],[122.3558,6.9811],[122.3539,6.9767],[122.3483,6.9778],[122.3458,6.9811],[122.3464,6.9825],[122.3511,6.9836],[122.3553,6.9892],[122.3578,6.9878],[122.355,6.9861],[122.3549,6.984],[122.3589,6.9831]]],[[[122.2886,7.17],[122.2872,7.1694],[122.2867,7.1703],[122.2892,7.1714],[122.2886,7.17]]],[[[122.2698,7.1189],[122.2712,7.1186],[122.2697,7.1172],[122.2694,7.1178],[122.2698,7.1189]]],[[[122.2706,7.1208],[122.2714,7.1211],[122.2728,7.1192],[122.2718,7.1189],[122.2706,7.1208]]],[[[122.2717,7.1253],[122.273,7.1261],[122.2755,7.1247],[122.2746,7.1231],[122.2717,7.1253]]],[[[122.2611,7.1314],[122.2633,7.1314],[122.2625,7.1289],[122.2614,7.1297],[122.2611,7.1314]]],[[[122.2672,7.1298],[122.266,7.1323],[122.2675,7.1349],[122.2694,7.135],[122.2717,7.1321],[122.2712,7.1295],[122.2688,7.1273],[122.2672,7.1298]]],[[[122.2575,7.135],[122.2551,7.1331],[122.2561,7.1378],[122.2536,7.1383],[122.2572,7.1406],[122.2589,7.1383],[122.2575,7.135]]],[[[122.2611,7.1484],[122.2658,7.1527],[122.2667,7.1522],[122.2624,7.1447],[122.261,7.1457],[122.2611,7.1484]]],[[[122.2716,7.1533],[122.271,7.1549],[122.274,7.1557],[122.2735,7.1502],[122.2716,7.1533]]],[[[122.2768,7.1655],[122.2753,7.1626],[122.2733,7.1625],[122.2673,7.1646],[122.2664,7.1673],[122.2681,7.1696],[122.27,7.1686],[122.2696,7.1713],[122.2715,7.1725],[122.2751,7.1713],[122.2782,7.168],[122.2768,7.1655]]],[[[122.2826,7.1746],[122.2866,7.1768],[122.2876,7.1739],[122.2854,7.1717],[122.2826,7.1746]]],[[[122.2679,7.1797],[122.2694,7.1811],[122.2716,7.1798],[122.2681,7.1762],[122.267,7.1775],[122.2679,7.1797]]],[[[122.3186,7.3116],[122.3145,7.3075],[122.3101,7.3071],[122.3082,7.3097],[122.3101,7.3134],[122.3148,7.3152],[122.3174,7.3149],[122.3186,7.3116]]],[[[122.3233,7.3183],[122.3239,7.3197],[122.3263,7.3184],[122.3261,7.3175],[122.3233,7.3183]]],[[[122.4358,7.3475],[122.4347,7.3483],[122.4367,7.3494],[122.4389,7.3475],[122.4358,7.3475]]],[[[122.4083,7.3575],[122.4081,7.3592],[122.4094,7.3597],[122.41,7.3561],[122.4083,7.3575]]],[[[122.4061,7.365],[122.4055,7.362],[122.405,7.3618],[122.4047,7.3645],[122.4061,7.365]]],[[[122.3858,7.3744],[122.3872,7.3733],[122.3853,7.3717],[122.3842,7.3731],[122.3858,7.3744]]],[[[122.4292,7.3911],[122.4306,7.3903],[122.428,7.3875],[122.4269,7.3892],[122.4292,7.3911]]],[[[122.4028,7.3953],[122.4014,7.3953],[122.4014,7.3969],[122.4036,7.3967],[122.4028,7.3953]]],[[[122.3733,7.4038],[122.3712,7.4034],[122.3701,7.4065],[122.3734,7.4068],[122.3733,7.4038]]],[[[122.37,7.4115],[122.3708,7.4124],[122.3736,7.4099],[122.3711,7.4082],[122.37,7.4115]]]]},"properties":{"ADM3_EN":"Zamboanga City","name":"Zamboanga City","ADM3_PCODE":"PH97332000","psgc_code":"97332000","ADM2_EN":"Zamboanga del Sur","ADM2_PCODE":"PH9733","ADM1_EN":"Region IX (Zamboanga Peninsula)","ADM1_PCODE":"PH09","ADM0_EN":"Philippines (the)","ADM0_PCODE":"PH","region_key":"zamboanga_peninsula","province_key":"zamboanga_del_sur","type":"City"}},{"type":"Feature","geometry":{"type":"MultiPolygon","coordinates":[[[[122.9654,7.4622],[122.9701,7.4555],[122.9689,7.4543],[122.97,7.4514],[122.9623,7.4585],[122.9631,7.4629],[122.9654,7.4622]]],[[[123.0036,7.4822],[123.0033,7.4783],[122.9982,7.4774],[122.9936,7.4733],[122.9931,7.4697],[122.9967,7.4673],[122.9911,7.457],[122.9867,7.4583],[122.9831,7.4631],[122.9817,7.4664],[122.9828,7.4733],[122.9787,7.4722],[122.9764,7.4733],[122.9733,7.4794],[122.9731,7.4819],[122.9747,7.4839],[122.9731,7.4869],[122.965,7.4864],[122.9622,7.4759],[122.9602,7.4739],[122.9548,7.4758],[122.9488,7.4816],[122.9473,7.4911],[122.943,7.4983],[122.9376,7.5015],[122.9364,7.5044],[122.9322,7.5051],[122.9282,7.5138],[122.9286,7.525],[122.922,7.5321],[122.9206,7.5369],[122.9153,7.5397],[122.9119,7.5394],[122.9038,7.5443],[122.9002,7.5436],[122.8892,7.5392],[122.8889,7.5264],[122.8862,7.5207],[122.8848,7.5087],[122.8794,7.5056],[122.8633,7.5036],[122.8563,7.4951],[122.8658,7.4883],[122.8685,7.489],[122.8751,7.4863],[122.8747,7.4786],[122.8778,7.4725],[122.8752,7.4643],[122.8728,7.4639],[122.8703,7.4664],[122.8644,7.4564],[122.8561,7.4567],[122.8489,7.4431],[122.8439,7.4392],[122.8422,7.4356],[122.8397,7.4367],[122.8383,7.4428],[122.8327,7.446],[122.8245,7.4435],[122.815,7.4339],[122.8105,7.4375],[122.8104,7.4457],[122.8158,7.4564],[122.8192,7.4556],[122.8211,7.4569],[122.8197,7.4577],[122.8358,7.4861],[122.8439,7.5043],[122.872,7.5472],[122.8793,7.5627],[122.9095,7.6129],[122.9599,7.572],[122.9682,7.5604],[122.9829,7.5468],[122.9912,7.5439],[122.9933,7.5407],[123.0014,7.5382],[123.0022,7.534],[123.0085,7.5331],[123.0119,7.5343],[123.0123,7.5322],[123.0143,7.5324],[123.0142,7.5297],[123.0089,7.5256],[123.0081,7.5192],[123.0033,7.5083],[123.0033,7.5031],[122.9964,7.4997],[122.9986,7.4973],[123.0,7.4911],[123.0033,7.4889],[123.0036,7.4822]]]]},"properties":{"ADM3_EN":"Alicia","name":"Alicia","ADM3_PCODE":"PH98301000","psgc_code":"98301000","ADM2_EN":"Zamboanga Sibugay","ADM2_PCODE":"PH9830","ADM1_EN":"Region IX (Zamboanga Peninsula)","ADM1_PCODE":"PH09","ADM0_EN":"Philippines (the)","ADM0_PCODE":"PH","region_key":"zamboanga_peninsula","province_key":"zamboanga_sibugay","type":"Municipality"}},{"type":"Feature","geometry":{"type":"MultiPolygon","coordinates":[[[[123.0605,7.6767],[123.0617,7.6684],[123.0047,7.7153],[123.0064,7.8142],[123.0099,7.8113],[123.0135,7.8131],[123.02,7.8133],[123.017,7.8173],[123.0158,7.82],[123.0168,7.8205],[123.0221,7.8187],[123.0235,7.82],[123.0725,7.8186],[123.0854,7.8104],[123.0975,7.705],[123.0936,7.7025],[123.0914,7.7028],[123.0909,7.699],[123.0862,7.6946],[123.0866,7.6892],[123.0833,7.6891],[123.0842,7.6847],[123.0825,7.6815],[123.0845,7.6768],[123.0797,7.6767],[123.0791,7.6796],[123.074,7.6802],[123.0709,7.6829],[123.0683,7.6794],[123.0619,7.6797],[123.0605,7.6767]]]]},"properties":{"ADM3_EN":"Buug","name":"Buug","ADM3_PCODE":"PH98302000","psgc_code":"98302000","ADM2_EN":"Zamboanga Sibugay","ADM2_PCODE":"PH9830","ADM1_EN":"Region IX (Zamboanga Peninsula)","ADM1_PCODE":"PH09","ADM0_EN":"Philippines (the)","ADM0_PCODE":"PH","region_key":"zamboanga_peninsula","province_key":"zamboanga_sibugay","type":"Municipality"}},{"type":"Feature","geometry":{"type":"MultiPolygon","coordinates":[[[[122.9847,7.6616],[122.9196,7.6927],[122.9263,7.699],[122.9263,7.7009],[122.9158,7.8319],[122.9931,7.8259],[123.0012,7.813],[123.0064,7.8142],[123.0036,7.6648],[122.9847,7.6616]]]]},"properties":{"ADM3_EN":"Diplahan","name":"Diplahan","ADM3_PCODE":"PH98303000","psgc_code":"98303000","ADM2_EN":"Zamboanga Sibugay","ADM2_PCODE":"PH9830","ADM1_EN":"Region IX (Zamboanga Peninsula)","ADM1_PCODE":"PH09","ADM0_EN":"Philippines (the)","ADM0_PCODE":"PH","region_key":"zamboanga_peninsula","province_key":"zamboanga_sibugay","type":"Municipality"}},{"type":"Feature","geometry":{"type":"MultiPolygon","coordinates":[[[[122.9684,7.5944],[122.9682,7.5604],[122.9599,7.572],[122.9095,7.6129],[122.9286,7.6459],[122.9259,7.6462],[122.9258,7.6502],[122.9121,7.6547],[122.9109,7.6564],[122.9117,7.6617],[122.9063,7.6724],[122.8992,7.6718],[122.8995,7.6751],[122.9196,7.6927],[122.9847,7.6616],[122.9674,7.658],[122.9684,7.5944]]]]},"properties":{"ADM3_EN":"Imelda","name":"Imelda","ADM3_PCODE":"PH98304000","psgc_code":"98304000","ADM2_EN":"Zamboanga Sibugay","ADM2_PCODE":"PH9830","ADM1_EN":"Region IX (Zamboanga Peninsula)","ADM1_PCODE":"PH09","ADM0_EN":"Philippines (the)","ADM0_PCODE":"PH","region_key":"zamboanga_peninsula","province_key":"zamboanga_sibugay","type":"Municipality"}},{"type":"Feature","geometry":{"type":"MultiPolygon","coordinates":[[[[122.5439,7.7267],[122.5408,7.7206],[122.5364,7.717],[122.535,7.714],[122.5358,7.7119],[122.5332,7.7099],[122.5342,7.7072],[122.5328,7.7042],[122.5278,7.7017],[122.5218,7.7033],[122.5129,7.7112],[122.494,7.7436],[122.491,7.7542],[122.5034,7.7621],[122.5704,7.8198],[122.6097,7.8369],[122.6348,7.846],[122.6556,7.8473],[122.6556,7.8453],[122.6579,7.8432],[122.6513,7.8435],[122.6529,7.8379],[122.6577,7.8381],[122.6563,7.83],[122.6603,7.8268],[122.661,7.8142],[122.6556,7.8133],[122.6463,7.8086],[122.6441,7.8063],[122.6445,7.8021],[122.6395,7.7987],[122.6374,7.8008],[122.6407,7.7932],[122.6399,7.7914],[122.6369,7.7942],[122.6356,7.7937],[122.6359,7.7893],[122.633,7.7862],[122.6393,7.7881],[122.6373,7.7826],[122.6377,7.7781],[122.6339,7.7781],[122.6278,7.7742],[122.6244,7.7761],[122.6247,7.7711],[122.6206,7.7708],[122.62,7.7689],[122.6242,7.7644],[122.6225,7.7611],[122.6197,7.7592],[122.6167,7.765],[122.6133,7.765],[122.6103,7.7631],[122.6121,7.7593],[122.6059,7.7571],[122.6027,7.752],[122.5918,7.7519],[122.5849,7.7495],[122.585,7.7447],[122.5804,7.7456],[122.5793,7.7412],[122.5678,7.7469],[122.5637,7.7437],[122.5636,7.74],[122.5619,7.7386],[122.5561,7.7386],[122.5536,7.7364],[122.5481,7.7356],[122.5472,7.7339],[122.5437,7.7353],[122.545,7.7312],[122.5439,7.7267]]]]},"properties":{"ADM3_EN":"Ipil","name":"Ipil","ADM3_PCODE":"PH98305000","psgc_code":"98305000","ADM2_EN":"Zamboanga Sibugay","ADM2_PCODE":"PH9830","ADM1_EN":"Region IX (Zamboanga Peninsula)","ADM1_PCODE":"PH09","ADM0_EN":"Philippines (the)","ADM0_PCODE":"PH","region_key":"zamboanga_peninsula","province_key":"zamboanga_sibugay","type":"Municipality"}},{"type":"Feature","geometry":{"type":"MultiPolygon","coordinates":[[[[122.7653,7.7717],[122.7522,7.7828],[122.7506,7.7814],[122.749,7.7834],[122.7427,7.7807],[122.7358,7.7871],[122.7295,7.7899],[122.7271,7.7974],[122.7228,7.8039],[122.7205,7.8041],[122.7229,7.8068],[122.7238,7.812],[122.7262,7.8128],[122.7685,7.9426],[122.7983,7.9419],[122.8572,7.931],[122.8718,7.9257],[122.9159,7.9186],[122.9158,7.8319],[122.8643,7.8057],[122.8641,7.7797],[122.8251,7.7573],[122.8179,7.7565],[122.817,7.7586],[122.8124,7.7606],[122.8095,7.7561],[122.8006,7.7531],[122.7897,7.76],[122.7836,7.7689],[122.7803,7.7692],[122.7789,7.7711],[122.7775,7.7694],[122.7708,7.7686],[122.7653,7.7717]]]]},"properties":{"ADM3_EN":"Kabasalan","name":"Kabasalan","ADM3_PCODE":"PH98306000","psgc_code":"98306000","ADM2_EN":"Zamboanga Sibugay","ADM2_PCODE":"PH9830","ADM1_EN":"Region IX (Zamboanga Peninsula)","ADM1_PCODE":"PH09","ADM0_EN":"Philippines (the)","ADM0_PCODE":"PH","region_key":"zamboanga_peninsula","province_key":"zamboanga_sibugay","type":"Municipality"}},{"type":"Feature","geometry":{"type":"MultiPolygon","coordinates":[[[[122.9222,7.3628],[122.928,7.3561],[122.9328,7.3572],[122.9414,7.3511],[122.9522,7.3494],[122.9536,7.3467],[122.9525,7.3417],[122.9492,7.3378],[122.9447,7.3369],[122.9425,7.3342],[122.9361,7.3364],[122.9322,7.3422],[122.9186,7.3491],[122.9131,7.3507],[122.9116,7.3472],[122.9092,7.3535],[122.8573,7.3656],[122.8493,7.3911],[122.8346,7.4096],[122.8281,7.4381],[122.8369,7.4347],[122.8386,7.43],[122.8472,7.4267],[122.8542,7.4164],[122.86,7.4122],[122.8617,7.4067],[122.8586,7.4008],[122.8606,7.3939],[122.86,7.3892],[122.8719,7.3728],[122.8783,7.3728],[122.8772,7.3692],[122.8822,7.3756],[122.8892,7.3769],[122.8911,7.3789],[122.8875,7.3781],[122.8856,7.3797],[122.8836,7.3956],[122.8889,7.4039],[122.8889,7.4072],[122.8858,7.4131],[122.8872,7.4275],[122.8892,7.4314],[122.8961,7.4375],[122.8972,7.4431],[122.9056,7.4364],[122.9086,7.4311],[122.9194,7.4272],[122.9231,7.4289],[122.9294,7.4281],[122.9331,7.4217],[122.9442,7.4122],[122.9464,7.4083],[122.9453,7.4036],[122.9392,7.4044],[122.9372,7.4011],[122.9381,7.4],[122.9419,7.4006],[122.9475,7.3922],[122.9514,7.3933],[122.955,7.3917],[122.9586,7.3881],[122.9597,7.3831],[122.9658,7.3792],[122.9647,7.3778],[122.9672,7.3742],[122.9733,7.3706],[122.9753,7.3633],[122.9725,7.3608],[122.9642,7.3639],[122.9581,7.3697],[122.9564,7.3675],[122.943,7.3731],[122.9367,7.3739],[122.9336,7.3719],[122.9245,7.3708],[122.9217,7.3647],[122.9222,7.3628]]],[[[122.9264,7.4325],[122.9272,7.4339],[122.9292,7.4311],[122.9272,7.43],[122.9264,7.4325]]],[[[122.8586,7.4342],[122.8533,7.4297],[122.8486,7.4319],[122.8506,7.4347],[122.8561,7.4369],[122.8586,7.4342]]],[[[122.8462,7.4351],[122.8472,7.4361],[122.8489,7.4356],[122.8478,7.4333],[122.845,7.4339],[122.8462,7.4351]]]]},"properties":{"ADM3_EN":"Mabuhay","name":"Mabuhay","ADM3_PCODE":"PH98307000","psgc_code":"98307000","ADM2_EN":"Zamboanga Sibugay","ADM2_PCODE":"PH9830","ADM1_EN":"Region IX (Zamboanga Peninsula)","ADM1_PCODE":"PH09","ADM0_EN":"Philippines (the)","ADM0_PCODE":"PH","region_key":"zamboanga_peninsula","province_key":"zamboanga_sibugay","type":"Municipality"}},{"type":"Feature","geometry":{"type":"MultiPolygon","coordinates":[[[[123.0119,7.5343],[123.0085,7.5331],[123.0022,7.534],[123.0014,7.5382],[122.9933,7.5407],[122.9912,7.5439],[122.9829,7.5468],[122.9682,7.5604],[122.9674,7.658],[123.0036,7.6648],[123.0047,7.7153],[123.0617,7.6684],[123.0619,7.6664],[123.0612,7.6613],[123.057,7.6583],[123.0495,7.6625],[123.0521,7.6626],[123.0539,7.6648],[123.053,7.6675],[123.0507,7.6676],[123.0484,7.6635],[123.04,7.6556],[123.0358,7.6564],[123.0369,7.6547],[123.0422,7.6533],[123.0397,7.6495],[123.0406,7.6477],[123.0465,7.6498],[123.0486,7.6542],[123.0536,7.6529],[123.0534,7.6488],[123.0489,7.645],[123.0485,7.642],[123.0494,7.64],[123.053,7.6403],[123.0542,7.6386],[123.0561,7.6347],[123.0558,7.6286],[123.0581,7.6264],[123.0525,7.6208],[123.041,7.6251],[123.0375,7.6236],[123.0354,7.6256],[123.0269,7.6261],[123.027,7.6237],[123.0297,7.6217],[123.0283,7.6137],[123.0336,7.61],[123.03,7.6028],[123.03,7.5959],[123.0358,7.5867],[123.0335,7.582],[123.0356,7.5783],[123.0309,7.5771],[123.0336,7.5703],[123.0257,7.5603],[123.0264,7.5486],[123.0241,7.5419],[123.0174,7.5383],[123.0143,7.5324],[123.0123,7.5322],[123.0119,7.5343]]],[[[123.0479,7.575],[123.0476,7.5761],[123.0491,7.5761],[123.0498,7.5726],[123.0479,7.575]]],[[[123.0517,7.5806],[123.0478,7.5832],[123.0461,7.5853],[123.0523,7.5826],[123.0517,7.5806]]],[[[123.0503,7.5896],[123.0495,7.5896],[123.0494,7.5921],[123.0505,7.5901],[123.0503,7.5896]]],[[[123.0774,7.6124],[123.0769,7.6086],[123.0751,7.6088],[123.0725,7.6147],[123.0749,7.6119],[123.0774,7.6124]]],[[[123.045,7.6501],[123.0447,7.6512],[123.0467,7.6512],[123.0458,7.6501],[123.045,7.6501]]],[[[123.0711,7.6544],[123.0708,7.6577],[123.0719,7.6581],[123.0713,7.6535],[123.0711,7.6544]]]]},"properties":{"ADM3_EN":"Malangas","name":"Malangas","ADM3_PCODE":"PH98308000","psgc_code":"98308000","ADM2_EN":"Zamboanga Sibugay","ADM2_PCODE":"PH9830","ADM1_EN":"Region IX (Zamboanga Peninsula)","ADM1_PCODE":"PH09","ADM0_EN":"Philippines (the)","ADM0_PCODE":"PH","region_key":"zamboanga_peninsula","province_key":"zamboanga_sibugay","type":"Municipality"}},{"type":"Feature","geometry":{"type":"MultiPolygon","coordinates":[[[[122.7038,7.7861],[122.7041,7.7839],[122.6983,7.7803],[122.6954,7.7813],[122.6931,7.7882],[122.6889,7.7839],[122.6861,7.7833],[122.6872,7.7786],[122.6772,7.7819],[122.6794,7.7772],[122.678,7.7742],[122.6817,7.7761],[122.6833,7.7731],[122.6822,7.7703],[122.6786,7.7703],[122.675,7.7658],[122.6714,7.7669],[122.6719,7.7775],[122.6664,7.7831],[122.6622,7.7819],[122.6597,7.7839],[122.6583,7.7889],[122.6553,7.7822],[122.6411,7.7769],[122.6414,7.7717],[122.6397,7.7717],[122.6392,7.7764],[122.6366,7.7776],[122.6393,7.7881],[122.633,7.7862],[122.6359,7.7893],[122.6356,7.7937],[122.6369,7.7942],[122.6399,7.7914],[122.6407,7.7932],[122.6374,7.8008],[122.6395,7.7987],[122.6445,7.8021],[122.6441,7.8063],[122.6463,7.8086],[122.6556,7.8133],[122.6594,7.8133],[122.6614,7.8161],[122.6603,7.8268],[122.6563,7.83],[122.6577,7.8381],[122.6529,7.8379],[122.6513,7.8435],[122.6579,7.8432],[122.6556,7.8453],[122.6586,7.8536],[122.656,7.8603],[122.6571,7.8674],[122.6692,7.8765],[122.6694,7.8837],[122.6724,7.8804],[122.6739,7.8865],[122.6814,7.8858],[122.6824,7.8921],[122.6815,7.8972],[122.6862,7.9019],[122.6888,7.9078],[122.6878,7.9121],[122.6931,7.9332],[122.6919,7.9364],[122.7114,7.936],[122.7221,7.9393],[122.7533,7.9434],[122.7685,7.9426],[122.7262,7.8128],[122.7238,7.812],[122.7229,7.8068],[122.7205,7.8041],[122.7228,7.8039],[122.7271,7.7974],[122.7295,7.7899],[122.7358,7.7871],[122.7427,7.7807],[122.749,7.7834],[122.7514,7.7818],[122.7619,7.7728],[122.7658,7.7681],[122.7678,7.7622],[122.7611,7.7631],[122.7489,7.7497],[122.745,7.7494],[122.7453,7.7578],[122.7392,7.7633],[122.7334,7.7632],[122.7307,7.7652],[122.7247,7.7753],[122.7237,7.7808],[122.7162,7.7838],[122.7128,7.7825],[122.7114,7.7773],[122.709,7.7788],[122.7077,7.7836],[122.7041,7.7877],[122.7038,7.7861]]],[[[122.7792,7.7675],[122.7839,7.7672],[122.7864,7.7625],[122.7853,7.7578],[122.7819,7.7539],[122.7572,7.7536],[122.7578,7.7572],[122.7611,7.7619],[122.7686,7.7617],[122.7681,7.7683],[122.7792,7.7675]]]]},"properties":{"ADM3_EN":"Naga","name":"Naga","ADM3_PCODE":"PH98309000","psgc_code":"98309000","ADM2_EN":"Zamboanga Sibugay","ADM2_PCODE":"PH9830","ADM1_EN":"Region IX (Zamboanga Peninsula)","ADM1_PCODE":"PH09","ADM0_EN":"Philippines (the)","ADM0_PCODE":"PH","region_key":"zamboanga_peninsula","province_key":"zamboanga_sibugay","type":"Municipality"}},{"type":"Feature","geometry":{"type":"MultiPolygon","coordinates":[[[[122.8595,7.2748],[122.8591,7.2726],[122.851,7.2676],[122.8411,7.2756],[122.8455,7.2768],[122.8456,7.2797],[122.8481,7.2785],[122.8488,7.2761],[122.8491,7.279],[122.8548,7.2843],[122.8554,7.2803],[122.8595,7.2748]]],[[[122.84,7.2781],[122.8423,7.2796],[122.8441,7.2791],[122.8414,7.2769],[122.84,7.2781]]],[[[122.8571,7.2868],[122.8547,7.2867],[122.8542,7.2875],[122.8567,7.2892],[122.8587,7.2876],[122.8571,7.2868]]],[[[122.8399,7.3687],[122.8727,7.3152],[122.8655,7.3111],[122.8567,7.3111],[122.8469,7.3078],[122.8481,7.3053],[122.84,7.3006],[122.8386,7.2944],[122.8314,7.2881],[122.8367,7.2858],[122.8397,7.2819],[122.8397,7.2794],[122.8308,7.2769],[122.8272,7.2803],[122.8161,7.2839],[122.8072,7.2917],[122.8053,7.2964],[122.8042,7.3058],[122.8067,7.3119],[122.8017,7.3164],[122.8025,7.3261],[122.8008,7.3289],[122.8022,7.3317],[122.8097,7.3375],[122.8003,7.3364],[122.7925,7.3386],[122.7878,7.3442],[122.7867,7.355],[122.7878,7.3636],[122.7989,7.3806],[122.7978,7.3869],[122.7942,7.3897],[122.7953,7.3972],[122.7963,7.3982],[122.8273,7.3884],[122.8399,7.3687]]],[[[122.7872,7.3858],[122.7861,7.3878],[122.7889,7.3903],[122.7908,7.3861],[122.7894,7.3847],[122.7872,7.3858]]]]},"properties":{"ADM3_EN":"Olutanga","name":"Olutanga","ADM3_PCODE":"PH98310000","psgc_code":"98310000","ADM2_EN":"Zamboanga Sibugay","ADM2_PCODE":"PH9831","ADM1_EN":"Region IX (Zamboanga Peninsula)","ADM1_PCODE":"PH09","ADM0_EN":"Philippines (the)","ADM0_PCODE":"PH","region_key":"zamboanga_peninsula","province_key":"zamboanga_sibugay","type":"Municipality"}},{"type":"Feature","geometry":{"type":"MultiPolygon","coordinates":[[[[122.6894,7.4629],[122.69,7.4641],[122.692,7.4628],[122.6914,7.462],[122.6894,7.4629]]],[[[122.8061,7.4792],[122.8083,7.4796],[122.8072,7.4767],[122.8058,7.4772],[122.8061,7.4792]]],[[[122.8048,7.4891],[122.7986,7.4883],[122.7859,7.4733],[122.7811,7.4703],[122.78,7.4711],[122.7795,7.4789],[122.7819,7.484],[122.7792,7.4869],[122.7794,7.4892],[122.7831,7.4909],[122.7811,7.4936],[122.7825,7.4959],[122.7807,7.4985],[122.7812,7.5043],[122.7885,7.5127],[122.7942,7.5225],[122.7922,7.5233],[122.7908,7.5303],[122.7875,7.5322],[122.7878,7.5387],[122.7984,7.5458],[122.8001,7.5439],[122.7995,7.5403],[122.8011,7.5412],[122.8066,7.5397],[122.8099,7.5349],[122.8097,7.5289],[122.8053,7.5283],[122.8033,7.5264],[122.8119,7.5222],[122.8146,7.5353],[122.8224,7.5397],[122.8275,7.5286],[122.8283,7.5296],[122.827,7.5436],[122.82,7.5561],[122.8225,7.5608],[122.818,7.5677],[122.8133,7.5714],[122.8117,7.58],[122.8011,7.5844],[122.7992,7.5875],[122.7935,7.5881],[122.7885,7.5922],[122.7928,7.5997],[122.7925,7.6028],[122.7983,7.6044],[122.7919,7.6044],[122.7906,7.6086],[122.7956,7.6092],[122.7989,7.6119],[122.7975,7.6169],[122.7986,7.6183],[122.8072,7.6203],[122.8056,7.6217],[122.7983,7.6203],[122.7961,7.6183],[122.7956,7.6117],[122.7892,7.6114],[122.7864,7.615],[122.7939,7.6292],[122.7933,7.6333],[122.7959,7.6381],[122.7931,7.6389],[122.7894,7.6478],[122.7894,7.6514],[122.7853,7.6544],[122.7853,7.6589],[122.7889,7.6564],[122.7856,7.6628],[122.7878,7.6694],[122.785,7.6739],[122.7822,7.6744],[122.7825,7.6783],[122.7902,7.6778],[122.7924,7.6731],[122.7962,7.6717],[122.7979,7.6733],[122.8008,7.6728],[122.8014,7.6785],[122.8034,7.6806],[122.8072,7.6773],[122.8104,7.6797],[122.8206,7.6747],[122.822,7.6779],[122.8294,7.6758],[122.8302,7.6768],[122.8318,7.6747],[122.829,7.6739],[122.8331,7.6713],[122.8339,7.6643],[122.83,7.6632],[122.8267,7.6577],[122.8351,7.6503],[122.8375,7.6463],[122.8346,7.6457],[122.8376,7.6432],[122.8401,7.6442],[122.8411,7.6419],[122.844,7.6425],[122.8465,7.6408],[122.8587,7.6472],[122.8627,7.6528],[122.8651,7.6538],[122.8668,7.6528],[122.8676,7.656],[122.8691,7.6542],[122.8753,7.6571],[122.8773,7.6552],[122.8795,7.6562],[122.8803,7.6595],[122.8827,7.6578],[122.8829,7.6623],[122.8863,7.6598],[122.891,7.6625],[122.8931,7.6605],[122.895,7.6625],[122.8945,7.6639],[122.8979,7.6661],[122.9015,7.6646],[122.9014,7.6666],[122.8979,7.6693],[122.8987,7.6713],[122.9056,7.6733],[122.9117,7.6617],[122.9109,7.6564],[122.9121,7.6547],[122.9258,7.6502],[122.9259,7.6462],[122.9286,7.6459],[122.8793,7.5627],[122.872,7.5472],[122.8439,7.5043],[122.8358,7.4861],[122.8197,7.4577],[122.8178,7.4604],[122.8194,7.4703],[122.818,7.4692],[122.8169,7.4706],[122.8182,7.4784],[122.8103,7.4817],[122.8076,7.4888],[122.8048,7.4891]]],[[[122.7887,7.5294],[122.7872,7.5287],[122.7865,7.5306],[122.7885,7.5301],[122.7887,7.5294]]],[[[122.7914,7.555],[122.7953,7.5544],[122.7975,7.5558],[122.7995,7.5539],[122.7972,7.5511],[122.7933,7.5533],[122.7917,7.5514],[122.7878,7.5522],[122.7897,7.5561],[122.7914,7.555]]]]},"properties":{"ADM3_EN":"Payao","name":"Payao","ADM3_PCODE":"PH98311000","psgc_code":"98311000","ADM2_EN":"Zamboanga Sibugay","ADM2_PCODE":"PH9831","ADM1_EN":"Region IX (Zamboanga Peninsula)","ADM1_PCODE":"PH09","ADM0_EN":"Philippines (the)","ADM0_PCODE":"PH","region_key":"zamboanga_peninsula","province_key":"zamboanga_sibugay","type":"Municipality"}},{"type":"Feature","geometry":{"type":"MultiPolygon","coordinates":[[[[122.4742,7.63],[122.475,7.6267],[122.4726,7.6193],[122.4721,7.6216],[122.4707,7.6198],[122.4696,7.6223],[122.4636,7.6211],[122.4643,7.623],[122.4619,7.6271],[122.4574,7.6277],[122.4521,7.6262],[122.4509,7.6287],[122.4482,7.6281],[122.4452,7.6312],[122.4368,7.6304],[122.4366,7.632],[122.4343,7.6319],[122.4341,7.6337],[122.4299,7.636],[122.4271,7.6363],[122.4272,7.6348],[122.4247,7.6352],[122.4218,7.6327],[122.4213,7.6356],[122.4111,7.6372],[122.4099,7.6401],[122.4071,7.6381],[122.4062,7.6349],[122.4012,7.6353],[122.4003,7.6326],[122.3983,7.6328],[122.3941,7.6368],[122.3917,7.6335],[122.387,7.6356],[122.3859,7.6346],[122.3855,7.637],[122.389,7.6388],[122.3847,7.6392],[122.3856,7.6416],[122.3833,7.641],[122.3794,7.645],[122.3772,7.6444],[122.3765,7.6474],[122.379,7.6498],[122.3786,7.6518],[122.376,7.6503],[122.3751,7.6519],[122.3746,7.6507],[122.3695,7.6535],[122.3688,7.6522],[122.3656,7.6532],[122.3647,7.652],[122.3539,7.6633],[122.3053,7.6657],[122.3344,7.7153],[122.3578,7.7494],[122.371,7.7557],[122.4112,7.7681],[122.4516,7.7946],[122.4581,7.8034],[122.4782,7.7982],[122.494,7.7436],[122.5129,7.7112],[122.5218,7.7033],[122.5241,7.7028],[122.5225,7.6997],[122.5264,7.695],[122.5233,7.6917],[122.5186,7.6919],[122.515,7.695],[122.51,7.6909],[122.505,7.6803],[122.4994,7.6767],[122.5028,7.6678],[122.498,7.6656],[122.498,7.6608],[122.4956,7.6606],[122.4936,7.6564],[122.4876,7.6571],[122.4836,7.6542],[122.4826,7.6504],[122.4839,7.6456],[122.4786,7.6419],[122.4828,7.6372],[122.4897,7.635],[122.4903,7.6319],[122.4825,7.6306],[122.4781,7.6319],[122.4742,7.63]]],[[[122.5427,7.6829],[122.5401,7.6857],[122.5409,7.6883],[122.5461,7.6847],[122.5447,7.6821],[122.5427,7.6829]]]]},"properties":{"ADM3_EN":"Roseller Lim","name":"Roseller Lim","ADM3_PCODE":"PH98312000","psgc_code":"98312000","ADM2_EN":"Zamboanga Sibugay","ADM2_PCODE":"PH9831","ADM1_EN":"Region IX (Zamboanga Peninsula)","ADM1_PCODE":"PH09","ADM0_EN":"Philippines (the)","ADM0_PCODE":"PH","region_key":"zamboanga_peninsula","province_key":"zamboanga_sibugay","type":"Municipality"}},{"type":"Feature","geometry":{"type":"MultiPolygon","coordinates":[[[[122.8697,7.6548],[122.8676,7.656],[122.8668,7.6528],[122.8651,7.6538],[122.8627,7.6528],[122.8587,7.6472],[122.8465,7.6408],[122.844,7.6425],[122.8411,7.6419],[122.8401,7.6442],[122.8376,7.6432],[122.8346,7.6457],[122.8375,7.6463],[122.832,7.6536],[122.8267,7.6577],[122.83,7.6632],[122.8339,7.6643],[122.8331,7.6713],[122.829,7.6739],[122.8318,7.6747],[122.8302,7.6768],[122.8294,7.6758],[122.822,7.6779],[122.8206,7.6747],[122.8104,7.6797],[122.8072,7.6773],[122.8034,7.6806],[122.8014,7.6785],[122.8008,7.6728],[122.7979,7.6733],[122.7962,7.6717],[122.7924,7.6731],[122.7902,7.6778],[122.783,7.6788],[122.7856,7.6856],[122.7908,7.6889],[122.7914,7.6961],[122.7972,7.7044],[122.8006,7.7039],[122.8019,7.6992],[122.8011,7.7044],[122.8033,7.7053],[122.8139,7.7022],[122.8147,7.7061],[122.8119,7.7031],[122.8056,7.7069],[122.8003,7.7058],[122.7983,7.7072],[122.8014,7.7133],[122.8014,7.7167],[122.7981,7.7211],[122.8003,7.7258],[122.8119,7.7264],[122.82,7.7131],[122.8169,7.7261],[122.8183,7.7292],[122.8125,7.7444],[122.8092,7.7494],[122.8017,7.7522],[122.8034,7.7547],[122.8095,7.7561],[122.8124,7.7606],[122.817,7.7586],[122.8179,7.7565],[122.8251,7.7573],[122.8641,7.7797],[122.8643,7.8057],[122.9158,7.8319],[122.9263,7.699],[122.8995,7.6751],[122.8979,7.6693],[122.9014,7.6666],[122.9015,7.6646],[122.8979,7.6661],[122.8945,7.6639],[122.895,7.6625],[122.8931,7.6605],[122.891,7.6625],[122.8863,7.6598],[122.8829,7.6623],[122.8827,7.6578],[122.8803,7.6595],[122.8795,7.6562],[122.8773,7.6552],[122.8753,7.6571],[122.8725,7.6548],[122.8697,7.6548]]],[[[122.8042,7.7372],[122.8089,7.7328],[122.8106,7.7278],[122.805,7.7264],[122.7989,7.7286],[122.7983,7.7353],[122.7997,7.7386],[122.8022,7.7389],[122.8042,7.7372]]],[[[122.8133,7.7281],[122.8058,7.7383],[122.8075,7.7403],[122.8108,7.7406],[122.8136,7.7369],[122.8161,7.7292],[122.815,7.7275],[122.8133,7.7281]]]]},"properties":{"ADM3_EN":"Siay","name":"Siay","ADM3_PCODE":"PH98313000","psgc_code":"98313000","ADM2_EN":"Zamboanga Sibugay","ADM2_PCODE":"PH9831","ADM1_EN":"Region IX (Zamboanga Peninsula)","ADM1_PCODE":"PH09","ADM0_EN":"Philippines (the)","ADM0_PCODE":"PH","region_key":"zamboanga_peninsula","province_key":"zamboanga_sibugay","type":"Municipality"}},{"type":"Feature","geometry":{"type":"MultiPolygon","coordinates":[[[[122.8945,7.3564],[122.9092,7.3535],[122.9116,7.3472],[122.9131,7.3507],[122.9199,7.3483],[122.9178,7.3472],[122.92,7.345],[122.9169,7.3444],[122.9147,7.3411],[122.9075,7.3397],[122.9053,7.33],[122.9028,7.3272],[122.9033,7.3239],[122.8997,7.3194],[122.8911,7.3153],[122.885,7.315],[122.8814,7.3169],[122.8727,7.3152],[122.8273,7.3884],[122.7963,7.3982],[122.7997,7.4003],[122.7997,7.4072],[122.8028,7.4167],[122.8022,7.4225],[122.8056,7.4297],[122.8136,7.43],[122.8189,7.4333],[122.8233,7.4386],[122.8278,7.4383],[122.8346,7.4096],[122.8493,7.3911],[122.8573,7.3656],[122.8945,7.3564]]],[[[122.9178,7.3419],[122.9172,7.3428],[122.9192,7.3431],[122.9192,7.3411],[122.9178,7.3419]]]]},"properties":{"ADM3_EN":"Talusan","name":"Talusan","ADM3_PCODE":"PH98314000","psgc_code":"98314000","ADM2_EN":"Zamboanga Sibugay","ADM2_PCODE":"PH9831","ADM1_EN":"Region IX (Zamboanga Peninsula)","ADM1_PCODE":"PH09","ADM0_EN":"Philippines (the)","ADM0_PCODE":"PH","region_key":"zamboanga_peninsula","province_key":"zamboanga_sibugay","type":"Municipality"}},{"type":"Feature","geometry":{"type":"MultiPolygon","coordinates":[[[[122.4886,7.764],[122.4855,7.7706],[122.4782,7.7982],[122.4581,7.8034],[122.4905,7.8302],[122.503,7.8376],[122.5206,7.8562],[122.5454,7.8718],[122.5516,7.8775],[122.5736,7.8866],[122.6003,7.9017],[122.6566,7.9274],[122.6919,7.9364],[122.6931,7.9332],[122.6878,7.9121],[122.6888,7.9078],[122.6862,7.9019],[122.6815,7.8972],[122.6824,7.8921],[122.6814,7.8858],[122.6739,7.8865],[122.6724,7.8804],[122.6694,7.8837],[122.6692,7.8765],[122.6571,7.8674],[122.656,7.8603],[122.6586,7.8536],[122.6556,7.8473],[122.6348,7.846],[122.6097,7.8369],[122.5704,7.8198],[122.5034,7.7621],[122.491,7.7542],[122.4886,7.764]]]]},"properties":{"ADM3_EN":"Titay","name":"Titay","ADM3_PCODE":"PH98315000","psgc_code":"98315000","ADM2_EN":"Zamboanga Sibugay","ADM2_PCODE":"PH9831","ADM1_EN":"Region IX (Zamboanga Peninsula)","ADM1_PCODE":"PH09","ADM0_EN":"Philippines (the)","ADM0_PCODE":"PH","region_key":"zamboanga_peninsula","province_key":"zamboanga_sibugay","type":"Municipality"}},{"type":"Feature","geometry":{"type":"MultiPolygon","coordinates":[[[[122.2362,7.5427],[122.2535,7.5772],[122.276,7.6285],[122.2791,7.6331],[122.2928,7.6444],[122.3053,7.6657],[122.3539,7.6633],[122.3647,7.652],[122.3656,7.6532],[122.3688,7.6522],[122.3695,7.6535],[122.3746,7.6507],[122.3751,7.6519],[122.376,7.6503],[122.3786,7.6518],[122.379,7.6498],[122.3765,7.6474],[122.3772,7.6444],[122.3794,7.645],[122.3833,7.641],[122.3856,7.6416],[122.3847,7.6392],[122.389,7.6388],[122.3855,7.637],[122.3859,7.6346],[122.387,7.6356],[122.3917,7.6335],[122.3941,7.6368],[122.3983,7.6328],[122.4003,7.6326],[122.4012,7.6353],[122.4062,7.6349],[122.4071,7.6381],[122.4099,7.6401],[122.4111,7.6372],[122.4213,7.6356],[122.4218,7.6327],[122.4247,7.6352],[122.4272,7.6348],[122.4271,7.6363],[122.4299,7.636],[122.4341,7.6337],[122.4343,7.6319],[122.4366,7.632],[122.4368,7.6304],[122.4452,7.6312],[122.4482,7.6281],[122.4509,7.6287],[122.4521,7.6262],[122.4574,7.6277],[122.4619,7.6271],[122.4643,7.623],[122.4636,7.6211],[122.4696,7.6223],[122.4707,7.6198],[122.4721,7.6216],[122.4726,7.6193],[122.4661,7.6136],[122.46,7.6108],[122.4508,7.6097],[122.4464,7.6072],[122.4467,7.6022],[122.4439,7.5964],[122.4448,7.5936],[122.4398,7.5893],[122.4315,7.588],[122.435,7.5852],[122.432,7.5836],[122.4303,7.5797],[122.4335,7.5724],[122.4368,7.5693],[122.4515,7.5672],[122.4535,7.5685],[122.4592,7.5681],[122.4708,7.5797],[122.4734,7.5779],[122.4783,7.58],[122.4745,7.5753],[122.483,7.5698],[122.4871,7.5746],[122.4908,7.5725],[122.4942,7.5742],[122.4968,7.5736],[122.4981,7.5752],[122.4968,7.5779],[122.5008,7.58],[122.5054,7.5797],[122.5066,7.5784],[122.502,7.5714],[122.5005,7.5663],[122.4948,7.5649],[122.4913,7.5672],[122.4897,7.5663],[122.4871,7.559],[122.4926,7.556],[122.485,7.5378],[122.4791,7.5355],[122.4697,7.52],[122.4682,7.5207],[122.4614,7.5161],[122.4605,7.5097],[122.4529,7.5015],[122.4503,7.5006],[122.4465,7.5024],[122.4408,7.4981],[122.4383,7.5001],[122.435,7.4997],[122.4379,7.5026],[122.4386,7.5063],[122.4479,7.5118],[122.4513,7.5205],[122.4573,7.5268],[122.4564,7.5306],[122.4623,7.5314],[122.4595,7.5327],[122.4598,7.5352],[122.4671,7.5383],[122.4606,7.5404],[122.4564,7.5461],[122.4558,7.5422],[122.4541,7.5428],[122.4558,7.5405],[122.4529,7.537],[122.4506,7.5405],[122.45,7.5469],[122.4472,7.5481],[122.4437,7.5454],[122.4378,7.5442],[122.4361,7.5386],[122.4393,7.537],[122.4424,7.5394],[122.4472,7.5388],[122.4485,7.5341],[122.442,7.5279],[122.4323,7.5221],[122.4272,7.5156],[122.4272,7.5114],[122.4249,7.5126],[122.4214,7.5076],[122.4223,7.5034],[122.4197,7.5023],[122.4166,7.5036],[122.4035,7.4894],[122.4097,7.4997],[122.4103,7.5037],[122.4084,7.5058],[122.4036,7.4991],[122.3986,7.4978],[122.3994,7.4958],[122.3953,7.4893],[122.3908,7.4886],[122.39,7.4861],[122.3895,7.4893],[122.3868,7.4903],[122.3783,7.4877],[122.3764,7.4844],[122.3775,7.4828],[122.3742,7.4798],[122.3717,7.4742],[122.3672,7.4758],[122.3627,7.4749],[122.3592,7.4689],[122.3546,7.4672],[122.3564,7.4644],[122.353,7.4624],[122.2654,7.4633],[122.2187,7.4609],[122.2298,7.53],[122.2362,7.5427]]],[[[122.4221,7.4969],[122.4233,7.4957],[122.4164,7.4897],[122.4145,7.4906],[122.4179,7.4971],[122.4221,7.4969]]],[[[122.4379,7.5204],[122.4376,7.5196],[122.4371,7.5196],[122.4382,7.5215],[122.4379,7.5204]]],[[[122.4465,7.5424],[122.4447,7.5427],[122.4453,7.5444],[122.4485,7.5417],[122.4465,7.5424]]],[[[122.447,7.5869],[122.4439,7.5864],[122.4428,7.5875],[122.4461,7.5886],[122.447,7.5869]]],[[[122.4897,7.5949],[122.4915,7.5961],[122.4929,7.5959],[122.4918,7.5935],[122.4896,7.5936],[122.4897,7.5949]]]]},"properties":{"ADM3_EN":"Tungawan","name":"Tungawan","ADM3_PCODE":"PH98316000","psgc_code":"98316000","ADM2_EN":"Zamboanga Sibugay","ADM2_PCODE":"PH9831","ADM1_EN":"Region IX (Zamboanga Peninsula)","ADM1_PCODE":"PH09","ADM0_EN":"Philippines (the)","ADM0_PCODE":"PH","region_key":"zamboanga_peninsula","province_key":"zamboanga_sibugay","type":"Municipality"}}]}