{
    "type": "FeatureCollection",
    "name": "Panay Municipalities",
    "features": [
        {
            "type": "Feature",
            "properties": {
                "ADM3_EN": "Altavas",
                "ADM3_PCODE": "PH0600401",
                "ADM2_EN": "Aklan",
                "ADM2_PCODE": "PH06004",
                "ADM1_EN": "Region VI (Western Visayas)",
                "ADM1_PCODE": "PH06",
                "ADM0_EN": "Philippines (the)",
                "ADM0_PCODE": "PH",
                "date": "2022-11-09",
                "validOn": "2023-11-06",
                "validTo": null,
                "ADM3_REF": null,
                "ADM3ALT1EN": null,
                "Shape_Leng": 0.50879840768,
                "Shape_Area": 0.00786399339384,
                "AREA_SQKM": 94.9010399281,
                "psgc_id": "PH0600401",
                "psgc_code": "0600401000",
                "psgc_name": "Altavas",
                "psgc_status": "matched",
                "match_confidence": 1.0,
                "psgc_type": "municipality",
                "match_method": "exact"
            },
            "geometry": {
                "type": "Polygon",
                "coordinates": [
                    [
                        [
                            122.5326996450001,
                            11.518185372000062
                        ],
                        [
                            122.52670540000008,
                            11.512783739000042
                        ],
                        [
                            122.53002524900012,
                            11.493157942000039
                        ],
                        [
                            122.50488909,
                            11.484729438000045
                        ],
                        [
                            122.48361535700008,
                            11.488979631000063
                        ],
                        [
                            122.47382091800011,
                            11.476262607000024
                        ],
                        [
                            122.40507282600004,
                            11.477684428000032
                        ],
                        [
                            122.40091050300009,
                            11.511587510000027
                        ],
                        [
                            122.41034897600002,
                            11.52211605900004
                        ],
                        [
                            122.40755731400009,
                            11.539331301000061
                        ],
                        [
                            122.41999091800005,
                            11.551678399000025
                        ],
                        [
                            122.44772974400007,
                            11.557364329000052
                        ],
                        [
                            122.46876016500005,
                            11.550986989000023
                        ],
                        [
                            122.48848564800005,
                            11.561261210000055
                        ],
                        [
                            122.50349527800006,
                            11.527732463000063
                        ],
                        [
                            122.52590124000005,
                            11.52627239900005
                        ],
                        [
                            122.5326996450001,
                            11.518185372000062
                        ]
                    ]
                ]
            }
        },
        {
            "type": "Feature",
            "properties": {
                "ADM3_EN": "Balete",
                "ADM3_PCODE": "PH0600402",
                "ADM2_EN": "Aklan",
                "ADM2_PCODE": "PH06004",
                "ADM1_EN": "Region VI (Western Visayas)",
                "ADM1_PCODE": "PH06",
                "ADM0_EN": "Philippines (the)",
                "ADM0_PCODE": "PH",
                "date": "2022-11-09",
                "validOn": "2023-11-06",
                "validTo": null,
                "ADM3_REF": null,
                "ADM3ALT1EN": null,
                "Shape_Leng": 0.547337381266,
                "Shape_Area": 0.00980796870153,
                "AREA_SQKM": 118.355245937,
                "psgc_id": "PH0600402",
                "psgc_code": "0600402000",
                "psgc_name": "Balete",
                "psgc_status": "matched",
                "match_confidence": 1.0,
                "psgc_type": "municipality",
                "match_method": "exact"
            },
            "geometry": {
                "type": "Polygon",
                "coordinates": [
                    [
                        [
                            122.37403963400004,
                            11.617673764000074
                        ],
                        [
                            122.3837404200001,
                            11.594128563000027
                        ],
                        [
                            122.41228086900003,
                            11.580486781000047
                        ],
                        [
                            122.42022242700011,
                            11.550401728000054
                        ],
                        [
                            122.40755731400009,
                            11.539331301000061
                        ],
                        [
                            122.41034897600002,
                            11.52211605900004
                        ],
                        [
                            122.40091050300009,
                            11.511587510000027
                        ],
                        [
                            122.40745096500007,
                            11.48247447600005
                        ],
                        [
                            122.399397539,
                            11.474120096000036
                        ],
                        [
                            122.40012524700012,
                            11.45598420600004
                        ],
                        [
                            122.3708233530001,
                            11.427646246000052
                        ],
                        [
                            122.34073189900005,
                            11.45016815300005
                        ],
                        [
                            122.36399910400007,
                            11.48992879900004
                        ],
                        [
                            122.3659284800001,
                            11.50832028000002
                        ],
                        [
                            122.3502276480001,
                            11.508132837000062
                        ],
                        [
                            122.33184276300005,
                            11.537100825000039
                        ],
                        [
                            122.345427072,
                            11.56546465200006
                        ],
                        [
                            122.34186159600006,
                            11.587557724000021
                        ],
                        [
                            122.3553349020001,
                            11.611295162000033
                        ],
                        [
                            122.37403963400004,
                            11.617673764000074
                        ]
                    ]
                ]
            }
        },
        {
            "type": "Feature",
            "properties": {
                "ADM3_EN": "Banga",
                "ADM3_PCODE": "PH0600403",
                "ADM2_EN": "Aklan",
                "ADM2_PCODE": "PH06004",
                "ADM1_EN": "Region VI (Western Visayas)",
                "ADM1_PCODE": "PH06",
                "ADM0_EN": "Philippines (the)",
                "ADM0_PCODE": "PH",
                "date": "2022-11-09",
                "validOn": "2023-11-06",
                "validTo": null,
                "ADM3_REF": null,
                "ADM3ALT1EN": null,
                "Shape_Leng": 0.389224503167,
                "Shape_Area": 0.00534753789955,
                "AREA_SQKM": 64.5139326099,
                "psgc_id": "PH0600403",
                "psgc_code": "0600403000",
                "psgc_name": "Banga",
                "psgc_status": "matched",
                "match_confidence": 1.0,
                "psgc_type": "municipality",
                "match_method": "exact"
            },
            "geometry": {
                "type": "Polygon",
                "coordinates": [
                    [
                        [
                            122.3554299870001,
                            11.656122009000057
                        ],
                        [
                            122.37222395300012,
                            11.615956228000073
                        ],
                        [
                            122.35651251800005,
                            11.61275260800005
                        ],
                        [
                            122.34186159600006,
                            11.587557724000021
                        ],
                        [
                            122.34557044200005,
                            11.56637266000007
                        ],
                        [
                            122.33450066500006,
                            11.537313457000039
                        ],
                        [
                            122.31314410000005,
                            11.532739180000021
                        ],
                        [
                            122.29029185400009,
                            11.556460917000038
                        ],
                        [
                            122.31332476500006,
                            11.596162970000023
                        ],
                        [
                            122.30938616500009,
                            11.632913089000056
                        ],
                        [
                            122.33505461900006,
                            11.663993044000051
                        ],
                        [
                            122.3554299870001,
                            11.656122009000057
                        ]
                    ]
                ]
            }
        },
        {
            "type": "Feature",
            "properties": {
                "ADM3_EN": "Batan",
                "ADM3_PCODE": "PH0600404",
                "ADM2_EN": "Aklan",
                "ADM2_PCODE": "PH06004",
                "ADM1_EN": "Region VI (Western Visayas)",
                "ADM1_PCODE": "PH06",
                "ADM0_EN": "Philippines (the)",
                "ADM0_PCODE": "PH",
                "date": "2022-11-09",
                "validOn": "2023-11-06",
                "validTo": null,
                "ADM3_REF": null,
                "ADM3ALT1EN": null,
                "Shape_Leng": 1.0048367944,
                "Shape_Area": 0.00694854504346,
                "AREA_SQKM": 83.8374946327,
                "psgc_id": "PH0600404",
                "psgc_code": "0600404000",
                "psgc_name": "Batan",
                "psgc_status": "matched",
                "match_confidence": 1.0,
                "psgc_type": "municipality",
                "match_method": "exact"
            },
            "geometry": {
                "type": "MultiPolygon",
                "coordinates": [
                    [
                        [
                            [
                                122.39615524800001,
                                11.619834150000031
                            ],
                            [
                                122.4214689690001,
                                11.591114450000077
                            ],
                            [
                                122.43825665700001,
                                11.600771546000033
                            ],
                            [
                                122.439485321,
                                11.595748567000044
                            ],
                            [
                                122.44172632000004,
                                11.59399509900004
                            ],
                            [
                                122.44154499900003,
                                11.604585346000022
                            ],
                            [
                                122.44622226800004,
                                11.608933629000035
                            ],
                            [
                                122.46736289000012,
                                11.600254446000065
                            ],
                            [
                                122.46631661300012,
                                11.590745881000032
                            ],
                            [
                                122.48476735000008,
                                11.575087204000056
                            ],
                            [
                                122.48507137900003,
                                11.564481166000064
                            ],
                            [
                                122.47382997900002,
                                11.563877286000036
                            ],
                            [
                                122.4602341530001,
                                11.580256219000034
                            ],
                            [
                                122.44287042700012,
                                11.580277472000034
                            ],
                            [
                                122.44183043600003,
                                11.568200198000056
                            ],
                            [
                                122.45155496300004,
                                11.556290897000054
                            ],
                            [
                                122.42075641200006,
                                11.551219102000061
                            ],
                            [
                                122.41228086900003,
                                11.580486781000047
                            ],
                            [
                                122.3837404200001,
                                11.594128563000027
                            ],
                            [
                                122.37474798700009,
                                11.609632499000043
                            ],
                            [
                                122.3938880930001,
                                11.611481250000054
                            ],
                            [
                                122.39615524800001,
                                11.619834150000031
                            ]
                        ]
                    ],
                    [
                        [
                            [
                                122.43876854700011,
                                11.600865706000036
                            ],
                            [
                                122.4396714510001,
                                11.602459323000062
                            ],
                            [
                                122.43978478400004,
                                11.600017034000075
                            ],
                            [
                                122.43876854700011,
                                11.600865706000036
                            ]
                        ]
                    ],
                    [
                        [
                            [
                                122.42824793000011,
                                11.598536410000065
                            ],
                            [
                                122.43002054700003,
                                11.598947528000053
                            ],
                            [
                                122.42863773500005,
                                11.597615426000061
                            ],
                            [
                                122.42824793000011,
                                11.598536410000065
                            ]
                        ]
                    ],
                    [
                        [
                            [
                                122.43983445900005,
                                11.597432426000069
                            ],
                            [
                                122.4399941480001,
                                11.597462317000065
                            ],
                            [
                                122.4398721440001,
                                11.597367396000038
                            ],
                            [
                                122.43983445900005,
                                11.597432426000069
                            ]
                        ]
                    ],
                    [
                        [
                            [
                                122.43979859300009,
                                11.597165261000043
                            ],
                            [
                                122.43986317600002,
                                11.597319939000045
                            ],
                            [
                                122.4399026530001,
                                11.597277758000075
                            ],
                            [
                                122.43979859300009,
                                11.597165261000043
                            ]
                        ]
                    ],
                    [
                        [
                            [
                                122.56973320400004,
                                11.567376840000065
                            ],
                            [
                                122.57675165800003,
                                11.542484715000057
                            ],
                            [
                                122.55968268600009,
                                11.548532923000039
                            ],
                            [
                                122.55077428000004,
                                11.535207513000046
                            ],
                            [
                                122.53594172800001,
                                11.535662641000044
                            ],
                            [
                                122.5326996450001,
                                11.518185372000062
                            ],
                            [
                                122.52590124000005,
                                11.52627239900005
                            ],
                            [
                                122.50836490600011,
                                11.52443863600007
                            ],
                            [
                                122.48666588600008,
                                11.561904365000032
                            ],
                            [
                                122.49799048500006,
                                11.582745616000068
                            ],
                            [
                                122.4938726800001,
                                11.593317369000033
                            ],
                            [
                                122.56973320400004,
                                11.567376840000065
                            ]
                        ]
                    ]
                ]
            }
        },
        {
            "type": "Feature",
            "properties": {
                "ADM3_EN": "Buruanga",
                "ADM3_PCODE": "PH0600405",
                "ADM2_EN": "Aklan",
                "ADM2_PCODE": "PH06004",
                "ADM1_EN": "Region VI (Western Visayas)",
                "ADM1_PCODE": "PH06",
                "ADM0_EN": "Philippines (the)",
                "ADM0_PCODE": "PH",
                "date": "2022-11-09",
                "validOn": "2023-11-06",
                "validTo": null,
                "ADM3_REF": null,
                "ADM3ALT1EN": null,
                "Shape_Leng": 0.521333728488,
                "Shape_Area": 0.00573757906584,
                "AREA_SQKM": 69.1627396425,
                "psgc_id": "PH0600405",
                "psgc_code": "0600405000",
                "psgc_name": "Buruanga",
                "psgc_status": "matched",
                "match_confidence": 1.0,
                "psgc_type": "municipality",
                "match_method": "exact"
            },
            "geometry": {
                "type": "Polygon",
                "coordinates": [
                    [
                        [
                            122.0033233050001,
                            11.825534597000058
                        ],
                        [
                            121.93666550700004,
                            11.822630463000053
                        ],
                        [
                            121.90579927200008,
                            11.797169285000052
                        ],
                        [
                            121.89276889900009,
                            11.79982526300006
                        ],
                        [
                            121.87776924500008,
                            11.771529970000074
                        ],
                        [
                            121.84359594500006,
                            11.764169970000069
                        ],
                        [
                            121.87884621400008,
                            11.810309381000025
                        ],
                        [
                            121.88904363800009,
                            11.846826300000032
                        ],
                        [
                            121.87657434400012,
                            11.86577202500007
                        ],
                        [
                            121.88508357400008,
                            11.893971373000056
                        ],
                        [
                            121.90572223800007,
                            11.870509535000053
                        ],
                        [
                            121.9649449850001,
                            11.851536477000025
                        ],
                        [
                            122.0033233050001,
                            11.825534597000058
                        ]
                    ]
                ]
            }
        },
        {
            "type": "Feature",
            "properties": {
                "ADM3_EN": "Ibajay",
                "ADM3_PCODE": "PH0600406",
                "ADM2_EN": "Aklan",
                "ADM2_PCODE": "PH06004",
                "ADM1_EN": "Region VI (Western Visayas)",
                "ADM1_PCODE": "PH06",
                "ADM0_EN": "Philippines (the)",
                "ADM0_PCODE": "PH",
                "date": "2022-11-09",
                "validOn": "2023-11-06",
                "validTo": null,
                "ADM3_REF": null,
                "ADM3ALT1EN": null,
                "Shape_Leng": 0.68603046055,
                "Shape_Area": 0.0123248631042,
                "AREA_SQKM": 148.613970613,
                "psgc_id": "PH0600406",
                "psgc_code": "0600406000",
                "psgc_name": "Ibajay",
                "psgc_status": "matched",
                "match_confidence": 1.0,
                "psgc_type": "municipality",
                "match_method": "exact"
            },
            "geometry": {
                "type": "Polygon",
                "coordinates": [
                    [
                        [
                            122.22183007800004,
                            11.813700832000052
                        ],
                        [
                            122.20091473200011,
                            11.704206308000039
                        ],
                        [
                            122.21675952600003,
                            11.656659263000051
                        ],
                        [
                            122.21347301700007,
                            11.642529722000063
                        ],
                        [
                            122.18462983300003,
                            11.631692419000046
                        ],
                        [
                            122.148883049,
                            11.635746875000052
                        ],
                        [
                            122.14606124000011,
                            11.656123132000062
                        ],
                        [
                            122.17457459100001,
                            11.696275940000021
                        ],
                        [
                            122.16945530700002,
                            11.732364552000035
                        ],
                        [
                            122.15540608600008,
                            11.746783459000028
                        ],
                        [
                            122.15647591200002,
                            11.756762532000039
                        ],
                        [
                            122.1281677500001,
                            11.763640585000076
                        ],
                        [
                            122.10673924000002,
                            11.78149959500007
                        ],
                        [
                            122.09612487700008,
                            11.805848799000046
                        ],
                        [
                            122.09815831200001,
                            11.825020085000062
                        ],
                        [
                            122.16365833400005,
                            11.825971569000046
                        ],
                        [
                            122.19976831600002,
                            11.806358728000077
                        ],
                        [
                            122.22183007800004,
                            11.813700832000052
                        ]
                    ]
                ]
            }
        },
        {
            "type": "Feature",
            "properties": {
                "ADM3_EN": "Kalibo (Capital)",
                "ADM3_PCODE": "PH0600407",
                "ADM2_EN": "Aklan",
                "ADM2_PCODE": "PH06004",
                "ADM1_EN": "Region VI (Western Visayas)",
                "ADM1_PCODE": "PH06",
                "ADM0_EN": "Philippines (the)",
                "ADM0_PCODE": "PH",
                "date": "2022-11-09",
                "validOn": "2023-11-06",
                "validTo": null,
                "ADM3_REF": null,
                "ADM3ALT1EN": null,
                "Shape_Leng": 0.409874766665,
                "Shape_Area": 0.00333143417393,
                "AREA_SQKM": 40.1778378475,
                "psgc_id": "PH0600407",
                "psgc_code": "0600407000",
                "psgc_name": "Kalibo",
                "psgc_status": "matched",
                "match_confidence": 1.0,
                "psgc_type": "municipality",
                "match_method": "exact"
            },
            "geometry": {
                "type": "Polygon",
                "coordinates": [
                    [
                        [
                            122.4104835390001,
                            11.677755790000049
                        ],
                        [
                            122.40101783900002,
                            11.663372460000062
                        ],
                        [
                            122.39098633600008,
                            11.670625335000068
                        ],
                        [
                            122.38367876300003,
                            11.66012343500006
                        ],
                        [
                            122.37429268900007,
                            11.673929059000045
                        ],
                        [
                            122.3554299870001,
                            11.656122009000057
                        ],
                        [
                            122.339941124,
                            11.665985981000063
                        ],
                        [
                            122.34550486,
                            11.70138752500003
                        ],
                        [
                            122.36260032500002,
                            11.715905345000067
                        ],
                        [
                            122.36771741500002,
                            11.739434368000047
                        ],
                        [
                            122.39189102900002,
                            11.72874696100007
                        ],
                        [
                            122.39678003900008,
                            11.718854626000052
                        ],
                        [
                            122.39712126100005,
                            11.710076566000055
                        ],
                        [
                            122.39424381700007,
                            11.72364329100003
                        ],
                        [
                            122.38530746700008,
                            11.729066781000029
                        ],
                        [
                            122.39343412900007,
                            11.718438356000036
                        ],
                        [
                            122.39119714500009,
                            11.707436947000076
                        ],
                        [
                            122.4104835390001,
                            11.677755790000049
                        ]
                    ]
                ]
            }
        },
        {
            "type": "Feature",
            "properties": {
                "ADM3_EN": "Lezo",
                "ADM3_PCODE": "PH0600408",
                "ADM2_EN": "Aklan",
                "ADM2_PCODE": "PH06004",
                "ADM1_EN": "Region VI (Western Visayas)",
                "ADM1_PCODE": "PH06",
                "ADM0_EN": "Philippines (the)",
                "ADM0_PCODE": "PH",
                "date": "2022-11-09",
                "validOn": "2023-11-06",
                "validTo": null,
                "ADM3_REF": null,
                "ADM3ALT1EN": null,
                "Shape_Leng": 0.169750344207,
                "Shape_Area": 0.00164384276334,
                "AREA_SQKM": 19.8262347593,
                "psgc_id": "PH0600408",
                "psgc_code": "0600408000",
                "psgc_name": "Lezo",
                "psgc_status": "matched",
                "match_confidence": 1.0,
                "psgc_type": "municipality",
                "match_method": "exact"
            },
            "geometry": {
                "type": "Polygon",
                "coordinates": [
                    [
                        [
                            122.3426680770001,
                            11.686016331000076
                        ],
                        [
                            122.34117374200002,
                            11.66746968600006
                        ],
                        [
                            122.32934412100008,
                            11.655818811000074
                        ],
                        [
                            122.28436853800008,
                            11.67348172800007
                        ],
                        [
                            122.31240439200008,
                            11.703812147000065
                        ],
                        [
                            122.3426680770001,
                            11.686016331000076
                        ]
                    ]
                ]
            }
        },
        {
            "type": "Feature",
            "properties": {
                "ADM3_EN": "Libacao",
                "ADM3_PCODE": "PH0600409",
                "ADM2_EN": "Aklan",
                "ADM2_PCODE": "PH06004",
                "ADM1_EN": "Region VI (Western Visayas)",
                "ADM1_PCODE": "PH06",
                "ADM0_EN": "Philippines (the)",
                "ADM0_PCODE": "PH",
                "date": "2022-11-09",
                "validOn": "2023-11-06",
                "validTo": null,
                "ADM3_REF": null,
                "ADM3ALT1EN": null,
                "Shape_Leng": 0.638605876987,
                "Shape_Area": 0.0147120904233,
                "AREA_SQKM": 177.602534052,
                "psgc_id": "PH0600409",
                "psgc_code": "0600409000",
                "psgc_name": "Libacao",
                "psgc_status": "matched",
                "match_confidence": 1.0,
                "psgc_type": "municipality",
                "match_method": "exact"
            },
            "geometry": {
                "type": "Polygon",
                "coordinates": [
                    [
                        [
                            122.34951486000011,
                            11.439508286000034
                        ],
                        [
                            122.33654564100004,
                            11.391278405000037
                        ],
                        [
                            122.29807632200004,
                            11.34834911400003
                        ],
                        [
                            122.2468685550001,
                            11.31767639900005
                        ],
                        [
                            122.198838625,
                            11.312916448000067
                        ],
                        [
                            122.249545957,
                            11.37329869000007
                        ],
                        [
                            122.25966752000011,
                            11.401863236000054
                        ],
                        [
                            122.2583418270001,
                            11.454184689000044
                        ],
                        [
                            122.27223695400005,
                            11.481386359000055
                        ],
                        [
                            122.29448383200008,
                            11.503049124000029
                        ],
                        [
                            122.32101163800007,
                            11.498451661000047
                        ],
                        [
                            122.3305855540001,
                            11.511804120000022
                        ],
                        [
                            122.34450612900002,
                            11.515651492000075
                        ],
                        [
                            122.3502276480001,
                            11.508132837000062
                        ],
                        [
                            122.3659284800001,
                            11.50832028000002
                        ],
                        [
                            122.36399910400007,
                            11.48992879900004
                        ],
                        [
                            122.34090034000008,
                            11.451226920000067
                        ],
                        [
                            122.34951486000011,
                            11.439508286000034
                        ]
                    ]
                ]
            }
        },
        {
            "type": "Feature",
            "properties": {
                "ADM3_EN": "Madalag",
                "ADM3_PCODE": "PH0600410",
                "ADM2_EN": "Aklan",
                "ADM2_PCODE": "PH06004",
                "ADM1_EN": "Region VI (Western Visayas)",
                "ADM1_PCODE": "PH06",
                "ADM0_EN": "Philippines (the)",
                "ADM0_PCODE": "PH",
                "date": "2022-11-09",
                "validOn": "2023-11-06",
                "validTo": null,
                "ADM3_REF": null,
                "ADM3ALT1EN": null,
                "Shape_Leng": 0.827301188655,
                "Shape_Area": 0.0241624528565,
                "AREA_SQKM": 291.635988267,
                "psgc_id": "PH0600410",
                "psgc_code": "0600410000",
                "psgc_name": "Madalag",
                "psgc_status": "matched",
                "match_confidence": 1.0,
                "psgc_type": "municipality",
                "match_method": "exact"
            },
            "geometry": {
                "type": "Polygon",
                "coordinates": [
                    [
                        [
                            122.2932625520001,
                            11.569116578000035
                        ],
                        [
                            122.2915136580001,
                            11.55198477600004
                        ],
                        [
                            122.31314410000005,
                            11.532739180000021
                        ],
                        [
                            122.33184276300005,
                            11.537100825000039
                        ],
                        [
                            122.34450612900002,
                            11.515651492000075
                        ],
                        [
                            122.3305855540001,
                            11.511804120000022
                        ],
                        [
                            122.32101163800007,
                            11.498451661000047
                        ],
                        [
                            122.29448383200008,
                            11.503049124000029
                        ],
                        [
                            122.27223695400005,
                            11.481386359000055
                        ],
                        [
                            122.25695206900002,
                            11.445759285000065
                        ],
                        [
                            122.25718807700002,
                            11.389024475000042
                        ],
                        [
                            122.23772614600011,
                            11.354448129000048
                        ],
                        [
                            122.198838625,
                            11.312916448000067
                        ],
                        [
                            122.18254389100002,
                            11.341997935000052
                        ],
                        [
                            122.19142115000011,
                            11.382270831000028
                        ],
                        [
                            122.186201793,
                            11.394775539000022
                        ],
                        [
                            122.16696420200003,
                            11.402434884000058
                        ],
                        [
                            122.16159341800005,
                            11.445353982000029
                        ],
                        [
                            122.13469255600012,
                            11.468518533000065
                        ],
                        [
                            122.135959737,
                            11.505061038000065
                        ],
                        [
                            122.15406662400005,
                            11.534144826000045
                        ],
                        [
                            122.2932625520001,
                            11.569116578000035
                        ]
                    ]
                ]
            }
        },
        {
            "type": "Feature",
            "properties": {
                "ADM3_EN": "Makato",
                "ADM3_PCODE": "PH0600411",
                "ADM2_EN": "Aklan",
                "ADM2_PCODE": "PH06004",
                "ADM1_EN": "Region VI (Western Visayas)",
                "ADM1_PCODE": "PH06",
                "ADM0_EN": "Philippines (the)",
                "ADM0_PCODE": "PH",
                "date": "2022-11-09",
                "validOn": "2023-11-06",
                "validTo": null,
                "ADM3_REF": null,
                "ADM3ALT1EN": null,
                "Shape_Leng": 0.378811662355,
                "Shape_Area": 0.00499911287434,
                "AREA_SQKM": 60.2870844891,
                "psgc_id": "PH0600411",
                "psgc_code": "0600411000",
                "psgc_name": "Makato",
                "psgc_status": "matched",
                "match_confidence": 1.0,
                "psgc_type": "municipality",
                "match_method": "exact"
            },
            "geometry": {
                "type": "Polygon",
                "coordinates": [
                    [
                        [
                            122.32051397500004,
                            11.739370015000077
                        ],
                        [
                            122.31961642600004,
                            11.730633281000053
                        ],
                        [
                            122.30852426700005,
                            11.735048016000064
                        ],
                        [
                            122.30371856700003,
                            11.728162840000039
                        ],
                        [
                            122.31322837800008,
                            11.71708779200003
                        ],
                        [
                            122.31207258800009,
                            11.702775898000027
                        ],
                        [
                            122.28436853800008,
                            11.67348172800007
                        ],
                        [
                            122.21256441800006,
                            11.668958631000066
                        ],
                        [
                            122.23384302200009,
                            11.68047011300007
                        ],
                        [
                            122.2456432780001,
                            11.72561438200006
                        ],
                        [
                            122.27358556400009,
                            11.744491382000035
                        ],
                        [
                            122.27969194900004,
                            11.758045664000065
                        ],
                        [
                            122.32051397500004,
                            11.739370015000077
                        ]
                    ]
                ]
            }
        },
        {
            "type": "Feature",
            "properties": {
                "ADM3_EN": "Malay",
                "ADM3_PCODE": "PH0600412",
                "ADM2_EN": "Aklan",
                "ADM2_PCODE": "PH06004",
                "ADM1_EN": "Region VI (Western Visayas)",
                "ADM1_PCODE": "PH06",
                "ADM0_EN": "Philippines (the)",
                "ADM0_PCODE": "PH",
                "date": "2022-11-09",
                "validOn": "2023-11-06",
                "validTo": null,
                "ADM3_REF": null,
                "ADM3ALT1EN": null,
                "Shape_Leng": 0.683328397828,
                "Shape_Area": 0.00599034076732,
                "AREA_SQKM": 72.1935741954,
                "psgc_id": "PH0600412",
                "psgc_code": "0600412000",
                "psgc_name": "Malay",
                "psgc_status": "matched",
                "match_confidence": 1.0,
                "psgc_type": "municipality",
                "match_method": "exact"
            },
            "geometry": {
                "type": "MultiPolygon",
                "coordinates": [
                    [
                        [
                            [
                                121.9063006990001,
                                11.99096908000007
                            ],
                            [
                                121.92822209200006,
                                11.998221585000067
                            ],
                            [
                                121.92455626500009,
                                11.990769562000025
                            ],
                            [
                                121.9272077070001,
                                11.970022767000046
                            ],
                            [
                                121.93472403400006,
                                11.955470123000055
                            ],
                            [
                                121.9476402030001,
                                11.954627174000052
                            ],
                            [
                                121.94294404100003,
                                11.940174617000025
                            ],
                            [
                                121.93869316500002,
                                11.940588568000067
                            ],
                            [
                                121.9330216410001,
                                11.939494207000052
                            ],
                            [
                                121.92416211900002,
                                11.961779904000025
                            ],
                            [
                                121.91421040700004,
                                11.974341845000026
                            ],
                            [
                                121.909691769,
                                11.977187454000045
                            ],
                            [
                                121.90675574800002,
                                11.982416924000063
                            ],
                            [
                                121.9063006990001,
                                11.99096908000007
                            ]
                        ]
                    ],
                    [
                        [
                            [
                                121.928095718,
                                11.997224158000051
                            ],
                            [
                                121.92851221500007,
                                11.99726744700007
                            ],
                            [
                                121.9283407470001,
                                11.997028613000055
                            ],
                            [
                                121.928095718,
                                11.997224158000051
                            ]
                        ]
                    ],
                    [
                        [
                            [
                                121.92771712800004,
                                11.995803549000073
                            ],
                            [
                                121.9282416530001,
                                11.995491345000062
                            ],
                            [
                                121.92772542700004,
                                11.995507222000072
                            ],
                            [
                                121.92771712800004,
                                11.995803549000073
                            ]
                        ]
                    ],
                    [
                        [
                            [
                                121.92732299300008,
                                11.995495022000057
                            ],
                            [
                                121.92747154900007,
                                11.995422499000028
                            ],
                            [
                                121.92728746800003,
                                11.995328261000054
                            ],
                            [
                                121.92732299300008,
                                11.995495022000057
                            ]
                        ]
                    ],
                    [
                        [
                            [
                                121.93041784800005,
                                11.97496362000004
                            ],
                            [
                                121.93033892100004,
                                11.974951202000057
                            ],
                            [
                                121.93037549000007,
                                11.975032730000066
                            ],
                            [
                                121.93041784800005,
                                11.97496362000004
                            ]
                        ]
                    ],
                    [
                        [
                            [
                                121.91861566900002,
                                11.967977559000076
                            ],
                            [
                                121.91865599400012,
                                11.968264799000053
                            ],
                            [
                                121.91876041700004,
                                11.968245242000023
                            ],
                            [
                                121.91861566900002,
                                11.967977559000076
                            ]
                        ]
                    ],
                    [
                        [
                            [
                                121.93656443500004,
                                11.956085484000027
                            ],
                            [
                                121.93689374400003,
                                11.956045437000057
                            ],
                            [
                                121.93661652600008,
                                11.95585978500003
                            ],
                            [
                                121.93656443500004,
                                11.956085484000027
                            ]
                        ]
                    ],
                    [
                        [
                            [
                                121.95118318700008,
                                11.949468977000038
                            ],
                            [
                                121.95136252600003,
                                11.950376634000065
                            ],
                            [
                                121.951893906,
                                11.949605771000051
                            ],
                            [
                                121.95118318700008,
                                11.949468977000038
                            ]
                        ]
                    ],
                    [
                        [
                            [
                                121.94884637300004,
                                11.948922679000077
                            ],
                            [
                                121.94912350100003,
                                11.949298640000052
                            ],
                            [
                                121.9492670950001,
                                11.948822858000028
                            ],
                            [
                                121.94884637300004,
                                11.948922679000077
                            ]
                        ]
                    ],
                    [
                        [
                            [
                                121.95795789300007,
                                11.945525370000041
                            ],
                            [
                                121.95776617000001,
                                11.944638764000047
                            ],
                            [
                                121.95704491200001,
                                11.94614265100006
                            ],
                            [
                                121.95795789300007,
                                11.945525370000041
                            ]
                        ]
                    ],
                    [
                        [
                            [
                                121.93429239600005,
                                11.93951336300006
                            ],
                            [
                                121.9341352570001,
                                11.939564024000049
                            ],
                            [
                                121.93419113200002,
                                11.939704414000062
                            ],
                            [
                                121.93429239600005,
                                11.93951336300006
                            ]
                        ]
                    ],
                    [
                        [
                            [
                                121.93328921800003,
                                11.939409242000067
                            ],
                            [
                                121.9331490720001,
                                11.939471679000064
                            ],
                            [
                                121.93330963500011,
                                11.939446635000024
                            ],
                            [
                                121.93328921800003,
                                11.939409242000067
                            ]
                        ]
                    ],
                    [
                        [
                            [
                                121.93434836000006,
                                11.939183827000022
                            ],
                            [
                                121.93440917200007,
                                11.939144100000021
                            ],
                            [
                                121.93433819800009,
                                11.939156552000043
                            ],
                            [
                                121.93434836000006,
                                11.939183827000022
                            ]
                        ]
                    ],
                    [
                        [
                            [
                                121.95449567000003,
                                11.938678689000028
                            ],
                            [
                                121.97650697800009,
                                11.902619034000054
                            ],
                            [
                                121.98466399300003,
                                11.870422353000038
                            ],
                            [
                                122.010665904,
                                11.822885206000024
                            ],
                            [
                                121.9649449850001,
                                11.851536477000025
                            ],
                            [
                                121.90572223800007,
                                11.870509535000053
                            ],
                            [
                                121.88406006000002,
                                11.895993091000037
                            ],
                            [
                                121.94729195500008,
                                11.917372750000027
                            ],
                            [
                                121.95449567000003,
                                11.938678689000028
                            ]
                        ]
                    ]
                ]
            }
        },
        {
            "type": "Feature",
            "properties": {
                "ADM3_EN": "Malinao",
                "ADM3_PCODE": "PH0600413",
                "ADM2_EN": "Aklan",
                "ADM2_PCODE": "PH06004",
                "ADM1_EN": "Region VI (Western Visayas)",
                "ADM1_PCODE": "PH06",
                "ADM0_EN": "Philippines (the)",
                "ADM0_PCODE": "PH",
                "date": "2022-11-09",
                "validOn": "2023-11-06",
                "validTo": null,
                "ADM3_REF": null,
                "ADM3ALT1EN": null,
                "Shape_Leng": 0.61486283142,
                "Shape_Area": 0.017360211612,
                "AREA_SQKM": 209.433372556,
                "psgc_id": "PH0600413",
                "psgc_code": "0600413000",
                "psgc_name": "Malinao",
                "psgc_status": "matched",
                "match_confidence": 1.0,
                "psgc_type": "municipality",
                "match_method": "exact"
            },
            "geometry": {
                "type": "Polygon",
                "coordinates": [
                    [
                        [
                            122.28436853800008,
                            11.67348172800007
                        ],
                        [
                            122.32534431400006,
                            11.65551687900006
                        ],
                        [
                            122.30938616500009,
                            11.632913089000056
                        ],
                        [
                            122.31409411100003,
                            11.600229514000034
                        ],
                        [
                            122.30386851000003,
                            11.575961971000027
                        ],
                        [
                            122.26596663100008,
                            11.558278255000062
                        ],
                        [
                            122.15406662400005,
                            11.534144826000045
                        ],
                        [
                            122.13948399700007,
                            11.557853427000055
                        ],
                        [
                            122.14911687500012,
                            11.595908877000056
                        ],
                        [
                            122.14231530000006,
                            11.618848266000043
                        ],
                        [
                            122.1431978710001,
                            11.64543599600006
                        ],
                        [
                            122.15435656500006,
                            11.634327816000052
                        ],
                        [
                            122.19767166600002,
                            11.633516924000048
                        ],
                        [
                            122.21347301700007,
                            11.642529722000063
                        ],
                        [
                            122.21256441800006,
                            11.668958631000066
                        ],
                        [
                            122.28436853800008,
                            11.67348172800007
                        ]
                    ]
                ]
            }
        },
        {
            "type": "Feature",
            "properties": {
                "ADM3_EN": "Nabas",
                "ADM3_PCODE": "PH0600414",
                "ADM2_EN": "Aklan",
                "ADM2_PCODE": "PH06004",
                "ADM1_EN": "Region VI (Western Visayas)",
                "ADM1_PCODE": "PH06",
                "ADM0_EN": "Philippines (the)",
                "ADM0_PCODE": "PH",
                "date": "2022-11-09",
                "validOn": "2023-11-06",
                "validTo": null,
                "ADM3_REF": null,
                "ADM3ALT1EN": null,
                "Shape_Leng": 0.551878962084,
                "Shape_Area": 0.00722245734103,
                "AREA_SQKM": 87.0580592089,
                "psgc_id": "PH0600414",
                "psgc_code": "0600414000",
                "psgc_name": "Nabas",
                "psgc_status": "matched",
                "match_confidence": 1.0,
                "psgc_type": "municipality",
                "match_method": "exact"
            },
            "geometry": {
                "type": "MultiPolygon",
                "coordinates": [
                    [
                        [
                            [
                                121.95853429700003,
                                11.944178329000067
                            ],
                            [
                                121.95867776700004,
                                11.945299585000043
                            ],
                            [
                                121.9595169700001,
                                11.943180701000074
                            ],
                            [
                                121.95853429700003,
                                11.944178329000067
                            ]
                        ]
                    ],
                    [
                        [
                            [
                                121.96177070500005,
                                11.942994903000056
                            ],
                            [
                                121.9612301410001,
                                11.943712344000062
                            ],
                            [
                                121.96178741400001,
                                11.943877677000046
                            ],
                            [
                                121.96177070500005,
                                11.942994903000056
                            ]
                        ]
                    ],
                    [
                        [
                            [
                                121.96172085400008,
                                11.942859250000026
                            ],
                            [
                                121.9616581140001,
                                11.942925327000069
                            ],
                            [
                                121.96173532500006,
                                11.94288285600004
                            ],
                            [
                                121.96172085400008,
                                11.942859250000026
                            ]
                        ]
                    ],
                    [
                        [
                            [
                                121.95678606900003,
                                11.942114838000066
                            ],
                            [
                                121.95742843800008,
                                11.94179960100007
                            ],
                            [
                                121.95709251900007,
                                11.94156025600006
                            ],
                            [
                                121.95678606900003,
                                11.942114838000066
                            ]
                        ]
                    ],
                    [
                        [
                            [
                                121.9596315440001,
                                11.93946836300006
                            ],
                            [
                                121.95991804700009,
                                11.939281576000042
                            ],
                            [
                                121.95977245100005,
                                11.939169440000057
                            ],
                            [
                                121.9596315440001,
                                11.93946836300006
                            ]
                        ]
                    ],
                    [
                        [
                            [
                                121.96205775500005,
                                11.938882239000066
                            ],
                            [
                                121.9612093930001,
                                11.938905453000075
                            ],
                            [
                                121.96134070100004,
                                11.939529737000043
                            ],
                            [
                                121.96205775500005,
                                11.938882239000066
                            ]
                        ]
                    ],
                    [
                        [
                            [
                                122.10169358200005,
                                11.829836091000061
                            ],
                            [
                                122.09612487700008,
                                11.805848799000046
                            ],
                            [
                                122.10901278300003,
                                11.779049931000031
                            ],
                            [
                                122.0923394880001,
                                11.776767171000074
                            ],
                            [
                                122.01176350800006,
                                11.821295572000054
                            ],
                            [
                                121.95449567000003,
                                11.938678689000028
                            ],
                            [
                                121.9835184860001,
                                11.914176540000028
                            ],
                            [
                                121.99938639400011,
                                11.912869194000052
                            ],
                            [
                                122.05128086700006,
                                11.855122753000046
                            ],
                            [
                                122.10169358200005,
                                11.829836091000061
                            ]
                        ]
                    ]
                ]
            }
        },
        {
            "type": "Feature",
            "properties": {
                "ADM3_EN": "New Washington",
                "ADM3_PCODE": "PH0600415",
                "ADM2_EN": "Aklan",
                "ADM2_PCODE": "PH06004",
                "ADM1_EN": "Region VI (Western Visayas)",
                "ADM1_PCODE": "PH06",
                "ADM0_EN": "Philippines (the)",
                "ADM0_PCODE": "PH",
                "date": "2022-11-09",
                "validOn": "2023-11-06",
                "validTo": null,
                "ADM3_REF": null,
                "ADM3ALT1EN": null,
                "Shape_Leng": 1.33000351835,
                "Shape_Area": 0.00457238568829,
                "AREA_SQKM": 55.1554164916,
                "psgc_id": "PH0600415",
                "psgc_code": "0600415000",
                "psgc_name": "New Washington",
                "psgc_status": "matched",
                "match_confidence": 1.0,
                "psgc_type": "municipality",
                "match_method": "exact"
            },
            "geometry": {
                "type": "MultiPolygon",
                "coordinates": [
                    [
                        [
                            [
                                122.41959187900011,
                                11.600793140000064
                            ],
                            [
                                122.3970232590001,
                                11.619572236000067
                            ],
                            [
                                122.3938880930001,
                                11.611481250000054
                            ],
                            [
                                122.37154647200009,
                                11.616505202000042
                            ],
                            [
                                122.35260467800003,
                                11.650326501000052
                            ],
                            [
                                122.35930740800006,
                                11.663778439000055
                            ],
                            [
                                122.37317686100005,
                                11.673972817000049
                            ],
                            [
                                122.38150180600007,
                                11.660659469000052
                            ],
                            [
                                122.39098633600008,
                                11.670625335000068
                            ],
                            [
                                122.40101783900002,
                                11.663372460000062
                            ],
                            [
                                122.4104835390001,
                                11.677755790000049
                            ],
                            [
                                122.49440155000002,
                                11.604596126000047
                            ],
                            [
                                122.48821684600011,
                                11.592964961000064
                            ],
                            [
                                122.48372557900007,
                                11.59648607400004
                            ],
                            [
                                122.48291011700007,
                                11.595275075000075
                            ],
                            [
                                122.48169583200001,
                                11.594877937000035
                            ],
                            [
                                122.48087165100003,
                                11.595325588000037
                            ],
                            [
                                122.47398021600009,
                                11.609907815000042
                            ],
                            [
                                122.44413810700007,
                                11.626844518000041
                            ],
                            [
                                122.43019207900011,
                                11.651891009000053
                            ],
                            [
                                122.41018923800004,
                                11.658399514000052
                            ],
                            [
                                122.40223677100005,
                                11.653072885000029
                            ],
                            [
                                122.40896703700002,
                                11.646399650000035
                            ],
                            [
                                122.39861638600007,
                                11.645491374000073
                            ],
                            [
                                122.3971948190001,
                                11.635908670000049
                            ],
                            [
                                122.40343657000005,
                                11.629910254000038
                            ],
                            [
                                122.41264511500003,
                                11.635540671000058
                            ],
                            [
                                122.41074434600012,
                                11.617560112000035
                            ],
                            [
                                122.4248148580001,
                                11.618463911000049
                            ],
                            [
                                122.4220176560001,
                                11.611867607000022
                            ],
                            [
                                122.4303705640001,
                                11.611695295000061
                            ],
                            [
                                122.42921116700006,
                                11.603020486000048
                            ],
                            [
                                122.41959187900011,
                                11.600793140000064
                            ]
                        ]
                    ],
                    [
                        [
                            [
                                122.41809194500001,
                                11.651091002000044
                            ],
                            [
                                122.41071044900002,
                                11.652887200000066
                            ],
                            [
                                122.41506125100011,
                                11.654793117000054
                            ],
                            [
                                122.41809194500001,
                                11.651091002000044
                            ]
                        ]
                    ],
                    [
                        [
                            [
                                122.42432321000001,
                                11.653186582000046
                            ],
                            [
                                122.42248658200003,
                                11.65124482300007
                            ],
                            [
                                122.42262894900011,
                                11.651769812000055
                            ],
                            [
                                122.42432321000001,
                                11.653186582000046
                            ]
                        ]
                    ],
                    [
                        [
                            [
                                122.45845579500008,
                                11.608081214000038
                            ],
                            [
                                122.4392425420001,
                                11.619477177000022
                            ],
                            [
                                122.41882667300001,
                                11.647056860000077
                            ],
                            [
                                122.42835018700009,
                                11.650400593000029
                            ],
                            [
                                122.43176788100004,
                                11.636374685000021
                            ],
                            [
                                122.45845579500008,
                                11.608081214000038
                            ]
                        ]
                    ],
                    [
                        [
                            [
                                122.40961854600005,
                                11.649914439000042
                            ],
                            [
                                122.40959031300008,
                                11.649520012000039
                            ],
                            [
                                122.40953386100011,
                                11.649975262000055
                            ],
                            [
                                122.40961854600005,
                                11.649914439000042
                            ]
                        ]
                    ],
                    [
                        [
                            [
                                122.40933814300001,
                                11.649691705000066
                            ],
                            [
                                122.40932496900007,
                                11.649640097000031
                            ],
                            [
                                122.40889966400005,
                                11.64958111900006
                            ],
                            [
                                122.40933814300001,
                                11.649691705000066
                            ]
                        ]
                    ],
                    [
                        [
                            [
                                122.40958654700012,
                                11.649149826000041
                            ],
                            [
                                122.40972016100011,
                                11.649101904000077
                            ],
                            [
                                122.40970510500006,
                                11.649070571000038
                            ],
                            [
                                122.40958654700012,
                                11.649149826000041
                            ]
                        ]
                    ],
                    [
                        [
                            [
                                122.40949809500012,
                                11.64869429600003
                            ],
                            [
                                122.4088018010001,
                                11.648775397000065
                            ],
                            [
                                122.40965429200003,
                                11.648808569000039
                            ],
                            [
                                122.40949809500012,
                                11.64869429600003
                            ]
                        ]
                    ],
                    [
                        [
                            [
                                122.41003736100004,
                                11.64720963600007
                            ],
                            [
                                122.4097341910001,
                                11.647335550000037
                            ],
                            [
                                122.41019854600006,
                                11.647540391000064
                            ],
                            [
                                122.41003736100004,
                                11.64720963600007
                            ]
                        ]
                    ],
                    [
                        [
                            [
                                122.40925295400007,
                                11.647221787000035
                            ],
                            [
                                122.40915063200009,
                                11.64752244400006
                            ],
                            [
                                122.40969574500002,
                                11.647318358000064
                            ],
                            [
                                122.40925295400007,
                                11.647221787000035
                            ]
                        ]
                    ],
                    [
                        [
                            [
                                122.41273882400003,
                                11.637981824000065
                            ],
                            [
                                122.3980462610001,
                                11.636301974000048
                            ],
                            [
                                122.4047200550001,
                                11.645359661000043
                            ],
                            [
                                122.41273882400003,
                                11.637981824000065
                            ]
                        ]
                    ],
                    [
                        [
                            [
                                122.42233980600008,
                                11.624776094000026
                            ],
                            [
                                122.42912265500001,
                                11.633052651000071
                            ],
                            [
                                122.42952506900008,
                                11.628029567000056
                            ],
                            [
                                122.42233980600008,
                                11.624776094000026
                            ]
                        ]
                    ],
                    [
                        [
                            [
                                122.41677258400011,
                                11.618696407000073
                            ],
                            [
                                122.41188057200009,
                                11.626413385000035
                            ],
                            [
                                122.41697064700008,
                                11.630546490000029
                            ],
                            [
                                122.42225586300003,
                                11.621794031000036
                            ],
                            [
                                122.41677258400011,
                                11.618696407000073
                            ]
                        ]
                    ],
                    [
                        [
                            [
                                122.42489609600011,
                                11.612246742000025
                            ],
                            [
                                122.42856157100005,
                                11.620229768000058
                            ],
                            [
                                122.42237258800003,
                                11.621614855000075
                            ],
                            [
                                122.43141278900009,
                                11.62534383600007
                            ],
                            [
                                122.43706820200009,
                                11.617418632000067
                            ],
                            [
                                122.42489609600011,
                                11.612246742000025
                            ]
                        ]
                    ],
                    [
                        [
                            [
                                122.44448580200003,
                                11.614889103000053
                            ],
                            [
                                122.43472115000009,
                                11.603624683000021
                            ],
                            [
                                122.42997675800007,
                                11.604785048000053
                            ],
                            [
                                122.43126800300001,
                                11.614618963000055
                            ],
                            [
                                122.44448580200003,
                                11.614889103000053
                            ]
                        ]
                    ]
                ]
            }
        },
        {
            "type": "Feature",
            "properties": {
                "ADM3_EN": "Numancia",
                "ADM3_PCODE": "PH0600416",
                "ADM2_EN": "Aklan",
                "ADM2_PCODE": "PH06004",
                "ADM1_EN": "Region VI (Western Visayas)",
                "ADM1_PCODE": "PH06",
                "ADM0_EN": "Philippines (the)",
                "ADM0_PCODE": "PH",
                "date": "2022-11-09",
                "validOn": "2023-11-06",
                "validTo": null,
                "ADM3_REF": null,
                "ADM3ALT1EN": null,
                "Shape_Leng": 0.246503972165,
                "Shape_Area": 0.00200359478029,
                "AREA_SQKM": 24.1617824224,
                "psgc_id": "PH0600416",
                "psgc_code": "0600416000",
                "psgc_name": "Numancia",
                "psgc_status": "matched",
                "match_confidence": 1.0,
                "psgc_type": "municipality",
                "match_method": "exact"
            },
            "geometry": {
                "type": "Polygon",
                "coordinates": [
                    [
                        [
                            122.36468202800006,
                            11.73362273400005
                        ],
                        [
                            122.36260032500002,
                            11.715905345000067
                        ],
                        [
                            122.34600926700011,
                            11.702368824000075
                        ],
                        [
                            122.3426680770001,
                            11.686016331000076
                        ],
                        [
                            122.31607568000004,
                            11.698224353000057
                        ],
                        [
                            122.303669162,
                            11.726927730000057
                        ],
                        [
                            122.30852426700005,
                            11.735048016000064
                        ],
                        [
                            122.31961642600004,
                            11.730633281000053
                        ],
                        [
                            122.32051397500004,
                            11.739370015000077
                        ],
                        [
                            122.36468202800006,
                            11.73362273400005
                        ]
                    ]
                ]
            }
        },
        {
            "type": "Feature",
            "properties": {
                "ADM3_EN": "Tangalan",
                "ADM3_PCODE": "PH0600417",
                "ADM2_EN": "Aklan",
                "ADM2_PCODE": "PH06004",
                "ADM1_EN": "Region VI (Western Visayas)",
                "ADM1_PCODE": "PH06",
                "ADM0_EN": "Philippines (the)",
                "ADM0_PCODE": "PH",
                "date": "2022-11-09",
                "validOn": "2023-11-06",
                "validTo": null,
                "ADM3_REF": null,
                "ADM3ALT1EN": null,
                "Shape_Leng": 0.398450494293,
                "Shape_Area": 0.00563566194397,
                "AREA_SQKM": 67.9559744926,
                "psgc_id": "PH0600417",
                "psgc_code": "0600417000",
                "psgc_name": "Tangalan",
                "psgc_status": "matched",
                "match_confidence": 1.0,
                "psgc_type": "municipality",
                "match_method": "exact"
            },
            "geometry": {
                "type": "Polygon",
                "coordinates": [
                    [
                        [
                            122.28515461800009,
                            11.760082422000039
                        ],
                        [
                            122.27358556400009,
                            11.744491382000035
                        ],
                        [
                            122.25052918400002,
                            11.733831588000044
                        ],
                        [
                            122.23825889700004,
                            11.687248913000076
                        ],
                        [
                            122.21256441800006,
                            11.668958631000066
                        ],
                        [
                            122.20091473200011,
                            11.704206308000039
                        ],
                        [
                            122.22183007800004,
                            11.813700832000052
                        ],
                        [
                            122.2269929470001,
                            11.793500696000024
                        ],
                        [
                            122.24505779100002,
                            11.78584298100003
                        ],
                        [
                            122.25666847500008,
                            11.794151290000059
                        ],
                        [
                            122.28515461800009,
                            11.760082422000039
                        ]
                    ]
                ]
            }
        },
        {
            "type": "Feature",
            "properties": {
                "ADM3_EN": "Anini-y",
                "ADM3_PCODE": "PH0600601",
                "ADM2_EN": "Antique",
                "ADM2_PCODE": "PH06006",
                "ADM1_EN": "Region VI (Western Visayas)",
                "ADM1_PCODE": "PH06",
                "ADM0_EN": "Philippines (the)",
                "ADM0_PCODE": "PH",
                "date": "2022-11-09",
                "validOn": "2023-11-06",
                "validTo": null,
                "ADM3_REF": null,
                "ADM3ALT1EN": null,
                "Shape_Leng": 0.387714511562,
                "Shape_Area": 0.00419167981164,
                "AREA_SQKM": 50.7627736513,
                "psgc_id": "PH0600601",
                "psgc_code": "0600601000",
                "psgc_name": "Anini-Y",
                "psgc_status": "matched",
                "match_confidence": 1.0,
                "psgc_type": "municipality",
                "match_method": "exact"
            },
            "geometry": {
                "type": "MultiPolygon",
                "coordinates": [
                    [
                        [
                            [
                                122.03028776500003,
                                10.466848482000046
                            ],
                            [
                                121.96188424000002,
                                10.406420586000024
                            ],
                            [
                                121.96247893600002,
                                10.413654750000035
                            ],
                            [
                                121.92490095100004,
                                10.429770415000064
                            ],
                            [
                                121.91227808600001,
                                10.44731136200005
                            ],
                            [
                                121.91879300300002,
                                10.473375513000065
                            ],
                            [
                                121.9902849340001,
                                10.463503220000064
                            ],
                            [
                                122.00655793400006,
                                10.466534938000052
                            ],
                            [
                                122.01303394100012,
                                10.476499513000022
                            ],
                            [
                                122.03028776500003,
                                10.466848482000046
                            ]
                        ]
                    ],
                    [
                        [
                            [
                                121.92150687800006,
                                10.415339849000077
                            ],
                            [
                                121.91629355600003,
                                10.417348765000042
                            ],
                            [
                                121.92256679700006,
                                10.419776719000026
                            ],
                            [
                                121.92150687800006,
                                10.415339849000077
                            ]
                        ]
                    ]
                ]
            }
        },
        {
            "type": "Feature",
            "properties": {
                "ADM3_EN": "Barbaza",
                "ADM3_PCODE": "PH0600602",
                "ADM2_EN": "Antique",
                "ADM2_PCODE": "PH06006",
                "ADM1_EN": "Region VI (Western Visayas)",
                "ADM1_PCODE": "PH06",
                "ADM0_EN": "Philippines (the)",
                "ADM0_PCODE": "PH",
                "date": "2022-11-09",
                "validOn": "2023-11-06",
                "validTo": null,
                "ADM3_REF": null,
                "ADM3ALT1EN": null,
                "Shape_Leng": 0.652643215622,
                "Shape_Area": 0.0146229198576,
                "AREA_SQKM": 176.623488895,
                "psgc_id": "PH0600602",
                "psgc_code": "0600602000",
                "psgc_name": "Barbaza",
                "psgc_status": "matched",
                "match_confidence": 1.0,
                "psgc_type": "municipality",
                "match_method": "exact"
            },
            "geometry": {
                "type": "Polygon",
                "coordinates": [
                    [
                        [
                            122.18254389100002,
                            11.341997935000052
                        ],
                        [
                            122.21064438200005,
                            11.278133869000044
                        ],
                        [
                            122.20446940300008,
                            11.245850403000077
                        ],
                        [
                            122.13731640000003,
                            11.232823612000061
                        ],
                        [
                            122.11781534800002,
                            11.21858467800007
                        ],
                        [
                            122.11043723400007,
                            11.193632420000029
                        ],
                        [
                            122.09738321200007,
                            11.186679957000024
                        ],
                        [
                            122.07954368700007,
                            11.158927642000037
                        ],
                        [
                            122.06142633700006,
                            11.17364787300005
                        ],
                        [
                            122.0367632660001,
                            11.167332015000056
                        ],
                        [
                            122.03391662600006,
                            11.199741172000074
                        ],
                        [
                            122.05289454900003,
                            11.226050031000057
                        ],
                        [
                            122.04812167500006,
                            11.24520909000006
                        ],
                        [
                            122.04910548300006,
                            11.249953204000064
                        ],
                        [
                            122.07158152900001,
                            11.24769890500005
                        ],
                        [
                            122.08033993900005,
                            11.263607679000074
                        ],
                        [
                            122.09432402100003,
                            11.265260814000044
                        ],
                        [
                            122.13131187300007,
                            11.328832078000062
                        ],
                        [
                            122.15870182700007,
                            11.324559240000042
                        ],
                        [
                            122.16442392400006,
                            11.345367791000058
                        ],
                        [
                            122.18254389100002,
                            11.341997935000052
                        ]
                    ]
                ]
            }
        },
        {
            "type": "Feature",
            "properties": {
                "ADM3_EN": "Belison",
                "ADM3_PCODE": "PH0600603",
                "ADM2_EN": "Antique",
                "ADM2_PCODE": "PH06006",
                "ADM1_EN": "Region VI (Western Visayas)",
                "ADM1_PCODE": "PH06",
                "ADM0_EN": "Philippines (the)",
                "ADM0_PCODE": "PH",
                "date": "2022-11-09",
                "validOn": "2023-11-06",
                "validTo": null,
                "ADM3_REF": null,
                "ADM3ALT1EN": null,
                "Shape_Leng": 0.237512958765,
                "Shape_Area": 0.00246595592374,
                "AREA_SQKM": 29.8252787404,
                "psgc_id": "PH0600603",
                "psgc_code": "0600603000",
                "psgc_name": "Belison",
                "psgc_status": "matched",
                "match_confidence": 1.0,
                "psgc_type": "municipality",
                "match_method": "exact"
            },
            "geometry": {
                "type": "Polygon",
                "coordinates": [
                    [
                        [
                            122.01926587900005,
                            10.850187819000041
                        ],
                        [
                            122.00339363900002,
                            10.838171308000028
                        ],
                        [
                            121.98215213800006,
                            10.836446101000035
                        ],
                        [
                            121.97777525800007,
                            10.812951554000051
                        ],
                        [
                            121.94946465700002,
                            10.824491006000073
                        ],
                        [
                            121.96710915500012,
                            10.873794418000045
                        ],
                        [
                            121.98002133000011,
                            10.868787135000048
                        ],
                        [
                            122.01991079900006,
                            10.875553661000026
                        ],
                        [
                            122.01926587900005,
                            10.850187819000041
                        ]
                    ]
                ]
            }
        },
        {
            "type": "Feature",
            "properties": {
                "ADM3_EN": "Bugasong",
                "ADM3_PCODE": "PH0600604",
                "ADM2_EN": "Antique",
                "ADM2_PCODE": "PH06006",
                "ADM1_EN": "Region VI (Western Visayas)",
                "ADM1_PCODE": "PH06",
                "ADM0_EN": "Philippines (the)",
                "ADM0_PCODE": "PH",
                "date": "2022-11-09",
                "validOn": "2023-11-06",
                "validTo": null,
                "ADM3_REF": null,
                "ADM3ALT1EN": null,
                "Shape_Leng": 0.790672773113,
                "Shape_Area": 0.0144131807322,
                "AREA_SQKM": 174.18386861,
                "psgc_id": "PH0600604",
                "psgc_code": "0600604000",
                "psgc_name": "Bugasong",
                "psgc_status": "matched",
                "match_confidence": 1.0,
                "psgc_type": "municipality",
                "match_method": "exact"
            },
            "geometry": {
                "type": "Polygon",
                "coordinates": [
                    [
                        [
                            122.23994482700004,
                            11.133468934000064
                        ],
                        [
                            122.18733379500009,
                            11.116672331000075
                        ],
                        [
                            122.14599507500009,
                            11.050150677000033
                        ],
                        [
                            122.12218843500011,
                            11.039728419000028
                        ],
                        [
                            122.1097652420001,
                            11.048557209000023
                        ],
                        [
                            122.10939944200004,
                            11.028001777000043
                        ],
                        [
                            122.0946893790001,
                            11.012076938000064
                        ],
                        [
                            122.08966228800011,
                            10.988887785000031
                        ],
                        [
                            122.06909226800008,
                            10.983998984000038
                        ],
                        [
                            122.03660947100002,
                            10.996628032000046
                        ],
                        [
                            122.03963948900002,
                            11.017694980000044
                        ],
                        [
                            122.05410359600012,
                            11.032461781000052
                        ],
                        [
                            122.04171608800004,
                            11.077291065000054
                        ],
                        [
                            122.07486072900008,
                            11.081940237000026
                        ],
                        [
                            122.10075900900006,
                            11.071610814000053
                        ],
                        [
                            122.14314390900006,
                            11.132094481000024
                        ],
                        [
                            122.15410004500006,
                            11.162493347000066
                        ],
                        [
                            122.14682307100009,
                            11.16642911100007
                        ],
                        [
                            122.1526280710001,
                            11.167597004000072
                        ],
                        [
                            122.15245214800007,
                            11.183497916000022
                        ],
                        [
                            122.15748011800008,
                            11.178145259000075
                        ],
                        [
                            122.16034917200011,
                            11.189996435000069
                        ],
                        [
                            122.18046023400007,
                            11.206641200000035
                        ],
                        [
                            122.20102923400009,
                            11.210432844000024
                        ],
                        [
                            122.21252489900007,
                            11.166055007000068
                        ],
                        [
                            122.23994482700004,
                            11.133468934000064
                        ]
                    ]
                ]
            }
        },
        {
            "type": "Feature",
            "properties": {
                "ADM3_EN": "Caluya",
                "ADM3_PCODE": "PH0600605",
                "ADM2_EN": "Antique",
                "ADM2_PCODE": "PH06006",
                "ADM1_EN": "Region VI (Western Visayas)",
                "ADM1_PCODE": "PH06",
                "ADM0_EN": "Philippines (the)",
                "ADM0_PCODE": "PH",
                "date": "2022-11-09",
                "validOn": "2023-11-06",
                "validTo": null,
                "ADM3_REF": null,
                "ADM3ALT1EN": null,
                "Shape_Leng": 1.75223890303,
                "Shape_Area": 0.0114901185547,
                "AREA_SQKM": 138.436620525,
                "psgc_id": "PH0600605",
                "psgc_code": "0600605000",
                "psgc_name": "Caluya",
                "psgc_status": "matched",
                "match_confidence": 1.0,
                "psgc_type": "municipality",
                "match_method": "exact"
            },
            "geometry": {
                "type": "MultiPolygon",
                "coordinates": [
                    [
                        [
                            [
                                121.4340690470001,
                                12.206884166000066
                            ],
                            [
                                121.43405398000004,
                                12.197131874000036
                            ],
                            [
                                121.42708747200004,
                                12.195135856000036
                            ],
                            [
                                121.42165865900006,
                                12.204717811000023
                            ],
                            [
                                121.4340690470001,
                                12.206884166000066
                            ]
                        ]
                    ],
                    [
                        [
                            [
                                121.39569091700002,
                                12.155273438000052
                            ],
                            [
                                121.39672851600005,
                                12.154296875000057
                            ],
                            [
                                121.39611816400009,
                                12.153930664000029
                            ],
                            [
                                121.39569091700002,
                                12.155273438000052
                            ]
                        ]
                    ],
                    [
                        [
                            [
                                121.38884346700002,
                                11.983243772000037
                            ],
                            [
                                121.36328518000005,
                                12.031800965000059
                            ],
                            [
                                121.36441692300002,
                                12.053979027000025
                            ],
                            [
                                121.35354170700009,
                                12.055093364000072
                            ],
                            [
                                121.37139736100005,
                                12.056570940000029
                            ],
                            [
                                121.38173454700006,
                                12.07050558800006
                            ],
                            [
                                121.37235553300002,
                                12.07773650200005
                            ],
                            [
                                121.36375375800003,
                                12.06777657200007
                            ],
                            [
                                121.36166781700001,
                                12.085516760000075
                            ],
                            [
                                121.34954050300007,
                                12.09019267800005
                            ],
                            [
                                121.34851605500012,
                                12.08341845700005
                            ],
                            [
                                121.34305853600006,
                                12.087791856000024
                            ],
                            [
                                121.34760741900004,
                                12.085852808000027
                            ],
                            [
                                121.34844914900009,
                                12.086465281000073
                            ],
                            [
                                121.3442761340001,
                                12.089236716000073
                            ],
                            [
                                121.34757093400003,
                                12.088875620000067
                            ],
                            [
                                121.3471734640001,
                                12.092707458000064
                            ],
                            [
                                121.34516359500003,
                                12.096392928000057
                            ],
                            [
                                121.35623601700001,
                                12.099511480000047
                            ],
                            [
                                121.34861309400003,
                                12.099440560000062
                            ],
                            [
                                121.35250482800006,
                                12.119561916000066
                            ],
                            [
                                121.36053935600012,
                                12.11506586400003
                            ],
                            [
                                121.38114800700009,
                                12.125837828000044
                            ],
                            [
                                121.39014079000003,
                                12.12240459800006
                            ],
                            [
                                121.39327987200011,
                                12.109151681000071
                            ],
                            [
                                121.414406729,
                                12.098925074000022
                            ],
                            [
                                121.40564002800011,
                                12.098540010000022
                            ],
                            [
                                121.39809455600005,
                                12.085867328000063
                            ],
                            [
                                121.4049917960001,
                                12.079976629000043
                            ],
                            [
                                121.39672733200007,
                                12.085063758000047
                            ],
                            [
                                121.39241106300005,
                                12.07597499600007
                            ],
                            [
                                121.3979764180001,
                                12.078081913000062
                            ],
                            [
                                121.41055098100003,
                                12.04025312400006
                            ],
                            [
                                121.42327306000004,
                                12.038124973000038
                            ],
                            [
                                121.42726459800008,
                                12.02935872300003
                            ],
                            [
                                121.41863608800008,
                                12.010514489000059
                            ],
                            [
                                121.40159138800004,
                                12.000305913000034
                            ],
                            [
                                121.38884346700002,
                                11.983243772000037
                            ]
                        ]
                    ],
                    [
                        [
                            [
                                121.58368557600011,
                                12.098846124000033
                            ],
                            [
                                121.57896108600005,
                                12.095863547000022
                            ],
                            [
                                121.56829286000004,
                                12.095801436000045
                            ],
                            [
                                121.57744566600002,
                                12.110049299000025
                            ],
                            [
                                121.58368557600011,
                                12.098846124000033
                            ]
                        ]
                    ],
                    [
                        [
                            [
                                121.34777856900007,
                                12.101222567000036
                            ],
                            [
                                121.34792162500003,
                                12.10104577800007
                            ],
                            [
                                121.34774214700008,
                                12.101100993000045
                            ],
                            [
                                121.34777856900007,
                                12.101222567000036
                            ]
                        ]
                    ],
                    [
                        [
                            [
                                121.34803412800011,
                                12.100905666000074
                            ],
                            [
                                121.3479463330001,
                                12.10070360900005
                            ],
                            [
                                121.34781091000002,
                                12.100970871000072
                            ],
                            [
                                121.34803412800011,
                                12.100905666000074
                            ]
                        ]
                    ],
                    [
                        [
                            [
                                121.34463964500003,
                                12.095286907000059
                            ],
                            [
                                121.34492015400008,
                                12.09508308200003
                            ],
                            [
                                121.34477590600011,
                                12.094975830000067
                            ],
                            [
                                121.34463964500003,
                                12.095286907000059
                            ]
                        ]
                    ],
                    [
                        [
                            [
                                121.34434035100003,
                                12.094513604000042
                            ],
                            [
                                121.34405409600004,
                                12.094244131000039
                            ],
                            [
                                121.34424078000006,
                                12.09464573200006
                            ],
                            [
                                121.34434035100003,
                                12.094513604000042
                            ]
                        ]
                    ],
                    [
                        [
                            [
                                121.34431724100011,
                                12.094174591000069
                            ],
                            [
                                121.34436524700004,
                                12.094056372000068
                            ],
                            [
                                121.3442994610001,
                                12.094127651000065
                            ],
                            [
                                121.34431724100011,
                                12.094174591000069
                            ]
                        ]
                    ],
                    [
                        [
                            [
                                121.3448280990001,
                                12.09289443800003
                            ],
                            [
                                121.34397361800006,
                                12.092086835000032
                            ],
                            [
                                121.34445361300004,
                                12.094000630000039
                            ],
                            [
                                121.3448280990001,
                                12.09289443800003
                            ]
                        ]
                    ],
                    [
                        [
                            [
                                121.34346203700011,
                                12.093273100000033
                            ],
                            [
                                121.34398832900001,
                                12.092902798000068
                            ],
                            [
                                121.3435882870001,
                                12.092471639000053
                            ],
                            [
                                121.34346203700011,
                                12.093273100000033
                            ]
                        ]
                    ],
                    [
                        [
                            [
                                121.34684425700004,
                                12.090646284000059
                            ],
                            [
                                121.34718134800005,
                                12.09044917500006
                            ],
                            [
                                121.34674092800003,
                                12.090575062000028
                            ],
                            [
                                121.34684425700004,
                                12.090646284000059
                            ]
                        ]
                    ],
                    [
                        [
                            [
                                121.344775206,
                                12.08483548700002
                            ],
                            [
                                121.34342226600006,
                                12.085033889000044
                            ],
                            [
                                121.34343931400008,
                                12.08542699700007
                            ],
                            [
                                121.344775206,
                                12.08483548700002
                            ]
                        ]
                    ],
                    [
                        [
                            [
                                121.36152854000011,
                                12.082095479000031
                            ],
                            [
                                121.35872003800011,
                                12.081330638000054
                            ],
                            [
                                121.36095961100011,
                                12.08399806600005
                            ],
                            [
                                121.36152854000011,
                                12.082095479000031
                            ]
                        ]
                    ],
                    [
                        [
                            [
                                121.36031425500005,
                                12.077163786000028
                            ],
                            [
                                121.35688493300006,
                                12.072948763000056
                            ],
                            [
                                121.35559509500001,
                                12.075919559000056
                            ],
                            [
                                121.36031425500005,
                                12.077163786000028
                            ]
                        ]
                    ],
                    [
                        [
                            [
                                121.36064382900008,
                                12.070150755000043
                            ],
                            [
                                121.36040075800008,
                                12.07168139600003
                            ],
                            [
                                121.36139112300009,
                                12.071645671000056
                            ],
                            [
                                121.36064382900008,
                                12.070150755000043
                            ]
                        ]
                    ],
                    [
                        [
                            [
                                121.36175924400004,
                                12.070311652000044
                            ],
                            [
                                121.36108919700007,
                                12.070465867000053
                            ],
                            [
                                121.36214178600005,
                                12.071126459000027
                            ],
                            [
                                121.36175924400004,
                                12.070311652000044
                            ]
                        ]
                    ],
                    [
                        [
                            [
                                121.3588607590001,
                                12.070325359000037
                            ],
                            [
                                121.35821786100007,
                                12.070283123000024
                            ],
                            [
                                121.3585265050001,
                                12.070638743000075
                            ],
                            [
                                121.3588607590001,
                                12.070325359000037
                            ]
                        ]
                    ],
                    [
                        [
                            [
                                121.36154927300004,
                                12.067296170000077
                            ],
                            [
                                121.36073077700007,
                                12.067081861000077
                            ],
                            [
                                121.36096236800006,
                                12.067512874000045
                            ],
                            [
                                121.36154927300004,
                                12.067296170000077
                            ]
                        ]
                    ],
                    [
                        [
                            [
                                121.40786889200001,
                                12.05112525800007
                            ],
                            [
                                121.40802638100001,
                                12.051075898000022
                            ],
                            [
                                121.40793732000009,
                                12.051012311000022
                            ],
                            [
                                121.40786889200001,
                                12.05112525800007
                            ]
                        ]
                    ],
                    [
                        [
                            [
                                121.40142133900008,
                                11.998148094000044
                            ],
                            [
                                121.40113303200008,
                                11.998084493000022
                            ],
                            [
                                121.4011289120001,
                                11.998222845000043
                            ],
                            [
                                121.40142133900008,
                                11.998148094000044
                            ]
                        ]
                    ],
                    [
                        [
                            [
                                121.4010713240001,
                                11.997126382000033
                            ],
                            [
                                121.40051608600004,
                                11.996879810000053
                            ],
                            [
                                121.40091940600007,
                                11.99753013000003
                            ],
                            [
                                121.4010713240001,
                                11.997126382000033
                            ]
                        ]
                    ],
                    [
                        [
                            [
                                121.37953511600006,
                                11.994932616000028
                            ],
                            [
                                121.37984368700006,
                                11.994849971000065
                            ],
                            [
                                121.37959888800003,
                                11.994762301000037
                            ],
                            [
                                121.37953511600006,
                                11.994932616000028
                            ]
                        ]
                    ],
                    [
                        [
                            [
                                121.55659960700007,
                                11.969169434000037
                            ],
                            [
                                121.55986408900003,
                                11.990509664000058
                            ],
                            [
                                121.56730814500008,
                                11.978449520000026
                            ],
                            [
                                121.55659960700007,
                                11.969169434000037
                            ]
                        ]
                    ],
                    [
                        [
                            [
                                121.556769486,
                                11.96845773900003
                            ],
                            [
                                121.55625755400001,
                                11.968619183000044
                            ],
                            [
                                121.55641728300009,
                                11.96881098800003
                            ],
                            [
                                121.556769486,
                                11.96845773900003
                            ]
                        ]
                    ],
                    [
                        [
                            [
                                121.57528927100009,
                                11.939182397000025
                            ],
                            [
                                121.57166994600004,
                                11.929905115000054
                            ],
                            [
                                121.58296589500003,
                                11.905501014000038
                            ],
                            [
                                121.54997085500008,
                                11.89242407200004
                            ],
                            [
                                121.54026946200008,
                                11.902094586000032
                            ],
                            [
                                121.54707905400005,
                                11.935240640000075
                            ],
                            [
                                121.53788982200001,
                                11.950002249000022
                            ],
                            [
                                121.55591611300008,
                                11.959342668000033
                            ],
                            [
                                121.57528927100009,
                                11.939182397000025
                            ]
                        ]
                    ],
                    [
                        [
                            [
                                121.57299540500003,
                                11.927847314000076
                            ],
                            [
                                121.57325423300006,
                                11.927990150000028
                            ],
                            [
                                121.57341184200004,
                                11.927883006000059
                            ],
                            [
                                121.57299540500003,
                                11.927847314000076
                            ]
                        ]
                    ],
                    [
                        [
                            [
                                121.42670301900012,
                                11.868014431000063
                            ],
                            [
                                121.47519285700002,
                                11.863721462000058
                            ],
                            [
                                121.47956613600002,
                                11.864952969000058
                            ],
                            [
                                121.49771431300007,
                                11.861004569000045
                            ],
                            [
                                121.5128014600001,
                                11.861429162000036
                            ],
                            [
                                121.53044574500007,
                                11.843639716000041
                            ],
                            [
                                121.51525418300002,
                                11.826405669000053
                            ],
                            [
                                121.47809274700012,
                                11.825462569000024
                            ],
                            [
                                121.45411314600005,
                                11.830976687000032
                            ],
                            [
                                121.4516970310001,
                                11.839337791000048
                            ],
                            [
                                121.43854680000004,
                                11.836492704000023
                            ],
                            [
                                121.4381267330001,
                                11.842791528000078
                            ],
                            [
                                121.41368304500008,
                                11.835286429000064
                            ],
                            [
                                121.42670301900012,
                                11.868014431000063
                            ]
                        ]
                    ],
                    [
                        [
                            [
                                121.29525844900002,
                                11.856783326000027
                            ],
                            [
                                121.28878247500006,
                                11.86157111700004
                            ],
                            [
                                121.28266997700007,
                                11.863179162000051
                            ],
                            [
                                121.29007769900011,
                                11.864194654000073
                            ],
                            [
                                121.29525844900002,
                                11.856783326000027
                            ]
                        ]
                    ],
                    [
                        [
                            [
                                121.478888417,
                                11.865038757000036
                            ],
                            [
                                121.47925115500004,
                                11.865009290000046
                            ],
                            [
                                121.47920958500004,
                                11.864878848000046
                            ],
                            [
                                121.478888417,
                                11.865038757000036
                            ]
                        ]
                    ],
                    [
                        [
                            [
                                121.47768785900007,
                                11.864910265000049
                            ],
                            [
                                121.4776893720001,
                                11.864711111000076
                            ],
                            [
                                121.47752001200001,
                                11.864765719000047
                            ],
                            [
                                121.47768785900007,
                                11.864910265000049
                            ]
                        ]
                    ],
                    [
                        [
                            [
                                121.50210630200002,
                                11.862546546000033
                            ],
                            [
                                121.50254370100004,
                                11.862561443000061
                            ],
                            [
                                121.502697108,
                                11.862383539000064
                            ],
                            [
                                121.50210630200002,
                                11.862546546000033
                            ]
                        ]
                    ],
                    [
                        [
                            [
                                121.49941492900007,
                                11.862287308000077
                            ],
                            [
                                121.49952688400003,
                                11.862075601000072
                            ],
                            [
                                121.49892008000006,
                                11.862410638000028
                            ],
                            [
                                121.49941492900007,
                                11.862287308000077
                            ]
                        ]
                    ],
                    [
                        [
                            [
                                121.31738959100005,
                                11.858941285000071
                            ],
                            [
                                121.3192571720001,
                                11.859858116000055
                            ],
                            [
                                121.32135224600006,
                                11.85754152100003
                            ],
                            [
                                121.31738959100005,
                                11.858941285000071
                            ]
                        ]
                    ],
                    [
                        [
                            [
                                121.32137795900007,
                                11.855535287000066
                            ],
                            [
                                121.32434647500008,
                                11.852231320000044
                            ],
                            [
                                121.32333384200001,
                                11.852781482000069
                            ],
                            [
                                121.32137795900007,
                                11.855535287000066
                            ]
                        ]
                    ]
                ]
            }
        },
        {
            "type": "Feature",
            "properties": {
                "ADM3_EN": "Culasi",
                "ADM3_PCODE": "PH0600606",
                "ADM2_EN": "Antique",
                "ADM2_PCODE": "PH06006",
                "ADM1_EN": "Region VI (Western Visayas)",
                "ADM1_PCODE": "PH06",
                "ADM0_EN": "Philippines (the)",
                "ADM0_PCODE": "PH",
                "date": "2022-11-09",
                "validOn": "2023-11-06",
                "validTo": null,
                "ADM3_REF": null,
                "ADM3ALT1EN": null,
                "Shape_Leng": 0.819095905502,
                "Shape_Area": 0.016314625291,
                "AREA_SQKM": 196.943645965,
                "psgc_id": "PH0600606",
                "psgc_code": "0600606000",
                "psgc_name": "Culasi",
                "psgc_status": "matched",
                "match_confidence": 1.0,
                "psgc_type": "municipality",
                "match_method": "exact"
            },
            "geometry": {
                "type": "MultiPolygon",
                "coordinates": [
                    [
                        [
                            [
                                121.69889612300005,
                                11.593346842000074
                            ],
                            [
                                121.6909422870001,
                                11.594805837000024
                            ],
                            [
                                121.6851431880001,
                                11.608707497000069
                            ],
                            [
                                121.69559759300012,
                                11.604137894000075
                            ],
                            [
                                121.69889612300005,
                                11.593346842000074
                            ]
                        ]
                    ],
                    [
                        [
                            [
                                122.18254389100002,
                                11.341997935000052
                            ],
                            [
                                122.12177499200004,
                                11.351609568000072
                            ],
                            [
                                122.09301431600011,
                                11.365411551000022
                            ],
                            [
                                122.0792181810001,
                                11.35744868200004
                            ],
                            [
                                122.05997493000007,
                                11.359246429000052
                            ],
                            [
                                122.06247754900005,
                                11.375791531000061
                            ],
                            [
                                122.05008197300003,
                                11.410229439000034
                            ],
                            [
                                122.06011297200007,
                                11.45139167800005
                            ],
                            [
                                122.05159705100004,
                                11.469301224000048
                            ],
                            [
                                122.07315394900002,
                                11.477071911000053
                            ],
                            [
                                122.08464160000005,
                                11.500950843000055
                            ],
                            [
                                122.10664683000005,
                                11.518481265000048
                            ],
                            [
                                122.14430580100009,
                                11.519452017000049
                            ],
                            [
                                122.135959737,
                                11.505061038000065
                            ],
                            [
                                122.13469255600012,
                                11.468518533000065
                            ],
                            [
                                122.16475939000009,
                                11.440168321000044
                            ],
                            [
                                122.16787967700009,
                                11.400919157000033
                            ],
                            [
                                122.18810468400011,
                                11.392383335000034
                            ],
                            [
                                122.19372804200009,
                                11.374901635000072
                            ],
                            [
                                122.18254389100002,
                                11.341997935000052
                            ]
                        ]
                    ],
                    [
                        [
                            [
                                121.8900708320001,
                                11.470806862000074
                            ],
                            [
                                121.92847180100011,
                                11.478366764000043
                            ],
                            [
                                121.93040475300006,
                                11.476264671000024
                            ],
                            [
                                121.93118453000011,
                                11.47367126000006
                            ],
                            [
                                121.91549604000011,
                                11.462873917000024
                            ],
                            [
                                121.8900708320001,
                                11.470806862000074
                            ]
                        ]
                    ],
                    [
                        [
                            [
                                122.0157288040001,
                                11.409574941000074
                            ],
                            [
                                122.02299732200004,
                                11.417365134000022
                            ],
                            [
                                122.028128734,
                                11.415523130000054
                            ],
                            [
                                122.0157288040001,
                                11.409574941000074
                            ]
                        ]
                    ],
                    [
                        [
                            [
                                122.01500484100006,
                                11.410895047000054
                            ],
                            [
                                122.0140483780001,
                                11.41143700300006
                            ],
                            [
                                122.01536654600011,
                                11.411549562000062
                            ],
                            [
                                122.01500484100006,
                                11.410895047000054
                            ]
                        ]
                    ]
                ]
            }
        },
        {
            "type": "Feature",
            "properties": {
                "ADM3_EN": "Tobias Fornier (Dao)",
                "ADM3_PCODE": "PH0600607",
                "ADM2_EN": "Antique",
                "ADM2_PCODE": "PH06006",
                "ADM1_EN": "Region VI (Western Visayas)",
                "ADM1_PCODE": "PH06",
                "ADM0_EN": "Philippines (the)",
                "ADM0_PCODE": "PH",
                "date": "2022-11-09",
                "validOn": "2023-11-06",
                "validTo": null,
                "ADM3_REF": null,
                "ADM3ALT1EN": "Dao",
                "Shape_Leng": 0.447225521739,
                "Shape_Area": 0.00915263351769,
                "AREA_SQKM": 110.815918882,
                "psgc_id": "PH0600607",
                "psgc_code": "0600607000",
                "psgc_name": "Tobias Fornier",
                "psgc_status": "matched",
                "match_confidence": 1.0,
                "psgc_type": "municipality",
                "match_method": "exact"
            },
            "geometry": {
                "type": "Polygon",
                "coordinates": [
                    [
                        [
                            122.0235966670001,
                            10.589005869000061
                        ],
                        [
                            122.00874720700006,
                            10.468808437000064
                        ],
                        [
                            121.95686630700004,
                            10.46360912700004
                        ],
                        [
                            121.91861345200005,
                            10.473374830000068
                        ],
                        [
                            121.92218852100007,
                            10.486999667000077
                        ],
                        [
                            121.91450243600002,
                            10.504505065000046
                        ],
                        [
                            121.92319056200006,
                            10.504609999000024
                        ],
                        [
                            121.95095139000011,
                            10.53630210700004
                        ],
                        [
                            121.9669045490001,
                            10.587861418000045
                        ],
                        [
                            122.0235966670001,
                            10.589005869000061
                        ]
                    ]
                ]
            }
        },
        {
            "type": "Feature",
            "properties": {
                "ADM3_EN": "Hamtic",
                "ADM3_PCODE": "PH0600608",
                "ADM2_EN": "Antique",
                "ADM2_PCODE": "PH06006",
                "ADM1_EN": "Region VI (Western Visayas)",
                "ADM1_PCODE": "PH06",
                "ADM0_EN": "Philippines (the)",
                "ADM0_PCODE": "PH",
                "date": "2022-11-09",
                "validOn": "2023-11-06",
                "validTo": null,
                "ADM3_REF": null,
                "ADM3ALT1EN": null,
                "Shape_Leng": 0.490585423258,
                "Shape_Area": 0.0112032159483,
                "AREA_SQKM": 135.580687057,
                "psgc_id": "PH0600608",
                "psgc_code": "0600608000",
                "psgc_name": "Hamtic",
                "psgc_status": "matched",
                "match_confidence": 1.0,
                "psgc_type": "municipality",
                "match_method": "exact"
            },
            "geometry": {
                "type": "Polygon",
                "coordinates": [
                    [
                        [
                            121.99481924800011,
                            10.746220550000032
                        ],
                        [
                            122.0311946270001,
                            10.714030912000055
                        ],
                        [
                            122.06216812000002,
                            10.707200478000061
                        ],
                        [
                            122.0737298900001,
                            10.689366241000073
                        ],
                        [
                            122.04721864800001,
                            10.631563350000022
                        ],
                        [
                            122.03481262200012,
                            10.623438966000037
                        ],
                        [
                            122.02584382000009,
                            10.588711984000042
                        ],
                        [
                            121.9851754870001,
                            10.58493784600006
                        ],
                        [
                            121.9669045490001,
                            10.587861418000045
                        ],
                        [
                            121.97858274400005,
                            10.669605287000024
                        ],
                        [
                            121.96119328700001,
                            10.72119054500007
                        ],
                        [
                            121.9762670340001,
                            10.746483607000073
                        ],
                        [
                            121.99481924800011,
                            10.746220550000032
                        ]
                    ]
                ]
            }
        },
        {
            "type": "Feature",
            "properties": {
                "ADM3_EN": "Laua-an",
                "ADM3_PCODE": "PH0600609",
                "ADM2_EN": "Antique",
                "ADM2_PCODE": "PH06006",
                "ADM1_EN": "Region VI (Western Visayas)",
                "ADM1_PCODE": "PH06",
                "ADM0_EN": "Philippines (the)",
                "ADM0_PCODE": "PH",
                "date": "2022-11-09",
                "validOn": "2023-11-06",
                "validTo": null,
                "ADM3_REF": null,
                "ADM3ALT1EN": null,
                "Shape_Leng": 0.655198938126,
                "Shape_Area": 0.0132304989625,
                "AREA_SQKM": 159.85797584,
                "psgc_id": "PH0600609",
                "psgc_code": "0600609000",
                "psgc_name": "Laua-An",
                "psgc_status": "matched",
                "match_confidence": 1.0,
                "psgc_type": "municipality",
                "match_method": "exact"
            },
            "geometry": {
                "type": "Polygon",
                "coordinates": [
                    [
                        [
                            122.20446940300008,
                            11.245850403000077
                        ],
                        [
                            122.20102923400009,
                            11.210432844000024
                        ],
                        [
                            122.18696024500002,
                            11.210021938000068
                        ],
                        [
                            122.16034917200011,
                            11.189996435000069
                        ],
                        [
                            122.15683911600001,
                            11.177661296000053
                        ],
                        [
                            122.15245214800007,
                            11.183497916000022
                        ],
                        [
                            122.1526280710001,
                            11.167597004000072
                        ],
                        [
                            122.14682307100009,
                            11.16642911100007
                        ],
                        [
                            122.15410004500006,
                            11.162493347000066
                        ],
                        [
                            122.14314390900006,
                            11.132094481000024
                        ],
                        [
                            122.10075900900006,
                            11.071610814000053
                        ],
                        [
                            122.07486072900008,
                            11.081940237000026
                        ],
                        [
                            122.04171608800004,
                            11.077291065000054
                        ],
                        [
                            122.0367632660001,
                            11.167332015000056
                        ],
                        [
                            122.06142633700006,
                            11.17364787300005
                        ],
                        [
                            122.07954368700007,
                            11.158927642000037
                        ],
                        [
                            122.09738321200007,
                            11.186679957000024
                        ],
                        [
                            122.11043723400007,
                            11.193632420000029
                        ],
                        [
                            122.11781534800002,
                            11.21858467800007
                        ],
                        [
                            122.13731640000003,
                            11.232823612000061
                        ],
                        [
                            122.20446940300008,
                            11.245850403000077
                        ]
                    ]
                ]
            }
        },
        {
            "type": "Feature",
            "properties": {
                "ADM3_EN": "Libertad",
                "ADM3_PCODE": "PH0600610",
                "ADM2_EN": "Antique",
                "ADM2_PCODE": "PH06006",
                "ADM1_EN": "Region VI (Western Visayas)",
                "ADM1_PCODE": "PH06",
                "ADM0_EN": "Philippines (the)",
                "ADM0_PCODE": "PH",
                "date": "2022-11-09",
                "validOn": "2023-11-06",
                "validTo": null,
                "ADM3_REF": null,
                "ADM3ALT1EN": null,
                "Shape_Leng": 0.478444323053,
                "Shape_Area": 0.0078867232415,
                "AREA_SQKM": 95.0842222314,
                "psgc_id": "PH0600610",
                "psgc_code": "0600610000",
                "psgc_name": "Libertad",
                "psgc_status": "matched",
                "match_confidence": 1.0,
                "psgc_type": "municipality",
                "match_method": "exact"
            },
            "geometry": {
                "type": "Polygon",
                "coordinates": [
                    [
                        [
                            122.0033233050001,
                            11.825534597000058
                        ],
                        [
                            122.01587433500003,
                            11.801901472000054
                        ],
                        [
                            121.99936578100005,
                            11.746653321000053
                        ],
                        [
                            121.91781426600005,
                            11.767738141000052
                        ],
                        [
                            121.87232633000008,
                            11.75537950000006
                        ],
                        [
                            121.84309971500011,
                            11.763618441000062
                        ],
                        [
                            121.87776924500008,
                            11.771529970000074
                        ],
                        [
                            121.89276889900009,
                            11.79982526300006
                        ],
                        [
                            121.90579927200008,
                            11.797169285000052
                        ],
                        [
                            121.93666550700004,
                            11.822630463000053
                        ],
                        [
                            122.0033233050001,
                            11.825534597000058
                        ]
                    ]
                ]
            }
        },
        {
            "type": "Feature",
            "properties": {
                "ADM3_EN": "Pandan",
                "ADM3_PCODE": "PH0600611",
                "ADM2_EN": "Antique",
                "ADM2_PCODE": "PH06006",
                "ADM1_EN": "Region VI (Western Visayas)",
                "ADM1_PCODE": "PH06",
                "ADM0_EN": "Philippines (the)",
                "ADM0_PCODE": "PH",
                "date": "2022-11-09",
                "validOn": "2023-11-06",
                "validTo": null,
                "ADM3_REF": null,
                "ADM3ALT1EN": null,
                "Shape_Leng": 0.596211304435,
                "Shape_Area": 0.0121860055304,
                "AREA_SQKM": 146.940726215,
                "psgc_id": "PH0600611",
                "psgc_code": "0600611000",
                "psgc_name": "Pandan",
                "psgc_status": "matched",
                "match_confidence": 1.0,
                "psgc_type": "municipality",
                "match_method": "exact"
            },
            "geometry": {
                "type": "Polygon",
                "coordinates": [
                    [
                        [
                            122.010665904,
                            11.822885206000024
                        ],
                        [
                            122.0923394880001,
                            11.776767171000074
                        ],
                        [
                            122.10901278300003,
                            11.779049931000031
                        ],
                        [
                            122.1281677500001,
                            11.763640585000076
                        ],
                        [
                            122.15647591200002,
                            11.756762532000039
                        ],
                        [
                            122.17339977000006,
                            11.716418246000046
                        ],
                        [
                            122.17065234900008,
                            11.685672361000059
                        ],
                        [
                            122.16140456900007,
                            11.675720309000042
                        ],
                        [
                            122.128925621,
                            11.680398151000077
                        ],
                        [
                            122.12049541500005,
                            11.669588788000056
                        ],
                        [
                            122.09811664800009,
                            11.671879077000028
                        ],
                        [
                            122.09932765000008,
                            11.706529244000023
                        ],
                        [
                            122.07385433600007,
                            11.735696307000069
                        ],
                        [
                            122.06388390400002,
                            11.74023771700007
                        ],
                        [
                            122.04514826500008,
                            11.732144462000065
                        ],
                        [
                            122.02208201600001,
                            11.742181961000028
                        ],
                        [
                            122.01270329800002,
                            11.736123254000063
                        ],
                        [
                            121.99936578100005,
                            11.746653321000053
                        ],
                        [
                            122.01587433500003,
                            11.801901472000054
                        ],
                        [
                            122.010665904,
                            11.822885206000024
                        ]
                    ]
                ]
            }
        },
        {
            "type": "Feature",
            "properties": {
                "ADM3_EN": "Patnongon",
                "ADM3_PCODE": "PH0600612",
                "ADM2_EN": "Antique",
                "ADM2_PCODE": "PH06006",
                "ADM1_EN": "Region VI (Western Visayas)",
                "ADM1_PCODE": "PH06",
                "ADM0_EN": "Philippines (the)",
                "ADM0_PCODE": "PH",
                "date": "2022-11-09",
                "validOn": "2023-11-06",
                "validTo": null,
                "ADM3_REF": null,
                "ADM3ALT1EN": null,
                "Shape_Leng": 0.419391403945,
                "Shape_Area": 0.0110229011003,
                "AREA_SQKM": 133.287691091,
                "psgc_id": "PH0600612",
                "psgc_code": "0600612000",
                "psgc_name": "Patnongon",
                "psgc_status": "matched",
                "match_confidence": 1.0,
                "psgc_type": "municipality",
                "match_method": "exact"
            },
            "geometry": {
                "type": "Polygon",
                "coordinates": [
                    [
                        [
                            122.06909226800008,
                            10.983998984000038
                        ],
                        [
                            122.09451402400009,
                            10.936842106000029
                        ],
                        [
                            122.07494525600009,
                            10.876206669000055
                        ],
                        [
                            122.05049671600011,
                            10.863304364000044
                        ],
                        [
                            122.01991079900006,
                            10.875553661000026
                        ],
                        [
                            121.98002133000011,
                            10.868787135000048
                        ],
                        [
                            121.96698621300004,
                            10.873507773000028
                        ],
                        [
                            121.98421443900008,
                            10.932127772000058
                        ],
                        [
                            122.03660947100002,
                            10.996628032000046
                        ],
                        [
                            122.06909226800008,
                            10.983998984000038
                        ]
                    ]
                ]
            }
        },
        {
            "type": "Feature",
            "properties": {
                "ADM3_EN": "San Jose (Capital)",
                "ADM3_PCODE": "PH0600613",
                "ADM2_EN": "Antique",
                "ADM2_PCODE": "PH06006",
                "ADM1_EN": "Region VI (Western Visayas)",
                "ADM1_PCODE": "PH06",
                "ADM0_EN": "Philippines (the)",
                "ADM0_PCODE": "PH",
                "date": "2022-11-09",
                "validOn": "2023-11-06",
                "validTo": null,
                "ADM3_REF": null,
                "ADM3ALT1EN": null,
                "Shape_Leng": 0.338093141391,
                "Shape_Area": 0.00369720993945,
                "AREA_SQKM": 44.7282178377,
                "psgc_id": "PH0600613",
                "psgc_code": "0600613000",
                "psgc_name": "San Jose",
                "psgc_status": "matched",
                "match_confidence": 1.0,
                "psgc_type": "municipality",
                "match_method": "exact"
            },
            "geometry": {
                "type": "Polygon",
                "coordinates": [
                    [
                        [
                            121.97469632000002,
                            10.812087950000034
                        ],
                        [
                            121.98068879700008,
                            10.79154389200005
                        ],
                        [
                            121.97684325000012,
                            10.764197988000035
                        ],
                        [
                            121.99436126800003,
                            10.756855947000076
                        ],
                        [
                            121.99481924800011,
                            10.746220550000032
                        ],
                        [
                            121.9762670340001,
                            10.746483607000073
                        ],
                        [
                            121.96121748400003,
                            10.720829373000072
                        ],
                        [
                            121.9465109030001,
                            10.737631638000039
                        ],
                        [
                            121.93360754900004,
                            10.740280865000045
                        ],
                        [
                            121.92304056100011,
                            10.763911705000055
                        ],
                        [
                            121.94878718300004,
                            10.809040621000065
                        ],
                        [
                            121.94946465700002,
                            10.824491006000073
                        ],
                        [
                            121.97469632000002,
                            10.812087950000034
                        ]
                    ]
                ]
            }
        },
        {
            "type": "Feature",
            "properties": {
                "ADM3_EN": "San Remigio",
                "ADM3_PCODE": "PH0600614",
                "ADM2_EN": "Antique",
                "ADM2_PCODE": "PH06006",
                "ADM1_EN": "Region VI (Western Visayas)",
                "ADM1_PCODE": "PH06",
                "ADM0_EN": "Philippines (the)",
                "ADM0_PCODE": "PH",
                "date": "2022-11-09",
                "validOn": "2023-11-06",
                "validTo": null,
                "ADM3_REF": null,
                "ADM3ALT1EN": null,
                "Shape_Leng": 0.878459823637,
                "Shape_Area": 0.0326353768711,
                "AREA_SQKM": 394.655006486,
                "psgc_id": "PH0600614",
                "psgc_code": "0600614000",
                "psgc_name": "San Remigio",
                "psgc_status": "matched",
                "match_confidence": 1.0,
                "psgc_type": "municipality",
                "match_method": "exact"
            },
            "geometry": {
                "type": "Polygon",
                "coordinates": [
                    [
                        [
                            122.31246292500009,
                            10.958055645000059
                        ],
                        [
                            122.32363979700006,
                            10.933363292000024
                        ],
                        [
                            122.30901517500001,
                            10.922224546000052
                        ],
                        [
                            122.29696678700009,
                            10.92563094600007
                        ],
                        [
                            122.28297473100008,
                            10.911117010000055
                        ],
                        [
                            122.28086203700002,
                            10.892336224000076
                        ],
                        [
                            122.26061267900002,
                            10.895246205000035
                        ],
                        [
                            122.2648694290001,
                            10.87685667200003
                        ],
                        [
                            122.2582748420001,
                            10.860611470000038
                        ],
                        [
                            122.24428145000002,
                            10.849513263000063
                        ],
                        [
                            122.22436151400007,
                            10.852999279000073
                        ],
                        [
                            122.2010034760001,
                            10.83468597500007
                        ],
                        [
                            122.1943497740001,
                            10.803741391000074
                        ],
                        [
                            122.1414314220001,
                            10.817022135000059
                        ],
                        [
                            122.10107158300002,
                            10.802378396000051
                        ],
                        [
                            122.04844717500009,
                            10.810881903000052
                        ],
                        [
                            122.03548577700008,
                            10.84696735500006
                        ],
                        [
                            122.01926587900005,
                            10.850187819000041
                        ],
                        [
                            122.01991079900006,
                            10.875553661000026
                        ],
                        [
                            122.05049671600011,
                            10.863304364000044
                        ],
                        [
                            122.06589023700008,
                            10.868267857000035
                        ],
                        [
                            122.08730388600009,
                            10.906251242000053
                        ],
                        [
                            122.11342694300004,
                            10.923061966000034
                        ],
                        [
                            122.13251309400005,
                            10.958628434000047
                        ],
                        [
                            122.20407726000008,
                            11.007489746000033
                        ],
                        [
                            122.21552125200003,
                            11.00810965100004
                        ],
                        [
                            122.31246292500009,
                            10.958055645000059
                        ]
                    ]
                ]
            }
        },
        {
            "type": "Feature",
            "properties": {
                "ADM3_EN": "Sebaste",
                "ADM3_PCODE": "PH0600615",
                "ADM2_EN": "Antique",
                "ADM2_PCODE": "PH06006",
                "ADM1_EN": "Region VI (Western Visayas)",
                "ADM1_PCODE": "PH06",
                "ADM0_EN": "Philippines (the)",
                "ADM0_PCODE": "PH",
                "date": "2022-11-09",
                "validOn": "2023-11-06",
                "validTo": null,
                "ADM3_REF": null,
                "ADM3ALT1EN": null,
                "Shape_Leng": 0.506113337813,
                "Shape_Area": 0.00883464541283,
                "AREA_SQKM": 106.586812199,
                "psgc_id": "PH0600615",
                "psgc_code": "0600615000",
                "psgc_name": "Sebaste",
                "psgc_status": "matched",
                "match_confidence": 1.0,
                "psgc_type": "municipality",
                "match_method": "exact"
            },
            "geometry": {
                "type": "Polygon",
                "coordinates": [
                    [
                        [
                            122.16140456900007,
                            11.675720309000042
                        ],
                        [
                            122.14205087300002,
                            11.641073437000045
                        ],
                        [
                            122.14911687500012,
                            11.595908877000056
                        ],
                        [
                            122.13948399700007,
                            11.557853427000055
                        ],
                        [
                            122.15265778000003,
                            11.526003156000058
                        ],
                        [
                            122.14768554500006,
                            11.519027254000036
                        ],
                        [
                            122.10664683000005,
                            11.518481265000048
                        ],
                        [
                            122.08504162100007,
                            11.500509443000055
                        ],
                        [
                            122.07813344700003,
                            11.537512251000066
                        ],
                        [
                            122.1013067560001,
                            11.64464845200007
                        ],
                        [
                            122.09636126600003,
                            11.673161024000024
                        ],
                        [
                            122.11371257200005,
                            11.667880076000074
                        ],
                        [
                            122.128925621,
                            11.680398151000077
                        ],
                        [
                            122.16140456900007,
                            11.675720309000042
                        ]
                    ]
                ]
            }
        },
        {
            "type": "Feature",
            "properties": {
                "ADM3_EN": "Sibalom",
                "ADM3_PCODE": "PH0600616",
                "ADM2_EN": "Antique",
                "ADM2_PCODE": "PH06006",
                "ADM1_EN": "Region VI (Western Visayas)",
                "ADM1_PCODE": "PH06",
                "ADM0_EN": "Philippines (the)",
                "ADM0_PCODE": "PH",
                "date": "2022-11-09",
                "validOn": "2023-11-06",
                "validTo": null,
                "ADM3_REF": null,
                "ADM3ALT1EN": null,
                "Shape_Leng": 0.657389152598,
                "Shape_Area": 0.0193958532347,
                "AREA_SQKM": 234.647391865,
                "psgc_id": "PH0600616",
                "psgc_code": "0600616000",
                "psgc_name": "Sibalom",
                "psgc_status": "matched",
                "match_confidence": 1.0,
                "psgc_type": "municipality",
                "match_method": "exact"
            },
            "geometry": {
                "type": "Polygon",
                "coordinates": [
                    [
                        [
                            122.1943497740001,
                            10.803741391000074
                        ],
                        [
                            122.17497210800002,
                            10.75599618900003
                        ],
                        [
                            122.15394495400005,
                            10.751227345000075
                        ],
                        [
                            122.0737298900001,
                            10.689366241000073
                        ],
                        [
                            122.06216812000002,
                            10.707200478000061
                        ],
                        [
                            122.0311946270001,
                            10.714030912000055
                        ],
                        [
                            122.0011211740001,
                            10.737599243000034
                        ],
                        [
                            121.9898270000001,
                            10.748362
                        ],
                        [
                            121.99436126800003,
                            10.756855947000076
                        ],
                        [
                            121.97684325000012,
                            10.764197988000035
                        ],
                        [
                            121.97467685400011,
                            10.77649610700007
                        ],
                        [
                            121.98215213800006,
                            10.836446101000035
                        ],
                        [
                            122.00339363900002,
                            10.838171308000028
                        ],
                        [
                            122.01174376200004,
                            10.85042696100004
                        ],
                        [
                            122.03548577700008,
                            10.84696735500006
                        ],
                        [
                            122.04844717500009,
                            10.810881903000052
                        ],
                        [
                            122.10107158300002,
                            10.802378396000051
                        ],
                        [
                            122.1414314220001,
                            10.817022135000059
                        ],
                        [
                            122.1943497740001,
                            10.803741391000074
                        ]
                    ]
                ]
            }
        },
        {
            "type": "Feature",
            "properties": {
                "ADM3_EN": "Tibiao",
                "ADM3_PCODE": "PH0600617",
                "ADM2_EN": "Antique",
                "ADM2_PCODE": "PH06006",
                "ADM1_EN": "Region VI (Western Visayas)",
                "ADM1_PCODE": "PH06",
                "ADM0_EN": "Philippines (the)",
                "ADM0_PCODE": "PH",
                "date": "2022-11-09",
                "validOn": "2023-11-06",
                "validTo": null,
                "ADM3_REF": null,
                "ADM3ALT1EN": null,
                "Shape_Leng": 0.461161665778,
                "Shape_Area": 0.00819156449725,
                "AREA_SQKM": 98.9224983699,
                "psgc_id": "PH0600617",
                "psgc_code": "0600617000",
                "psgc_name": "Tibiao",
                "psgc_status": "matched",
                "match_confidence": 1.0,
                "psgc_type": "municipality",
                "match_method": "exact"
            },
            "geometry": {
                "type": "Polygon",
                "coordinates": [
                    [
                        [
                            122.16442392400006,
                            11.345367791000058
                        ],
                        [
                            122.15870182700007,
                            11.324559240000042
                        ],
                        [
                            122.14170287200011,
                            11.330656904000023
                        ],
                        [
                            122.12692485800005,
                            11.325212346000058
                        ],
                        [
                            122.12667379400011,
                            11.311881257000039
                        ],
                        [
                            122.11564880100002,
                            11.311285350000048
                        ],
                        [
                            122.11912776600002,
                            11.304783778000058
                        ],
                        [
                            122.09432402100003,
                            11.265260814000044
                        ],
                        [
                            122.08033993900005,
                            11.263607679000074
                        ],
                        [
                            122.07158152900001,
                            11.24769890500005
                        ],
                        [
                            122.0490975570001,
                            11.249570883000047
                        ],
                        [
                            122.05193765500007,
                            11.26196178400005
                        ],
                        [
                            122.0272311980001,
                            11.300339235000024
                        ],
                        [
                            122.03689739700008,
                            11.321911666000062
                        ],
                        [
                            122.05660757200008,
                            11.340198593000025
                        ],
                        [
                            122.05997493000007,
                            11.359246429000052
                        ],
                        [
                            122.0792181810001,
                            11.35744868200004
                        ],
                        [
                            122.09301431600011,
                            11.365411551000022
                        ],
                        [
                            122.12177499200004,
                            11.351609568000072
                        ],
                        [
                            122.16442392400006,
                            11.345367791000058
                        ]
                    ]
                ]
            }
        },
        {
            "type": "Feature",
            "properties": {
                "ADM3_EN": "Valderrama",
                "ADM3_PCODE": "PH0600618",
                "ADM2_EN": "Antique",
                "ADM2_PCODE": "PH06006",
                "ADM1_EN": "Region VI (Western Visayas)",
                "ADM1_PCODE": "PH06",
                "ADM0_EN": "Philippines (the)",
                "ADM0_PCODE": "PH",
                "date": "2022-11-09",
                "validOn": "2023-11-06",
                "validTo": null,
                "ADM3_REF": null,
                "ADM3ALT1EN": null,
                "Shape_Leng": 0.843001484181,
                "Shape_Area": 0.0255316168155,
                "AREA_SQKM": 308.61637761,
                "psgc_id": "PH0600618",
                "psgc_code": "0600618000",
                "psgc_name": "Valderrama",
                "psgc_status": "matched",
                "match_confidence": 1.0,
                "psgc_type": "municipality",
                "match_method": "exact"
            },
            "geometry": {
                "type": "Polygon",
                "coordinates": [
                    [
                        [
                            122.30845735200012,
                            11.047318527000073
                        ],
                        [
                            122.32373918400003,
                            11.015286657000047
                        ],
                        [
                            122.31246292500009,
                            10.958055645000059
                        ],
                        [
                            122.2076622620001,
                            11.008667648000028
                        ],
                        [
                            122.13251309400005,
                            10.958628434000047
                        ],
                        [
                            122.11090193100006,
                            10.92017217700004
                        ],
                        [
                            122.08619789000011,
                            10.906910202000063
                        ],
                        [
                            122.09451402400009,
                            10.936842106000029
                        ],
                        [
                            122.06909226800008,
                            10.983998984000038
                        ],
                        [
                            122.08966228800011,
                            10.988887785000031
                        ],
                        [
                            122.0946893790001,
                            11.012076938000064
                        ],
                        [
                            122.10939944200004,
                            11.028001777000043
                        ],
                        [
                            122.1097652420001,
                            11.048557209000023
                        ],
                        [
                            122.12218843500011,
                            11.039728419000028
                        ],
                        [
                            122.15302640800007,
                            11.056571348000034
                        ],
                        [
                            122.16796068700012,
                            11.09024723400006
                        ],
                        [
                            122.19337581200011,
                            11.121352982000076
                        ],
                        [
                            122.23994482700004,
                            11.133468934000064
                        ],
                        [
                            122.30845735200012,
                            11.047318527000073
                        ]
                    ]
                ]
            }
        },
        {
            "type": "Feature",
            "properties": {
                "ADM3_EN": "Cuartero",
                "ADM3_PCODE": "PH0601901",
                "ADM2_EN": "Capiz",
                "ADM2_PCODE": "PH06019",
                "ADM1_EN": "Region VI (Western Visayas)",
                "ADM1_PCODE": "PH06",
                "ADM0_EN": "Philippines (the)",
                "ADM0_PCODE": "PH",
                "date": "2022-11-09",
                "validOn": "2023-11-06",
                "validTo": null,
                "ADM3_REF": null,
                "ADM3ALT1EN": null,
                "Shape_Leng": 0.624551628759,
                "Shape_Area": 0.00873840243501,
                "AREA_SQKM": 105.526973808,
                "psgc_id": "PH0601901",
                "psgc_code": "0601901000",
                "psgc_name": "Cuartero",
                "psgc_status": "matched",
                "match_confidence": 1.0,
                "psgc_type": "municipality",
                "match_method": "exact"
            },
            "geometry": {
                "type": "Polygon",
                "coordinates": [
                    [
                        [
                            122.7585588070001,
                            11.344887627000048
                        ],
                        [
                            122.78113698100003,
                            11.328561367000077
                        ],
                        [
                            122.81273075700005,
                            11.323045654000055
                        ],
                        [
                            122.82394798500002,
                            11.328572124000061
                        ],
                        [
                            122.84193544800007,
                            11.318958835000046
                        ],
                        [
                            122.84482502700007,
                            11.30477710100007
                        ],
                        [
                            122.85358430400004,
                            11.304997418000028
                        ],
                        [
                            122.87360262000004,
                            11.27787395200005
                        ],
                        [
                            122.85512057300002,
                            11.255937846000052
                        ],
                        [
                            122.84463681300008,
                            11.260281296000073
                        ],
                        [
                            122.83353085200008,
                            11.282325731000071
                        ],
                        [
                            122.81057299800011,
                            11.270387572000061
                        ],
                        [
                            122.80201204000002,
                            11.276088862000051
                        ],
                        [
                            122.79728785000009,
                            11.295389730000068
                        ],
                        [
                            122.76303356400001,
                            11.299752325000043
                        ],
                        [
                            122.72091252700011,
                            11.292606028000023
                        ],
                        [
                            122.66964174700001,
                            11.306335959000023
                        ],
                        [
                            122.65856599100005,
                            11.316923486000064
                        ],
                        [
                            122.6681983740001,
                            11.331336122000039
                        ],
                        [
                            122.6524732900001,
                            11.338227259000064
                        ],
                        [
                            122.65618022600006,
                            11.353243123000027
                        ],
                        [
                            122.70039313900008,
                            11.345950081000069
                        ],
                        [
                            122.72648910300006,
                            11.332945515000063
                        ],
                        [
                            122.74682815000006,
                            11.33173705400003
                        ],
                        [
                            122.7585588070001,
                            11.344887627000048
                        ]
                    ]
                ]
            }
        },
        {
            "type": "Feature",
            "properties": {
                "ADM3_EN": "Dao",
                "ADM3_PCODE": "PH0601902",
                "ADM2_EN": "Capiz",
                "ADM2_PCODE": "PH06019",
                "ADM1_EN": "Region VI (Western Visayas)",
                "ADM1_PCODE": "PH06",
                "ADM0_EN": "Philippines (the)",
                "ADM0_PCODE": "PH",
                "date": "2022-11-09",
                "validOn": "2023-11-06",
                "validTo": null,
                "ADM3_REF": null,
                "ADM3ALT1EN": null,
                "Shape_Leng": 0.378672425977,
                "Shape_Area": 0.00619468039271,
                "AREA_SQKM": 74.7918707836,
                "psgc_id": "PH0601902",
                "psgc_code": "0601902000",
                "psgc_name": "Dao",
                "psgc_status": "matched",
                "match_confidence": 1.0,
                "psgc_type": "municipality",
                "match_method": "exact"
            },
            "geometry": {
                "type": "Polygon",
                "coordinates": [
                    [
                        [
                            122.74353891100009,
                            11.37014763700006
                        ],
                        [
                            122.7585588070001,
                            11.344887627000048
                        ],
                        [
                            122.74682815000006,
                            11.33173705400003
                        ],
                        [
                            122.72648910300006,
                            11.332945515000063
                        ],
                        [
                            122.70039313900008,
                            11.345950081000069
                        ],
                        [
                            122.65618022600006,
                            11.353243123000027
                        ],
                        [
                            122.64690653800005,
                            11.366854311000054
                        ],
                        [
                            122.66436994500009,
                            11.400564876000033
                        ],
                        [
                            122.68747854100002,
                            11.401819818000035
                        ],
                        [
                            122.69849083500003,
                            11.415122587000042
                        ],
                        [
                            122.73480615400001,
                            11.424047682000037
                        ],
                        [
                            122.74769270600007,
                            11.401583424000023
                        ],
                        [
                            122.74353891100009,
                            11.37014763700006
                        ]
                    ]
                ]
            }
        },
        {
            "type": "Feature",
            "properties": {
                "ADM3_EN": "Dumalag",
                "ADM3_PCODE": "PH0601903",
                "ADM2_EN": "Capiz",
                "ADM2_PCODE": "PH06019",
                "ADM1_EN": "Region VI (Western Visayas)",
                "ADM1_PCODE": "PH06",
                "ADM0_EN": "Philippines (the)",
                "ADM0_PCODE": "PH",
                "date": "2022-11-09",
                "validOn": "2023-11-06",
                "validTo": null,
                "ADM3_REF": null,
                "ADM3ALT1EN": null,
                "Shape_Leng": 0.412772975388,
                "Shape_Area": 0.00760079452044,
                "AREA_SQKM": 91.7885807719,
                "psgc_id": "PH0601903",
                "psgc_code": "0601903000",
                "psgc_name": "Dumalag",
                "psgc_status": "matched",
                "match_confidence": 1.0,
                "psgc_type": "municipality",
                "match_method": "exact"
            },
            "geometry": {
                "type": "Polygon",
                "coordinates": [
                    [
                        [
                            122.64690653800005,
                            11.366854311000054
                        ],
                        [
                            122.65618022600006,
                            11.353243123000027
                        ],
                        [
                            122.6524732900001,
                            11.338227259000064
                        ],
                        [
                            122.66849970200008,
                            11.330636051000056
                        ],
                        [
                            122.65845177200003,
                            11.31936541600004
                        ],
                        [
                            122.66437382600009,
                            11.310190332000047
                        ],
                        [
                            122.65330105800001,
                            11.294169413000077
                        ],
                        [
                            122.65020797600005,
                            11.269736054000077
                        ],
                        [
                            122.58194102700008,
                            11.256711597000049
                        ],
                        [
                            122.58694647200002,
                            11.272719112000061
                        ],
                        [
                            122.56011458800003,
                            11.319259703000057
                        ],
                        [
                            122.57795500400005,
                            11.327113427000029
                        ],
                        [
                            122.59660958100005,
                            11.35665891900004
                        ],
                        [
                            122.64690653800005,
                            11.366854311000054
                        ]
                    ]
                ]
            }
        },
        {
            "type": "Feature",
            "properties": {
                "ADM3_EN": "Dumarao",
                "ADM3_PCODE": "PH0601904",
                "ADM2_EN": "Capiz",
                "ADM2_PCODE": "PH06019",
                "ADM1_EN": "Region VI (Western Visayas)",
                "ADM1_PCODE": "PH06",
                "ADM0_EN": "Philippines (the)",
                "ADM0_PCODE": "PH",
                "date": "2022-11-09",
                "validOn": "2023-11-06",
                "validTo": null,
                "ADM3_REF": null,
                "ADM3ALT1EN": null,
                "Shape_Leng": 0.710990055218,
                "Shape_Area": 0.0183939882545,
                "AREA_SQKM": 222.17609841,
                "psgc_id": "PH0601904",
                "psgc_code": "0601904000",
                "psgc_name": "Dumarao",
                "psgc_status": "matched",
                "match_confidence": 1.0,
                "psgc_type": "municipality",
                "match_method": "exact"
            },
            "geometry": {
                "type": "Polygon",
                "coordinates": [
                    [
                        [
                            122.84463681300008,
                            11.260281296000073
                        ],
                        [
                            122.86666002000004,
                            11.252520134000065
                        ],
                        [
                            122.87307868500011,
                            11.237048511000069
                        ],
                        [
                            122.8503557470001,
                            11.195562332000065
                        ],
                        [
                            122.81463650900002,
                            11.19392378300006
                        ],
                        [
                            122.7867711990001,
                            11.183564582000031
                        ],
                        [
                            122.78881672200009,
                            11.199299094000025
                        ],
                        [
                            122.77226190300007,
                            11.227241049000042
                        ],
                        [
                            122.75035442100011,
                            11.221658683000044
                        ],
                        [
                            122.74378872600005,
                            11.229183085000045
                        ],
                        [
                            122.726128,
                            11.227078518000042
                        ],
                        [
                            122.705298792,
                            11.21269981200004
                        ],
                        [
                            122.65837347600007,
                            11.209871882000073
                        ],
                        [
                            122.6154183110001,
                            11.235971931000051
                        ],
                        [
                            122.6328990720001,
                            11.266594956000063
                        ],
                        [
                            122.65020797600005,
                            11.269736054000077
                        ],
                        [
                            122.65330105800001,
                            11.294169413000077
                        ],
                        [
                            122.6675671810001,
                            11.310320878000027
                        ],
                        [
                            122.72091252700011,
                            11.292606028000023
                        ],
                        [
                            122.76303356400001,
                            11.299752325000043
                        ],
                        [
                            122.79728785000009,
                            11.295389730000068
                        ],
                        [
                            122.80201204000002,
                            11.276088862000051
                        ],
                        [
                            122.81057299800011,
                            11.270387572000061
                        ],
                        [
                            122.83353085200008,
                            11.282325731000071
                        ],
                        [
                            122.84463681300008,
                            11.260281296000073
                        ]
                    ]
                ]
            }
        },
        {
            "type": "Feature",
            "properties": {
                "ADM3_EN": "Ivisan",
                "ADM3_PCODE": "PH0601905",
                "ADM2_EN": "Capiz",
                "ADM2_PCODE": "PH06019",
                "ADM1_EN": "Region VI (Western Visayas)",
                "ADM1_PCODE": "PH06",
                "ADM0_EN": "Philippines (the)",
                "ADM0_PCODE": "PH",
                "date": "2022-11-09",
                "validOn": "2023-11-06",
                "validTo": null,
                "ADM3_REF": null,
                "ADM3ALT1EN": null,
                "Shape_Leng": 0.479274703933,
                "Shape_Area": 0.00479852456529,
                "AREA_SQKM": 57.9065273417,
                "psgc_id": "PH0601905",
                "psgc_code": "0601905000",
                "psgc_name": "Ivisan",
                "psgc_status": "matched",
                "match_confidence": 1.0,
                "psgc_type": "municipality",
                "match_method": "exact"
            },
            "geometry": {
                "type": "Polygon",
                "coordinates": [
                    [
                        [
                            122.66294095700005,
                            11.547459016000062
                        ],
                        [
                            122.69913722000001,
                            11.538855462000072
                        ],
                        [
                            122.70604885300008,
                            11.544401048000054
                        ],
                        [
                            122.73405786,
                            11.51672243400003
                        ],
                        [
                            122.72386234200007,
                            11.50228406900004
                        ],
                        [
                            122.72934333600006,
                            11.485576730000048
                        ],
                        [
                            122.67738159200007,
                            11.487147164000021
                        ],
                        [
                            122.67162875200006,
                            11.496656190000067
                        ],
                        [
                            122.64862300900006,
                            11.501302700000053
                        ],
                        [
                            122.63380377900012,
                            11.521672434000038
                        ],
                        [
                            122.64857375300005,
                            11.54008974800007
                        ],
                        [
                            122.64465161100009,
                            11.54920270100007
                        ],
                        [
                            122.63270667200004,
                            11.547558289000051
                        ],
                        [
                            122.6384267200001,
                            11.552248588000054
                        ],
                        [
                            122.63426498800004,
                            11.562208221000049
                        ],
                        [
                            122.64558995800007,
                            11.566684274000067
                        ],
                        [
                            122.64234543000009,
                            11.572223034000046
                        ],
                        [
                            122.6492981880001,
                            11.574145308000027
                        ],
                        [
                            122.65045138100004,
                            11.557388740000022
                        ],
                        [
                            122.66294095700005,
                            11.547459016000062
                        ]
                    ]
                ]
            }
        },
        {
            "type": "Feature",
            "properties": {
                "ADM3_EN": "Jamindan",
                "ADM3_PCODE": "PH0601906",
                "ADM2_EN": "Capiz",
                "ADM2_PCODE": "PH06019",
                "ADM1_EN": "Region VI (Western Visayas)",
                "ADM1_PCODE": "PH06",
                "ADM0_EN": "Philippines (the)",
                "ADM0_PCODE": "PH",
                "date": "2022-11-09",
                "validOn": "2023-11-06",
                "validTo": null,
                "ADM3_REF": null,
                "ADM3ALT1EN": null,
                "Shape_Leng": 1.2549093641,
                "Shape_Area": 0.0390669974995,
                "AREA_SQKM": 471.69025093,
                "psgc_id": "PH0601906",
                "psgc_code": "0601906000",
                "psgc_name": "Jamindan",
                "psgc_status": "matched",
                "match_confidence": 1.0,
                "psgc_type": "municipality",
                "match_method": "exact"
            },
            "geometry": {
                "type": "Polygon",
                "coordinates": [
                    [
                        [
                            122.53055405900011,
                            11.479562717000022
                        ],
                        [
                            122.51476890100002,
                            11.466095950000067
                        ],
                        [
                            122.53522892300009,
                            11.444116949000033
                        ],
                        [
                            122.52590477400008,
                            11.436826028000041
                        ],
                        [
                            122.53573767600005,
                            11.418087228000047
                        ],
                        [
                            122.5533776960001,
                            11.410007234000034
                        ],
                        [
                            122.5522569200001,
                            11.383939637000026
                        ],
                        [
                            122.5703913530001,
                            11.385796709000033
                        ],
                        [
                            122.59660958100005,
                            11.35665891900004
                        ],
                        [
                            122.57795500400005,
                            11.327113427000029
                        ],
                        [
                            122.56358352100006,
                            11.321692111000061
                        ],
                        [
                            122.51649192500008,
                            11.35004329000003
                        ],
                        [
                            122.36537919500006,
                            11.346649889000048
                        ],
                        [
                            122.34748638300005,
                            11.332440892000022
                        ],
                        [
                            122.31800125100006,
                            11.265489032000062
                        ],
                        [
                            122.20199034200004,
                            11.218725057000029
                        ],
                        [
                            122.21064438200005,
                            11.278133869000044
                        ],
                        [
                            122.19990772800008,
                            11.311955905000048
                        ],
                        [
                            122.2468685550001,
                            11.31767639900005
                        ],
                        [
                            122.29807632200004,
                            11.34834911400003
                        ],
                        [
                            122.33654564100004,
                            11.391278405000037
                        ],
                        [
                            122.35076840300007,
                            11.44225880600004
                        ],
                        [
                            122.3708233530001,
                            11.427646246000052
                        ],
                        [
                            122.40012524700012,
                            11.45598420600004
                        ],
                        [
                            122.40507282600004,
                            11.477684428000032
                        ],
                        [
                            122.47382091800011,
                            11.476262607000024
                        ],
                        [
                            122.48361535700008,
                            11.488979631000063
                        ],
                        [
                            122.50437050900007,
                            11.484579476000022
                        ],
                        [
                            122.53002524900012,
                            11.493157942000039
                        ],
                        [
                            122.53055405900011,
                            11.479562717000022
                        ]
                    ]
                ]
            }
        },
        {
            "type": "Feature",
            "properties": {
                "ADM3_EN": "Ma-ayon",
                "ADM3_PCODE": "PH0601907",
                "ADM2_EN": "Capiz",
                "ADM2_PCODE": "PH06019",
                "ADM1_EN": "Region VI (Western Visayas)",
                "ADM1_PCODE": "PH06",
                "ADM0_EN": "Philippines (the)",
                "ADM0_PCODE": "PH",
                "date": "2022-11-09",
                "validOn": "2023-11-06",
                "validTo": null,
                "ADM3_REF": null,
                "ADM3ALT1EN": null,
                "Shape_Leng": 0.624205673544,
                "Shape_Area": 0.0156377426821,
                "AREA_SQKM": 188.817746062,
                "psgc_id": "PH0601907",
                "psgc_code": "0601907000",
                "psgc_name": "Ma-Ayon",
                "psgc_status": "matched",
                "match_confidence": 1.0,
                "psgc_type": "municipality",
                "match_method": "exact"
            },
            "geometry": {
                "type": "Polygon",
                "coordinates": [
                    [
                        [
                            122.82438729400008,
                            11.416770301000042
                        ],
                        [
                            122.87069621800003,
                            11.378621210000063
                        ],
                        [
                            122.88400825300005,
                            11.387254633000055
                        ],
                        [
                            122.89907203500002,
                            11.38573423400004
                        ],
                        [
                            122.94080518600003,
                            11.360430154000028
                        ],
                        [
                            122.93498087000012,
                            11.329458904000035
                        ],
                        [
                            122.9455623880001,
                            11.303771814000072
                        ],
                        [
                            122.90831056000002,
                            11.291244992000031
                        ],
                        [
                            122.89465144100006,
                            11.29433141800007
                        ],
                        [
                            122.87220097900001,
                            11.281271869000022
                        ],
                        [
                            122.85358430400004,
                            11.304997418000028
                        ],
                        [
                            122.84482502700007,
                            11.30477710100007
                        ],
                        [
                            122.84098792200007,
                            11.319510691000062
                        ],
                        [
                            122.82394798500002,
                            11.328572124000061
                        ],
                        [
                            122.81273075700005,
                            11.323045654000055
                        ],
                        [
                            122.78113698100003,
                            11.328561367000077
                        ],
                        [
                            122.77758129400002,
                            11.336960960000056
                        ],
                        [
                            122.75269164000008,
                            11.344947188000049
                        ],
                        [
                            122.75762441000006,
                            11.392239094000047
                        ],
                        [
                            122.76815360000012,
                            11.400336203000052
                        ],
                        [
                            122.76001533300007,
                            11.414935251000031
                        ],
                        [
                            122.77888622500006,
                            11.407718465000073
                        ],
                        [
                            122.82438729400008,
                            11.416770301000042
                        ]
                    ]
                ]
            }
        },
        {
            "type": "Feature",
            "properties": {
                "ADM3_EN": "Mambusao",
                "ADM3_PCODE": "PH0601908",
                "ADM2_EN": "Capiz",
                "ADM2_PCODE": "PH06019",
                "ADM1_EN": "Region VI (Western Visayas)",
                "ADM1_PCODE": "PH06",
                "ADM0_EN": "Philippines (the)",
                "ADM0_PCODE": "PH",
                "date": "2022-11-09",
                "validOn": "2023-11-06",
                "validTo": null,
                "ADM3_REF": null,
                "ADM3ALT1EN": null,
                "Shape_Leng": 0.463048999634,
                "Shape_Area": 0.00851499790223,
                "AREA_SQKM": 102.786552578,
                "psgc_id": "PH0601908",
                "psgc_code": "0601908000",
                "psgc_name": "Mambusao",
                "psgc_status": "matched",
                "match_confidence": 1.0,
                "psgc_type": "municipality",
                "match_method": "exact"
            },
            "geometry": {
                "type": "Polygon",
                "coordinates": [
                    [
                        [
                            122.64412313800005,
                            11.471915632000048
                        ],
                        [
                            122.6329813960001,
                            11.451797804000023
                        ],
                        [
                            122.63469936400008,
                            11.425408636000043
                        ],
                        [
                            122.62117224400004,
                            11.41496604200006
                        ],
                        [
                            122.62458066500005,
                            11.401552106000054
                        ],
                        [
                            122.59671408400004,
                            11.374147962000052
                        ],
                        [
                            122.59660958100005,
                            11.35665891900004
                        ],
                        [
                            122.5703913530001,
                            11.385796709000033
                        ],
                        [
                            122.5522569200001,
                            11.383939637000026
                        ],
                        [
                            122.5533776960001,
                            11.410007234000034
                        ],
                        [
                            122.53573767600005,
                            11.418087228000047
                        ],
                        [
                            122.52590477400008,
                            11.436826028000041
                        ],
                        [
                            122.53522892300009,
                            11.444116949000033
                        ],
                        [
                            122.51476890100002,
                            11.466095950000067
                        ],
                        [
                            122.53055405900011,
                            11.479562717000022
                        ],
                        [
                            122.5570045180001,
                            11.465936314000032
                        ],
                        [
                            122.61910447800005,
                            11.47583542500007
                        ],
                        [
                            122.64412313800005,
                            11.471915632000048
                        ]
                    ]
                ]
            }
        },
        {
            "type": "Feature",
            "properties": {
                "ADM3_EN": "Panay",
                "ADM3_PCODE": "PH0601909",
                "ADM2_EN": "Capiz",
                "ADM2_PCODE": "PH06019",
                "ADM1_EN": "Region VI (Western Visayas)",
                "ADM1_PCODE": "PH06",
                "ADM0_EN": "Philippines (the)",
                "ADM0_PCODE": "PH",
                "date": "2022-11-09",
                "validOn": "2023-11-06",
                "validTo": null,
                "ADM3_REF": null,
                "ADM3ALT1EN": null,
                "Shape_Leng": 0.712483960298,
                "Shape_Area": 0.0109976544312,
                "AREA_SQKM": 132.707910206,
                "psgc_id": "PH0601909",
                "psgc_code": "0601909000",
                "psgc_name": "Panay",
                "psgc_status": "matched",
                "match_confidence": 1.0,
                "psgc_type": "municipality",
                "match_method": "exact"
            },
            "geometry": {
                "type": "MultiPolygon",
                "coordinates": [
                    [
                        [
                            [
                                122.82625614300002,
                                11.617516867000063
                            ],
                            [
                                122.82587543000011,
                                11.61666026100005
                            ],
                            [
                                122.82535313800008,
                                11.616913079000028
                            ],
                            [
                                122.82625614300002,
                                11.617516867000063
                            ]
                        ]
                    ],
                    [
                        [
                            [
                                122.89110078700003,
                                11.480756274000044
                            ],
                            [
                                122.86965096400002,
                                11.48975389800006
                            ],
                            [
                                122.8729773120001,
                                11.501035840000043
                            ],
                            [
                                122.86305333000007,
                                11.50779908000004
                            ],
                            [
                                122.84828868300008,
                                11.495983630000069
                            ],
                            [
                                122.8089886780001,
                                11.489994285000023
                            ],
                            [
                                122.79675145400006,
                                11.480302590000065
                            ],
                            [
                                122.78187303900006,
                                11.480439956000055
                            ],
                            [
                                122.7847119380001,
                                11.491777255000045
                            ],
                            [
                                122.77695825500007,
                                11.487934142000029
                            ],
                            [
                                122.7715829870001,
                                11.500560952000058
                            ],
                            [
                                122.76486511700011,
                                11.499233719000074
                            ],
                            [
                                122.76966630400011,
                                11.513628932000074
                            ],
                            [
                                122.78891181800009,
                                11.520322854000028
                            ],
                            [
                                122.78505674500002,
                                11.528573893000043
                            ],
                            [
                                122.77141132000008,
                                11.52709997900007
                            ],
                            [
                                122.76976595100007,
                                11.54799362500006
                            ],
                            [
                                122.80439711400004,
                                11.607069357000057
                            ],
                            [
                                122.83076463800012,
                                11.608377735000033
                            ],
                            [
                                122.82642333700005,
                                11.597318796000025
                            ],
                            [
                                122.85749059000011,
                                11.567930989000047
                            ],
                            [
                                122.86437347600008,
                                11.540742416000057
                            ],
                            [
                                122.87979227500011,
                                11.544507269000064
                            ],
                            [
                                122.93106601800002,
                                11.51614812400004
                            ],
                            [
                                122.90779727200004,
                                11.502784209000026
                            ],
                            [
                                122.89110078700003,
                                11.480756274000044
                            ]
                        ]
                    ]
                ]
            }
        },
        {
            "type": "Feature",
            "properties": {
                "ADM3_EN": "Panitan",
                "ADM3_PCODE": "PH0601910",
                "ADM2_EN": "Capiz",
                "ADM2_PCODE": "PH06019",
                "ADM1_EN": "Region VI (Western Visayas)",
                "ADM1_PCODE": "PH06",
                "ADM0_EN": "Philippines (the)",
                "ADM0_PCODE": "PH",
                "date": "2022-11-09",
                "validOn": "2023-11-06",
                "validTo": null,
                "ADM3_REF": null,
                "ADM3ALT1EN": null,
                "Shape_Leng": 0.493889845816,
                "Shape_Area": 0.00747101856188,
                "AREA_SQKM": 90.1813188702,
                "psgc_id": "PH0601910",
                "psgc_code": "0601910000",
                "psgc_name": "Panitan",
                "psgc_status": "matched",
                "match_confidence": 1.0,
                "psgc_type": "municipality",
                "match_method": "exact"
            },
            "geometry": {
                "type": "Polygon",
                "coordinates": [
                    [
                        [
                            122.7722328110001,
                            11.496678614000075
                        ],
                        [
                            122.77695825500007,
                            11.487934142000029
                        ],
                        [
                            122.78497091100007,
                            11.491466487000025
                        ],
                        [
                            122.78187303900006,
                            11.480439956000055
                        ],
                        [
                            122.80852076100007,
                            11.476041145000067
                        ],
                        [
                            122.82206162000011,
                            11.45731138900004
                        ],
                        [
                            122.82438729400008,
                            11.416770301000042
                        ],
                        [
                            122.77888622500006,
                            11.407718465000073
                        ],
                        [
                            122.76001533300007,
                            11.414935251000031
                        ],
                        [
                            122.76815360000012,
                            11.400336203000052
                        ],
                        [
                            122.75762441000006,
                            11.392239094000047
                        ],
                        [
                            122.74977930700004,
                            11.35669787200004
                        ],
                        [
                            122.74353891100009,
                            11.37014763700006
                        ],
                        [
                            122.74769270600007,
                            11.401583424000023
                        ],
                        [
                            122.72076847300002,
                            11.449548415000038
                        ],
                        [
                            122.72832691500003,
                            11.461109043000022
                        ],
                        [
                            122.72212703100001,
                            11.469034022000073
                        ],
                        [
                            122.7286701590001,
                            11.482230497000046
                        ],
                        [
                            122.74877603800007,
                            11.48105636300005
                        ],
                        [
                            122.7722328110001,
                            11.496678614000075
                        ]
                    ]
                ]
            }
        },
        {
            "type": "Feature",
            "properties": {
                "ADM3_EN": "Pilar",
                "ADM3_PCODE": "PH0601911",
                "ADM2_EN": "Capiz",
                "ADM2_PCODE": "PH06019",
                "ADM1_EN": "Region VI (Western Visayas)",
                "ADM1_PCODE": "PH06",
                "ADM0_EN": "Philippines (the)",
                "ADM0_PCODE": "PH",
                "date": "2022-11-09",
                "validOn": "2023-11-06",
                "validTo": null,
                "ADM3_REF": null,
                "ADM3ALT1EN": null,
                "Shape_Leng": 0.556896162149,
                "Shape_Area": 0.00977588719773,
                "AREA_SQKM": 117.994645578,
                "psgc_id": "PH0601911",
                "psgc_code": "0601911000",
                "psgc_name": "Pilar",
                "psgc_status": "matched",
                "match_confidence": 1.0,
                "psgc_type": "municipality",
                "match_method": "exact"
            },
            "geometry": {
                "type": "Polygon",
                "coordinates": [
                    [
                        [
                            123.0739594910001,
                            11.489770856000064
                        ],
                        [
                            123.04265864800004,
                            11.44210729100007
                        ],
                        [
                            123.0460306220001,
                            11.403829250000058
                        ],
                        [
                            123.02253487300004,
                            11.392795802000023
                        ],
                        [
                            123.01325885100005,
                            11.391617586000052
                        ],
                        [
                            122.99366094800007,
                            11.424624926000035
                        ],
                        [
                            122.95605050600011,
                            11.436052098000062
                        ],
                        [
                            122.93633219600008,
                            11.463998336000031
                        ],
                        [
                            122.94067115100006,
                            11.478410273000065
                        ],
                        [
                            122.98923268500005,
                            11.482972009000036
                        ],
                        [
                            123.09762898100007,
                            11.544387227000072
                        ],
                        [
                            123.0856191040001,
                            11.51452260800005
                        ],
                        [
                            123.075251664,
                            11.510117901000058
                        ],
                        [
                            123.0739594910001,
                            11.489770856000064
                        ]
                    ]
                ]
            }
        },
        {
            "type": "Feature",
            "properties": {
                "ADM3_EN": "Pontevedra",
                "ADM3_PCODE": "PH0601912",
                "ADM2_EN": "Capiz",
                "ADM2_PCODE": "PH06019",
                "ADM1_EN": "Region VI (Western Visayas)",
                "ADM1_PCODE": "PH06",
                "ADM0_EN": "Philippines (the)",
                "ADM0_PCODE": "PH",
                "date": "2022-11-09",
                "validOn": "2023-11-06",
                "validTo": null,
                "ADM3_REF": null,
                "ADM3ALT1EN": null,
                "Shape_Leng": 0.688168685198,
                "Shape_Area": 0.00868113408904,
                "AREA_SQKM": 104.789765925,
                "psgc_id": "PH0601912",
                "psgc_code": "0601912000",
                "psgc_name": "Pontevedra",
                "psgc_status": "matched",
                "match_confidence": 1.0,
                "psgc_type": "municipality",
                "match_method": "exact"
            },
            "geometry": {
                "type": "Polygon",
                "coordinates": [
                    [
                        [
                            122.89110078700003,
                            11.480756274000044
                        ],
                        [
                            122.89523846800012,
                            11.465465269000049
                        ],
                        [
                            122.8832240160001,
                            11.465070785000023
                        ],
                        [
                            122.8799010460001,
                            11.461829403000024
                        ],
                        [
                            122.90181968000002,
                            11.456159528000057
                        ],
                        [
                            122.89036801300006,
                            11.454301224000062
                        ],
                        [
                            122.891287884,
                            11.44651134000003
                        ],
                        [
                            122.88095674600004,
                            11.439889050000033
                        ],
                        [
                            122.89180024200004,
                            11.438746907000052
                        ],
                        [
                            122.88782776500011,
                            11.43182758100005
                        ],
                        [
                            122.90901349900003,
                            11.433490450000022
                        ],
                        [
                            122.90453540400006,
                            11.422951295000075
                        ],
                        [
                            122.91609207300007,
                            11.397690666000074
                        ],
                        [
                            122.95087891900005,
                            11.370013339000025
                        ],
                        [
                            122.94080518600003,
                            11.360430154000028
                        ],
                        [
                            122.89907203500002,
                            11.38573423400004
                        ],
                        [
                            122.88400825300005,
                            11.387254633000055
                        ],
                        [
                            122.87069621800003,
                            11.378621210000063
                        ],
                        [
                            122.82438729400008,
                            11.416770301000042
                        ],
                        [
                            122.82206162000011,
                            11.45731138900004
                        ],
                        [
                            122.79675145400006,
                            11.480302590000065
                        ],
                        [
                            122.8089886780001,
                            11.489994285000023
                        ],
                        [
                            122.84828868300008,
                            11.495983630000069
                        ],
                        [
                            122.8598117030001,
                            11.507898632000035
                        ],
                        [
                            122.8729773120001,
                            11.501035840000043
                        ],
                        [
                            122.87006833300006,
                            11.48937782300004
                        ],
                        [
                            122.89110078700003,
                            11.480756274000044
                        ]
                    ]
                ]
            }
        },
        {
            "type": "Feature",
            "properties": {
                "ADM3_EN": "President Roxas",
                "ADM3_PCODE": "PH0601913",
                "ADM2_EN": "Capiz",
                "ADM2_PCODE": "PH06019",
                "ADM1_EN": "Region VI (Western Visayas)",
                "ADM1_PCODE": "PH06",
                "ADM0_EN": "Philippines (the)",
                "ADM0_PCODE": "PH",
                "date": "2022-11-09",
                "validOn": "2023-11-06",
                "validTo": null,
                "ADM3_REF": null,
                "ADM3ALT1EN": null,
                "Shape_Leng": 0.410739301121,
                "Shape_Area": 0.0056694249509,
                "AREA_SQKM": 68.4399764039,
                "psgc_id": "PH0601913",
                "psgc_code": "0601913000",
                "psgc_name": "President Roxas",
                "psgc_status": "matched",
                "match_confidence": 1.0,
                "psgc_type": "municipality",
                "match_method": "exact"
            },
            "geometry": {
                "type": "Polygon",
                "coordinates": [
                    [
                        [
                            122.93963325200002,
                            11.47301056200007
                        ],
                        [
                            122.93633219600008,
                            11.463998336000031
                        ],
                        [
                            122.95605050600011,
                            11.436052098000062
                        ],
                        [
                            122.99366094800007,
                            11.424624926000035
                        ],
                        [
                            123.01325885100005,
                            11.391617586000052
                        ],
                        [
                            122.95087891900005,
                            11.370013339000025
                        ],
                        [
                            122.91609207300007,
                            11.397690666000074
                        ],
                        [
                            122.90356403900012,
                            11.435745416000032
                        ],
                        [
                            122.91861891700012,
                            11.453015694000044
                        ],
                        [
                            122.91578974700008,
                            11.48131363300007
                        ],
                        [
                            122.93963325200002,
                            11.47301056200007
                        ]
                    ]
                ]
            }
        },
        {
            "type": "Feature",
            "properties": {
                "ADM3_EN": "Sapi-an",
                "ADM3_PCODE": "PH0601915",
                "ADM2_EN": "Capiz",
                "ADM2_PCODE": "PH06019",
                "ADM1_EN": "Region VI (Western Visayas)",
                "ADM1_PCODE": "PH06",
                "ADM0_EN": "Philippines (the)",
                "ADM0_PCODE": "PH",
                "date": "2022-11-09",
                "validOn": "2023-11-06",
                "validTo": null,
                "ADM3_REF": null,
                "ADM3ALT1EN": null,
                "Shape_Leng": 0.528976884794,
                "Shape_Area": 0.00727650199752,
                "AREA_SQKM": 87.8156505741,
                "psgc_id": "PH0601915",
                "psgc_code": "0601915000",
                "psgc_name": "Sapi-An",
                "psgc_status": "matched",
                "match_confidence": 1.0,
                "psgc_type": "municipality",
                "match_method": "exact"
            },
            "geometry": {
                "type": "Polygon",
                "coordinates": [
                    [
                        [
                            122.63380498200002,
                            11.521670262000043
                        ],
                        [
                            122.64862300900006,
                            11.501302700000053
                        ],
                        [
                            122.67162875200006,
                            11.496656190000067
                        ],
                        [
                            122.67507819000002,
                            11.488155779000067
                        ],
                        [
                            122.66613557000005,
                            11.471374033000075
                        ],
                        [
                            122.61910447800005,
                            11.47583542500007
                        ],
                        [
                            122.5570045180001,
                            11.465936314000032
                        ],
                        [
                            122.52684610600011,
                            11.482353002000025
                        ],
                        [
                            122.52670540000008,
                            11.512783739000042
                        ],
                        [
                            122.53594172800001,
                            11.535662641000044
                        ],
                        [
                            122.55077428000004,
                            11.535207513000046
                        ],
                        [
                            122.55968268600009,
                            11.548532923000039
                        ],
                        [
                            122.57376008400001,
                            11.541323981000062
                        ],
                        [
                            122.57582129100001,
                            11.552354175000062
                        ],
                        [
                            122.58532806700009,
                            11.550253186000077
                        ],
                        [
                            122.58952874800002,
                            11.532919805000063
                        ],
                        [
                            122.57865997200008,
                            11.514487711000072
                        ],
                        [
                            122.58004795700003,
                            11.508689739000033
                        ],
                        [
                            122.59097417200007,
                            11.518523580000021
                        ],
                        [
                            122.63380498200002,
                            11.521670262000043
                        ]
                    ]
                ]
            }
        },
        {
            "type": "Feature",
            "properties": {
                "ADM3_EN": "Sigma",
                "ADM3_PCODE": "PH0601916",
                "ADM2_EN": "Capiz",
                "ADM2_PCODE": "PH06019",
                "ADM1_EN": "Region VI (Western Visayas)",
                "ADM1_PCODE": "PH06",
                "ADM0_EN": "Philippines (the)",
                "ADM0_PCODE": "PH",
                "date": "2022-11-09",
                "validOn": "2023-11-06",
                "validTo": null,
                "ADM3_REF": null,
                "ADM3ALT1EN": null,
                "Shape_Leng": 0.48997735729,
                "Shape_Area": 0.00886345318774,
                "AREA_SQKM": 106.99385557,
                "psgc_id": "PH0601916",
                "psgc_code": "0601916000",
                "psgc_name": "Sigma",
                "psgc_status": "matched",
                "match_confidence": 1.0,
                "psgc_type": "municipality",
                "match_method": "exact"
            },
            "geometry": {
                "type": "Polygon",
                "coordinates": [
                    [
                        [
                            122.72934333600006,
                            11.485576730000048
                        ],
                        [
                            122.72076847300002,
                            11.449548415000038
                        ],
                        [
                            122.73480615400001,
                            11.424047682000037
                        ],
                        [
                            122.69849083500003,
                            11.415122587000042
                        ],
                        [
                            122.68747854100002,
                            11.401819818000035
                        ],
                        [
                            122.66436994500009,
                            11.400564876000033
                        ],
                        [
                            122.64690653800005,
                            11.366854311000054
                        ],
                        [
                            122.59660958100005,
                            11.35665891900004
                        ],
                        [
                            122.59671408400004,
                            11.374147962000052
                        ],
                        [
                            122.62458066500005,
                            11.401552106000054
                        ],
                        [
                            122.62117224400004,
                            11.41496604200006
                        ],
                        [
                            122.63469936400008,
                            11.425408636000043
                        ],
                        [
                            122.6329813960001,
                            11.451797804000023
                        ],
                        [
                            122.64412313800005,
                            11.471915632000048
                        ],
                        [
                            122.66613557000005,
                            11.471374033000075
                        ],
                        [
                            122.67507819000002,
                            11.488155779000067
                        ],
                        [
                            122.72934333600006,
                            11.485576730000048
                        ]
                    ]
                ]
            }
        },
        {
            "type": "Feature",
            "properties": {
                "ADM3_EN": "Tapaz",
                "ADM3_PCODE": "PH0601917",
                "ADM2_EN": "Capiz",
                "ADM2_PCODE": "PH06019",
                "ADM1_EN": "Region VI (Western Visayas)",
                "ADM1_PCODE": "PH06",
                "ADM0_EN": "Philippines (the)",
                "ADM0_PCODE": "PH",
                "date": "2022-11-09",
                "validOn": "2023-11-06",
                "validTo": null,
                "ADM3_REF": null,
                "ADM3ALT1EN": null,
                "Shape_Leng": 1.15342139823,
                "Shape_Area": 0.0433476722785,
                "AREA_SQKM": 523.572001032,
                "psgc_id": "PH0601917",
                "psgc_code": "0601917000",
                "psgc_name": "Tapaz",
                "psgc_status": "matched",
                "match_confidence": 1.0,
                "psgc_type": "municipality",
                "match_method": "exact"
            },
            "geometry": {
                "type": "Polygon",
                "coordinates": [
                    [
                        [
                            122.56358352100006,
                            11.321692111000061
                        ],
                        [
                            122.58694647200002,
                            11.272719112000061
                        ],
                        [
                            122.57877642200003,
                            11.260291679000034
                        ],
                        [
                            122.58237676200008,
                            11.252699085000074
                        ],
                        [
                            122.55917818900002,
                            11.238335965000033
                        ],
                        [
                            122.56222738100007,
                            11.225301560000048
                        ],
                        [
                            122.5488131940001,
                            11.213711541000066
                        ],
                        [
                            122.54941549000011,
                            11.203038536000065
                        ],
                        [
                            122.5098725790001,
                            11.190354844000069
                        ],
                        [
                            122.49652668600004,
                            11.178703030000065
                        ],
                        [
                            122.45216523400006,
                            11.192964759000063
                        ],
                        [
                            122.39533271500011,
                            11.190131479000058
                        ],
                        [
                            122.32565518700005,
                            11.22494626200006
                        ],
                        [
                            122.23994482700004,
                            11.133468934000064
                        ],
                        [
                            122.21252489900007,
                            11.166055007000068
                        ],
                        [
                            122.20199034200004,
                            11.218725057000029
                        ],
                        [
                            122.31800125100006,
                            11.265489032000062
                        ],
                        [
                            122.34748638300005,
                            11.332440892000022
                        ],
                        [
                            122.36132992300008,
                            11.344895693000069
                        ],
                        [
                            122.51649192500008,
                            11.35004329000003
                        ],
                        [
                            122.56358352100006,
                            11.321692111000061
                        ]
                    ]
                ]
            }
        },
        {
            "type": "Feature",
            "properties": {
                "ADM3_EN": "Ajuy",
                "ADM3_PCODE": "PH0603001",
                "ADM2_EN": "Iloilo",
                "ADM2_PCODE": "PH06030",
                "ADM1_EN": "Region VI (Western Visayas)",
                "ADM1_PCODE": "PH06",
                "ADM0_EN": "Philippines (the)",
                "ADM0_PCODE": "PH",
                "date": "2022-11-09",
                "validOn": "2023-11-06",
                "validTo": null,
                "ADM3_REF": null,
                "ADM3ALT1EN": null,
                "Shape_Leng": 1.18203669439,
                "Shape_Area": 0.0141538670989,
                "AREA_SQKM": 171.021124157,
                "psgc_id": "PH0603001",
                "psgc_code": "0603001000",
                "psgc_name": "Ajuy",
                "psgc_status": "matched",
                "match_confidence": 1.0,
                "psgc_type": "municipality",
                "match_method": "exact"
            },
            "geometry": {
                "type": "MultiPolygon",
                "coordinates": [
                    [
                        [
                            [
                                123.04531535400008,
                                11.218387900000039
                            ],
                            [
                                123.04600772000003,
                                11.204331547000038
                            ],
                            [
                                123.06485861400006,
                                11.198070164000058
                            ],
                            [
                                123.06817658200009,
                                11.177567388000057
                            ],
                            [
                                123.07993112500003,
                                11.165078916000027
                            ],
                            [
                                123.0949213130001,
                                11.162740308000025
                            ],
                            [
                                123.09242090700002,
                                11.148055163000038
                            ],
                            [
                                123.07605895600011,
                                11.15055295600007
                            ],
                            [
                                123.07992468900011,
                                11.156414819000076
                            ],
                            [
                                123.06988278800009,
                                11.16636498500003
                            ],
                            [
                                123.04210806600008,
                                11.17180972400007
                            ],
                            [
                                123.02913282500003,
                                11.16680268500005
                            ],
                            [
                                123.01630045400009,
                                11.139809296000067
                            ],
                            [
                                123.00923620000003,
                                11.093160855000065
                            ],
                            [
                                122.98872375500002,
                                11.074565539000048
                            ],
                            [
                                122.98125494600004,
                                11.075859792000074
                            ],
                            [
                                122.98521712700006,
                                11.068154262000064
                            ],
                            [
                                122.97622848100002,
                                11.059203119000074
                            ],
                            [
                                122.97558025100011,
                                11.070109571000046
                            ],
                            [
                                122.95306932100004,
                                11.068276902000036
                            ],
                            [
                                122.94981424200012,
                                11.057473057000038
                            ],
                            [
                                122.96315655,
                                11.048002261000022
                            ],
                            [
                                122.94026522800004,
                                11.028110324000068
                            ],
                            [
                                122.93437006200008,
                                11.043658371000049
                            ],
                            [
                                122.94374534500002,
                                11.057908123000061
                            ],
                            [
                                122.92703459600011,
                                11.066499671000031
                            ],
                            [
                                122.92828720300008,
                                11.088213025000073
                            ],
                            [
                                122.94215163000001,
                                11.113617055000077
                            ],
                            [
                                122.94487095800002,
                                11.17635808700004
                            ],
                            [
                                122.95863423900005,
                                11.206835821000027
                            ],
                            [
                                123.00296724200007,
                                11.223127175000059
                            ],
                            [
                                123.04531535400008,
                                11.218387900000039
                            ]
                        ]
                    ],
                    [
                        [
                            [
                                123.04834823400006,
                                11.147672793000027
                            ],
                            [
                                123.049683619,
                                11.143471215000034
                            ],
                            [
                                123.04845021800008,
                                11.142496669000025
                            ],
                            [
                                123.04834823400006,
                                11.147672793000027
                            ]
                        ]
                    ],
                    [
                        [
                            [
                                123.13875197700008,
                                11.130984169000044
                            ],
                            [
                                123.12641337100001,
                                11.103542051000034
                            ],
                            [
                                123.12075939100009,
                                11.097954105000042
                            ],
                            [
                                123.11611571500009,
                                11.100083655000049
                            ],
                            [
                                123.11523840000007,
                                11.125561375000075
                            ],
                            [
                                123.10740089900003,
                                11.132422425000073
                            ],
                            [
                                123.1129866120001,
                                11.144117202000075
                            ],
                            [
                                123.12152752500003,
                                11.131854468000029
                            ],
                            [
                                123.13875197700008,
                                11.130984169000044
                            ]
                        ]
                    ],
                    [
                        [
                            [
                                123.04973298400012,
                                11.13310288200006
                            ],
                            [
                                123.04560968400006,
                                11.132569029000024
                            ],
                            [
                                123.04706053500001,
                                11.134949273000075
                            ],
                            [
                                123.04973298400012,
                                11.13310288200006
                            ]
                        ]
                    ],
                    [
                        [
                            [
                                123.15576895800007,
                                11.096707863000063
                            ],
                            [
                                123.15483768900003,
                                11.093817670000021
                            ],
                            [
                                123.15264001000003,
                                11.096855370000071
                            ],
                            [
                                123.15576895800007,
                                11.096707863000063
                            ]
                        ]
                    ],
                    [
                        [
                            [
                                123.02320299500002,
                                11.073376286000041
                            ],
                            [
                                123.01940600300009,
                                11.079443079000043
                            ],
                            [
                                123.01865451200001,
                                11.079548999000053
                            ],
                            [
                                123.01885933300002,
                                11.080731090000029
                            ],
                            [
                                123.02320425700009,
                                11.081144056000028
                            ],
                            [
                                123.02320299500002,
                                11.073376286000041
                            ]
                        ]
                    ],
                    [
                        [
                            [
                                123.01478879400008,
                                11.077091351000036
                            ],
                            [
                                123.01107719600009,
                                11.07371949800006
                            ],
                            [
                                123.01262726700008,
                                11.078895781000028
                            ],
                            [
                                123.01478879400008,
                                11.077091351000036
                            ]
                        ]
                    ]
                ]
            }
        },
        {
            "type": "Feature",
            "properties": {
                "ADM3_EN": "Alimodian",
                "ADM3_PCODE": "PH0603002",
                "ADM2_EN": "Iloilo",
                "ADM2_PCODE": "PH06030",
                "ADM1_EN": "Region VI (Western Visayas)",
                "ADM1_PCODE": "PH06",
                "ADM0_EN": "Philippines (the)",
                "ADM0_PCODE": "PH",
                "date": "2022-11-09",
                "validOn": "2023-11-06",
                "validTo": null,
                "ADM3_REF": null,
                "ADM3ALT1EN": null,
                "Shape_Leng": 0.626482053552,
                "Shape_Area": 0.0083667214901,
                "AREA_SQKM": 101.192135119,
                "psgc_id": "PH0603002",
                "psgc_code": "0603002000",
                "psgc_name": "Alimodian",
                "psgc_status": "matched",
                "match_confidence": 1.0,
                "psgc_type": "municipality",
                "match_method": "exact"
            },
            "geometry": {
                "type": "Polygon",
                "coordinates": [
                    [
                        [
                            122.29696678700009,
                            10.92563094600007
                        ],
                        [
                            122.32341057300005,
                            10.923148316000038
                        ],
                        [
                            122.33452698300005,
                            10.902310087000046
                        ],
                        [
                            122.3581928640001,
                            10.909957388000066
                        ],
                        [
                            122.39222621400006,
                            10.875294918000066
                        ],
                        [
                            122.40669243600007,
                            10.878080272000034
                        ],
                        [
                            122.42258032200004,
                            10.85454132500007
                        ],
                        [
                            122.4381636820001,
                            10.853802489000032
                        ],
                        [
                            122.4715444420001,
                            10.822005576000038
                        ],
                        [
                            122.44339462100004,
                            10.783590168000046
                        ],
                        [
                            122.42174680900007,
                            10.77379114300004
                        ],
                        [
                            122.41121430100009,
                            10.806970031000048
                        ],
                        [
                            122.3724826020001,
                            10.842848768000067
                        ],
                        [
                            122.35009438600002,
                            10.875641976000054
                        ],
                        [
                            122.33037208300004,
                            10.873029468000027
                        ],
                        [
                            122.32743564200007,
                            10.888205852000056
                        ],
                        [
                            122.3150015440001,
                            10.891249667000068
                        ],
                        [
                            122.30859843400003,
                            10.885126055000057
                        ],
                        [
                            122.28183826400004,
                            10.907849895000027
                        ],
                        [
                            122.29696678700009,
                            10.92563094600007
                        ]
                    ]
                ]
            }
        },
        {
            "type": "Feature",
            "properties": {
                "ADM3_EN": "Anilao",
                "ADM3_PCODE": "PH0603003",
                "ADM2_EN": "Iloilo",
                "ADM2_PCODE": "PH06030",
                "ADM1_EN": "Region VI (Western Visayas)",
                "ADM1_PCODE": "PH06",
                "ADM0_EN": "Philippines (the)",
                "ADM0_PCODE": "PH",
                "date": "2022-11-09",
                "validOn": "2023-11-06",
                "validTo": null,
                "ADM3_REF": null,
                "ADM3ALT1EN": null,
                "Shape_Leng": 0.411518793441,
                "Shape_Area": 0.00843333214674,
                "AREA_SQKM": 101.948392903,
                "psgc_id": "PH0603003",
                "psgc_code": "0603003000",
                "psgc_name": "Anilao",
                "psgc_status": "matched",
                "match_confidence": 1.0,
                "psgc_type": "municipality",
                "match_method": "exact"
            },
            "geometry": {
                "type": "Polygon",
                "coordinates": [
                    [
                        [
                            122.78205176200004,
                            11.029098583000064
                        ],
                        [
                            122.77631037000003,
                            10.96412842500007
                        ],
                        [
                            122.76209833100006,
                            10.948655578000057
                        ],
                        [
                            122.7214391760001,
                            10.944592999000065
                        ],
                        [
                            122.688600113,
                            10.952207540000074
                        ],
                        [
                            122.70369179600004,
                            11.017717214000072
                        ],
                        [
                            122.72794962000012,
                            11.05314732000005
                        ],
                        [
                            122.72330758600003,
                            11.066233553000075
                        ],
                        [
                            122.7418929690001,
                            11.077451375000066
                        ],
                        [
                            122.78205176200004,
                            11.029098583000064
                        ]
                    ]
                ]
            }
        },
        {
            "type": "Feature",
            "properties": {
                "ADM3_EN": "Badiangan",
                "ADM3_PCODE": "PH0603004",
                "ADM2_EN": "Iloilo",
                "ADM2_PCODE": "PH06030",
                "ADM1_EN": "Region VI (Western Visayas)",
                "ADM1_PCODE": "PH06",
                "ADM0_EN": "Philippines (the)",
                "ADM0_PCODE": "PH",
                "date": "2022-11-09",
                "validOn": "2023-11-06",
                "validTo": null,
                "ADM3_REF": null,
                "ADM3ALT1EN": null,
                "Shape_Leng": 0.38942822437,
                "Shape_Area": 0.0053013493417,
                "AREA_SQKM": 64.0888291446,
                "psgc_id": "PH0603004",
                "psgc_code": "0603004000",
                "psgc_name": "Badiangan",
                "psgc_status": "matched",
                "match_confidence": 1.0,
                "psgc_type": "municipality",
                "match_method": "exact"
            },
            "geometry": {
                "type": "Polygon",
                "coordinates": [
                    [
                        [
                            122.509172755,
                            11.030063325000071
                        ],
                        [
                            122.58820418100004,
                            10.996786739000072
                        ],
                        [
                            122.58705955700009,
                            10.982836237000072
                        ],
                        [
                            122.5737165700001,
                            10.97642465000007
                        ],
                        [
                            122.55575563400009,
                            10.944615741000064
                        ],
                        [
                            122.49885133200007,
                            10.980862819000038
                        ],
                        [
                            122.49073087300008,
                            10.978563270000052
                        ],
                        [
                            122.4797395490001,
                            10.995093783000073
                        ],
                        [
                            122.47620524400008,
                            11.026224881000076
                        ],
                        [
                            122.49580492300004,
                            11.023186960000032
                        ],
                        [
                            122.509172755,
                            11.030063325000071
                        ]
                    ]
                ]
            }
        },
        {
            "type": "Feature",
            "properties": {
                "ADM3_EN": "Balasan",
                "ADM3_PCODE": "PH0603005",
                "ADM2_EN": "Iloilo",
                "ADM2_PCODE": "PH06030",
                "ADM1_EN": "Region VI (Western Visayas)",
                "ADM1_PCODE": "PH06",
                "ADM0_EN": "Philippines (the)",
                "ADM0_PCODE": "PH",
                "date": "2022-11-09",
                "validOn": "2023-11-06",
                "validTo": null,
                "ADM3_REF": null,
                "ADM3ALT1EN": null,
                "Shape_Leng": 0.379572033777,
                "Shape_Area": 0.00467270984812,
                "AREA_SQKM": 56.4008788788,
                "psgc_id": "PH0603005",
                "psgc_code": "0603005000",
                "psgc_name": "Balasan",
                "psgc_status": "matched",
                "match_confidence": 1.0,
                "psgc_type": "municipality",
                "match_method": "exact"
            },
            "geometry": {
                "type": "Polygon",
                "coordinates": [
                    [
                        [
                            123.104970911,
                            11.501415756000029
                        ],
                        [
                            123.12505644900011,
                            11.491574489000072
                        ],
                        [
                            123.14046564500006,
                            11.492297675000032
                        ],
                        [
                            123.140142018,
                            11.483088225000074
                        ],
                        [
                            123.11885697900004,
                            11.472250856000073
                        ],
                        [
                            123.10535847200003,
                            11.440941624000061
                        ],
                        [
                            123.08353433100001,
                            11.429643628000065
                        ],
                        [
                            123.07509853600004,
                            11.40844244300007
                        ],
                        [
                            123.0460306220001,
                            11.403829250000058
                        ],
                        [
                            123.04265864800004,
                            11.44210729100007
                        ],
                        [
                            123.0739594910001,
                            11.489770856000064
                        ],
                        [
                            123.10549761100003,
                            11.493462195000063
                        ],
                        [
                            123.104970911,
                            11.501415756000029
                        ]
                    ]
                ]
            }
        },
        {
            "type": "Feature",
            "properties": {
                "ADM3_EN": "Banate",
                "ADM3_PCODE": "PH0603006",
                "ADM2_EN": "Iloilo",
                "ADM2_PCODE": "PH06030",
                "ADM1_EN": "Region VI (Western Visayas)",
                "ADM1_PCODE": "PH06",
                "ADM0_EN": "Philippines (the)",
                "ADM0_PCODE": "PH",
                "date": "2022-11-09",
                "validOn": "2023-11-06",
                "validTo": null,
                "ADM3_REF": null,
                "ADM3ALT1EN": null,
                "Shape_Leng": 0.447467993891,
                "Shape_Area": 0.00456436538127,
                "AREA_SQKM": 55.1704107259,
                "psgc_id": "PH0603006",
                "psgc_code": "0603006000",
                "psgc_name": "Banate",
                "psgc_status": "matched",
                "match_confidence": 1.0,
                "psgc_type": "municipality",
                "match_method": "exact"
            },
            "geometry": {
                "type": "Polygon",
                "coordinates": [
                    [
                        [
                            122.79648618700003,
                            11.059624258000042
                        ],
                        [
                            122.85463507800011,
                            10.995244997000043
                        ],
                        [
                            122.84634969900003,
                            10.990101615000071
                        ],
                        [
                            122.83151762500006,
                            11.002750107000054
                        ],
                        [
                            122.78310738800008,
                            10.988449743000047
                        ],
                        [
                            122.78205176200004,
                            11.029098583000064
                        ],
                        [
                            122.7418929690001,
                            11.077451375000066
                        ],
                        [
                            122.77129763200003,
                            11.10285768600005
                        ],
                        [
                            122.79648618700003,
                            11.059624258000042
                        ]
                    ]
                ]
            }
        },
        {
            "type": "Feature",
            "properties": {
                "ADM3_EN": "Barotac Nuevo",
                "ADM3_PCODE": "PH0603007",
                "ADM2_EN": "Iloilo",
                "ADM2_PCODE": "PH06030",
                "ADM1_EN": "Region VI (Western Visayas)",
                "ADM1_PCODE": "PH06",
                "ADM0_EN": "Philippines (the)",
                "ADM0_PCODE": "PH",
                "date": "2022-11-09",
                "validOn": "2023-11-06",
                "validTo": null,
                "ADM3_REF": null,
                "ADM3ALT1EN": null,
                "Shape_Leng": 0.598358424093,
                "Shape_Area": 0.00794228174125,
                "AREA_SQKM": 96.0415266402,
                "psgc_id": "PH0603007",
                "psgc_code": "0603007000",
                "psgc_name": "Barotac Nuevo",
                "psgc_status": "matched",
                "match_confidence": 1.0,
                "psgc_type": "municipality",
                "match_method": "exact"
            },
            "geometry": {
                "type": "Polygon",
                "coordinates": [
                    [
                        [
                            122.7620129600001,
                            10.948629856000025
                        ],
                        [
                            122.78069853800002,
                            10.925520229000028
                        ],
                        [
                            122.78903906500011,
                            10.899971404000041
                        ],
                        [
                            122.77978975500002,
                            10.890754075000075
                        ],
                        [
                            122.78468451800006,
                            10.877463113000033
                        ],
                        [
                            122.75464505700006,
                            10.876172083000029
                        ],
                        [
                            122.74747786700004,
                            10.886043560000076
                        ],
                        [
                            122.69372511400002,
                            10.870067960000029
                        ],
                        [
                            122.6899455780001,
                            10.876915146000044
                        ],
                        [
                            122.65403412300009,
                            10.854906706000065
                        ],
                        [
                            122.6633199370001,
                            10.89543480900005
                        ],
                        [
                            122.66948016700007,
                            10.904036768000026
                        ],
                        [
                            122.68366227100012,
                            10.904291715000056
                        ],
                        [
                            122.6906637830001,
                            10.919398039000043
                        ],
                        [
                            122.67034787700004,
                            10.92501973900005
                        ],
                        [
                            122.675234853,
                            10.937160387000063
                        ],
                        [
                            122.66949740400003,
                            10.942668840000067
                        ],
                        [
                            122.6864617110001,
                            10.952319393000039
                        ],
                        [
                            122.7214391760001,
                            10.944592999000065
                        ],
                        [
                            122.7620129600001,
                            10.948629856000025
                        ]
                    ]
                ]
            }
        },
        {
            "type": "Feature",
            "properties": {
                "ADM3_EN": "Barotac Viejo",
                "ADM3_PCODE": "PH0603008",
                "ADM2_EN": "Iloilo",
                "ADM2_PCODE": "PH06030",
                "ADM1_EN": "Region VI (Western Visayas)",
                "ADM1_PCODE": "PH06",
                "ADM0_EN": "Philippines (the)",
                "ADM0_PCODE": "PH",
                "date": "2022-11-09",
                "validOn": "2023-11-06",
                "validTo": null,
                "ADM3_REF": null,
                "ADM3ALT1EN": null,
                "Shape_Leng": 0.707137033426,
                "Shape_Area": 0.0149544052729,
                "AREA_SQKM": 180.728704691,
                "psgc_id": "PH0603008",
                "psgc_code": "0603008000",
                "psgc_name": "Barotac Viejo",
                "psgc_status": "matched",
                "match_confidence": 1.0,
                "psgc_type": "municipality",
                "match_method": "exact"
            },
            "geometry": {
                "type": "Polygon",
                "coordinates": [
                    [
                        [
                            122.94415528200011,
                            11.147639814000058
                        ],
                        [
                            122.94215163000001,
                            11.113617055000077
                        ],
                        [
                            122.92828720300008,
                            11.088213025000073
                        ],
                        [
                            122.92823967100003,
                            11.068365162000077
                        ],
                        [
                            122.9176920650001,
                            11.06280331000005
                        ],
                        [
                            122.91094860200008,
                            11.026642017000029
                        ],
                        [
                            122.89127300900009,
                            11.019804230000034
                        ],
                        [
                            122.88912112500009,
                            11.030489712000076
                        ],
                        [
                            122.8691387450001,
                            11.030900872000075
                        ],
                        [
                            122.85120327300001,
                            11.019120505000046
                        ],
                        [
                            122.84963945100003,
                            11.005683336000061
                        ],
                        [
                            122.79648618700003,
                            11.059624258000042
                        ],
                        [
                            122.77129763200003,
                            11.10285768600005
                        ],
                        [
                            122.86143086100003,
                            11.125122047000048
                        ],
                        [
                            122.88243614500004,
                            11.139644327000042
                        ],
                        [
                            122.883599892,
                            11.172909512000047
                        ],
                        [
                            122.94415528200011,
                            11.147639814000058
                        ]
                    ]
                ]
            }
        },
        {
            "type": "Feature",
            "properties": {
                "ADM3_EN": "Batad",
                "ADM3_PCODE": "PH0603009",
                "ADM2_EN": "Iloilo",
                "ADM2_PCODE": "PH06030",
                "ADM1_EN": "Region VI (Western Visayas)",
                "ADM1_PCODE": "PH06",
                "ADM0_EN": "Philippines (the)",
                "ADM0_PCODE": "PH",
                "date": "2022-11-09",
                "validOn": "2023-11-06",
                "validTo": null,
                "ADM3_REF": null,
                "ADM3ALT1EN": null,
                "Shape_Leng": 0.423762904164,
                "Shape_Area": 0.00372508316636,
                "AREA_SQKM": 44.9709674291,
                "psgc_id": "PH0603009",
                "psgc_code": "0603009000",
                "psgc_name": "Batad",
                "psgc_status": "matched",
                "match_confidence": 1.0,
                "psgc_type": "municipality",
                "match_method": "exact"
            },
            "geometry": {
                "type": "MultiPolygon",
                "coordinates": [
                    [
                        [
                            [
                                123.10535847200003,
                                11.440941624000061
                            ],
                            [
                                123.10348056700002,
                                11.429452396000045
                            ],
                            [
                                123.11509773500006,
                                11.42155792400007
                            ],
                            [
                                123.13394687400012,
                                11.423275447000037
                            ],
                            [
                                123.1285561300001,
                                11.413537827000027
                            ],
                            [
                                123.14667767500009,
                                11.401306658000067
                            ],
                            [
                                123.14619518600011,
                                11.390686479000067
                            ],
                            [
                                123.14765918700004,
                                11.390128564000065
                            ],
                            [
                                123.14905426300004,
                                11.39234900100007
                            ],
                            [
                                123.15150783600006,
                                11.393205374000047
                            ],
                            [
                                123.14739263600006,
                                11.37641926300006
                            ],
                            [
                                123.08521408600006,
                                11.387633332000064
                            ],
                            [
                                123.04968908,
                                11.380960075000075
                            ],
                            [
                                123.03508955900008,
                                11.395186328000023
                            ],
                            [
                                123.07509853600004,
                                11.40844244300007
                            ],
                            [
                                123.08353433100001,
                                11.429643628000065
                            ],
                            [
                                123.10535847200003,
                                11.440941624000061
                            ]
                        ]
                    ],
                    [
                        [
                            [
                                123.14495233200012,
                                11.412030252000022
                            ],
                            [
                                123.14221193800006,
                                11.410309
                            ],
                            [
                                123.14211469000008,
                                11.413461703000053
                            ],
                            [
                                123.14495233200012,
                                11.412030252000022
                            ]
                        ]
                    ],
                    [
                        [
                            [
                                123.147693967,
                                11.401632879000033
                            ],
                            [
                                123.14753748400005,
                                11.401096685000027
                            ],
                            [
                                123.1470518970001,
                                11.401479321000068
                            ],
                            [
                                123.147693967,
                                11.401632879000033
                            ]
                        ]
                    ],
                    [
                        [
                            [
                                123.16401028200005,
                                11.387987444000032
                            ],
                            [
                                123.16050406000011,
                                11.387175239000044
                            ],
                            [
                                123.15742163000004,
                                11.387756425000077
                            ],
                            [
                                123.16401028200005,
                                11.387987444000032
                            ]
                        ]
                    ]
                ]
            }
        },
        {
            "type": "Feature",
            "properties": {
                "ADM3_EN": "Bingawan",
                "ADM3_PCODE": "PH0603010",
                "ADM2_EN": "Iloilo",
                "ADM2_PCODE": "PH06030",
                "ADM1_EN": "Region VI (Western Visayas)",
                "ADM1_PCODE": "PH06",
                "ADM0_EN": "Philippines (the)",
                "ADM0_PCODE": "PH",
                "date": "2022-11-09",
                "validOn": "2023-11-06",
                "validTo": null,
                "ADM3_REF": null,
                "ADM3ALT1EN": null,
                "Shape_Leng": 0.542435259871,
                "Shape_Area": 0.00473402675222,
                "AREA_SQKM": 57.1891134515,
                "psgc_id": "PH0603010",
                "psgc_code": "0603010000",
                "psgc_name": "Bingawan",
                "psgc_status": "matched",
                "match_confidence": 1.0,
                "psgc_type": "municipality",
                "match_method": "exact"
            },
            "geometry": {
                "type": "MultiPolygon",
                "coordinates": [
                    [
                        [
                            [
                                122.6154183110001,
                                11.235971931000051
                            ],
                            [
                                122.59018977000005,
                                11.21848078000005
                            ],
                            [
                                122.57990972700009,
                                11.194634094000037
                            ],
                            [
                                122.58834050300004,
                                11.149004176000062
                            ],
                            [
                                122.56314845500003,
                                11.149744122000072
                            ],
                            [
                                122.53529896600003,
                                11.18843634600006
                            ],
                            [
                                122.56161820300008,
                                11.223807459000056
                            ],
                            [
                                122.55917818900002,
                                11.238335965000033
                            ],
                            [
                                122.56985758100006,
                                11.240112657000054
                            ],
                            [
                                122.58343452000008,
                                11.257957322000038
                            ],
                            [
                                122.6328990720001,
                                11.266594956000063
                            ],
                            [
                                122.6154183110001,
                                11.235971931000051
                            ]
                        ]
                    ],
                    [
                        [
                            [
                                122.49649422300001,
                                11.17989624300003
                            ],
                            [
                                122.50157411300006,
                                11.182746060000056
                            ],
                            [
                                122.52229765300001,
                                11.17481349700006
                            ],
                            [
                                122.5114928810001,
                                11.174994583000057
                            ],
                            [
                                122.49649422300001,
                                11.17989624300003
                            ]
                        ]
                    ]
                ]
            }
        },
        {
            "type": "Feature",
            "properties": {
                "ADM3_EN": "Cabatuan",
                "ADM3_PCODE": "PH0603012",
                "ADM2_EN": "Iloilo",
                "ADM2_PCODE": "PH06030",
                "ADM1_EN": "Region VI (Western Visayas)",
                "ADM1_PCODE": "PH06",
                "ADM0_EN": "Philippines (the)",
                "ADM0_PCODE": "PH",
                "date": "2022-11-09",
                "validOn": "2023-11-06",
                "validTo": null,
                "ADM3_REF": null,
                "ADM3ALT1EN": null,
                "Shape_Leng": 0.393832898971,
                "Shape_Area": 0.00860009223703,
                "AREA_SQKM": 104.005537087,
                "psgc_id": "PH0603012",
                "psgc_code": "0603012000",
                "psgc_name": "Cabatuan",
                "psgc_status": "matched",
                "match_confidence": 1.0,
                "psgc_type": "municipality",
                "match_method": "exact"
            },
            "geometry": {
                "type": "Polygon",
                "coordinates": [
                    [
                        [
                            122.54956293300006,
                            10.925426867000056
                        ],
                        [
                            122.55290737100006,
                            10.902585066000029
                        ],
                        [
                            122.49873452100007,
                            10.816729203000023
                        ],
                        [
                            122.471846206,
                            10.819745302000058
                        ],
                        [
                            122.43279846000007,
                            10.853781155000036
                        ],
                        [
                            122.48247053500006,
                            10.944372977000057
                        ],
                        [
                            122.54956293300006,
                            10.925426867000056
                        ]
                    ]
                ]
            }
        },
        {
            "type": "Feature",
            "properties": {
                "ADM3_EN": "Calinog",
                "ADM3_PCODE": "PH0603013",
                "ADM2_EN": "Iloilo",
                "ADM2_PCODE": "PH06030",
                "ADM1_EN": "Region VI (Western Visayas)",
                "ADM1_PCODE": "PH06",
                "ADM0_EN": "Philippines (the)",
                "ADM0_PCODE": "PH",
                "date": "2022-11-09",
                "validOn": "2023-11-06",
                "validTo": null,
                "ADM3_REF": null,
                "ADM3ALT1EN": null,
                "Shape_Leng": 0.590018477336,
                "Shape_Area": 0.0111495450817,
                "AREA_SQKM": 134.716944748,
                "psgc_id": "PH0603013",
                "psgc_code": "0603013000",
                "psgc_name": "Calinog",
                "psgc_status": "matched",
                "match_confidence": 1.0,
                "psgc_type": "municipality",
                "match_method": "exact"
            },
            "geometry": {
                "type": "Polygon",
                "coordinates": [
                    [
                        [
                            122.53623969700004,
                            11.197048702000075
                        ],
                        [
                            122.53529896600003,
                            11.18843634600006
                        ],
                        [
                            122.56314845500003,
                            11.149744122000072
                        ],
                        [
                            122.58834050300004,
                            11.149004176000062
                        ],
                        [
                            122.5819368550001,
                            11.100808271000062
                        ],
                        [
                            122.56985859100007,
                            11.091807834000065
                        ],
                        [
                            122.54616553300002,
                            11.108365633000062
                        ],
                        [
                            122.54407570700005,
                            11.10289904900003
                        ],
                        [
                            122.51006973300002,
                            11.113964530000032
                        ],
                        [
                            122.48036072400009,
                            11.130821728000058
                        ],
                        [
                            122.46035292200008,
                            11.124767656000074
                        ],
                        [
                            122.42438218100006,
                            11.12796828200004
                        ],
                        [
                            122.39533271500011,
                            11.190131479000058
                        ],
                        [
                            122.45216523400006,
                            11.192964759000063
                        ],
                        [
                            122.52229137400002,
                            11.174787180000067
                        ],
                        [
                            122.50157411300006,
                            11.182746060000056
                        ],
                        [
                            122.53623969700004,
                            11.197048702000075
                        ]
                    ]
                ]
            }
        },
        {
            "type": "Feature",
            "properties": {
                "ADM3_EN": "Carles",
                "ADM3_PCODE": "PH0603014",
                "ADM2_EN": "Iloilo",
                "ADM2_PCODE": "PH06030",
                "ADM1_EN": "Region VI (Western Visayas)",
                "ADM1_PCODE": "PH06",
                "ADM0_EN": "Philippines (the)",
                "ADM0_PCODE": "PH",
                "date": "2022-11-09",
                "validOn": "2023-11-06",
                "validTo": null,
                "ADM3_REF": null,
                "ADM3ALT1EN": null,
                "Shape_Leng": 1.9085074821,
                "Shape_Area": 0.00855908420879,
                "AREA_SQKM": 103.286967137,
                "psgc_id": "PH0603014",
                "psgc_code": "0603014000",
                "psgc_name": "Carles",
                "psgc_status": "matched",
                "match_confidence": 1.0,
                "psgc_type": "municipality",
                "match_method": "exact"
            },
            "geometry": {
                "type": "MultiPolygon",
                "coordinates": [
                    [
                        [
                            [
                                123.34876473100007,
                                11.60605329200007
                            ],
                            [
                                123.34086494000007,
                                11.63066582600004
                            ],
                            [
                                123.35771573700004,
                                11.638825179000037
                            ],
                            [
                                123.3598157350001,
                                11.633237687000076
                            ],
                            [
                                123.34876473100007,
                                11.60605329200007
                            ]
                        ]
                    ],
                    [
                        [
                            [
                                123.37270908500011,
                                11.637231520000057
                            ],
                            [
                                123.37121688900004,
                                11.637765870000067
                            ],
                            [
                                123.37236775600002,
                                11.638274711000065
                            ],
                            [
                                123.37270908500011,
                                11.637231520000057
                            ]
                        ]
                    ],
                    [
                        [
                            [
                                123.36036858200009,
                                11.60972657000002
                            ],
                            [
                                123.36204618700003,
                                11.609551019000037
                            ],
                            [
                                123.36015958200005,
                                11.608703207000076
                            ],
                            [
                                123.36036858200009,
                                11.60972657000002
                            ]
                        ]
                    ],
                    [
                        [
                            [
                                123.17877704700004,
                                11.60419476800007
                            ],
                            [
                                123.1784193950001,
                                11.60273742000004
                            ],
                            [
                                123.17769901500003,
                                11.603865058000054
                            ],
                            [
                                123.17877704700004,
                                11.60419476800007
                            ]
                        ]
                    ],
                    [
                        [
                            [
                                123.33194805300002,
                                11.572770089000073
                            ],
                            [
                                123.321144419,
                                11.587398776000043
                            ],
                            [
                                123.3288660500001,
                                11.59804516500003
                            ],
                            [
                                123.34556116200008,
                                11.592769387000033
                            ],
                            [
                                123.3564911840001,
                                11.600682367000047
                            ],
                            [
                                123.35556835400007,
                                11.585062142000027
                            ],
                            [
                                123.34542205600007,
                                11.588955957000053
                            ],
                            [
                                123.33194805300002,
                                11.572770089000073
                            ]
                        ]
                    ],
                    [
                        [
                            [
                                123.13096017100008,
                                11.498255362000066
                            ],
                            [
                                123.104970911,
                                11.501415756000029
                            ],
                            [
                                123.10549761100003,
                                11.493462195000063
                            ],
                            [
                                123.0739594910001,
                                11.489770856000064
                            ],
                            [
                                123.075251664,
                                11.510117901000058
                            ],
                            [
                                123.0856191040001,
                                11.51452260800005
                            ],
                            [
                                123.09762898100007,
                                11.544387227000072
                            ],
                            [
                                123.1311897170001,
                                11.571077584000022
                            ],
                            [
                                123.14915425100003,
                                11.59802038500004
                            ],
                            [
                                123.14553745800004,
                                11.586903262000021
                            ],
                            [
                                123.16282832900004,
                                11.567166286000031
                            ],
                            [
                                123.16233462000002,
                                11.556440666000071
                            ],
                            [
                                123.14952169300011,
                                11.547922972000038
                            ],
                            [
                                123.13654391600005,
                                11.50650207800004
                            ],
                            [
                                123.13103239800012,
                                11.51860984800004
                            ],
                            [
                                123.1203874690001,
                                11.524460290000036
                            ],
                            [
                                123.11743646900004,
                                11.511942103000024
                            ],
                            [
                                123.13096017100008,
                                11.498255362000066
                            ]
                        ]
                    ],
                    [
                        [
                            [
                                123.21835735400009,
                                11.587910475000058
                            ],
                            [
                                123.20340811000005,
                                11.585381608000034
                            ],
                            [
                                123.20859589100007,
                                11.593008397000062
                            ],
                            [
                                123.21835735400009,
                                11.587910475000058
                            ]
                        ]
                    ],
                    [
                        [
                            [
                                123.28083371500009,
                                11.57608057300007
                            ],
                            [
                                123.27708382100002,
                                11.585688436000055
                            ],
                            [
                                123.27825668100002,
                                11.588897068000051
                            ],
                            [
                                123.28242232500008,
                                11.581631342000037
                            ],
                            [
                                123.28083371500009,
                                11.57608057300007
                            ]
                        ]
                    ],
                    [
                        [
                            [
                                123.3581846410001,
                                11.570544837000057
                            ],
                            [
                                123.35717809700009,
                                11.571178024000062
                            ],
                            [
                                123.36087741000006,
                                11.573729482000033
                            ],
                            [
                                123.3581846410001,
                                11.570544837000057
                            ]
                        ]
                    ],
                    [
                        [
                            [
                                123.34896067700004,
                                11.570465821000028
                            ],
                            [
                                123.34734871700005,
                                11.564873697000053
                            ],
                            [
                                123.34848280400001,
                                11.570953014000054
                            ],
                            [
                                123.34896067700004,
                                11.570465821000028
                            ]
                        ]
                    ],
                    [
                        [
                            [
                                123.2392566210001,
                                11.560378829000058
                            ],
                            [
                                123.22565492800004,
                                11.545091371000069
                            ],
                            [
                                123.23336954500007,
                                11.558657819000075
                            ],
                            [
                                123.2392566210001,
                                11.560378829000058
                            ]
                        ]
                    ],
                    [
                        [
                            [
                                123.3447702840001,
                                11.55667425400003
                            ],
                            [
                                123.34682016900001,
                                11.555966216000058
                            ],
                            [
                                123.34527026300009,
                                11.554525283000032
                            ],
                            [
                                123.3447702840001,
                                11.55667425400003
                            ]
                        ]
                    ],
                    [
                        [
                            [
                                123.19322996800008,
                                11.543863834000035
                            ],
                            [
                                123.1941607650001,
                                11.542630203000044
                            ],
                            [
                                123.19335406400012,
                                11.542131330000075
                            ],
                            [
                                123.19322996800008,
                                11.543863834000035
                            ]
                        ]
                    ],
                    [
                        [
                            [
                                123.19563393400006,
                                11.537791742000024
                            ],
                            [
                                123.20070435700006,
                                11.534552696000048
                            ],
                            [
                                123.1970740810001,
                                11.52832118200007
                            ],
                            [
                                123.1933628050001,
                                11.529322670000056
                            ],
                            [
                                123.19218082400005,
                                11.529076787000065
                            ],
                            [
                                123.19200025300006,
                                11.529228372000034
                            ],
                            [
                                123.19563393400006,
                                11.537791742000024
                            ]
                        ]
                    ],
                    [
                        [
                            [
                                123.16086280000002,
                                11.491034737000064
                            ],
                            [
                                123.1545652750001,
                                11.491954556000053
                            ],
                            [
                                123.16231763700011,
                                11.497993707000035
                            ],
                            [
                                123.16652014800002,
                                11.523455615000046
                            ],
                            [
                                123.18013646400004,
                                11.525286552000068
                            ],
                            [
                                123.1879561510001,
                                11.537770985000066
                            ],
                            [
                                123.19140106000009,
                                11.524778740000045
                            ],
                            [
                                123.1960483680001,
                                11.525321746000031
                            ],
                            [
                                123.19097797800009,
                                11.51214652300007
                            ],
                            [
                                123.17572078900002,
                                11.511053817000061
                            ],
                            [
                                123.16086280000002,
                                11.491034737000064
                            ]
                        ]
                    ],
                    [
                        [
                            [
                                123.13837025200007,
                                11.501443791000042
                            ],
                            [
                                123.1227993440001,
                                11.511594393000053
                            ],
                            [
                                123.12389156000006,
                                11.518863605000035
                            ],
                            [
                                123.13837025200007,
                                11.501443791000042
                            ]
                        ]
                    ],
                    [
                        [
                            [
                                123.19824639500007,
                                11.51630577900005
                            ],
                            [
                                123.19736657600004,
                                11.517086492000033
                            ],
                            [
                                123.1979776930001,
                                11.51752834000007
                            ],
                            [
                                123.19824639500007,
                                11.51630577900005
                            ]
                        ]
                    ],
                    [
                        [
                            [
                                123.19892660300002,
                                11.466322694000041
                            ],
                            [
                                123.19090375000007,
                                11.478222849000076
                            ],
                            [
                                123.20441622300007,
                                11.490864367000029
                            ],
                            [
                                123.1986462860001,
                                11.503453878000073
                            ],
                            [
                                123.21844375100011,
                                11.50951744300005
                            ],
                            [
                                123.226038947,
                                11.495580210000071
                            ],
                            [
                                123.22830902200008,
                                11.515484829000059
                            ],
                            [
                                123.23382804000005,
                                11.513861772000041
                            ],
                            [
                                123.23936216800007,
                                11.50718108600006
                            ],
                            [
                                123.2352480610001,
                                11.464933044000077
                            ],
                            [
                                123.21758926300004,
                                11.459712139000032
                            ],
                            [
                                123.19892660300002,
                                11.466322694000041
                            ]
                        ]
                    ],
                    [
                        [
                            [
                                123.18298640800003,
                                11.500584309000033
                            ],
                            [
                                123.184426346,
                                11.501311030000068
                            ],
                            [
                                123.18404950900003,
                                11.500860440000054
                            ],
                            [
                                123.18298640800003,
                                11.500584309000033
                            ]
                        ]
                    ],
                    [
                        [
                            [
                                123.17314896100004,
                                11.493406359000062
                            ],
                            [
                                123.17990080900006,
                                11.495695782000041
                            ],
                            [
                                123.17341813700011,
                                11.491273429000046
                            ],
                            [
                                123.17314896100004,
                                11.493406359000062
                            ]
                        ]
                    ],
                    [
                        [
                            [
                                123.18456905100004,
                                11.495035857000062
                            ],
                            [
                                123.18512010900008,
                                11.49621759200005
                            ],
                            [
                                123.1856108930001,
                                11.496021102000043
                            ],
                            [
                                123.18456905100004,
                                11.495035857000062
                            ]
                        ]
                    ],
                    [
                        [
                            [
                                123.184889397,
                                11.476587952000045
                            ],
                            [
                                123.18052565000005,
                                11.482790145000024
                            ],
                            [
                                123.19085850800002,
                                11.494601979000038
                            ],
                            [
                                123.19622335100007,
                                11.487932200000046
                            ],
                            [
                                123.184889397,
                                11.476587952000045
                            ]
                        ]
                    ],
                    [
                        [
                            [
                                123.18563242500011,
                                11.49184745100007
                            ],
                            [
                                123.18135649900012,
                                11.492737801000033
                            ],
                            [
                                123.18606860000011,
                                11.493373224000038
                            ],
                            [
                                123.18563242500011,
                                11.49184745100007
                            ]
                        ]
                    ],
                    [
                        [
                            [
                                123.25030083200011,
                                11.484770180000055
                            ],
                            [
                                123.25887074100001,
                                11.486617544000069
                            ],
                            [
                                123.25694442300005,
                                11.484507128000075
                            ],
                            [
                                123.25030083200011,
                                11.484770180000055
                            ]
                        ]
                    ],
                    [
                        [
                            [
                                123.197380543,
                                11.487870868000073
                            ],
                            [
                                123.19690314600007,
                                11.488216499000032
                            ],
                            [
                                123.19746296700009,
                                11.488031170000056
                            ],
                            [
                                123.197380543,
                                11.487870868000073
                            ]
                        ]
                    ],
                    [
                        [
                            [
                                123.18594271200004,
                                11.474963372000047
                            ],
                            [
                                123.19108555100001,
                                11.469327355000075
                            ],
                            [
                                123.18524573200011,
                                11.470500149000031
                            ],
                            [
                                123.18594271200004,
                                11.474963372000047
                            ]
                        ]
                    ],
                    [
                        [
                            [
                                123.25069067200002,
                                11.423429531000068
                            ],
                            [
                                123.24280165000005,
                                11.453727936000064
                            ],
                            [
                                123.25038208,
                                11.466419354000038
                            ],
                            [
                                123.27345014200012,
                                11.456877723000048
                            ],
                            [
                                123.27737396400005,
                                11.446605505000036
                            ],
                            [
                                123.26145747900011,
                                11.42356378200003
                            ],
                            [
                                123.25069067200002,
                                11.423429531000068
                            ]
                        ]
                    ],
                    [
                        [
                            [
                                123.2818119430001,
                                11.458137618000023
                            ],
                            [
                                123.28422983300004,
                                11.455252496000071
                            ],
                            [
                                123.27783564900005,
                                11.455822653000041
                            ],
                            [
                                123.2818119430001,
                                11.458137618000023
                            ]
                        ]
                    ]
                ]
            }
        },
        {
            "type": "Feature",
            "properties": {
                "ADM3_EN": "Concepcion",
                "ADM3_PCODE": "PH0603015",
                "ADM2_EN": "Iloilo",
                "ADM2_PCODE": "PH06030",
                "ADM1_EN": "Region VI (Western Visayas)",
                "ADM1_PCODE": "PH06",
                "ADM0_EN": "Philippines (the)",
                "ADM0_PCODE": "PH",
                "date": "2022-11-09",
                "validOn": "2023-11-06",
                "validTo": null,
                "ADM3_REF": null,
                "ADM3ALT1EN": null,
                "Shape_Leng": 1.37604795601,
                "Shape_Area": 0.00756432496212,
                "AREA_SQKM": 91.3768757693,
                "psgc_id": "PH0603015",
                "psgc_code": "0603015000",
                "psgc_name": "Concepcion",
                "psgc_status": "matched",
                "match_confidence": 1.0,
                "psgc_type": "municipality",
                "match_method": "exact"
            },
            "geometry": {
                "type": "MultiPolygon",
                "coordinates": [
                    [
                        [
                            [
                                123.18090076700003,
                                11.32480905400007
                            ],
                            [
                                123.17925800800003,
                                11.324693062000051
                            ],
                            [
                                123.18075470000008,
                                11.325652943000023
                            ],
                            [
                                123.18090076700003,
                                11.32480905400007
                            ]
                        ]
                    ],
                    [
                        [
                            [
                                123.18129952900006,
                                11.324745116000031
                            ],
                            [
                                123.1810518420001,
                                11.32499176400006
                            ],
                            [
                                123.18130097500011,
                                11.32512058900005
                            ],
                            [
                                123.18129952900006,
                                11.324745116000031
                            ]
                        ]
                    ],
                    [
                        [
                            [
                                123.17840283200007,
                                11.315709316000039
                            ],
                            [
                                123.17521037000006,
                                11.320140951000042
                            ],
                            [
                                123.18117202100007,
                                11.31967140200004
                            ],
                            [
                                123.17840283200007,
                                11.315709316000039
                            ]
                        ]
                    ],
                    [
                        [
                            [
                                123.16989455500004,
                                11.314297475000046
                            ],
                            [
                                123.16874234600004,
                                11.314825728000073
                            ],
                            [
                                123.17031963600004,
                                11.315338350000047
                            ],
                            [
                                123.16989455500004,
                                11.314297475000046
                            ]
                        ]
                    ],
                    [
                        [
                            [
                                123.14969876000009,
                                11.247398876000034
                            ],
                            [
                                123.15607562700006,
                                11.277352319000045
                            ],
                            [
                                123.15661008600011,
                                11.311957433000032
                            ],
                            [
                                123.17075528600003,
                                11.309400975000074
                            ],
                            [
                                123.1713421710001,
                                11.299445511000044
                            ],
                            [
                                123.18047005500011,
                                11.306103331000031
                            ],
                            [
                                123.19319308100012,
                                11.294729458000063
                            ],
                            [
                                123.16844799400008,
                                11.272246254000038
                            ],
                            [
                                123.16661250800007,
                                11.254120486000033
                            ],
                            [
                                123.15935664200003,
                                11.25933466400005
                            ],
                            [
                                123.15669308300005,
                                11.251540189000025
                            ],
                            [
                                123.14969876000009,
                                11.247398876000034
                            ]
                        ]
                    ],
                    [
                        [
                            [
                                123.1539162360001,
                                11.304282110000031
                            ],
                            [
                                123.15310045900003,
                                11.304446788000064
                            ],
                            [
                                123.15345885400006,
                                11.304889378000041
                            ],
                            [
                                123.1539162360001,
                                11.304282110000031
                            ]
                        ]
                    ],
                    [
                        [
                            [
                                123.12100950800004,
                                11.213546553000072
                            ],
                            [
                                123.1232354230001,
                                11.23656605800005
                            ],
                            [
                                123.13463671400007,
                                11.246194788000025
                            ],
                            [
                                123.1329835900001,
                                11.26460634800003
                            ],
                            [
                                123.145248422,
                                11.266381835000061
                            ],
                            [
                                123.13471709600003,
                                11.223383482000031
                            ],
                            [
                                123.12100950800004,
                                11.213546553000072
                            ]
                        ]
                    ],
                    [
                        [
                            [
                                123.17246220800007,
                                11.25977632200005
                            ],
                            [
                                123.17958648100011,
                                11.263388012000064
                            ],
                            [
                                123.17617297900006,
                                11.256416602000058
                            ],
                            [
                                123.17246220800007,
                                11.25977632200005
                            ]
                        ]
                    ],
                    [
                        [
                            [
                                123.09487916500007,
                                11.242902901000036
                            ],
                            [
                                123.093650582,
                                11.224157681000065
                            ],
                            [
                                123.1163938840001,
                                11.213078216000042
                            ],
                            [
                                123.1278840440001,
                                11.181555994000064
                            ],
                            [
                                123.12127665500009,
                                11.164694573000077
                            ],
                            [
                                123.10393543700002,
                                11.155882982000037
                            ],
                            [
                                123.08486346000007,
                                11.17457139000004
                            ],
                            [
                                123.06817658200009,
                                11.177567388000057
                            ],
                            [
                                123.06485861400006,
                                11.198070164000058
                            ],
                            [
                                123.04600772000003,
                                11.204331547000038
                            ],
                            [
                                123.04531535400008,
                                11.218387900000039
                            ],
                            [
                                123.0579915720001,
                                11.227684280000062
                            ],
                            [
                                123.06009624100011,
                                11.25888703000004
                            ],
                            [
                                123.09487916500007,
                                11.242902901000036
                            ]
                        ]
                    ],
                    [
                        [
                            [
                                123.21450842400009,
                                11.24974977900007
                            ],
                            [
                                123.21368296100002,
                                11.235508038000035
                            ],
                            [
                                123.19832350000001,
                                11.235394295000049
                            ],
                            [
                                123.20189932100004,
                                11.245348368000066
                            ],
                            [
                                123.21450842400009,
                                11.24974977900007
                            ]
                        ]
                    ],
                    [
                        [
                            [
                                123.19591880300004,
                                11.237435263000066
                            ],
                            [
                                123.1948774230001,
                                11.236013413000023
                            ],
                            [
                                123.19490800100004,
                                11.238413826000055
                            ],
                            [
                                123.19591880300004,
                                11.237435263000066
                            ]
                        ]
                    ],
                    [
                        [
                            [
                                123.15548869500003,
                                11.233413118000044
                            ],
                            [
                                123.16212771000005,
                                11.229307794000022
                            ],
                            [
                                123.15494270300007,
                                11.22881338700006
                            ],
                            [
                                123.15548869500003,
                                11.233413118000044
                            ]
                        ]
                    ],
                    [
                        [
                            [
                                123.19259944200007,
                                11.226999118000037
                            ],
                            [
                                123.19739020600002,
                                11.227556940000056
                            ],
                            [
                                123.19593853200001,
                                11.223986221000075
                            ],
                            [
                                123.19259944200007,
                                11.226999118000037
                            ]
                        ]
                    ],
                    [
                        [
                            [
                                123.17273213600004,
                                11.192994541000076
                            ],
                            [
                                123.16235416200004,
                                11.194898727000066
                            ],
                            [
                                123.15672519200007,
                                11.211124874000063
                            ],
                            [
                                123.16694822800002,
                                11.223108641000067
                            ],
                            [
                                123.18958383400002,
                                11.220002951000026
                            ],
                            [
                                123.17273213600004,
                                11.192994541000076
                            ]
                        ]
                    ],
                    [
                        [
                            [
                                123.339139036,
                                11.19780238900006
                            ],
                            [
                                123.34156725600008,
                                11.20060281000002
                            ],
                            [
                                123.34057470200003,
                                11.197841706000077
                            ],
                            [
                                123.339139036,
                                11.19780238900006
                            ]
                        ]
                    ],
                    [
                        [
                            [
                                123.1562883250001,
                                11.178130298000042
                            ],
                            [
                                123.15594898400002,
                                11.182546393000052
                            ],
                            [
                                123.1582850740001,
                                11.184969228000057
                            ],
                            [
                                123.15832917000012,
                                11.187066210000069
                            ],
                            [
                                123.15899765800009,
                                11.188199059000056
                            ],
                            [
                                123.159856439,
                                11.18911836500007
                            ],
                            [
                                123.1562883250001,
                                11.178130298000042
                            ]
                        ]
                    ],
                    [
                        [
                            [
                                123.17568220100009,
                                11.18638919500006
                            ],
                            [
                                123.17654180800002,
                                11.183388841000067
                            ],
                            [
                                123.17269610700009,
                                11.186498337000046
                            ],
                            [
                                123.17568220100009,
                                11.18638919500006
                            ]
                        ]
                    ],
                    [
                        [
                            [
                                123.16808011700004,
                                11.180574643000057
                            ],
                            [
                                123.16980952200004,
                                11.181003739000062
                            ],
                            [
                                123.16910088300006,
                                11.179756867000037
                            ],
                            [
                                123.16808011700004,
                                11.180574643000057
                            ]
                        ]
                    ],
                    [
                        [
                            [
                                123.13875197700008,
                                11.130984169000044
                            ],
                            [
                                123.12152752500003,
                                11.131854468000029
                            ],
                            [
                                123.11362358600002,
                                11.145673362000025
                            ],
                            [
                                123.15185467600008,
                                11.152548983000031
                            ],
                            [
                                123.15238630100009,
                                11.142141724000055
                            ],
                            [
                                123.14637369600007,
                                11.143915767000067
                            ],
                            [
                                123.13875197700008,
                                11.130984169000044
                            ]
                        ]
                    ]
                ]
            }
        },
        {
            "type": "Feature",
            "properties": {
                "ADM3_EN": "Dingle",
                "ADM3_PCODE": "PH0603016",
                "ADM2_EN": "Iloilo",
                "ADM2_PCODE": "PH06030",
                "ADM1_EN": "Region VI (Western Visayas)",
                "ADM1_PCODE": "PH06",
                "ADM0_EN": "Philippines (the)",
                "ADM0_PCODE": "PH",
                "date": "2022-11-09",
                "validOn": "2023-11-06",
                "validTo": null,
                "ADM3_REF": null,
                "ADM3ALT1EN": null,
                "Shape_Leng": 0.509245932839,
                "Shape_Area": 0.00814740127206,
                "AREA_SQKM": 98.4885555209,
                "psgc_id": "PH0603016",
                "psgc_code": "0603016000",
                "psgc_name": "Dingle",
                "psgc_status": "matched",
                "match_confidence": 1.0,
                "psgc_type": "municipality",
                "match_method": "exact"
            },
            "geometry": {
                "type": "Polygon",
                "coordinates": [
                    [
                        [
                            122.72330758600003,
                            11.066233553000075
                        ],
                        [
                            122.72794962000012,
                            11.05314732000005
                        ],
                        [
                            122.70369179600004,
                            11.017717214000072
                        ],
                        [
                            122.68416621900008,
                            10.946863471000029
                        ],
                        [
                            122.67141171100002,
                            10.944213103000038
                        ],
                        [
                            122.65137226800005,
                            10.953453196000055
                        ],
                        [
                            122.64679631900003,
                            10.978392392000046
                        ],
                        [
                            122.63347555700011,
                            10.993491061000043
                        ],
                        [
                            122.58947564300001,
                            10.997019524000052
                        ],
                        [
                            122.60414761900006,
                            11.009583478000025
                        ],
                        [
                            122.61452465700006,
                            11.035637412000028
                        ],
                        [
                            122.62839812800007,
                            11.043526024000073
                        ],
                        [
                            122.66223197300008,
                            11.044786059000046
                        ],
                        [
                            122.69212559000005,
                            11.066770595000037
                        ],
                        [
                            122.72330758600003,
                            11.066233553000075
                        ]
                    ]
                ]
            }
        },
        {
            "type": "Feature",
            "properties": {
                "ADM3_EN": "Dueñas",
                "ADM3_PCODE": "PH0603017",
                "ADM2_EN": "Iloilo",
                "ADM2_PCODE": "PH06030",
                "ADM1_EN": "Region VI (Western Visayas)",
                "ADM1_PCODE": "PH06",
                "ADM0_EN": "Philippines (the)",
                "ADM0_PCODE": "PH",
                "date": "2022-11-09",
                "validOn": "2023-11-06",
                "validTo": null,
                "ADM3_REF": "Duenas",
                "ADM3ALT1EN": null,
                "Shape_Leng": 0.459557115373,
                "Shape_Area": 0.00761881584215,
                "AREA_SQKM": 92.0853713718,
                "psgc_id": "PH0603017",
                "psgc_code": "0603017000",
                "psgc_name": "Dueñas",
                "psgc_status": "matched",
                "match_confidence": 1.0,
                "psgc_type": "municipality",
                "match_method": "exact"
            },
            "geometry": {
                "type": "Polygon",
                "coordinates": [
                    [
                        [
                            122.57470402000001,
                            11.093692529000066
                        ],
                        [
                            122.61047832600002,
                            11.093686344000048
                        ],
                        [
                            122.65555744900007,
                            11.066102339000054
                        ],
                        [
                            122.63796020000007,
                            11.042171407000069
                        ],
                        [
                            122.61452465700006,
                            11.035637412000028
                        ],
                        [
                            122.60414761900006,
                            11.009583478000025
                        ],
                        [
                            122.58758593700009,
                            10.996587136000073
                        ],
                        [
                            122.55977484300001,
                            11.010378728000035
                        ],
                        [
                            122.54887656800008,
                            11.039658203000045
                        ],
                        [
                            122.5289402620001,
                            11.05737147900004
                        ],
                        [
                            122.53779316100008,
                            11.060500213000068
                        ],
                        [
                            122.53506983200009,
                            11.091251606000071
                        ],
                        [
                            122.54616553300002,
                            11.108365633000062
                        ],
                        [
                            122.57470402000001,
                            11.093692529000066
                        ]
                    ]
                ]
            }
        },
        {
            "type": "Feature",
            "properties": {
                "ADM3_EN": "Dumangas",
                "ADM3_PCODE": "PH0603018",
                "ADM2_EN": "Iloilo",
                "ADM2_PCODE": "PH06030",
                "ADM1_EN": "Region VI (Western Visayas)",
                "ADM1_PCODE": "PH06",
                "ADM0_EN": "Philippines (the)",
                "ADM0_PCODE": "PH",
                "date": "2022-11-09",
                "validOn": "2023-11-06",
                "validTo": null,
                "ADM3_REF": null,
                "ADM3ALT1EN": null,
                "Shape_Leng": 0.618546362883,
                "Shape_Area": 0.00984299000092,
                "AREA_SQKM": 119.05462611,
                "psgc_id": "PH0603018",
                "psgc_code": "0603018000",
                "psgc_name": "Dumangas",
                "psgc_status": "matched",
                "match_confidence": 1.0,
                "psgc_type": "municipality",
                "match_method": "exact"
            },
            "geometry": {
                "type": "Polygon",
                "coordinates": [
                    [
                        [
                            122.78075898000009,
                            10.87622103900003
                        ],
                        [
                            122.78382215900001,
                            10.856399944000032
                        ],
                        [
                            122.76339378600005,
                            10.844830509000076
                        ],
                        [
                            122.76208993000012,
                            10.821362591000025
                        ],
                        [
                            122.72800832400003,
                            10.78245886600007
                        ],
                        [
                            122.70836142900009,
                            10.774456221000037
                        ],
                        [
                            122.69432559900008,
                            10.790520513000047
                        ],
                        [
                            122.6692047460001,
                            10.796692664000034
                        ],
                        [
                            122.66523003200007,
                            10.780578890000072
                        ],
                        [
                            122.6567036880001,
                            10.804070504000038
                        ],
                        [
                            122.6416239780001,
                            10.80418400800005
                        ],
                        [
                            122.64842745600004,
                            10.813876826000069
                        ],
                        [
                            122.64095345700002,
                            10.815815388000033
                        ],
                        [
                            122.63958130100002,
                            10.82859098800003
                        ],
                        [
                            122.65057687600006,
                            10.832319445000053
                        ],
                        [
                            122.64805904900004,
                            10.840192032000061
                        ],
                        [
                            122.65550462300007,
                            10.840635869000039
                        ],
                        [
                            122.64858418500012,
                            10.846353585000031
                        ],
                        [
                            122.66221465800004,
                            10.863126727000065
                        ],
                        [
                            122.68064810900012,
                            10.865963303000058
                        ],
                        [
                            122.6899455780001,
                            10.876915146000044
                        ],
                        [
                            122.69372511400002,
                            10.870067960000029
                        ],
                        [
                            122.74747786700004,
                            10.886043560000076
                        ],
                        [
                            122.75416257800009,
                            10.876295820000053
                        ],
                        [
                            122.78075898000009,
                            10.87622103900003
                        ]
                    ]
                ]
            }
        },
        {
            "type": "Feature",
            "properties": {
                "ADM3_EN": "Estancia",
                "ADM3_PCODE": "PH0603019",
                "ADM2_EN": "Iloilo",
                "ADM2_PCODE": "PH06030",
                "ADM1_EN": "Region VI (Western Visayas)",
                "ADM1_PCODE": "PH06",
                "ADM0_EN": "Philippines (the)",
                "ADM0_PCODE": "PH",
                "date": "2022-11-09",
                "validOn": "2023-11-06",
                "validTo": null,
                "ADM3_REF": null,
                "ADM3ALT1EN": null,
                "Shape_Leng": 0.389904380221,
                "Shape_Area": 0.0023827683474,
                "AREA_SQKM": 28.760815643,
                "psgc_id": "PH0603019",
                "psgc_code": "0603019000",
                "psgc_name": "Estancia",
                "psgc_status": "matched",
                "match_confidence": 1.0,
                "psgc_type": "municipality",
                "match_method": "exact"
            },
            "geometry": {
                "type": "MultiPolygon",
                "coordinates": [
                    [
                        [
                            [
                                123.13394687400012,
                                11.423275447000037
                            ],
                            [
                                123.11998161500003,
                                11.419323064000025
                            ],
                            [
                                123.10348056700002,
                                11.429452396000045
                            ],
                            [
                                123.1082964310001,
                                11.452242393000063
                            ],
                            [
                                123.11885697900004,
                                11.472250856000073
                            ],
                            [
                                123.15353926900002,
                                11.48691343300004
                            ],
                            [
                                123.16518584900007,
                                11.468090162000067
                            ],
                            [
                                123.16410467100002,
                                11.46570697900006
                            ],
                            [
                                123.16334818100006,
                                11.468726033000053
                            ],
                            [
                                123.16041686900007,
                                11.470288204000042
                            ],
                            [
                                123.15980675300011,
                                11.470108285000038
                            ],
                            [
                                123.153813925,
                                11.443026845000077
                            ],
                            [
                                123.14127133500006,
                                11.438533550000045
                            ],
                            [
                                123.13394687400012,
                                11.423275447000037
                            ]
                        ]
                    ],
                    [
                        [
                            [
                                123.17114076100006,
                                11.466478062000022
                            ],
                            [
                                123.173100352,
                                11.456902103000061
                            ],
                            [
                                123.16437784200002,
                                11.463091108000071
                            ],
                            [
                                123.17114076100006,
                                11.466478062000022
                            ]
                        ]
                    ],
                    [
                        [
                            [
                                123.18690434500002,
                                11.439181607000023
                            ],
                            [
                                123.17999720000012,
                                11.424531414000057
                            ],
                            [
                                123.17914788900009,
                                11.424929733000056
                            ],
                            [
                                123.17616702100008,
                                11.429571355000064
                            ],
                            [
                                123.17752463500005,
                                11.432964002000062
                            ],
                            [
                                123.18690434500002,
                                11.439181607000023
                            ]
                        ]
                    ],
                    [
                        [
                            [
                                123.1690254020001,
                                11.437760405000063
                            ],
                            [
                                123.16650089600012,
                                11.438197948000038
                            ],
                            [
                                123.16600612000002,
                                11.438096200000075
                            ],
                            [
                                123.16658509800004,
                                11.43852036800007
                            ],
                            [
                                123.1690254020001,
                                11.437760405000063
                            ]
                        ]
                    ],
                    [
                        [
                            [
                                123.15926613900001,
                                11.437395890000062
                            ],
                            [
                                123.1578964040001,
                                11.438436081000077
                            ],
                            [
                                123.1595029130001,
                                11.438127803000043
                            ],
                            [
                                123.15926613900001,
                                11.437395890000062
                            ]
                        ]
                    ],
                    [
                        [
                            [
                                123.1727349140001,
                                11.437937419000036
                            ],
                            [
                                123.17572003100008,
                                11.435952392000047
                            ],
                            [
                                123.17361080600006,
                                11.435154127000033
                            ],
                            [
                                123.1727349140001,
                                11.437937419000036
                            ]
                        ]
                    ],
                    [
                        [
                            [
                                123.18033081800002,
                                11.423705919000042
                            ],
                            [
                                123.179442676,
                                11.423148751000042
                            ],
                            [
                                123.17960456000003,
                                11.423705046000066
                            ],
                            [
                                123.18033081800002,
                                11.423705919000042
                            ]
                        ]
                    ]
                ]
            }
        },
        {
            "type": "Feature",
            "properties": {
                "ADM3_EN": "Guimbal",
                "ADM3_PCODE": "PH0603020",
                "ADM2_EN": "Iloilo",
                "ADM2_PCODE": "PH06030",
                "ADM1_EN": "Region VI (Western Visayas)",
                "ADM1_PCODE": "PH06",
                "ADM0_EN": "Philippines (the)",
                "ADM0_PCODE": "PH",
                "date": "2022-11-09",
                "validOn": "2023-11-06",
                "validTo": null,
                "ADM3_REF": null,
                "ADM3ALT1EN": null,
                "Shape_Leng": 0.338864951105,
                "Shape_Area": 0.00357756562491,
                "AREA_SQKM": 43.2918440899,
                "psgc_id": "PH0603020",
                "psgc_code": "0603020000",
                "psgc_name": "Guimbal",
                "psgc_status": "matched",
                "match_confidence": 1.0,
                "psgc_type": "municipality",
                "match_method": "exact"
            },
            "geometry": {
                "type": "Polygon",
                "coordinates": [
                    [
                        [
                            122.32971721900003,
                            10.724687540000048
                        ],
                        [
                            122.33253852000007,
                            10.688921528000037
                        ],
                        [
                            122.34751428300001,
                            10.670451075000074
                        ],
                        [
                            122.33544124700006,
                            10.669565736000038
                        ],
                        [
                            122.3222524140001,
                            10.655819278000024
                        ],
                        [
                            122.27888024600009,
                            10.65884507000004
                        ],
                        [
                            122.27335144000006,
                            10.675363355000059
                        ],
                        [
                            122.29844572800005,
                            10.698435605000043
                        ],
                        [
                            122.29173898400006,
                            10.72243300100007
                        ],
                        [
                            122.30246013800001,
                            10.738547647000075
                        ],
                        [
                            122.29577018500004,
                            10.747713464000071
                        ],
                        [
                            122.305122417,
                            10.751347829000053
                        ],
                        [
                            122.31142995100004,
                            10.736628820000021
                        ],
                        [
                            122.32971721900003,
                            10.724687540000048
                        ]
                    ]
                ]
            }
        },
        {
            "type": "Feature",
            "properties": {
                "ADM3_EN": "Igbaras",
                "ADM3_PCODE": "PH0603021",
                "ADM2_EN": "Iloilo",
                "ADM2_PCODE": "PH06030",
                "ADM1_EN": "Region VI (Western Visayas)",
                "ADM1_PCODE": "PH06",
                "ADM0_EN": "Philippines (the)",
                "ADM0_PCODE": "PH",
                "date": "2022-11-09",
                "validOn": "2023-11-06",
                "validTo": null,
                "ADM3_REF": null,
                "ADM3ALT1EN": null,
                "Shape_Leng": 0.520427567007,
                "Shape_Area": 0.0108727451848,
                "AREA_SQKM": 131.54403408,
                "psgc_id": "PH0603021",
                "psgc_code": "0603021000",
                "psgc_name": "Igbaras",
                "psgc_status": "matched",
                "match_confidence": 1.0,
                "psgc_type": "municipality",
                "match_method": "exact"
            },
            "geometry": {
                "type": "Polygon",
                "coordinates": [
                    [
                        [
                            122.28741411700003,
                            10.76655442200007
                        ],
                        [
                            122.30246013800001,
                            10.738547647000075
                        ],
                        [
                            122.29173898400006,
                            10.72243300100007
                        ],
                        [
                            122.29844572800005,
                            10.698435605000043
                        ],
                        [
                            122.28100073100006,
                            10.679179177000037
                        ],
                        [
                            122.27335144000006,
                            10.675363355000059
                        ],
                        [
                            122.23588792500004,
                            10.692702264000047
                        ],
                        [
                            122.23540595800011,
                            10.70236172400007
                        ],
                        [
                            122.21835487900012,
                            10.714220286000057
                        ],
                        [
                            122.22046592100003,
                            10.724271173000034
                        ],
                        [
                            122.21015374100011,
                            10.725948130000063
                        ],
                        [
                            122.2082590660001,
                            10.753286225000068
                        ],
                        [
                            122.17497210800002,
                            10.75599618900003
                        ],
                        [
                            122.2010034760001,
                            10.83468597500007
                        ],
                        [
                            122.24338613400005,
                            10.824868561000073
                        ],
                        [
                            122.25312829300003,
                            10.811278023000057
                        ],
                        [
                            122.25047755300011,
                            10.798643912000045
                        ],
                        [
                            122.28741411700003,
                            10.76655442200007
                        ]
                    ]
                ]
            }
        },
        {
            "type": "Feature",
            "properties": {
                "ADM3_EN": "Janiuay",
                "ADM3_PCODE": "PH0603023",
                "ADM2_EN": "Iloilo",
                "ADM2_PCODE": "PH06030",
                "ADM1_EN": "Region VI (Western Visayas)",
                "ADM1_PCODE": "PH06",
                "ADM0_EN": "Philippines (the)",
                "ADM0_PCODE": "PH",
                "date": "2022-11-09",
                "validOn": "2023-11-06",
                "validTo": null,
                "ADM3_REF": null,
                "ADM3ALT1EN": null,
                "Shape_Leng": 0.667681166397,
                "Shape_Area": 0.0151257614757,
                "AREA_SQKM": 182.854713709,
                "psgc_id": "PH0603023",
                "psgc_code": "0603023000",
                "psgc_name": "Janiuay",
                "psgc_status": "matched",
                "match_confidence": 1.0,
                "psgc_type": "municipality",
                "match_method": "exact"
            },
            "geometry": {
                "type": "Polygon",
                "coordinates": [
                    [
                        [
                            122.47620524400008,
                            11.026224881000076
                        ],
                        [
                            122.4797395490001,
                            10.995093783000073
                        ],
                        [
                            122.49073087300008,
                            10.978563270000052
                        ],
                        [
                            122.49885133200007,
                            10.980862819000038
                        ],
                        [
                            122.55575563400009,
                            10.944615741000064
                        ],
                        [
                            122.55446582700006,
                            10.925370834000034
                        ],
                        [
                            122.51852351800005,
                            10.930201572000044
                        ],
                        [
                            122.39575940400005,
                            10.972851599000023
                        ],
                        [
                            122.33478410600003,
                            10.97970491500007
                        ],
                        [
                            122.31916906800006,
                            10.989741434000052
                        ],
                        [
                            122.32373918400003,
                            11.015286657000047
                        ],
                        [
                            122.30845735200012,
                            11.047318527000073
                        ],
                        [
                            122.37700033600004,
                            11.05813446600007
                        ],
                        [
                            122.42066683500002,
                            11.036662127000056
                        ],
                        [
                            122.47620524400008,
                            11.026224881000076
                        ]
                    ]
                ]
            }
        },
        {
            "type": "Feature",
            "properties": {
                "ADM3_EN": "Lambunao",
                "ADM3_PCODE": "PH0603025",
                "ADM2_EN": "Iloilo",
                "ADM2_PCODE": "PH06030",
                "ADM1_EN": "Region VI (Western Visayas)",
                "ADM1_PCODE": "PH06",
                "ADM0_EN": "Philippines (the)",
                "ADM0_PCODE": "PH",
                "date": "2022-11-09",
                "validOn": "2023-11-06",
                "validTo": null,
                "ADM3_REF": null,
                "ADM3ALT1EN": null,
                "Shape_Leng": 0.951967678337,
                "Shape_Area": 0.0335692736685,
                "AREA_SQKM": 405.665735026,
                "psgc_id": "PH0603025",
                "psgc_code": "0603025000",
                "psgc_name": "Lambunao",
                "psgc_status": "matched",
                "match_confidence": 1.0,
                "psgc_type": "municipality",
                "match_method": "exact"
            },
            "geometry": {
                "type": "Polygon",
                "coordinates": [
                    [
                        [
                            122.39533271500011,
                            11.190131479000058
                        ],
                        [
                            122.42438218100006,
                            11.12796828200004
                        ],
                        [
                            122.46035292200008,
                            11.124767656000074
                        ],
                        [
                            122.48036072400009,
                            11.130821728000058
                        ],
                        [
                            122.54407570700005,
                            11.10289904900003
                        ],
                        [
                            122.53506983200009,
                            11.091251606000071
                        ],
                        [
                            122.53779316100008,
                            11.060500213000068
                        ],
                        [
                            122.5289402620001,
                            11.05737147900004
                        ],
                        [
                            122.54887656800008,
                            11.039658203000045
                        ],
                        [
                            122.56485552100003,
                            11.00974012200004
                        ],
                        [
                            122.509172755,
                            11.030063325000071
                        ],
                        [
                            122.49386617100004,
                            11.023186961000022
                        ],
                        [
                            122.42066683500002,
                            11.036662127000056
                        ],
                        [
                            122.37700033600004,
                            11.05813446600007
                        ],
                        [
                            122.30845735200012,
                            11.047318527000073
                        ],
                        [
                            122.23994482700004,
                            11.133468934000064
                        ],
                        [
                            122.32565518700005,
                            11.22494626200006
                        ],
                        [
                            122.39533271500011,
                            11.190131479000058
                        ]
                    ]
                ]
            }
        },
        {
            "type": "Feature",
            "properties": {
                "ADM3_EN": "Leganes",
                "ADM3_PCODE": "PH0603026",
                "ADM2_EN": "Iloilo",
                "ADM2_PCODE": "PH06030",
                "ADM1_EN": "Region VI (Western Visayas)",
                "ADM1_PCODE": "PH06",
                "ADM0_EN": "Philippines (the)",
                "ADM0_PCODE": "PH",
                "date": "2022-11-09",
                "validOn": "2023-11-06",
                "validTo": null,
                "ADM3_REF": null,
                "ADM3ALT1EN": null,
                "Shape_Leng": 0.335521259154,
                "Shape_Area": 0.00260730383551,
                "AREA_SQKM": 31.540847222,
                "psgc_id": "PH0603026",
                "psgc_code": "0603026000",
                "psgc_name": "Leganes",
                "psgc_status": "matched",
                "match_confidence": 1.0,
                "psgc_type": "municipality",
                "match_method": "exact"
            },
            "geometry": {
                "type": "Polygon",
                "coordinates": [
                    [
                        [
                            122.64438839400009,
                            10.77449075100003
                        ],
                        [
                            122.63757260700004,
                            10.771868200000029
                        ],
                        [
                            122.63231534200008,
                            10.782608456000048
                        ],
                        [
                            122.62134038900001,
                            10.779467497000041
                        ],
                        [
                            122.59546991600007,
                            10.76020042600004
                        ],
                        [
                            122.56033278900009,
                            10.787321203000033
                        ],
                        [
                            122.55763282500004,
                            10.798529563000045
                        ],
                        [
                            122.58288151200009,
                            10.813217591000068
                        ],
                        [
                            122.60869177300003,
                            10.815239673000065
                        ],
                        [
                            122.60803696000005,
                            10.806436226000073
                        ],
                        [
                            122.62261702700005,
                            10.808522175000064
                        ],
                        [
                            122.61817361100009,
                            10.796700298000076
                        ],
                        [
                            122.63079568600006,
                            10.799934991000043
                        ],
                        [
                            122.63160982300008,
                            10.792451451000034
                        ],
                        [
                            122.64512660000003,
                            10.79167013500006
                        ],
                        [
                            122.64438839400009,
                            10.77449075100003
                        ]
                    ]
                ]
            }
        },
        {
            "type": "Feature",
            "properties": {
                "ADM3_EN": "Lemery",
                "ADM3_PCODE": "PH0603027",
                "ADM2_EN": "Iloilo",
                "ADM2_PCODE": "PH06030",
                "ADM1_EN": "Region VI (Western Visayas)",
                "ADM1_PCODE": "PH06",
                "ADM0_EN": "Philippines (the)",
                "ADM0_PCODE": "PH",
                "date": "2022-11-09",
                "validOn": "2023-11-06",
                "validTo": null,
                "ADM3_REF": null,
                "ADM3ALT1EN": null,
                "Shape_Leng": 0.504615621231,
                "Shape_Area": 0.0123763770762,
                "AREA_SQKM": 149.501465975,
                "psgc_id": "PH0603027",
                "psgc_code": "0603027000",
                "psgc_name": "Lemery",
                "psgc_status": "matched",
                "match_confidence": 1.0,
                "psgc_type": "municipality",
                "match_method": "exact"
            },
            "geometry": {
                "type": "Polygon",
                "coordinates": [
                    [
                        [
                            122.96610502800002,
                            11.212485507000054
                        ],
                        [
                            122.94487095800002,
                            11.17635808700004
                        ],
                        [
                            122.94415528200011,
                            11.147639814000058
                        ],
                        [
                            122.90835641400008,
                            11.158755112000051
                        ],
                        [
                            122.85030390400004,
                            11.190994010000054
                        ],
                        [
                            122.87307868500011,
                            11.237048511000069
                        ],
                        [
                            122.86666002000004,
                            11.252520134000065
                        ],
                        [
                            122.85512057300002,
                            11.255937846000052
                        ],
                        [
                            122.88212543600002,
                            11.288357523000059
                        ],
                        [
                            122.95046717600007,
                            11.308114451000051
                        ],
                        [
                            122.95399576700004,
                            11.294635654000047
                        ],
                        [
                            122.94425722200003,
                            11.276664526000047
                        ],
                        [
                            122.96777066100003,
                            11.263024581000025
                        ],
                        [
                            122.96610502800002,
                            11.212485507000054
                        ]
                    ]
                ]
            }
        },
        {
            "type": "Feature",
            "properties": {
                "ADM3_EN": "Leon",
                "ADM3_PCODE": "PH0603028",
                "ADM2_EN": "Iloilo",
                "ADM2_PCODE": "PH06030",
                "ADM1_EN": "Region VI (Western Visayas)",
                "ADM1_PCODE": "PH06",
                "ADM0_EN": "Philippines (the)",
                "ADM0_PCODE": "PH",
                "date": "2022-11-09",
                "validOn": "2023-11-06",
                "validTo": null,
                "ADM3_REF": null,
                "ADM3ALT1EN": null,
                "Shape_Leng": 0.588434915227,
                "Shape_Area": 0.0115021547331,
                "AREA_SQKM": 139.127283994,
                "psgc_id": "PH0603028",
                "psgc_code": "0603028000",
                "psgc_name": "Leon",
                "psgc_status": "matched",
                "match_confidence": 1.0,
                "psgc_type": "municipality",
                "match_method": "exact"
            },
            "geometry": {
                "type": "Polygon",
                "coordinates": [
                    [
                        [
                            122.42174680900007,
                            10.77379114300004
                        ],
                        [
                            122.41339046900009,
                            10.767767932000027
                        ],
                        [
                            122.42013729500002,
                            10.758870542000068
                        ],
                        [
                            122.39448486000003,
                            10.747254800000064
                        ],
                        [
                            122.36546591900003,
                            10.762010059000033
                        ],
                        [
                            122.33978157600006,
                            10.764935578000063
                        ],
                        [
                            122.31247732200006,
                            10.829523496000036
                        ],
                        [
                            122.27468088700005,
                            10.844044581000048
                        ],
                        [
                            122.2582748420001,
                            10.860611470000038
                        ],
                        [
                            122.2648694290001,
                            10.87685667200003
                        ],
                        [
                            122.26061267900002,
                            10.895246205000035
                        ],
                        [
                            122.28086203700002,
                            10.892336224000076
                        ],
                        [
                            122.28652241400005,
                            10.90452010000007
                        ],
                        [
                            122.30859843400003,
                            10.885126055000057
                        ],
                        [
                            122.3150015440001,
                            10.891249667000068
                        ],
                        [
                            122.32743564200007,
                            10.888205852000056
                        ],
                        [
                            122.33037208300004,
                            10.873029468000027
                        ],
                        [
                            122.34805593700003,
                            10.877534058000037
                        ],
                        [
                            122.41121430100009,
                            10.806970031000048
                        ],
                        [
                            122.42174680900007,
                            10.77379114300004
                        ]
                    ]
                ]
            }
        },
        {
            "type": "Feature",
            "properties": {
                "ADM3_EN": "Maasin",
                "ADM3_PCODE": "PH0603029",
                "ADM2_EN": "Iloilo",
                "ADM2_PCODE": "PH06030",
                "ADM1_EN": "Region VI (Western Visayas)",
                "ADM1_PCODE": "PH06",
                "ADM0_EN": "Philippines (the)",
                "ADM0_PCODE": "PH",
                "date": "2022-11-09",
                "validOn": "2023-11-06",
                "validTo": null,
                "ADM3_REF": null,
                "ADM3ALT1EN": null,
                "Shape_Leng": 0.561203548009,
                "Shape_Area": 0.0124770863055,
                "AREA_SQKM": 150.869755638,
                "psgc_id": "PH0603029",
                "psgc_code": "0603029000",
                "psgc_name": "Maasin",
                "psgc_status": "matched",
                "match_confidence": 1.0,
                "psgc_type": "municipality",
                "match_method": "exact"
            },
            "geometry": {
                "type": "Polygon",
                "coordinates": [
                    [
                        [
                            122.48247053500006,
                            10.944372977000057
                        ],
                        [
                            122.45777145600005,
                            10.88915372200006
                        ],
                        [
                            122.42986526900006,
                            10.850701387000072
                        ],
                        [
                            122.40669243600007,
                            10.878080272000034
                        ],
                        [
                            122.39222621400006,
                            10.875294918000066
                        ],
                        [
                            122.3581928640001,
                            10.909957388000066
                        ],
                        [
                            122.33452698300005,
                            10.902310087000046
                        ],
                        [
                            122.32341057300005,
                            10.923148316000038
                        ],
                        [
                            122.31378798100002,
                            10.925611699000058
                        ],
                        [
                            122.32460083100011,
                            10.940627788000029
                        ],
                        [
                            122.3135689720001,
                            10.968411927000034
                        ],
                        [
                            122.31916906800006,
                            10.989741434000052
                        ],
                        [
                            122.339587832,
                            10.977463176000072
                        ],
                        [
                            122.39575940400005,
                            10.972851599000023
                        ],
                        [
                            122.48247053500006,
                            10.944372977000057
                        ]
                    ]
                ]
            }
        },
        {
            "type": "Feature",
            "properties": {
                "ADM3_EN": "Miagao",
                "ADM3_PCODE": "PH0603030",
                "ADM2_EN": "Iloilo",
                "ADM2_PCODE": "PH06030",
                "ADM1_EN": "Region VI (Western Visayas)",
                "ADM1_PCODE": "PH06",
                "ADM0_EN": "Philippines (the)",
                "ADM0_PCODE": "PH",
                "date": "2022-11-09",
                "validOn": "2023-11-06",
                "validTo": null,
                "ADM3_REF": null,
                "ADM3ALT1EN": null,
                "Shape_Leng": 0.570194572007,
                "Shape_Area": 0.0140481763265,
                "AREA_SQKM": 169.99988766,
                "psgc_id": "PH0603030",
                "psgc_code": "0603030000",
                "psgc_name": "Miagao",
                "psgc_status": "matched",
                "match_confidence": 1.0,
                "psgc_type": "municipality",
                "match_method": "exact"
            },
            "geometry": {
                "type": "Polygon",
                "coordinates": [
                    [
                        [
                            122.27335144000006,
                            10.675363355000059
                        ],
                        [
                            122.27972926600012,
                            10.65820850600005
                        ],
                        [
                            122.25756992100003,
                            10.65139557200007
                        ],
                        [
                            122.24921673500012,
                            10.63632774100006
                        ],
                        [
                            122.2072880820001,
                            10.638708763000068
                        ],
                        [
                            122.16948842400006,
                            10.608792587000039
                        ],
                        [
                            122.14987160300007,
                            10.626970845000073
                        ],
                        [
                            122.13823852400003,
                            10.66307286500006
                        ],
                        [
                            122.09472650600003,
                            10.699596017000033
                        ],
                        [
                            122.15394495400005,
                            10.751227345000075
                        ],
                        [
                            122.2082590660001,
                            10.753286225000068
                        ],
                        [
                            122.21015374100011,
                            10.725948130000063
                        ],
                        [
                            122.22046592100003,
                            10.724271173000034
                        ],
                        [
                            122.22281693600007,
                            10.707671252000068
                        ],
                        [
                            122.23540595800011,
                            10.70236172400007
                        ],
                        [
                            122.23588792500004,
                            10.692702264000047
                        ],
                        [
                            122.27335144000006,
                            10.675363355000059
                        ]
                    ]
                ]
            }
        },
        {
            "type": "Feature",
            "properties": {
                "ADM3_EN": "Mina",
                "ADM3_PCODE": "PH0603031",
                "ADM2_EN": "Iloilo",
                "ADM2_PCODE": "PH06030",
                "ADM1_EN": "Region VI (Western Visayas)",
                "ADM1_PCODE": "PH06",
                "ADM0_EN": "Philippines (the)",
                "ADM0_PCODE": "PH",
                "date": "2022-11-09",
                "validOn": "2023-11-06",
                "validTo": null,
                "ADM3_REF": null,
                "ADM3ALT1EN": null,
                "Shape_Leng": 0.306685608953,
                "Shape_Area": 0.00325866826936,
                "AREA_SQKM": 39.4025457392,
                "psgc_id": "PH0603031",
                "psgc_code": "0603031000",
                "psgc_name": "Mina",
                "psgc_status": "matched",
                "match_confidence": 1.0,
                "psgc_type": "municipality",
                "match_method": "exact"
            },
            "geometry": {
                "type": "Polygon",
                "coordinates": [
                    [
                        [
                            122.5796392960001,
                            10.975847740000063
                        ],
                        [
                            122.58747068800005,
                            10.967437731000075
                        ],
                        [
                            122.58274866400006,
                            10.96115618600004
                        ],
                        [
                            122.6048556080001,
                            10.960466503000077
                        ],
                        [
                            122.59392788200012,
                            10.950391722000063
                        ],
                        [
                            122.59275410400005,
                            10.93617008700005
                        ],
                        [
                            122.61636344400006,
                            10.922271711000064
                        ],
                        [
                            122.60522019400003,
                            10.894738979000067
                        ],
                        [
                            122.59015149200002,
                            10.902757051000037
                        ],
                        [
                            122.58116077900002,
                            10.893370319000041
                        ],
                        [
                            122.55290737100006,
                            10.902585066000029
                        ],
                        [
                            122.54932281700007,
                            10.924008209000021
                        ],
                        [
                            122.55648109700007,
                            10.947344680000072
                        ],
                        [
                            122.5796392960001,
                            10.975847740000063
                        ]
                    ]
                ]
            }
        },
        {
            "type": "Feature",
            "properties": {
                "ADM3_EN": "New Lucena",
                "ADM3_PCODE": "PH0603032",
                "ADM2_EN": "Iloilo",
                "ADM2_PCODE": "PH06030",
                "ADM1_EN": "Region VI (Western Visayas)",
                "ADM1_PCODE": "PH06",
                "ADM0_EN": "Philippines (the)",
                "ADM0_PCODE": "PH",
                "date": "2022-11-09",
                "validOn": "2023-11-06",
                "validTo": null,
                "ADM3_REF": null,
                "ADM3ALT1EN": null,
                "Shape_Leng": 0.261368999341,
                "Shape_Area": 0.00326758152697,
                "AREA_SQKM": 39.5177513821,
                "psgc_id": "PH0603032",
                "psgc_code": "0603032000",
                "psgc_name": "New Lucena",
                "psgc_status": "matched",
                "match_confidence": 1.0,
                "psgc_type": "municipality",
                "match_method": "exact"
            },
            "geometry": {
                "type": "Polygon",
                "coordinates": [
                    [
                        [
                            122.59015149200002,
                            10.902757051000037
                        ],
                        [
                            122.61292121400004,
                            10.893389669000044
                        ],
                        [
                            122.60503707300006,
                            10.838963504000048
                        ],
                        [
                            122.59779045100004,
                            10.830760479000048
                        ],
                        [
                            122.57723253100005,
                            10.83913155600004
                        ],
                        [
                            122.5362780590001,
                            10.874846364000064
                        ],
                        [
                            122.55290737100006,
                            10.902585066000029
                        ],
                        [
                            122.58116077900002,
                            10.893370319000041
                        ],
                        [
                            122.59015149200002,
                            10.902757051000037
                        ]
                    ]
                ]
            }
        },
        {
            "type": "Feature",
            "properties": {
                "ADM3_EN": "Oton",
                "ADM3_PCODE": "PH0603034",
                "ADM2_EN": "Iloilo",
                "ADM2_PCODE": "PH06030",
                "ADM1_EN": "Region VI (Western Visayas)",
                "ADM1_PCODE": "PH06",
                "ADM0_EN": "Philippines (the)",
                "ADM0_PCODE": "PH",
                "date": "2022-11-09",
                "validOn": "2023-11-06",
                "validTo": null,
                "ADM3_REF": null,
                "ADM3ALT1EN": null,
                "Shape_Leng": 0.402375249267,
                "Shape_Area": 0.00705962171228,
                "AREA_SQKM": 85.4189602705,
                "psgc_id": "PH0603034",
                "psgc_code": "0603034000",
                "psgc_name": "Oton",
                "psgc_status": "matched",
                "match_confidence": 1.0,
                "psgc_type": "municipality",
                "match_method": "exact"
            },
            "geometry": {
                "type": "Polygon",
                "coordinates": [
                    [
                        [
                            122.5022484210001,
                            10.754320599000039
                        ],
                        [
                            122.52414010200005,
                            10.714050386000054
                        ],
                        [
                            122.5123949020001,
                            10.691283654000074
                        ],
                        [
                            122.49872121300007,
                            10.694781047000049
                        ],
                        [
                            122.49478270700001,
                            10.68174680800007
                        ],
                        [
                            122.47056843900009,
                            10.688645854000072
                        ],
                        [
                            122.42155661100003,
                            10.68093796200003
                        ],
                        [
                            122.4269707420001,
                            10.728861924000057
                        ],
                        [
                            122.420637166,
                            10.753388622000045
                        ],
                        [
                            122.4322906760001,
                            10.768419989000051
                        ],
                        [
                            122.47648587300012,
                            10.768142986000043
                        ],
                        [
                            122.5022484210001,
                            10.754320599000039
                        ]
                    ]
                ]
            }
        },
        {
            "type": "Feature",
            "properties": {
                "ADM3_EN": "Pavia",
                "ADM3_PCODE": "PH0603036",
                "ADM2_EN": "Iloilo",
                "ADM2_PCODE": "PH06030",
                "ADM1_EN": "Region VI (Western Visayas)",
                "ADM1_PCODE": "PH06",
                "ADM0_EN": "Philippines (the)",
                "ADM0_PCODE": "PH",
                "date": "2022-11-09",
                "validOn": "2023-11-06",
                "validTo": null,
                "ADM3_REF": null,
                "ADM3ALT1EN": null,
                "Shape_Leng": 0.212373606328,
                "Shape_Area": 0.0021055289724,
                "AREA_SQKM": 25.472525278,
                "psgc_id": "PH0603036",
                "psgc_code": "0603036000",
                "psgc_name": "Pavia",
                "psgc_status": "matched",
                "match_confidence": 1.0,
                "psgc_type": "municipality",
                "match_method": "exact"
            },
            "geometry": {
                "type": "Polygon",
                "coordinates": [
                    [
                        [
                            122.5574718260001,
                            10.793146233000073
                        ],
                        [
                            122.56614833200001,
                            10.783204043000069
                        ],
                        [
                            122.55893537700001,
                            10.76043244400006
                        ],
                        [
                            122.54163080500007,
                            10.759936236000044
                        ],
                        [
                            122.531429634,
                            10.738380808000045
                        ],
                        [
                            122.51323946600007,
                            10.739228787000059
                        ],
                        [
                            122.5022484210001,
                            10.754320599000039
                        ],
                        [
                            122.51524833300005,
                            10.776566884000033
                        ],
                        [
                            122.53362831700008,
                            10.796410511000033
                        ],
                        [
                            122.5574718260001,
                            10.793146233000073
                        ]
                    ]
                ]
            }
        },
        {
            "type": "Feature",
            "properties": {
                "ADM3_EN": "Pototan",
                "ADM3_PCODE": "PH0603037",
                "ADM2_EN": "Iloilo",
                "ADM2_PCODE": "PH06030",
                "ADM1_EN": "Region VI (Western Visayas)",
                "ADM1_PCODE": "PH06",
                "ADM0_EN": "Philippines (the)",
                "ADM0_PCODE": "PH",
                "date": "2022-11-09",
                "validOn": "2023-11-06",
                "validTo": null,
                "ADM3_REF": null,
                "ADM3ALT1EN": null,
                "Shape_Leng": 0.585978821283,
                "Shape_Area": 0.00814613522858,
                "AREA_SQKM": 98.4999276733,
                "psgc_id": "PH0603037",
                "psgc_code": "0603037000",
                "psgc_name": "Pototan",
                "psgc_status": "matched",
                "match_confidence": 1.0,
                "psgc_type": "municipality",
                "match_method": "exact"
            },
            "geometry": {
                "type": "Polygon",
                "coordinates": [
                    [
                        [
                            122.67141171100002,
                            10.944213103000038
                        ],
                        [
                            122.67034787700004,
                            10.92501973900005
                        ],
                        [
                            122.6906637830001,
                            10.919398039000043
                        ],
                        [
                            122.68366227100012,
                            10.904291715000056
                        ],
                        [
                            122.66948016700007,
                            10.904036768000026
                        ],
                        [
                            122.6633199370001,
                            10.89543480900005
                        ],
                        [
                            122.65118592500005,
                            10.848109859000033
                        ],
                        [
                            122.60742223500006,
                            10.875597972000037
                        ],
                        [
                            122.61292121400004,
                            10.893389669000044
                        ],
                        [
                            122.60522019400003,
                            10.894738979000067
                        ],
                        [
                            122.60767261500007,
                            10.90843095300005
                        ],
                        [
                            122.61636344400006,
                            10.922271711000064
                        ],
                        [
                            122.5930485,
                            10.934519410000064
                        ],
                        [
                            122.60266765800009,
                            10.964460866000024
                        ],
                        [
                            122.58274866400006,
                            10.96115618600004
                        ],
                        [
                            122.58747068800005,
                            10.967437731000075
                        ],
                        [
                            122.57954599700008,
                            10.978165234000073
                        ],
                        [
                            122.58791676500005,
                            10.996400274000052
                        ],
                        [
                            122.63347555700011,
                            10.993491061000043
                        ],
                        [
                            122.64679631900003,
                            10.978392392000046
                        ],
                        [
                            122.65137226800005,
                            10.953453196000055
                        ],
                        [
                            122.67141171100002,
                            10.944213103000038
                        ]
                    ]
                ]
            }
        },
        {
            "type": "Feature",
            "properties": {
                "ADM3_EN": "San Dionisio",
                "ADM3_PCODE": "PH0603038",
                "ADM2_EN": "Iloilo",
                "ADM2_PCODE": "PH06030",
                "ADM1_EN": "Region VI (Western Visayas)",
                "ADM1_PCODE": "PH06",
                "ADM0_EN": "Philippines (the)",
                "ADM0_PCODE": "PH",
                "date": "2022-11-09",
                "validOn": "2023-11-06",
                "validTo": null,
                "ADM3_REF": null,
                "ADM3ALT1EN": null,
                "Shape_Leng": 0.559272914372,
                "Shape_Area": 0.00982073943072,
                "AREA_SQKM": 118.590751105,
                "psgc_id": "PH0603038",
                "psgc_code": "0603038000",
                "psgc_name": "San Dionisio",
                "psgc_status": "matched",
                "match_confidence": 1.0,
                "psgc_type": "municipality",
                "match_method": "exact"
            },
            "geometry": {
                "type": "MultiPolygon",
                "coordinates": [
                    [
                        [
                            [
                                123.14617646600004,
                                11.375961046000043
                            ],
                            [
                                123.139567381,
                                11.36327870100007
                            ],
                            [
                                123.12517751200005,
                                11.364602097000045
                            ],
                            [
                                123.13098368600004,
                                11.34137766300006
                            ],
                            [
                                123.11044454900002,
                                11.343251208000027
                            ],
                            [
                                123.10065504400006,
                                11.335609529000067
                            ],
                            [
                                123.10865840800011,
                                11.296898192000072
                            ],
                            [
                                123.09604645900004,
                                11.278997239000034
                            ],
                            [
                                123.09614658100008,
                                11.244035406000023
                            ],
                            [
                                123.06009624100011,
                                11.25888703000004
                            ],
                            [
                                123.02679942600003,
                                11.302022942000065
                            ],
                            [
                                123.03825393500006,
                                11.355237720000048
                            ],
                            [
                                123.03508955900008,
                                11.395186328000023
                            ],
                            [
                                123.04968908,
                                11.380960075000075
                            ],
                            [
                                123.08521408600006,
                                11.387633332000064
                            ],
                            [
                                123.14617646600004,
                                11.375961046000043
                            ]
                        ]
                    ],
                    [
                        [
                            [
                                123.15207294200002,
                                11.308445856000048
                            ],
                            [
                                123.1482329050001,
                                11.307872420000024
                            ],
                            [
                                123.15142100800006,
                                11.309664848000068
                            ],
                            [
                                123.15207294200002,
                                11.308445856000048
                            ]
                        ]
                    ],
                    [
                        [
                            [
                                123.10725548100004,
                                11.272737150000069
                            ],
                            [
                                123.10631085700004,
                                11.27331976000005
                            ],
                            [
                                123.10753464100003,
                                11.273368797000046
                            ],
                            [
                                123.10725548100004,
                                11.272737150000069
                            ]
                        ]
                    ],
                    [
                        [
                            [
                                123.10436371000003,
                                11.268489272000068
                            ],
                            [
                                123.1034324310001,
                                11.267496276000031
                            ],
                            [
                                123.10319738400005,
                                11.267753423000045
                            ],
                            [
                                123.10436371000003,
                                11.268489272000068
                            ]
                        ]
                    ]
                ]
            }
        },
        {
            "type": "Feature",
            "properties": {
                "ADM3_EN": "San Enrique",
                "ADM3_PCODE": "PH0603039",
                "ADM2_EN": "Iloilo",
                "ADM2_PCODE": "PH06030",
                "ADM1_EN": "Region VI (Western Visayas)",
                "ADM1_PCODE": "PH06",
                "ADM0_EN": "Philippines (the)",
                "ADM0_PCODE": "PH",
                "date": "2022-11-09",
                "validOn": "2023-11-06",
                "validTo": null,
                "ADM3_REF": null,
                "ADM3ALT1EN": null,
                "Shape_Leng": 0.494867130378,
                "Shape_Area": 0.00873181004204,
                "AREA_SQKM": 105.520308118,
                "psgc_id": "PH0603039",
                "psgc_code": "0603039000",
                "psgc_name": "San Enrique",
                "psgc_status": "matched",
                "match_confidence": 1.0,
                "psgc_type": "municipality",
                "match_method": "exact"
            },
            "geometry": {
                "type": "Polygon",
                "coordinates": [
                    [
                        [
                            122.78219936300002,
                            11.159330436000062
                        ],
                        [
                            122.783431457,
                            11.131735720000052
                        ],
                        [
                            122.77129763200003,
                            11.10285768600005
                        ],
                        [
                            122.7418929690001,
                            11.077451375000066
                        ],
                        [
                            122.72330758600003,
                            11.066233553000075
                        ],
                        [
                            122.69212559000005,
                            11.066770595000037
                        ],
                        [
                            122.66223197300008,
                            11.044786059000046
                        ],
                        [
                            122.63723621000008,
                            11.041648525000028
                        ],
                        [
                            122.65536345500004,
                            11.064910662000045
                        ],
                        [
                            122.64080014100011,
                            11.088126529000021
                        ],
                        [
                            122.6485758660001,
                            11.101829259000056
                        ],
                        [
                            122.65942983500008,
                            11.095640423000077
                        ],
                        [
                            122.669383304,
                            11.110780015000046
                        ],
                        [
                            122.69355131500004,
                            11.110926953000046
                        ],
                        [
                            122.6969355970001,
                            11.130858517000036
                        ],
                        [
                            122.71043354300002,
                            11.146699934000026
                        ],
                        [
                            122.73364967200007,
                            11.146610413000076
                        ],
                        [
                            122.75042122800005,
                            11.163250830000038
                        ],
                        [
                            122.78219936300002,
                            11.159330436000062
                        ]
                    ]
                ]
            }
        },
        {
            "type": "Feature",
            "properties": {
                "ADM3_EN": "San Joaquin",
                "ADM3_PCODE": "PH0603040",
                "ADM2_EN": "Iloilo",
                "ADM2_PCODE": "PH06030",
                "ADM1_EN": "Region VI (Western Visayas)",
                "ADM1_PCODE": "PH06",
                "ADM0_EN": "Philippines (the)",
                "ADM0_PCODE": "PH",
                "date": "2022-11-09",
                "validOn": "2023-11-06",
                "validTo": null,
                "ADM3_REF": null,
                "ADM3ALT1EN": null,
                "Shape_Leng": 0.665948861061,
                "Shape_Area": 0.0164574764439,
                "AREA_SQKM": 199.212211897,
                "psgc_id": "PH0603040",
                "psgc_code": "0603040000",
                "psgc_name": "San Joaquin",
                "psgc_status": "matched",
                "match_confidence": 1.0,
                "psgc_type": "municipality",
                "match_method": "exact"
            },
            "geometry": {
                "type": "Polygon",
                "coordinates": [
                    [
                        [
                            122.09472650600003,
                            10.699596017000033
                        ],
                        [
                            122.13823852400003,
                            10.66307286500006
                        ],
                        [
                            122.14987160300007,
                            10.626970845000073
                        ],
                        [
                            122.16948842400006,
                            10.608792587000039
                        ],
                        [
                            122.14276438000002,
                            10.584579836000046
                        ],
                        [
                            122.10592032000011,
                            10.583387237000068
                        ],
                        [
                            122.09582767800009,
                            10.57539838100007
                        ],
                        [
                            122.0793604050001,
                            10.549091825000062
                        ],
                        [
                            122.07751774200005,
                            10.525487810000072
                        ],
                        [
                            122.06491343500011,
                            10.518958959000031
                        ],
                        [
                            122.0614141530001,
                            10.500766662000046
                        ],
                        [
                            122.03423987300005,
                            10.479681173000074
                        ],
                        [
                            122.03028776500003,
                            10.466848482000046
                        ],
                        [
                            122.01303394100012,
                            10.476499513000022
                        ],
                        [
                            122.01216107800008,
                            10.486723335000022
                        ],
                        [
                            122.0235966670001,
                            10.589005869000061
                        ],
                        [
                            122.06518785800006,
                            10.680676879000032
                        ],
                        [
                            122.08405293200008,
                            10.700210447000075
                        ],
                        [
                            122.09472650600003,
                            10.699596017000033
                        ]
                    ]
                ]
            }
        },
        {
            "type": "Feature",
            "properties": {
                "ADM3_EN": "San Miguel",
                "ADM3_PCODE": "PH0603041",
                "ADM2_EN": "Iloilo",
                "ADM2_PCODE": "PH06030",
                "ADM1_EN": "Region VI (Western Visayas)",
                "ADM1_PCODE": "PH06",
                "ADM0_EN": "Philippines (the)",
                "ADM0_PCODE": "PH",
                "date": "2022-11-09",
                "validOn": "2023-11-06",
                "validTo": null,
                "ADM3_REF": null,
                "ADM3ALT1EN": null,
                "Shape_Leng": 0.303309029162,
                "Shape_Area": 0.00274614635241,
                "AREA_SQKM": 33.2210239876,
                "psgc_id": "PH0603041",
                "psgc_code": "0603041000",
                "psgc_name": "San Miguel",
                "psgc_status": "matched",
                "match_confidence": 1.0,
                "psgc_type": "municipality",
                "match_method": "exact"
            },
            "geometry": {
                "type": "Polygon",
                "coordinates": [
                    [
                        [
                            122.49873452100007,
                            10.816729203000023
                        ],
                        [
                            122.49306573000001,
                            10.783869107000044
                        ],
                        [
                            122.50877690400011,
                            10.764566589000026
                        ],
                        [
                            122.5022484210001,
                            10.754320599000039
                        ],
                        [
                            122.45677136200004,
                            10.77150229800003
                        ],
                        [
                            122.4322906760001,
                            10.768419989000051
                        ],
                        [
                            122.4199956650001,
                            10.75344694100005
                        ],
                        [
                            122.4143458750001,
                            10.769927980000034
                        ],
                        [
                            122.44339462100004,
                            10.783590168000046
                        ],
                        [
                            122.47265682800003,
                            10.819828139000037
                        ],
                        [
                            122.49873452100007,
                            10.816729203000023
                        ]
                    ]
                ]
            }
        },
        {
            "type": "Feature",
            "properties": {
                "ADM3_EN": "San Rafael",
                "ADM3_PCODE": "PH0603042",
                "ADM2_EN": "Iloilo",
                "ADM2_PCODE": "PH06030",
                "ADM1_EN": "Region VI (Western Visayas)",
                "ADM1_PCODE": "PH06",
                "ADM0_EN": "Philippines (the)",
                "ADM0_PCODE": "PH",
                "date": "2022-11-09",
                "validOn": "2023-11-06",
                "validTo": null,
                "ADM3_REF": null,
                "ADM3ALT1EN": null,
                "Shape_Leng": 0.352127104873,
                "Shape_Area": 0.0069587922844,
                "AREA_SQKM": 84.0807915901,
                "psgc_id": "PH0603042",
                "psgc_code": "0603042000",
                "psgc_name": "San Rafael",
                "psgc_status": "matched",
                "match_confidence": 1.0,
                "psgc_type": "municipality",
                "match_method": "exact"
            },
            "geometry": {
                "type": "Polygon",
                "coordinates": [
                    [
                        [
                            122.883599892,
                            11.172909512000047
                        ],
                        [
                            122.88243614500004,
                            11.139644327000042
                        ],
                        [
                            122.86143086100003,
                            11.125122047000048
                        ],
                        [
                            122.77129763200003,
                            11.10285768600005
                        ],
                        [
                            122.78493963100004,
                            11.13970749400005
                        ],
                        [
                            122.780193929,
                            11.182296109000049
                        ],
                        [
                            122.81463650900002,
                            11.19392378300006
                        ],
                        [
                            122.8503557470001,
                            11.195562332000065
                        ],
                        [
                            122.883599892,
                            11.172909512000047
                        ]
                    ]
                ]
            }
        },
        {
            "type": "Feature",
            "properties": {
                "ADM3_EN": "Santa Barbara",
                "ADM3_PCODE": "PH0603043",
                "ADM2_EN": "Iloilo",
                "ADM2_PCODE": "PH06030",
                "ADM1_EN": "Region VI (Western Visayas)",
                "ADM1_PCODE": "PH06",
                "ADM0_EN": "Philippines (the)",
                "ADM0_PCODE": "PH",
                "date": "2022-11-09",
                "validOn": "2023-11-06",
                "validTo": null,
                "ADM3_REF": null,
                "ADM3ALT1EN": null,
                "Shape_Leng": 0.366039985879,
                "Shape_Area": 0.00572795061595,
                "AREA_SQKM": 69.2843907781,
                "psgc_id": "PH0603043",
                "psgc_code": "0603043000",
                "psgc_name": "Santa Barbara",
                "psgc_status": "matched",
                "match_confidence": 1.0,
                "psgc_type": "municipality",
                "match_method": "exact"
            },
            "geometry": {
                "type": "Polygon",
                "coordinates": [
                    [
                        [
                            122.59779045100004,
                            10.830760479000048
                        ],
                        [
                            122.60317262300009,
                            10.814323869000077
                        ],
                        [
                            122.5598184800001,
                            10.803535053000076
                        ],
                        [
                            122.5574718260001,
                            10.793146233000073
                        ],
                        [
                            122.53362831700008,
                            10.796410511000033
                        ],
                        [
                            122.50877690400011,
                            10.764566589000026
                        ],
                        [
                            122.49306573000001,
                            10.783869107000044
                        ],
                        [
                            122.50248822500009,
                            10.82652528400007
                        ],
                        [
                            122.5362780590001,
                            10.874846364000064
                        ],
                        [
                            122.57723253100005,
                            10.83913155600004
                        ],
                        [
                            122.59779045100004,
                            10.830760479000048
                        ]
                    ]
                ]
            }
        },
        {
            "type": "Feature",
            "properties": {
                "ADM3_EN": "Sara",
                "ADM3_PCODE": "PH0603044",
                "ADM2_EN": "Iloilo",
                "ADM2_PCODE": "PH06030",
                "ADM1_EN": "Region VI (Western Visayas)",
                "ADM1_PCODE": "PH06",
                "ADM0_EN": "Philippines (the)",
                "ADM0_PCODE": "PH",
                "date": "2022-11-09",
                "validOn": "2023-11-06",
                "validTo": null,
                "ADM3_REF": null,
                "ADM3ALT1EN": null,
                "Shape_Leng": 0.582985416657,
                "Shape_Area": 0.0153003695893,
                "AREA_SQKM": 184.775856754,
                "psgc_id": "PH0603044",
                "psgc_code": "0603044000",
                "psgc_name": "Sara",
                "psgc_status": "matched",
                "match_confidence": 1.0,
                "psgc_type": "municipality",
                "match_method": "exact"
            },
            "geometry": {
                "type": "Polygon",
                "coordinates": [
                    [
                        [
                            123.06009624100011,
                            11.25888703000004
                        ],
                        [
                            123.05282477500009,
                            11.22129497900005
                        ],
                        [
                            123.00296724200007,
                            11.223127175000059
                        ],
                        [
                            122.97535839000011,
                            11.20884430600006
                        ],
                        [
                            122.96610502800002,
                            11.212485507000054
                        ],
                        [
                            122.96777066100003,
                            11.263024581000025
                        ],
                        [
                            122.94425722200003,
                            11.276664526000047
                        ],
                        [
                            122.95399576700004,
                            11.294635654000047
                        ],
                        [
                            122.93498087000012,
                            11.329458904000035
                        ],
                        [
                            122.93934566100006,
                            11.358768936000047
                        ],
                        [
                            122.99443380000002,
                            11.389956553000047
                        ],
                        [
                            123.03508955900008,
                            11.395186328000023
                        ],
                        [
                            123.03825393500006,
                            11.355237720000048
                        ],
                        [
                            123.02679942600003,
                            11.302022942000065
                        ],
                        [
                            123.06009624100011,
                            11.25888703000004
                        ]
                    ]
                ]
            }
        },
        {
            "type": "Feature",
            "properties": {
                "ADM3_EN": "Tigbauan",
                "ADM3_PCODE": "PH0603045",
                "ADM2_EN": "Iloilo",
                "ADM2_PCODE": "PH06030",
                "ADM1_EN": "Region VI (Western Visayas)",
                "ADM1_PCODE": "PH06",
                "ADM0_EN": "Philippines (the)",
                "ADM0_PCODE": "PH",
                "date": "2022-11-09",
                "validOn": "2023-11-06",
                "validTo": null,
                "ADM3_REF": null,
                "ADM3ALT1EN": null,
                "Shape_Leng": 0.38076497839,
                "Shape_Area": 0.00746197676598,
                "AREA_SQKM": 90.2902875125,
                "psgc_id": "PH0603045",
                "psgc_code": "0603045000",
                "psgc_name": "Tigbauan",
                "psgc_status": "matched",
                "match_confidence": 1.0,
                "psgc_type": "municipality",
                "match_method": "exact"
            },
            "geometry": {
                "type": "Polygon",
                "coordinates": [
                    [
                        [
                            122.42013729500002,
                            10.758870542000068
                        ],
                        [
                            122.4269707420001,
                            10.728861924000057
                        ],
                        [
                            122.42131962300004,
                            10.680289880000032
                        ],
                        [
                            122.39125405200002,
                            10.669963109000037
                        ],
                        [
                            122.3759179440001,
                            10.668184436000047
                        ],
                        [
                            122.3471987050001,
                            10.670421258000033
                        ],
                        [
                            122.33253852000007,
                            10.688921528000037
                        ],
                        [
                            122.32694495100009,
                            10.723336492000044
                        ],
                        [
                            122.33553984600007,
                            10.731752137000058
                        ],
                        [
                            122.33978157600006,
                            10.764935578000063
                        ],
                        [
                            122.36546591900003,
                            10.762010059000033
                        ],
                        [
                            122.39448486000003,
                            10.747254800000064
                        ],
                        [
                            122.42013729500002,
                            10.758870542000068
                        ]
                    ]
                ]
            }
        },
        {
            "type": "Feature",
            "properties": {
                "ADM3_EN": "Tubungan",
                "ADM3_PCODE": "PH0603046",
                "ADM2_EN": "Iloilo",
                "ADM2_PCODE": "PH06030",
                "ADM1_EN": "Region VI (Western Visayas)",
                "ADM1_PCODE": "PH06",
                "ADM0_EN": "Philippines (the)",
                "ADM0_PCODE": "PH",
                "date": "2022-11-09",
                "validOn": "2023-11-06",
                "validTo": null,
                "ADM3_REF": null,
                "ADM3ALT1EN": null,
                "Shape_Leng": 0.472687385097,
                "Shape_Area": 0.00746562761189,
                "AREA_SQKM": 90.3094545447,
                "psgc_id": "PH0603046",
                "psgc_code": "0603046000",
                "psgc_name": "Tubungan",
                "psgc_status": "matched",
                "match_confidence": 1.0,
                "psgc_type": "municipality",
                "match_method": "exact"
            },
            "geometry": {
                "type": "Polygon",
                "coordinates": [
                    [
                        [
                            122.2582748420001,
                            10.860611470000038
                        ],
                        [
                            122.318216548,
                            10.821517673000074
                        ],
                        [
                            122.32436740300011,
                            10.79256132200004
                        ],
                        [
                            122.33848504900004,
                            10.776226053000073
                        ],
                        [
                            122.33872190000011,
                            10.744119269000066
                        ],
                        [
                            122.33039081900006,
                            10.724838638000051
                        ],
                        [
                            122.31142995100004,
                            10.736628820000021
                        ],
                        [
                            122.305122417,
                            10.751347829000053
                        ],
                        [
                            122.28944554000009,
                            10.75125097800003
                        ],
                        [
                            122.2892455120001,
                            10.764446590000034
                        ],
                        [
                            122.25047755300011,
                            10.798643912000045
                        ],
                        [
                            122.25312829300003,
                            10.811278023000057
                        ],
                        [
                            122.24338613400005,
                            10.824868561000073
                        ],
                        [
                            122.2010034760001,
                            10.83468597500007
                        ],
                        [
                            122.22436151400007,
                            10.852999279000073
                        ],
                        [
                            122.24428145000002,
                            10.849513263000063
                        ],
                        [
                            122.2582748420001,
                            10.860611470000038
                        ]
                    ]
                ]
            }
        },
        {
            "type": "Feature",
            "properties": {
                "ADM3_EN": "Zarraga",
                "ADM3_PCODE": "PH0603047",
                "ADM2_EN": "Iloilo",
                "ADM2_PCODE": "PH06030",
                "ADM1_EN": "Region VI (Western Visayas)",
                "ADM1_PCODE": "PH06",
                "ADM0_EN": "Philippines (the)",
                "ADM0_PCODE": "PH",
                "date": "2022-11-09",
                "validOn": "2023-11-06",
                "validTo": null,
                "ADM3_REF": null,
                "ADM3ALT1EN": null,
                "Shape_Leng": 0.439316708607,
                "Shape_Area": 0.00316126581613,
                "AREA_SQKM": 38.2375827372,
                "psgc_id": "PH0603047",
                "psgc_code": "0603047000",
                "psgc_name": "Zarraga",
                "psgc_status": "matched",
                "match_confidence": 1.0,
                "psgc_type": "municipality",
                "match_method": "exact"
            },
            "geometry": {
                "type": "Polygon",
                "coordinates": [
                    [
                        [
                            122.60862607400009,
                            10.872797553000055
                        ],
                        [
                            122.6550723360001,
                            10.839327659000048
                        ],
                        [
                            122.64874626100004,
                            10.840969920000077
                        ],
                        [
                            122.65057687600006,
                            10.832319445000053
                        ],
                        [
                            122.6394246000001,
                            10.828111929000045
                        ],
                        [
                            122.64095345700002,
                            10.815815388000033
                        ],
                        [
                            122.64842745600004,
                            10.813876826000069
                        ],
                        [
                            122.64136414500001,
                            10.805111121000039
                        ],
                        [
                            122.6567036880001,
                            10.804070504000038
                        ],
                        [
                            122.66524003300003,
                            10.779990379000026
                        ],
                        [
                            122.65256529400006,
                            10.784430820000068
                        ],
                        [
                            122.64527143600003,
                            10.773708555000042
                        ],
                        [
                            122.64512660000003,
                            10.79167013500006
                        ],
                        [
                            122.63160982300008,
                            10.792451451000034
                        ],
                        [
                            122.63079568600006,
                            10.799934991000043
                        ],
                        [
                            122.61817361100009,
                            10.796700298000076
                        ],
                        [
                            122.62261702700005,
                            10.808522175000064
                        ],
                        [
                            122.60803696000005,
                            10.806436226000073
                        ],
                        [
                            122.6125486740001,
                            10.813138079000055
                        ],
                        [
                            122.6041880350001,
                            10.811946301000035
                        ],
                        [
                            122.59685619100003,
                            10.826851288000057
                        ],
                        [
                            122.60862607400009,
                            10.872797553000055
                        ]
                    ]
                ]
            }
        }
    ],
    "properties": {
        "description": "Municipal boundaries for Panay Island provinces: Aklan, Antique, Capiz, and Iloilo. Filtered from municipalities.geojson.",
        "provinces": [
            "Aklan",
            "Antique",
            "Capiz",
            "Iloilo"
        ],
        "municipality_count": 93,
        "source_date": "2022-11-09",
        "psgc_validation": "Province municipality counts cross-checked against PSA PSGC current listings."
    }
}