{"type":"FeatureCollection","name":"central_luzon_municipalities","crs":{"type":"name","properties":{"name":"urn:ogc:def:crs:OGC:1.3:CRS84"}},"features":[{"type":"Feature","geometry":{"type":"MultiPolygon","coordinates":[[[[121.5725,15.7514],[121.5797,15.7564],[121.5833,15.7564],[121.5842,15.7539],[121.5874,15.7536],[121.599,15.7626],[121.6077,15.7606],[121.6152,15.7563],[121.6212,15.7572],[121.6278,15.7532],[121.6315,15.7535],[121.6374,15.7491],[121.6357,15.7459],[121.6335,15.7451],[121.6328,15.7419],[121.6355,15.7396],[121.6402,15.7422],[121.6387,15.7393],[121.6419,15.7368],[121.641,15.7332],[121.6425,15.7224],[121.6383,15.7108],[121.6388,15.703],[121.6372,15.7036],[121.6367,15.7064],[121.6352,15.7061],[121.6317,15.7097],[121.6257,15.7102],[121.6209,15.7046],[121.6107,15.7073],[121.6122,15.7015],[121.6081,15.7004],[121.6112,15.6984],[121.6109,15.6955],[121.614,15.6912],[121.6106,15.6872],[121.6124,15.6858],[121.6118,15.6841],[121.6002,15.6831],[121.5963,15.6765],[121.589,15.6737],[121.5882,15.672],[121.5522,15.6815],[121.5282,15.743],[121.4905,15.744],[121.4946,15.7498],[121.5021,15.7549],[121.5005,15.7603],[121.5019,15.762],[121.5073,15.763],[121.521,15.7882],[121.5544,15.7968],[121.5561,15.792],[121.5532,15.7874],[121.5558,15.7873],[121.5565,15.7827],[121.5572,15.7881],[121.5642,15.7683],[121.5736,15.7547],[121.5725,15.7514]]],[[[121.6307,15.7585],[121.6319,15.7593],[121.6329,15.7596],[121.6323,15.7576],[121.6307,15.7585]]]]},"properties":{"ADM3_EN":"Baler","name":"Baler","ADM3_PCODE":"PH37701000","psgc_code":"37701000","ADM2_EN":"Aurora","ADM2_PCODE":"PH3770","ADM1_EN":"Region III (Central Luzon)","ADM1_PCODE":"PH03","ADM0_EN":"Philippines (the)","ADM0_PCODE":"PH","region_key":"central_luzon","province_key":"aurora","type":"Municipality"}},{"type":"Feature","geometry":{"type":"MultiPolygon","coordinates":[[[[122.1414,16.1896],[122.1405,16.1869],[122.1375,16.1873],[122.1277,16.176],[122.1264,16.1711],[122.1226,16.1694],[122.1231,16.1672],[122.1188,16.1672],[122.1164,16.1652],[122.1122,16.1558],[122.1136,16.1531],[122.1083,16.1521],[122.1065,16.1496],[122.1082,16.1471],[122.1069,16.1454],[122.1035,16.1458],[122.0942,16.1413],[122.0914,16.1372],[122.0844,16.1323],[122.0822,16.1271],[122.0788,16.1265],[122.0779,16.1242],[122.0733,16.1227],[122.0694,16.1189],[122.065,16.1106],[122.0728,16.0908],[122.0677,16.091],[122.0645,16.0861],[122.0605,16.0842],[122.0572,16.0786],[122.0498,16.0749],[122.0496,16.0719],[122.0478,16.0706],[122.05,16.0667],[122.0458,16.0669],[122.0441,16.0632],[122.0399,16.0617],[122.0404,16.0578],[122.0329,16.0548],[122.032,16.05],[122.0291,16.0505],[122.0294,16.0483],[122.0275,16.0468],[122.0244,16.0497],[122.0181,16.0503],[122.0153,16.0445],[122.0122,16.0429],[122.0088,16.035],[122.0038,16.0331],[122.0053,16.0299],[122.0013,16.0303],[121.998,16.0277],[121.9914,16.0278],[121.9892,16.0303],[121.9922,16.0348],[121.9927,16.0401],[122.0158,16.0875],[122.0331,16.111],[122.0436,16.1158],[122.0473,16.1243],[122.0547,16.1291],[122.0609,16.13],[122.0688,16.141],[122.0841,16.1549],[122.0944,16.1723],[122.0908,16.1919],[122.095,16.2041],[122.0973,16.2063],[122.1005,16.2064],[122.1169,16.2138],[122.1203,16.2197],[122.1289,16.2256],[122.1284,16.2296],[122.1336,16.2345],[122.1395,16.2568],[122.1356,16.2556],[122.1311,16.2614],[122.1331,16.2575],[122.1314,16.2547],[122.1304,16.2573],[122.1278,16.2556],[122.1189,16.2583],[122.1161,16.2578],[122.1153,16.26],[122.1131,16.2586],[122.1031,16.2633],[122.0936,16.2639],[122.0883,16.2619],[122.0853,16.2583],[122.0853,16.2556],[122.0888,16.2476],[122.0828,16.2419],[122.0792,16.2425],[122.0767,16.2408],[122.0714,16.2419],[122.0724,16.238],[122.0692,16.2356],[122.0702,16.2304],[122.0666,16.2285],[122.0633,16.2233],[122.0647,16.2186],[122.0636,16.2167],[122.0677,16.202],[122.0719,16.1962],[122.0794,16.1907],[122.0621,16.1905],[122.0511,16.1878],[122.0495,16.1828],[122.0547,16.1846],[122.055,16.1831],[122.0441,16.1783],[122.0394,16.1746],[122.0283,16.179],[122.0186,16.1797],[122.0075,16.1703],[121.9983,16.1686],[121.9871,16.1611],[121.9774,16.1491],[121.9756,16.1431],[121.9642,16.1356],[121.9608,16.1359],[121.9561,16.1407],[121.9594,16.1452],[121.9592,16.1549],[121.9497,16.1667],[121.9473,16.1767],[121.9435,16.1806],[121.9413,16.1946],[121.938,16.1978],[121.9364,16.2023],[121.9283,16.2069],[121.9262,16.2198],[121.8704,16.2662],[121.9825,16.3932],[122.0269,16.3748],[122.1163,16.3483],[122.1453,16.3424],[122.1745,16.3336],[122.1867,16.3313],[122.1911,16.334],[122.1899,16.3316],[122.1923,16.322],[122.1916,16.319],[122.1798,16.3033],[122.1843,16.2953],[122.1917,16.2897],[122.1956,16.29],[122.2011,16.2932],[122.2053,16.2981],[122.2108,16.2933],[122.2129,16.2937],[122.2238,16.3047],[122.2372,16.3131],[122.2381,16.312],[122.235,16.3072],[122.2316,16.3063],[122.2338,16.3032],[122.2311,16.302],[122.2228,16.2829],[122.2158,16.2759],[122.2144,16.2717],[122.2097,16.2728],[122.2067,16.2683],[122.2095,16.2649],[122.2061,16.2633],[122.2017,16.2544],[122.2056,16.2408],[122.2006,16.2336],[122.1904,16.2254],[122.1813,16.2237],[122.1771,16.2187],[122.1745,16.2183],[122.1671,16.2045],[122.1586,16.1968],[122.146,16.194],[122.1414,16.1896]]]]},"properties":{"ADM3_EN":"Casiguran","name":"Casiguran","ADM3_PCODE":"PH37702000","psgc_code":"37702000","ADM2_EN":"Aurora","ADM2_PCODE":"PH3770","ADM1_EN":"Region III (Central Luzon)","ADM1_PCODE":"PH03","ADM0_EN":"Philippines (the)","ADM0_PCODE":"PH","region_key":"central_luzon","province_key":"aurora","type":"Municipality"}},{"type":"Feature","geometry":{"type":"MultiPolygon","coordinates":[[[[122.1553,16.3396],[122.1163,16.3483],[122.0269,16.3748],[121.9825,16.3932],[122.065,16.4879],[122.1313,16.5301],[122.2284,16.5281],[122.2734,16.5245],[122.2646,16.5205],[122.2622,16.5173],[122.2544,16.5154],[122.2506,16.5161],[122.2489,16.5144],[122.2454,16.507],[122.2436,16.5072],[122.2419,16.5035],[122.2392,16.4915],[122.2365,16.4922],[122.2346,16.4901],[122.2319,16.4719],[122.2272,16.4695],[122.2308,16.4647],[122.2292,16.4592],[122.2269,16.4567],[122.2238,16.4576],[122.2222,16.4564],[122.2219,16.4536],[122.2142,16.447],[122.2089,16.4392],[122.2067,16.4383],[122.2047,16.44],[122.1995,16.435],[122.202,16.4175],[122.2005,16.415],[122.206,16.4092],[122.2131,16.4047],[122.2171,16.3963],[122.2164,16.3936],[122.2249,16.3891],[122.2272,16.3911],[122.2288,16.3971],[122.2301,16.4128],[122.2328,16.4221],[122.238,16.4286],[122.2401,16.4298],[122.2414,16.428],[122.2394,16.4236],[122.2436,16.4206],[122.2428,16.4131],[122.2394,16.4083],[122.2397,16.4033],[122.2367,16.4006],[122.2342,16.3939],[122.2333,16.3897],[122.235,16.3856],[122.2286,16.3748],[122.2304,16.367],[122.2265,16.3619],[122.2248,16.3563],[122.2183,16.3535],[122.2177,16.3554],[122.2136,16.3567],[122.2117,16.3547],[122.2125,16.3506],[122.2019,16.3395],[122.1972,16.34],[122.1958,16.3372],[122.1867,16.3313],[122.1553,16.3396]]]]},"properties":{"ADM3_EN":"Dilasag","name":"Dilasag","ADM3_PCODE":"PH37703000","psgc_code":"37703000","ADM2_EN":"Aurora","ADM2_PCODE":"PH3770","ADM1_EN":"Region III (Central Luzon)","ADM1_PCODE":"PH03","ADM0_EN":"Philippines (the)","ADM0_PCODE":"PH","region_key":"central_luzon","province_key":"aurora","type":"Municipality"}},{"type":"Feature","geometry":{"type":"MultiPolygon","coordinates":[[[[121.8274,16.0886],[121.8221,16.0837],[121.8146,16.0869],[121.8103,16.0852],[121.8042,16.0795],[121.8027,16.0807],[121.799,16.0795],[121.7955,16.0712],[121.7923,16.069],[121.7915,16.1068],[121.7807,16.127],[121.7635,16.1688],[121.8353,16.2279],[121.8704,16.2662],[121.9262,16.2198],[121.9283,16.2069],[121.9364,16.2023],[121.938,16.1978],[121.9413,16.1946],[121.9435,16.1806],[121.9473,16.1767],[121.9497,16.1667],[121.9592,16.1549],[121.9594,16.1452],[121.9561,16.1407],[121.9608,16.1359],[121.954,16.1346],[121.9482,16.131],[121.9406,16.1302],[121.9341,16.125],[121.929,16.1261],[121.9178,16.1248],[121.9073,16.1289],[121.9006,16.1291],[121.875,16.1233],[121.8617,16.1166],[121.8591,16.1128],[121.8597,16.1112],[121.8571,16.11],[121.8571,16.1073],[121.8537,16.1046],[121.8485,16.1047],[121.8382,16.091],[121.8348,16.0899],[121.8298,16.0912],[121.8274,16.0886]]]]},"properties":{"ADM3_EN":"Dinalungan","name":"Dinalungan","ADM3_PCODE":"PH37704000","psgc_code":"37704000","ADM2_EN":"Aurora","ADM2_PCODE":"PH3770","ADM1_EN":"Region III (Central Luzon)","ADM1_PCODE":"PH03","ADM0_EN":"Philippines (the)","ADM0_PCODE":"PH","region_key":"central_luzon","province_key":"aurora","type":"Municipality"}},{"type":"Feature","geometry":{"type":"MultiPolygon","coordinates":[[[[121.3994,15.2513],[121.4195,15.2152],[121.413,15.2164],[121.4104,15.2151],[121.4013,15.2005],[121.4031,15.1923],[121.4072,15.188],[121.4071,15.1844],[121.4043,15.1796],[121.3979,15.1732],[121.3949,15.1728],[121.3913,15.1763],[121.3815,15.1724],[121.3818,15.1609],[121.3837,15.1599],[121.3917,15.1643],[121.3942,15.1632],[121.3999,15.1552],[121.3999,15.1521],[121.3962,15.1468],[121.3995,15.1408],[121.3982,15.126],[121.3919,15.1157],[121.3927,15.109],[121.3865,15.1008],[121.3795,15.1002],[121.3755,15.0977],[121.3696,15.0978],[121.3682,15.0877],[121.3734,15.0836],[121.3733,15.0804],[121.3691,15.0779],[121.3655,15.0729],[121.3579,15.0744],[121.358,15.0716],[121.3503,15.0571],[121.3503,15.0522],[121.3417,15.0438],[121.3411,15.0374],[121.3474,15.0372],[121.3479,15.0325],[121.3513,15.0307],[121.3497,15.024],[121.3513,15.0191],[121.3453,15.0025],[121.3419,14.9973],[121.3425,15.0115],[121.3334,15.0454],[121.3305,15.0756],[121.3287,15.0838],[121.321,15.0982],[121.3187,15.1132],[121.3203,15.1498],[121.3193,15.1643],[121.3133,15.1757],[121.3091,15.1912],[121.3238,15.2388],[121.3225,15.2381],[121.34,15.322],[121.346,15.3604],[121.3488,15.3737],[121.3609,15.4064],[121.3669,15.445],[121.3761,15.4839],[121.4238,15.4846],[121.4834,15.4824],[121.4845,15.4838],[121.4844,15.4725],[121.4867,15.4695],[121.4889,15.4708],[121.4914,15.4683],[121.4883,15.4689],[121.4857,15.467],[121.4884,15.4619],[121.4872,15.4577],[121.4825,15.4513],[121.4824,15.4476],[121.4777,15.4423],[121.4788,15.4396],[121.474,15.4358],[121.4766,15.4329],[121.482,15.4319],[121.4838,15.4293],[121.4811,15.429],[121.4805,15.4262],[121.4743,15.4244],[121.4737,15.4198],[121.476,15.4187],[121.4752,15.4168],[121.4652,15.4135],[121.4618,15.4146],[121.4542,15.4104],[121.4455,15.3953],[121.4464,15.3904],[121.4439,15.385],[121.4408,15.3846],[121.4395,15.3822],[121.4338,15.3839],[121.4312,15.3801],[121.4315,15.3783],[121.4336,15.3776],[121.43,15.3738],[121.433,15.3663],[121.4316,15.3638],[121.4247,15.3645],[121.4239,15.3667],[121.4252,15.3705],[121.4212,15.3736],[121.4138,15.3753],[121.4115,15.3797],[121.4061,15.3839],[121.403,15.3846],[121.3972,15.3816],[121.3921,15.3771],[121.3845,15.365],[121.3851,15.3552],[121.3825,15.3495],[121.3776,15.3476],[121.3777,15.3427],[121.3735,15.3374],[121.3763,15.3336],[121.3744,15.3312],[121.3752,15.3273],[121.3725,15.3241],[121.3723,15.3207],[121.3766,15.3007],[121.3843,15.2785],[121.3994,15.2513]]]]},"properties":{"ADM3_EN":"Dingalan","name":"Dingalan","ADM3_PCODE":"PH37705000","psgc_code":"37705000","ADM2_EN":"Aurora","ADM2_PCODE":"PH3770","ADM1_EN":"Region III (Central Luzon)","ADM1_PCODE":"PH03","ADM0_EN":"Philippines (the)","ADM0_PCODE":"PH","region_key":"central_luzon","province_key":"aurora","type":"Municipality"}},{"type":"Feature","geometry":{"type":"MultiPolygon","coordinates":[[[[121.4927,15.8298],[121.4796,15.8498],[121.4701,15.859],[121.4618,15.8637],[121.4616,15.9117],[121.5422,15.9788],[121.6338,16.0606],[121.7635,16.1688],[121.7807,16.127],[121.7915,16.1068],[121.7923,16.069],[121.7867,16.07],[121.7847,16.0656],[121.7785,16.062],[121.7779,16.0651],[121.7724,16.073],[121.7656,16.0731],[121.76,16.0769],[121.7415,16.0687],[121.7197,16.0429],[121.7023,16.0328],[121.6955,16.0254],[121.6913,16.0232],[121.6861,16.0165],[121.6719,16.0105],[121.6648,16.005],[121.654,15.9874],[121.6528,15.9837],[121.6552,15.9806],[121.6551,15.9764],[121.653,15.9726],[121.6503,15.9718],[121.65,15.9693],[121.6455,15.9693],[121.6418,15.9644],[121.64,15.9653],[121.6372,15.9639],[121.6326,15.9668],[121.628,15.9665],[121.6211,15.957],[121.623,15.9534],[121.6271,15.9522],[121.6258,15.9506],[121.6195,15.9511],[121.6167,15.9461],[121.6064,15.9458],[121.6033,15.9373],[121.6004,15.934],[121.5879,15.9322],[121.5839,15.9275],[121.579,15.9266],[121.5701,15.9131],[121.5648,15.9099],[121.5589,15.9002],[121.5548,15.8984],[121.5508,15.8831],[121.5483,15.8686],[121.5467,15.8411],[121.5483,15.8236],[121.5544,15.7968],[121.521,15.7882],[121.4927,15.8298]]]]},"properties":{"ADM3_EN":"Dipaculao","name":"Dipaculao","ADM3_PCODE":"PH37706000","psgc_code":"37706000","ADM2_EN":"Aurora","ADM2_PCODE":"PH3770","ADM1_EN":"Region III (Central Luzon)","ADM1_PCODE":"PH03","ADM0_EN":"Philippines (the)","ADM0_PCODE":"PH","region_key":"central_luzon","province_key":"aurora","type":"Municipality"}},{"type":"Feature","geometry":{"type":"MultiPolygon","coordinates":[[[[121.4548,15.7087],[121.4506,15.703],[121.4425,15.6976],[121.4373,15.6871],[121.3951,15.6865],[121.3967,15.6935],[121.3938,15.6919],[121.3929,15.6949],[121.3897,15.6958],[121.3906,15.6994],[121.3876,15.7009],[121.3843,15.6939],[121.3836,15.6985],[121.3792,15.6929],[121.3787,15.6957],[121.375,15.6935],[121.376,15.6958],[121.3745,15.703],[121.3714,15.6995],[121.3721,15.6922],[121.3687,15.6912],[121.3664,15.695],[121.3636,15.6969],[121.3598,15.6967],[121.357,15.6996],[121.3516,15.7],[121.3522,15.6974],[121.3498,15.6955],[121.3438,15.7002],[121.3419,15.6961],[121.3375,15.6978],[121.3345,15.6967],[121.3365,15.6902],[121.3355,15.6801],[121.3341,15.6826],[121.332,15.682],[121.3318,15.6858],[121.3289,15.6856],[121.3246,15.6879],[121.3202,15.686],[121.3172,15.6803],[121.3157,15.6839],[121.3139,15.6756],[121.3047,15.7012],[121.2993,15.709],[121.2927,15.7273],[121.2874,15.7534],[121.2817,15.7705],[121.3058,15.7867],[121.4616,15.9117],[121.4618,15.8637],[121.4701,15.859],[121.4796,15.8498],[121.521,15.7882],[121.5073,15.763],[121.5019,15.762],[121.5005,15.7603],[121.5021,15.7549],[121.4946,15.7498],[121.4905,15.744],[121.4674,15.7428],[121.4631,15.7142],[121.4548,15.7087]]]]},"properties":{"ADM3_EN":"Maria Aurora","name":"Maria Aurora","ADM3_PCODE":"PH37707000","psgc_code":"37707000","ADM2_EN":"Aurora","ADM2_PCODE":"PH3770","ADM1_EN":"Region III (Central Luzon)","ADM1_PCODE":"PH03","ADM0_EN":"Philippines (the)","ADM0_PCODE":"PH","region_key":"central_luzon","province_key":"aurora","type":"Municipality"}},{"type":"Feature","geometry":{"type":"MultiPolygon","coordinates":[[[[121.3812,15.4839],[121.3761,15.4839],[121.3728,15.492],[121.3575,15.5515],[121.3279,15.6272],[121.3118,15.6791],[121.3139,15.6756],[121.3151,15.6767],[121.3157,15.6839],[121.3172,15.6803],[121.3202,15.686],[121.3246,15.6879],[121.3289,15.6856],[121.3318,15.6858],[121.332,15.682],[121.3341,15.6826],[121.3355,15.6801],[121.3365,15.6902],[121.3345,15.6967],[121.3375,15.6978],[121.3419,15.6961],[121.3438,15.7002],[121.3498,15.6955],[121.3522,15.6974],[121.3516,15.7],[121.357,15.6996],[121.3598,15.6967],[121.3636,15.6969],[121.3664,15.695],[121.3687,15.6912],[121.3715,15.6917],[121.3714,15.6995],[121.3745,15.703],[121.376,15.6958],[121.375,15.6935],[121.3787,15.6957],[121.3792,15.6929],[121.3836,15.6985],[121.3843,15.6939],[121.3876,15.7009],[121.3906,15.6994],[121.3897,15.6958],[121.3929,15.6949],[121.3938,15.6919],[121.3967,15.6935],[121.3951,15.6865],[121.4373,15.6871],[121.4425,15.6976],[121.4631,15.7142],[121.4674,15.7428],[121.4905,15.744],[121.5282,15.743],[121.5522,15.6815],[121.5882,15.672],[121.5945,15.6682],[121.6023,15.6714],[121.6065,15.6698],[121.6144,15.6706],[121.6103,15.6655],[121.6189,15.6573],[121.6147,15.6514],[121.6167,15.6481],[121.6109,15.6466],[121.6114,15.6433],[121.6093,15.6416],[121.5978,15.6429],[121.5913,15.6323],[121.5857,15.6335],[121.5837,15.6324],[121.5825,15.6292],[121.5855,15.6266],[121.5853,15.6244],[121.5775,15.6209],[121.5783,15.6182],[121.5711,15.6136],[121.5699,15.6109],[121.571,15.6098],[121.5684,15.608],[121.5694,15.606],[121.5641,15.6067],[121.5618,15.6048],[121.5623,15.5951],[121.5648,15.5918],[121.5478,15.5755],[121.5428,15.5755],[121.5402,15.5735],[121.5368,15.5682],[121.5368,15.5647],[121.5323,15.5619],[121.5304,15.5451],[121.5283,15.5447],[121.5281,15.5427],[121.5255,15.5418],[121.5242,15.5432],[121.5186,15.5406],[121.5145,15.5433],[121.5129,15.5428],[121.5074,15.5353],[121.5084,15.5317],[121.5021,15.5301],[121.501,15.5259],[121.497,15.5266],[121.4936,15.5239],[121.4943,15.5154],[121.4913,15.5123],[121.4912,15.5081],[121.4893,15.5057],[121.4919,15.4995],[121.4864,15.4958],[121.4877,15.4896],[121.4834,15.4824],[121.4238,15.4846],[121.3812,15.4839]]],[[[121.5728,15.5969],[121.5722,15.5986],[121.5738,15.5985],[121.5749,15.596],[121.5728,15.5969]]],[[[121.592,15.6308],[121.5937,15.6325],[121.5955,15.6319],[121.5931,15.6296],[121.592,15.6308]]]]},"properties":{"ADM3_EN":"San Luis","name":"San Luis","ADM3_PCODE":"PH37708000","psgc_code":"37708000","ADM2_EN":"Aurora","ADM2_PCODE":"PH3770","ADM1_EN":"Region III (Central Luzon)","ADM1_PCODE":"PH03","ADM0_EN":"Philippines (the)","ADM0_PCODE":"PH","region_key":"central_luzon","province_key":"aurora","type":"Municipality"}},{"type":"Feature","geometry":{"type":"MultiPolygon","coordinates":[[[[120.4568,14.6967],[120.4423,14.6953],[120.4368,14.6923],[120.4344,14.6881],[120.4233,14.6856],[120.4032,14.709],[120.4479,14.7374],[120.4542,14.7393],[120.462,14.7386],[120.4765,14.7403],[120.4845,14.7445],[120.4885,14.7496],[120.4988,14.7525],[120.5195,14.7531],[120.5244,14.7496],[120.5354,14.7459],[120.5506,14.7432],[120.5478,14.735],[120.5472,14.7256],[120.5489,14.7217],[120.5483,14.7175],[120.5532,14.7065],[120.5512,14.7052],[120.5458,14.7026],[120.5393,14.7032],[120.5344,14.6987],[120.5278,14.6965],[120.5181,14.6983],[120.4979,14.688],[120.4886,14.6876],[120.4568,14.6967]]]]},"properties":{"ADM3_EN":"Abucay","name":"Abucay","ADM3_PCODE":"PH30801000","psgc_code":"30801000","ADM2_EN":"Bataan","ADM2_PCODE":"PH3080","ADM1_EN":"Region III (Central Luzon)","ADM1_PCODE":"PH03","ADM0_EN":"Philippines (the)","ADM0_PCODE":"PH","region_key":"central_luzon","province_key":"bataan","type":"Municipality"}},{"type":"Feature","geometry":{"type":"MultiPolygon","coordinates":[[[[120.387,14.4692],[120.3847,14.4698],[120.3811,14.4756],[120.3894,14.4784],[120.3896,14.4811],[120.3849,14.4848],[120.3885,14.4884],[120.3834,14.4917],[120.383,14.4952],[120.3772,14.4984],[120.3791,14.5036],[120.3784,14.5078],[120.3811,14.5135],[120.3806,14.5168],[120.3749,14.5217],[120.3742,14.5247],[120.381,14.5324],[120.3811,14.535],[120.3872,14.5337],[120.39,14.537],[120.39,14.5458],[120.3808,14.5486],[120.3845,14.5517],[120.3885,14.5518],[120.3913,14.5561],[120.3903,14.5625],[120.3853,14.5641],[120.3828,14.5692],[120.3847,14.5742],[120.3902,14.5746],[120.3947,14.5789],[120.3923,14.5823],[120.3935,14.5862],[120.3886,14.5897],[120.3892,14.5919],[120.3756,14.6161],[120.3708,14.6197],[120.3681,14.6189],[120.3685,14.6247],[120.3672,14.6264],[120.3603,14.6239],[120.3586,14.6203],[120.3564,14.6243],[120.3526,14.6206],[120.3483,14.6194],[120.3481,14.6261],[120.3431,14.6272],[120.3457,14.6301],[120.3474,14.6298],[120.3673,14.6623],[120.4032,14.709],[120.4233,14.6856],[120.4344,14.6881],[120.4274,14.6742],[120.4199,14.6727],[120.4641,14.6307],[120.4648,14.6278],[120.4615,14.6269],[120.4595,14.6224],[120.4699,14.6207],[120.4742,14.6215],[120.4759,14.6202],[120.4771,14.6155],[120.4761,14.5995],[120.5088,14.5698],[120.4945,14.5147],[120.4702,14.5187],[120.387,14.4692]]]]},"properties":{"ADM3_EN":"Bagac","name":"Bagac","ADM3_PCODE":"PH30802000","psgc_code":"30802000","ADM2_EN":"Bataan","ADM2_PCODE":"PH3080","ADM1_EN":"Region III (Central Luzon)","ADM1_PCODE":"PH03","ADM0_EN":"Philippines (the)","ADM0_PCODE":"PH","region_key":"central_luzon","province_key":"bataan","type":"Municipality"}},{"type":"Feature","geometry":{"type":"MultiPolygon","coordinates":[[[[120.4677,14.6214],[120.4595,14.6224],[120.4615,14.6269],[120.4648,14.6278],[120.4641,14.6307],[120.4199,14.6727],[120.4274,14.6742],[120.4368,14.6923],[120.4423,14.6953],[120.4568,14.6967],[120.4886,14.6876],[120.4979,14.688],[120.5173,14.6981],[120.5278,14.6965],[120.5344,14.6987],[120.5393,14.7032],[120.5458,14.7026],[120.5532,14.7065],[120.5551,14.7026],[120.5628,14.7006],[120.5633,14.6975],[120.5665,14.6943],[120.5653,14.6933],[120.5633,14.6958],[120.5614,14.6953],[120.5608,14.6928],[120.5641,14.6931],[120.5606,14.6907],[120.5635,14.6913],[120.5596,14.6866],[120.5517,14.6832],[120.5501,14.6782],[120.5468,14.6757],[120.5514,14.6655],[120.5473,14.6603],[120.538,14.6582],[120.5388,14.6521],[120.5365,14.6491],[120.5369,14.6433],[120.5362,14.642],[120.5336,14.6423],[120.5292,14.6354],[120.522,14.6329],[120.5135,14.636],[120.5074,14.633],[120.5047,14.6358],[120.498,14.6385],[120.491,14.6385],[120.4861,14.6357],[120.4836,14.6366],[120.4807,14.635],[120.4739,14.6248],[120.4742,14.6215],[120.4677,14.6214]]]]},"properties":{"ADM3_EN":"Balanga City","name":"Balanga City","ADM3_PCODE":"PH30803000","psgc_code":"30803000","ADM2_EN":"Bataan","ADM2_PCODE":"PH3080","ADM1_EN":"Region III (Central Luzon)","ADM1_PCODE":"PH03","ADM0_EN":"Philippines (the)","ADM0_PCODE":"PH","region_key":"central_luzon","province_key":"bataan","type":"City"}},{"type":"Feature","geometry":{"type":"MultiPolygon","coordinates":[[[[120.4892,14.8433],[120.4926,14.84],[120.4958,14.8332],[120.4928,14.8293],[120.4892,14.8312],[120.4898,14.8332],[120.4852,14.8376],[120.4742,14.842],[120.4697,14.8501],[120.4674,14.8481],[120.4648,14.8482],[120.463,14.8408],[120.4585,14.842],[120.4577,14.8393],[120.4503,14.8374],[120.4477,14.8437],[120.4441,14.8471],[120.436,14.8408],[120.4357,14.8363],[120.4332,14.8354],[120.4319,14.8314],[120.4305,14.8312],[120.4304,14.8337],[120.4287,14.8341],[120.4184,14.8326],[120.4159,14.8343],[120.4145,14.8325],[120.4093,14.8315],[120.3943,14.8355],[120.3911,14.8327],[120.3894,14.8363],[120.3845,14.8386],[120.3767,14.8375],[120.3737,14.8394],[120.3679,14.8334],[120.3639,14.8324],[120.3614,14.8299],[120.3379,14.8284],[120.3382,14.8337],[120.3561,14.847],[120.361,14.853],[120.3618,14.8554],[120.3603,14.8599],[120.3663,14.8726],[120.368,14.8743],[120.3716,14.8734],[120.3691,14.8807],[120.3759,14.8911],[120.3976,14.8838],[120.4359,14.882],[120.4606,14.9297],[120.4762,14.924],[120.4834,14.9146],[120.4925,14.9155],[120.4951,14.914],[120.4991,14.9085],[120.4997,14.9028],[120.5045,14.8987],[120.5013,14.8965],[120.5016,14.893],[120.5085,14.8874],[120.5067,14.8817],[120.5074,14.8797],[120.4803,14.8787],[120.4769,14.8731],[120.4771,14.8614],[120.479,14.854],[120.4857,14.8482],[120.4848,14.8455],[120.4892,14.8433]]]]},"properties":{"ADM3_EN":"Dinalupihan","name":"Dinalupihan","ADM3_PCODE":"PH30804000","psgc_code":"30804000","ADM2_EN":"Bataan","ADM2_PCODE":"PH3080","ADM1_EN":"Region III (Central Luzon)","ADM1_PCODE":"PH03","ADM0_EN":"Philippines (the)","ADM0_PCODE":"PH","region_key":"central_luzon","province_key":"bataan","type":"Municipality"}},{"type":"Feature","geometry":{"type":"MultiPolygon","coordinates":[[[[120.3952,14.7427],[120.3918,14.7449],[120.3842,14.7556],[120.3724,14.779],[120.3512,14.8291],[120.3614,14.8299],[120.3639,14.8324],[120.3679,14.8334],[120.3737,14.8394],[120.3767,14.8375],[120.3845,14.8386],[120.3894,14.8363],[120.3911,14.8327],[120.3943,14.8355],[120.4093,14.8315],[120.4145,14.8325],[120.4159,14.8343],[120.4184,14.8326],[120.4287,14.8341],[120.4304,14.8337],[120.4305,14.8312],[120.4327,14.8321],[120.4332,14.8354],[120.4357,14.8363],[120.436,14.8408],[120.4385,14.8439],[120.4401,14.8433],[120.4441,14.8471],[120.4477,14.8437],[120.4503,14.8374],[120.4577,14.8393],[120.4585,14.842],[120.463,14.8408],[120.4648,14.8482],[120.4674,14.8481],[120.4697,14.8501],[120.4742,14.842],[120.4852,14.8376],[120.4898,14.8332],[120.4892,14.8312],[120.4928,14.8293],[120.4958,14.8324],[120.4943,14.837],[120.4892,14.8433],[120.4848,14.8455],[120.4857,14.8482],[120.4812,14.8516],[120.4779,14.8567],[120.4769,14.8731],[120.4803,14.8787],[120.5074,14.8797],[120.5028,14.8702],[120.5043,14.8649],[120.5154,14.8498],[120.5349,14.8335],[120.5453,14.8264],[120.552,14.8244],[120.5642,14.8307],[120.5778,14.8311],[120.5853,14.8219],[120.5806,14.8136],[120.5758,14.8153],[120.5742,14.8175],[120.5734,14.8158],[120.5671,14.8146],[120.5629,14.8172],[120.5624,14.8135],[120.557,14.8149],[120.5564,14.8094],[120.5539,14.8094],[120.5548,14.817],[120.5511,14.8189],[120.5426,14.8189],[120.5314,14.8132],[120.5296,14.8096],[120.5241,14.8095],[120.5055,14.8013],[120.4737,14.7922],[120.4604,14.7936],[120.4453,14.786],[120.436,14.7907],[120.4329,14.7815],[120.4274,14.7726],[120.4219,14.7719],[120.4215,14.769],[120.4094,14.7492],[120.4027,14.7447],[120.3952,14.7427]]]]},"properties":{"ADM3_EN":"Hermosa","name":"Hermosa","ADM3_PCODE":"PH30805000","psgc_code":"30805000","ADM2_EN":"Bataan","ADM2_PCODE":"PH3080","ADM1_EN":"Region III (Central Luzon)","ADM1_PCODE":"PH03","ADM0_EN":"Philippines (the)","ADM0_PCODE":"PH","region_key":"central_luzon","province_key":"bataan","type":"Municipality"}},{"type":"Feature","geometry":{"type":"MultiPolygon","coordinates":[[[[120.6075,14.5282],[120.6097,14.5219],[120.6088,14.5186],[120.6103,14.5128],[120.5887,14.5095],[120.58,14.5052],[120.4945,14.5147],[120.5088,14.5698],[120.5422,14.5632],[120.5917,14.5822],[120.5948,14.5712],[120.6,14.5608],[120.599,14.5501],[120.6031,14.5442],[120.601,14.5391],[120.6066,14.5345],[120.6129,14.5337],[120.6075,14.5331],[120.6075,14.5282]]]]},"properties":{"ADM3_EN":"Limay","name":"Limay","ADM3_PCODE":"PH30806000","psgc_code":"30806000","ADM2_EN":"Bataan","ADM2_PCODE":"PH3080","ADM1_EN":"Region III (Central Luzon)","ADM1_PCODE":"PH03","ADM0_EN":"Philippines (the)","ADM0_PCODE":"PH","region_key":"central_luzon","province_key":"bataan","type":"Municipality"}},{"type":"Feature","geometry":{"type":"MultiPolygon","coordinates":[[[[120.6234,14.3664],[120.6184,14.3642],[120.6124,14.3655],[120.6185,14.3668],[120.6225,14.3701],[120.6234,14.3664]]],[[[120.6117,14.3928],[120.6154,14.3915],[120.6211,14.3858],[120.6225,14.3836],[120.6217,14.3817],[120.6186,14.3869],[120.6144,14.3902],[120.6086,14.3908],[120.6062,14.3882],[120.6003,14.3864],[120.5938,14.3877],[120.5909,14.3842],[120.5853,14.383],[120.5846,14.3765],[120.5794,14.3724],[120.5726,14.3731],[120.5671,14.3762],[120.5636,14.3797],[120.5621,14.3841],[120.5644,14.3879],[120.5699,14.3897],[120.5738,14.393],[120.5799,14.3926],[120.5856,14.3881],[120.5911,14.3916],[120.6016,14.3915],[120.6076,14.3944],[120.6117,14.3928]]],[[[120.4945,14.5147],[120.58,14.5052],[120.5887,14.5095],[120.6103,14.5128],[120.6114,14.5087],[120.6082,14.4882],[120.6097,14.4861],[120.6082,14.4835],[120.6091,14.4791],[120.6043,14.4755],[120.6022,14.462],[120.5942,14.4566],[120.5927,14.4511],[120.5878,14.4467],[120.5889,14.4444],[120.5863,14.4443],[120.5853,14.4414],[120.5808,14.4393],[120.5808,14.4358],[120.5763,14.4319],[120.5706,14.4322],[120.5697,14.4303],[120.5675,14.4301],[120.5628,14.4231],[120.5589,14.4244],[120.5522,14.4219],[120.5469,14.4233],[120.5405,14.4212],[120.5317,14.4239],[120.532,14.4293],[120.5272,14.4275],[120.5221,14.4293],[120.52,14.4283],[120.5222,14.4239],[120.5192,14.4225],[120.5172,14.4247],[120.5122,14.4256],[120.513,14.429],[120.5115,14.429],[120.5077,14.4363],[120.5047,14.4353],[120.5039,14.4331],[120.5025,14.4357],[120.498,14.4346],[120.4953,14.4367],[120.4897,14.435],[120.4858,14.4319],[120.4848,14.4275],[120.4931,14.4189],[120.4936,14.4156],[120.5011,14.4108],[120.5,14.406],[120.4989,14.4079],[120.4969,14.4075],[120.4936,14.4097],[120.4945,14.4133],[120.4901,14.4164],[120.4881,14.4158],[120.4856,14.4106],[120.4844,14.4114],[120.4854,14.4163],[120.4827,14.4163],[120.4769,14.4089],[120.4758,14.4108],[120.4794,14.417],[120.4787,14.4196],[120.4739,14.4183],[120.4697,14.4142],[120.4694,14.4161],[120.4727,14.4209],[120.4702,14.4217],[120.4647,14.4183],[120.4633,14.4197],[120.467,14.4264],[120.4617,14.4244],[120.4572,14.4262],[120.4591,14.434],[120.455,14.4353],[120.4561,14.4386],[120.4531,14.4383],[120.453,14.441],[120.4509,14.4419],[120.4481,14.4406],[120.4462,14.4463],[120.4397,14.4409],[120.4378,14.4419],[120.4369,14.4457],[120.4325,14.4473],[120.4301,14.4463],[120.4283,14.4419],[120.4247,14.4406],[120.4203,14.4461],[120.423,14.4509],[120.4227,14.453],[120.4192,14.4519],[120.4181,14.4536],[120.4154,14.4515],[120.413,14.4552],[120.4084,14.4544],[120.4057,14.4559],[120.4003,14.4536],[120.4007,14.4589],[120.3931,14.4575],[120.3889,14.4594],[120.3886,14.4639],[120.3917,14.4653],[120.3938,14.4687],[120.3922,14.4703],[120.3877,14.4693],[120.4702,14.5187],[120.4945,14.5147]]],[[[120.6119,14.4812],[120.6142,14.4805],[120.6153,14.4794],[120.6099,14.4814],[120.6119,14.4812]]]]},"properties":{"ADM3_EN":"Mariveles","name":"Mariveles","ADM3_PCODE":"PH30807000","psgc_code":"30807000","ADM2_EN":"Bataan","ADM2_PCODE":"PH3080","ADM1_EN":"Region III (Central Luzon)","ADM1_PCODE":"PH03","ADM0_EN":"Philippines (the)","ADM0_PCODE":"PH","region_key":"central_luzon","province_key":"bataan","type":"Municipality"}},{"type":"Feature","geometry":{"type":"MultiPolygon","coordinates":[[[[120.2653,14.6736],[120.2617,14.6783],[120.2639,14.6797],[120.2611,14.6793],[120.2585,14.6823],[120.2537,14.6835],[120.2484,14.6919],[120.2497,14.6971],[120.2483,14.7006],[120.252,14.7108],[120.2492,14.7156],[120.2555,14.7222],[120.2492,14.7261],[120.2551,14.73],[120.2539,14.7342],[120.2555,14.7353],[120.265,14.7345],[120.2697,14.7356],[120.2725,14.7347],[120.2744,14.7319],[120.2772,14.732],[120.2794,14.7351],[120.2774,14.7383],[120.2786,14.742],[120.2764,14.7444],[120.2642,14.7436],[120.2561,14.7461],[120.2544,14.7489],[120.2482,14.7487],[120.2461,14.7506],[120.2486,14.755],[120.2453,14.7592],[120.2414,14.7608],[120.2448,14.764],[120.2508,14.7655],[120.2581,14.7647],[120.2606,14.7661],[120.2603,14.7686],[120.2555,14.77],[120.2589,14.7747],[120.2605,14.7721],[120.2658,14.7712],[120.2671,14.7722],[120.2667,14.7756],[120.275,14.775],[120.2806,14.7808],[120.275,14.7836],[120.2683,14.7844],[120.2617,14.7885],[120.2567,14.7881],[120.2567,14.7919],[120.265,14.7953],[120.267,14.802],[120.2712,14.798],[120.2844,14.8008],[120.288,14.794],[120.2947,14.8007],[120.3379,14.8284],[120.3512,14.8291],[120.3724,14.779],[120.3842,14.7556],[120.3918,14.7449],[120.3863,14.732],[120.4032,14.709],[120.3673,14.6623],[120.3474,14.6298],[120.3445,14.6326],[120.3411,14.6297],[120.338,14.6298],[120.3344,14.6319],[120.3349,14.6336],[120.333,14.6358],[120.3298,14.6361],[120.3244,14.6311],[120.3206,14.6317],[120.3206,14.6294],[120.3192,14.6303],[120.3148,14.6259],[120.3126,14.6256],[120.3107,14.6294],[120.3127,14.6341],[120.3125,14.6396],[120.3039,14.6367],[120.3017,14.6342],[120.3025,14.6409],[120.2919,14.6573],[120.2881,14.6613],[120.2747,14.67],[120.2664,14.6683],[120.2653,14.6736]]],[[[120.2236,14.7633],[120.2256,14.7658],[120.2267,14.7656],[120.2253,14.7619],[120.2236,14.7633]]],[[[120.2253,14.7744],[120.2272,14.7733],[120.2294,14.7744],[120.2303,14.7704],[120.225,14.7675],[120.2231,14.7747],[120.2253,14.7744]]]]},"properties":{"ADM3_EN":"Morong","name":"Morong","ADM3_PCODE":"PH30808000","psgc_code":"30808000","ADM2_EN":"Bataan","ADM2_PCODE":"PH3080","ADM1_EN":"Region III (Central Luzon)","ADM1_PCODE":"PH03","ADM0_EN":"Philippines (the)","ADM0_PCODE":"PH","region_key":"central_luzon","province_key":"bataan","type":"Municipality"}},{"type":"Feature","geometry":{"type":"MultiPolygon","coordinates":[[[[120.4285,14.776],[120.4329,14.7815],[120.436,14.7907],[120.4453,14.786],[120.4604,14.7936],[120.4737,14.7922],[120.5055,14.8013],[120.5241,14.8095],[120.5296,14.8096],[120.5314,14.8132],[120.5426,14.8189],[120.5511,14.8189],[120.5548,14.817],[120.5539,14.8094],[120.5567,14.8083],[120.5542,14.8036],[120.5578,14.8003],[120.5558,14.8006],[120.5539,14.7972],[120.5581,14.7922],[120.5586,14.7886],[120.5544,14.7886],[120.5517,14.7922],[120.5472,14.7897],[120.5492,14.7815],[120.5459,14.7792],[120.5416,14.7793],[120.54,14.7809],[120.5381,14.7789],[120.5341,14.7822],[120.5299,14.783],[120.5247,14.7814],[120.5085,14.7815],[120.4995,14.7781],[120.4906,14.7783],[120.4825,14.7741],[120.4787,14.7685],[120.4716,14.7631],[120.4633,14.7621],[120.4566,14.7587],[120.4526,14.7534],[120.4443,14.7483],[120.4271,14.7438],[120.4157,14.7363],[120.4087,14.7365],[120.3955,14.7322],[120.3863,14.732],[120.3918,14.7449],[120.3964,14.7426],[120.4071,14.7472],[120.4215,14.769],[120.4219,14.7719],[120.4256,14.7715],[120.4285,14.776]]]]},"properties":{"ADM3_EN":"Orani","name":"Orani","ADM3_PCODE":"PH30809000","psgc_code":"30809000","ADM2_EN":"Bataan","ADM2_PCODE":"PH3080","ADM1_EN":"Region III (Central Luzon)","ADM1_PCODE":"PH03","ADM0_EN":"Philippines (the)","ADM0_PCODE":"PH","region_key":"central_luzon","province_key":"bataan","type":"Municipality"}},{"type":"Feature","geometry":{"type":"MultiPolygon","coordinates":[[[[120.5513,14.566],[120.5422,14.5632],[120.5088,14.5698],[120.4987,14.5798],[120.5041,14.5916],[120.5131,14.5952],[120.52,14.601],[120.524,14.6023],[120.5264,14.6056],[120.5247,14.6086],[120.5257,14.6187],[120.5233,14.621],[120.5258,14.6246],[120.5311,14.629],[120.5462,14.6305],[120.5462,14.6339],[120.548,14.634],[120.5511,14.6384],[120.5527,14.6473],[120.5724,14.6526],[120.5792,14.656],[120.5825,14.6503],[120.5858,14.6344],[120.5864,14.6236],[120.5844,14.6236],[120.5858,14.6203],[120.5839,14.6208],[120.5839,14.6194],[120.5856,14.6181],[120.5841,14.6159],[120.5862,14.6143],[120.5864,14.6121],[120.5816,14.6159],[120.5789,14.6142],[120.5822,14.6133],[120.5858,14.6075],[120.5869,14.5919],[120.5886,14.5875],[120.5922,14.5856],[120.5917,14.5822],[120.5513,14.566]]]]},"properties":{"ADM3_EN":"Orion","name":"Orion","ADM3_PCODE":"PH30810000","psgc_code":"30810000","ADM2_EN":"Bataan","ADM2_PCODE":"PH3081","ADM1_EN":"Region III (Central Luzon)","ADM1_PCODE":"PH03","ADM0_EN":"Philippines (the)","ADM0_PCODE":"PH","region_key":"central_luzon","province_key":"bataan","type":"Municipality"}},{"type":"Feature","geometry":{"type":"MultiPolygon","coordinates":[[[[120.4763,14.6027],[120.4771,14.6155],[120.4736,14.6241],[120.4814,14.6357],[120.4955,14.6387],[120.5047,14.6358],[120.5074,14.633],[120.5135,14.636],[120.522,14.6329],[120.5292,14.6354],[120.5336,14.6423],[120.5362,14.642],[120.5369,14.6433],[120.5365,14.6491],[120.5388,14.6521],[120.538,14.6582],[120.5473,14.6603],[120.5514,14.6655],[120.5465,14.6745],[120.5501,14.6782],[120.5517,14.6832],[120.5596,14.6866],[120.5635,14.6913],[120.5669,14.6894],[120.5669,14.6792],[120.5703,14.6686],[120.5747,14.6642],[120.5797,14.6552],[120.5527,14.6473],[120.5511,14.6384],[120.548,14.634],[120.5462,14.6339],[120.5462,14.6305],[120.5311,14.629],[120.5258,14.6246],[120.5233,14.621],[120.5257,14.6187],[120.5247,14.6086],[120.5264,14.6056],[120.524,14.6023],[120.52,14.601],[120.5131,14.5952],[120.5041,14.5916],[120.4987,14.5798],[120.4762,14.5993],[120.4763,14.6027]]]]},"properties":{"ADM3_EN":"Pilar","name":"Pilar","ADM3_PCODE":"PH30811000","psgc_code":"30811000","ADM2_EN":"Bataan","ADM2_PCODE":"PH3081","ADM1_EN":"Region III (Central Luzon)","ADM1_PCODE":"PH03","ADM0_EN":"Philippines (the)","ADM0_PCODE":"PH","region_key":"central_luzon","province_key":"bataan","type":"Municipality"}},{"type":"Feature","geometry":{"type":"MultiPolygon","coordinates":[[[[120.5119,14.7525],[120.4988,14.7525],[120.4885,14.7496],[120.4845,14.7445],[120.4765,14.7403],[120.462,14.7386],[120.4542,14.7393],[120.4479,14.7374],[120.4032,14.709],[120.3863,14.732],[120.3955,14.7322],[120.4087,14.7365],[120.4157,14.7363],[120.4271,14.7438],[120.4443,14.7483],[120.4526,14.7534],[120.4566,14.7587],[120.4633,14.7621],[120.4716,14.7631],[120.4787,14.7685],[120.4825,14.7741],[120.4906,14.7783],[120.4995,14.7781],[120.5085,14.7815],[120.5247,14.7814],[120.5299,14.783],[120.5341,14.7822],[120.5381,14.7789],[120.54,14.7809],[120.5446,14.7789],[120.5486,14.7815],[120.5506,14.78],[120.5525,14.7761],[120.55,14.7731],[120.5503,14.7611],[120.5519,14.7553],[120.5556,14.7506],[120.5506,14.7432],[120.5354,14.7459],[120.5244,14.7496],[120.5195,14.7531],[120.5119,14.7525]]]]},"properties":{"ADM3_EN":"Samal","name":"Samal","ADM3_PCODE":"PH30812000","psgc_code":"30812000","ADM2_EN":"Bataan","ADM2_PCODE":"PH3081","ADM1_EN":"Region III (Central Luzon)","ADM1_PCODE":"PH03","ADM0_EN":"Philippines (the)","ADM0_PCODE":"PH","region_key":"central_luzon","province_key":"bataan","type":"Municipality"}},{"type":"Feature","geometry":{"type":"MultiPolygon","coordinates":[[[[121.0839,14.9441],[121.087,14.9393],[121.0818,14.9319],[121.0752,14.9248],[121.0643,14.9213],[121.0607,14.916],[121.0465,14.9085],[121.0385,14.8946],[121.0207,14.8936],[121.0138,14.8867],[121.0103,14.8891],[121.0124,14.8968],[121.01,14.9024],[121.0115,14.9114],[120.9923,14.8943],[120.9889,14.9002],[120.9867,14.9093],[120.9828,14.9152],[120.9823,14.9185],[120.9852,14.9251],[120.9873,14.9378],[120.9834,14.9416],[120.9822,14.9452],[120.9835,14.9466],[120.9863,14.9476],[120.9894,14.9434],[120.9946,14.9448],[120.9977,14.9437],[121.0072,14.9331],[121.015,14.9364],[121.0212,14.9365],[121.0235,14.9398],[121.0308,14.9406],[121.0311,14.9462],[121.0353,14.9497],[121.0438,14.9478],[121.0456,14.9493],[121.0442,14.9525],[121.0496,14.9527],[121.0499,14.951],[121.0524,14.9521],[121.0538,14.9613],[121.0511,14.9629],[121.0516,14.9646],[121.06,14.9767],[121.078,14.981],[121.0777,14.9736],[121.0799,14.9673],[121.0759,14.9578],[121.0757,14.9485],[121.081,14.9484],[121.0839,14.9441]]]]},"properties":{"ADM3_EN":"Angat","name":"Angat","ADM3_PCODE":"PH31401000","psgc_code":"31401000","ADM2_EN":"Bulacan","ADM2_PCODE":"PH3140","ADM1_EN":"Region III (Central Luzon)","ADM1_PCODE":"PH03","ADM0_EN":"Philippines (the)","ADM0_PCODE":"PH","region_key":"central_luzon","province_key":"bulacan","type":"Municipality"}},{"type":"Feature","geometry":{"type":"MultiPolygon","coordinates":[[[[120.9117,14.7958],[120.9094,14.7964],[120.9081,14.7995],[120.9093,14.8041],[120.9073,14.8098],[120.9089,14.8131],[120.9069,14.8172],[120.9094,14.8218],[120.9072,14.8331],[120.9116,14.8413],[120.9105,14.8459],[120.9131,14.8518],[120.9121,14.8622],[120.9265,14.8645],[120.9286,14.8614],[120.929,14.8563],[120.9355,14.8544],[120.9347,14.8501],[120.9364,14.8461],[120.9343,14.842],[120.9346,14.8363],[120.9379,14.833],[120.9349,14.8319],[120.9348,14.8271],[120.9377,14.8254],[120.9373,14.8214],[120.934,14.8211],[120.9317,14.8127],[120.9206,14.8009],[120.9194,14.7938],[120.9233,14.7865],[120.9224,14.783],[120.9185,14.7869],[120.9169,14.7823],[120.9141,14.7832],[120.9092,14.7923],[120.9117,14.7958]]]]},"properties":{"ADM3_EN":"Balagtas","name":"Balagtas","ADM3_PCODE":"PH31402000","psgc_code":"31402000","ADM2_EN":"Bulacan","ADM2_PCODE":"PH3140","ADM1_EN":"Region III (Central Luzon)","ADM1_PCODE":"PH03","ADM0_EN":"Philippines (the)","ADM0_PCODE":"PH","region_key":"central_luzon","province_key":"bulacan","type":"Municipality"}},{"type":"Feature","geometry":{"type":"MultiPolygon","coordinates":[[[[120.91,14.9179],[120.9113,14.9157],[120.9084,14.9091],[120.9085,14.9033],[120.9063,14.9],[120.9036,14.8991],[120.9025,14.9045],[120.8992,14.9057],[120.8936,14.9111],[120.8894,14.9113],[120.8873,14.917],[120.873,14.9195],[120.8742,14.9232],[120.8721,14.9262],[120.8669,14.928],[120.8674,14.9319],[120.8642,14.934],[120.8636,14.9416],[120.8663,14.95],[120.8664,14.9567],[120.8707,14.9569],[120.8778,14.9614],[120.877,14.9643],[120.8835,14.9687],[120.8847,14.975],[120.89,14.9771],[120.893,14.9756],[120.8999,14.9767],[120.9012,14.9784],[120.9031,14.9838],[120.9021,14.9859],[120.904,14.9891],[120.9013,14.9942],[120.9016,14.9981],[120.8978,15.0036],[120.9184,15.0079],[120.9214,14.9947],[120.9204,14.9832],[120.9256,14.9784],[120.9297,14.965],[120.9377,14.9614],[120.9412,14.9565],[120.9358,14.9469],[120.927,14.9447],[120.9298,14.9387],[120.9259,14.9367],[120.9285,14.9302],[120.9098,14.9263],[120.908,14.9246],[120.91,14.9179]]]]},"properties":{"ADM3_EN":"Baliuag","name":"Baliuag","ADM3_PCODE":"PH31403000","psgc_code":"31403000","ADM2_EN":"Bulacan","ADM2_PCODE":"PH3140","ADM1_EN":"Region III (Central Luzon)","ADM1_PCODE":"PH03","ADM0_EN":"Philippines (the)","ADM0_PCODE":"PH","region_key":"central_luzon","province_key":"bulacan","type":"Municipality"}},{"type":"Feature","geometry":{"type":"MultiPolygon","coordinates":[[[[120.9676,14.7884],[120.9746,14.782],[120.9721,14.7789],[120.9682,14.7766],[120.9616,14.776],[120.9474,14.7667],[120.9432,14.7684],[120.9351,14.7673],[120.9341,14.7642],[120.9316,14.7663],[120.9231,14.7674],[120.9233,14.7726],[120.9159,14.782],[120.9174,14.7868],[120.9199,14.7865],[120.922,14.7829],[120.9231,14.7841],[120.9194,14.7938],[120.9206,14.8009],[120.9317,14.8127],[120.9334,14.8204],[120.9373,14.8214],[120.9371,14.8263],[120.9422,14.8291],[120.9498,14.8257],[120.9486,14.8226],[120.9502,14.8192],[120.9434,14.8201],[120.9424,14.818],[120.9428,14.8161],[120.9455,14.8147],[120.944,14.808],[120.9467,14.7989],[120.9556,14.7921],[120.9676,14.7884]]]]},"properties":{"ADM3_EN":"Bocaue","name":"Bocaue","ADM3_PCODE":"PH31404000","psgc_code":"31404000","ADM2_EN":"Bulacan","ADM2_PCODE":"PH3140","ADM1_EN":"Region III (Central Luzon)","ADM1_PCODE":"PH03","ADM0_EN":"Philippines (the)","ADM0_PCODE":"PH","region_key":"central_luzon","province_key":"bulacan","type":"Municipality"}},{"type":"Feature","geometry":{"type":"MultiPolygon","coordinates":[[[[120.9,14.7147],[120.9033,14.7183],[120.9047,14.7233],[120.9017,14.7328],[120.9028,14.7383],[120.9008,14.7464],[120.9024,14.748],[120.9058,14.7371],[120.9048,14.7288],[120.9087,14.7192],[120.9026,14.7133],[120.8984,14.7131],[120.9,14.7147]]],[[[120.9129,14.7869],[120.9141,14.7832],[120.9233,14.7726],[120.9231,14.7674],[120.9211,14.7654],[120.9149,14.7642],[120.9127,14.7612],[120.9151,14.7538],[120.9039,14.7528],[120.9,14.7486],[120.8972,14.7506],[120.9003,14.7445],[120.8986,14.7319],[120.9014,14.7258],[120.9014,14.7206],[120.8992,14.7175],[120.8911,14.7131],[120.8892,14.71],[120.8831,14.71],[120.8811,14.7128],[120.8756,14.7156],[120.8725,14.7144],[120.8692,14.7169],[120.8697,14.7192],[120.8669,14.7208],[120.8647,14.7189],[120.865,14.7222],[120.8608,14.7219],[120.8586,14.7264],[120.8525,14.73],[120.8497,14.7344],[120.8414,14.7397],[120.8367,14.7456],[120.8356,14.7497],[120.8381,14.7539],[120.8419,14.7536],[120.8389,14.7586],[120.8389,14.7633],[120.8413,14.766],[120.8394,14.7647],[120.836,14.7656],[120.8386,14.7685],[120.8344,14.7712],[120.8327,14.7761],[120.8348,14.7812],[120.832,14.7861],[120.8367,14.7865],[120.8377,14.7887],[120.8342,14.792],[120.8333,14.8011],[120.8388,14.7974],[120.8403,14.7996],[120.8393,14.8032],[120.8484,14.8022],[120.8521,14.7985],[120.8525,14.7948],[120.856,14.7943],[120.8607,14.7977],[120.8589,14.7995],[120.8606,14.8034],[120.8653,14.8058],[120.8735,14.8157],[120.8767,14.8161],[120.8764,14.8123],[120.8776,14.8117],[120.8794,14.8142],[120.8825,14.8133],[120.89,14.8169],[120.8892,14.8125],[120.8967,14.8116],[120.8966,14.8082],[120.8986,14.8087],[120.9001,14.8129],[120.9031,14.8077],[120.9073,14.8088],[120.9093,14.8041],[120.9081,14.7995],[120.9094,14.7964],[120.9117,14.7958],[120.9093,14.7916],[120.9129,14.7869]]]]},"properties":{"ADM3_EN":"Bulacan","name":"Bulacan","ADM3_PCODE":"PH31405000","psgc_code":"31405000","ADM2_EN":"Bulacan","ADM2_PCODE":"PH3140","ADM1_EN":"Region III (Central Luzon)","ADM1_PCODE":"PH03","ADM0_EN":"Philippines (the)","ADM0_PCODE":"PH","region_key":"central_luzon","province_key":"bulacan","type":"Municipality"}},{"type":"Feature","geometry":{"type":"MultiPolygon","coordinates":[[[[120.9363,14.8883],[120.9289,14.8798],[120.9236,14.8935],[120.9267,14.9],[120.9244,14.9014],[120.9266,14.9087],[120.9246,14.9165],[120.9116,14.9154],[120.908,14.9246],[120.9124,14.9277],[120.9285,14.9302],[120.9259,14.9367],[120.9298,14.9387],[120.927,14.9447],[120.9364,14.9474],[120.9405,14.9561],[120.9495,14.961],[120.9542,14.9593],[120.9589,14.96],[120.9644,14.9523],[120.9728,14.9505],[120.9783,14.9456],[120.9822,14.9452],[120.9839,14.9407],[120.9873,14.9378],[120.9852,14.9251],[120.9823,14.9185],[120.9828,14.9152],[120.9804,14.9121],[120.9842,14.8986],[120.9805,14.8957],[120.9599,14.8959],[120.9571,14.8944],[120.9391,14.894],[120.9363,14.8883]]]]},"properties":{"ADM3_EN":"Bustos","name":"Bustos","ADM3_PCODE":"PH31406000","psgc_code":"31406000","ADM2_EN":"Bulacan","ADM2_PCODE":"PH3140","ADM1_EN":"Region III (Central Luzon)","ADM1_PCODE":"PH03","ADM0_EN":"Philippines (the)","ADM0_PCODE":"PH","region_key":"central_luzon","province_key":"bulacan","type":"Municipality"}},{"type":"Feature","geometry":{"type":"MultiPolygon","coordinates":[[[[120.7525,14.8618],[120.7408,14.8544],[120.7351,14.8559],[120.742,14.865],[120.7431,14.8764],[120.7496,14.8877],[120.7498,14.8926],[120.7448,14.9056],[120.7485,14.9192],[120.7586,14.9212],[120.7672,14.9198],[120.7776,14.9207],[120.7922,14.9198],[120.7993,14.9172],[120.8115,14.922],[120.8169,14.9059],[120.8211,14.8817],[120.817,14.8788],[120.8139,14.8809],[120.8113,14.8793],[120.8005,14.8605],[120.7938,14.8602],[120.7924,14.8721],[120.7604,14.8692],[120.7598,14.8665],[120.7525,14.8618]]]]},"properties":{"ADM3_EN":"Calumpit","name":"Calumpit","ADM3_PCODE":"PH31407000","psgc_code":"31407000","ADM2_EN":"Bulacan","ADM2_PCODE":"PH3140","ADM1_EN":"Region III (Central Luzon)","ADM1_PCODE":"PH03","ADM0_EN":"Philippines (the)","ADM0_PCODE":"PH","region_key":"central_luzon","province_key":"bulacan","type":"Municipality"}},{"type":"Feature","geometry":{"type":"MultiPolygon","coordinates":[[[[121.0823,14.9467],[121.081,14.9484],[121.0757,14.9485],[121.0759,14.9578],[121.0799,14.9673],[121.0777,14.9736],[121.078,14.981],[121.0793,14.9821],[121.0818,15.0021],[121.0974,15.0402],[121.0904,15.0655],[121.0851,15.0956],[121.0825,15.1013],[121.0866,15.1016],[121.0991,15.0905],[121.1024,15.0883],[121.106,15.0883],[121.1082,15.0912],[121.1074,15.094],[121.1116,15.0951],[121.1177,15.1066],[121.1181,15.1161],[121.1221,15.1237],[121.1191,15.1427],[121.1086,15.1542],[121.1147,15.17],[121.1108,15.1914],[121.1069,15.2406],[121.1028,15.2636],[121.1299,15.2702],[121.1472,15.2718],[121.1622,15.265],[121.174,15.2558],[121.1906,15.2319],[121.1969,15.226],[121.2413,15.2043],[121.2536,15.2012],[121.2743,15.1988],[121.3117,15.1994],[121.3091,15.1912],[121.3133,15.1757],[121.3193,15.1643],[121.3196,15.1065],[121.321,15.0982],[121.3287,15.0838],[121.3334,15.0454],[121.3425,15.0115],[121.3418,14.9964],[121.3436,14.989],[121.3436,14.9732],[121.3414,14.9477],[121.3431,14.9113],[121.19,14.9112],[121.1746,14.9163],[121.1692,14.9165],[121.1059,14.9145],[121.0801,14.9303],[121.087,14.9393],[121.0823,14.9467]]]]},"properties":{"ADM3_EN":"Doña Remedios Trinidad","name":"Doña Remedios Trinidad","ADM3_PCODE":"PH31424000","psgc_code":"31424000","ADM2_EN":"Bulacan","ADM2_PCODE":"PH3142","ADM1_EN":"Region III (Central Luzon)","ADM1_PCODE":"PH03","ADM0_EN":"Philippines (the)","ADM0_PCODE":"PH","region_key":"central_luzon","province_key":"bulacan","type":"Municipality"}},{"type":"Feature","geometry":{"type":"MultiPolygon","coordinates":[[[[120.8766,14.8118],[120.8767,14.8161],[120.8752,14.816],[120.877,14.8215],[120.8759,14.8225],[120.8745,14.8207],[120.8731,14.8247],[120.8763,14.8288],[120.8736,14.8309],[120.8754,14.8393],[120.8733,14.8427],[120.8768,14.8494],[120.8747,14.8504],[120.8722,14.8492],[120.8721,14.8607],[120.8758,14.8627],[120.8814,14.8614],[120.8874,14.8623],[120.8907,14.8559],[120.8925,14.8556],[120.9059,14.8617],[120.9121,14.8622],[120.9131,14.8518],[120.9105,14.8459],[120.9116,14.8413],[120.9072,14.8331],[120.9094,14.8218],[120.9071,14.8187],[120.9069,14.8159],[120.9089,14.8131],[120.9073,14.8088],[120.9031,14.8077],[120.9001,14.8129],[120.8986,14.8087],[120.8966,14.8082],[120.8967,14.8116],[120.8892,14.8125],[120.89,14.8169],[120.8825,14.8133],[120.8794,14.8142],[120.8766,14.8118]]]]},"properties":{"ADM3_EN":"Guiguinto","name":"Guiguinto","ADM3_PCODE":"PH31408000","psgc_code":"31408000","ADM2_EN":"Bulacan","ADM2_PCODE":"PH3140","ADM1_EN":"Region III (Central Luzon)","ADM1_PCODE":"PH03","ADM0_EN":"Philippines (the)","ADM0_PCODE":"PH","region_key":"central_luzon","province_key":"bulacan","type":"Municipality"}},{"type":"Feature","geometry":{"type":"MultiPolygon","coordinates":[[[[120.7422,14.7644],[120.7381,14.7731],[120.7405,14.765],[120.7392,14.7631],[120.7308,14.7658],[120.7242,14.7625],[120.715,14.7661],[120.6964,14.7672],[120.6911,14.7711],[120.6839,14.7703],[120.6833,14.7714],[120.6842,14.7749],[120.6847,14.7833],[120.6843,14.7839],[120.682,14.7731],[120.6772,14.7719],[120.6747,14.7736],[120.6742,14.7703],[120.6708,14.7692],[120.6651,14.7712],[120.6628,14.7747],[120.6892,14.7934],[120.6974,14.7948],[120.7019,14.7937],[120.7095,14.7996],[120.7095,14.8022],[120.7035,14.8086],[120.707,14.8141],[120.7052,14.8188],[120.7101,14.8257],[120.7305,14.8427],[120.732,14.8477],[120.7304,14.8502],[120.7351,14.8559],[120.7384,14.8542],[120.742,14.855],[120.7598,14.8665],[120.7604,14.8692],[120.7924,14.8721],[120.7939,14.8657],[120.7933,14.8577],[120.7878,14.8547],[120.777,14.8437],[120.777,14.8409],[120.7803,14.8384],[120.7791,14.8343],[120.7725,14.8322],[120.7706,14.8282],[120.7723,14.823],[120.7781,14.8196],[120.7749,14.8101],[120.7785,14.8105],[120.7813,14.8075],[120.778,14.8065],[120.7769,14.7989],[120.7804,14.7987],[120.7803,14.7968],[120.784,14.7962],[120.7857,14.793],[120.7838,14.7901],[120.7767,14.7892],[120.7812,14.7857],[120.7805,14.7839],[120.7736,14.7802],[120.7689,14.7798],[120.7702,14.7737],[120.7755,14.7727],[120.7791,14.769],[120.7794,14.7617],[120.7761,14.7583],[120.7692,14.7608],[120.7567,14.7558],[120.7539,14.76],[120.7531,14.765],[120.76,14.7804],[120.7542,14.7708],[120.7484,14.7762],[120.7536,14.7697],[120.752,14.76],[120.75,14.7581],[120.7428,14.7611],[120.7414,14.7633],[120.7422,14.7644]]]]},"properties":{"ADM3_EN":"Hagonoy","name":"Hagonoy","ADM3_PCODE":"PH31409000","psgc_code":"31409000","ADM2_EN":"Bulacan","ADM2_PCODE":"PH3140","ADM1_EN":"Region III (Central Luzon)","ADM1_PCODE":"PH03","ADM0_EN":"Philippines (the)","ADM0_PCODE":"PH","region_key":"central_luzon","province_key":"bulacan","type":"Municipality"}},{"type":"Feature","geometry":{"type":"MultiPolygon","coordinates":[[[[120.8203,14.7594],[120.8194,14.7619],[120.8225,14.7697],[120.8198,14.7765],[120.8169,14.7787],[120.8205,14.7738],[120.8206,14.7678],[120.8172,14.76],[120.8126,14.7578],[120.8119,14.7603],[120.815,14.7735],[120.8124,14.7755],[120.8122,14.7784],[120.8151,14.7809],[120.8119,14.7856],[120.8125,14.7916],[120.8107,14.7929],[120.8109,14.7957],[120.815,14.8009],[120.8171,14.8137],[120.8198,14.8196],[120.8154,14.8195],[120.8164,14.8259],[120.8116,14.83],[120.8122,14.8341],[120.8104,14.8376],[120.8055,14.838],[120.8022,14.8416],[120.8047,14.8588],[120.8042,14.8608],[120.8005,14.8605],[120.8113,14.8793],[120.8139,14.8809],[120.817,14.8788],[120.8211,14.8817],[120.8239,14.8805],[120.8265,14.8751],[120.8298,14.8781],[120.8317,14.8762],[120.8333,14.8789],[120.8357,14.8767],[120.8398,14.879],[120.8437,14.8785],[120.8457,14.8748],[120.8499,14.8748],[120.8557,14.8625],[120.864,14.8604],[120.8721,14.8607],[120.8722,14.8492],[120.8747,14.8504],[120.8768,14.8494],[120.8733,14.8436],[120.8754,14.8393],[120.8736,14.8309],[120.8763,14.8288],[120.8731,14.8241],[120.8745,14.8207],[120.8759,14.8225],[120.8772,14.8207],[120.8752,14.816],[120.872,14.8144],[120.8697,14.8102],[120.8606,14.8034],[120.8589,14.7995],[120.8607,14.7977],[120.8565,14.7945],[120.8525,14.7948],[120.8505,14.801],[120.8444,14.8032],[120.8393,14.8032],[120.8403,14.7996],[120.8388,14.7974],[120.8348,14.8011],[120.8326,14.8006],[120.8342,14.792],[120.8377,14.7887],[120.8367,14.7865],[120.832,14.7861],[120.8348,14.7812],[120.8327,14.7761],[120.8344,14.7712],[120.8385,14.768],[120.8331,14.7633],[120.8259,14.7717],[120.8272,14.7672],[120.8314,14.7625],[120.83,14.7578],[120.825,14.7556],[120.8203,14.7594]]]]},"properties":{"ADM3_EN":"Malolos City","name":"Malolos City","ADM3_PCODE":"PH31410000","psgc_code":"31410000","ADM2_EN":"Bulacan","ADM2_PCODE":"PH3141","ADM1_EN":"Region III (Central Luzon)","ADM1_PCODE":"PH03","ADM0_EN":"Philippines (the)","ADM0_PCODE":"PH","region_key":"central_luzon","province_key":"bulacan","type":"City"}},{"type":"Feature","geometry":{"type":"MultiPolygon","coordinates":[[[[120.9686,14.7444],[120.9659,14.7456],[120.9637,14.7445],[120.96,14.7335],[120.9577,14.7392],[120.9484,14.7369],[120.95,14.7405],[120.9464,14.7405],[120.9436,14.7428],[120.943,14.7474],[120.9499,14.7516],[120.9504,14.7569],[120.9483,14.7583],[120.9475,14.7626],[120.9363,14.761],[120.9341,14.7642],[120.9345,14.7669],[120.9432,14.7684],[120.9474,14.7667],[120.9616,14.776],[120.969,14.7768],[120.978,14.7844],[120.9838,14.785],[120.9951,14.7895],[121.0136,14.7854],[121.0214,14.796],[121.0282,14.7975],[121.0372,14.7909],[121.0361,14.7844],[121.0394,14.7818],[121.0439,14.7736],[121.0432,14.771],[121.0412,14.7701],[121.0414,14.7657],[121.039,14.7656],[121.0396,14.7635],[121.041,14.7638],[121.0366,14.7617],[121.0322,14.7618],[121.0317,14.7645],[121.0269,14.7613],[121.026,14.7663],[121.0298,14.7678],[121.03,14.7712],[121.0282,14.7738],[121.0134,14.7751],[121.0107,14.7725],[121.0081,14.7734],[120.9996,14.7699],[120.9987,14.7633],[120.992,14.7639],[120.9894,14.7539],[120.9815,14.7512],[120.9736,14.7437],[120.9686,14.7444]]]]},"properties":{"ADM3_EN":"Marilao","name":"Marilao","ADM3_PCODE":"PH31411000","psgc_code":"31411000","ADM2_EN":"Bulacan","ADM2_PCODE":"PH3141","ADM1_EN":"Region III (Central Luzon)","ADM1_PCODE":"PH03","ADM0_EN":"Philippines (the)","ADM0_PCODE":"PH","region_key":"central_luzon","province_key":"bulacan","type":"Municipality"}},{"type":"Feature","geometry":{"type":"MultiPolygon","coordinates":[[[[120.9664,14.7284],[120.9603,14.7282],[120.9526,14.7311],[120.9484,14.7359],[120.9358,14.7304],[120.9324,14.7355],[120.928,14.7367],[120.9255,14.744],[120.9197,14.7448],[120.916,14.7424],[120.9096,14.7458],[120.9044,14.7433],[120.9024,14.748],[120.9044,14.7489],[120.9131,14.7461],[120.9156,14.7475],[120.9027,14.7503],[120.9032,14.7521],[120.9151,14.7538],[120.9127,14.7612],[120.9149,14.7642],[120.9211,14.7654],[120.9231,14.7674],[120.9316,14.7663],[120.9361,14.7628],[120.9363,14.761],[120.9475,14.7626],[120.9483,14.7583],[120.9504,14.7569],[120.9499,14.7516],[120.948,14.7494],[120.9434,14.7481],[120.9432,14.7433],[120.9464,14.7405],[120.95,14.7405],[120.9484,14.7369],[120.9577,14.7392],[120.96,14.7335],[120.9637,14.7445],[120.9659,14.7456],[120.9729,14.7434],[120.9815,14.7512],[120.9894,14.7539],[120.992,14.7639],[120.9987,14.7633],[120.9996,14.7699],[121.0048,14.771],[121.0071,14.7731],[121.0107,14.7725],[121.0134,14.7751],[121.0184,14.7754],[121.0217,14.7736],[121.0282,14.7738],[121.03,14.7712],[121.0298,14.7678],[121.026,14.7663],[121.0269,14.7613],[121.0317,14.7645],[121.0322,14.7618],[121.0366,14.7617],[121.0426,14.7648],[121.0429,14.7581],[121.041,14.756],[121.0283,14.7534],[121.01,14.7463],[121.0077,14.7479],[121.0044,14.7466],[121.0016,14.7374],[120.9911,14.7328],[120.9931,14.7156],[120.9898,14.7123],[120.9754,14.7126],[120.9709,14.7094],[120.9699,14.713],[120.9723,14.7152],[120.9691,14.7154],[120.9681,14.717],[120.9646,14.7131],[120.9612,14.721],[120.9664,14.7219],[120.9664,14.7284]]],[[[121.002,14.7374],[121.0023,14.7376],[121.0025,14.7374],[121.002,14.7372],[121.002,14.7374]]]]},"properties":{"ADM3_EN":"Meycauayan City","name":"Meycauayan City","ADM3_PCODE":"PH31412000","psgc_code":"31412000","ADM2_EN":"Bulacan","ADM2_PCODE":"PH3141","ADM1_EN":"Region III (Central Luzon)","ADM1_PCODE":"PH03","ADM0_EN":"Philippines (the)","ADM0_PCODE":"PH","region_key":"central_luzon","province_key":"bulacan","type":"City"}},{"type":"Feature","geometry":{"type":"MultiPolygon","coordinates":[[[[121.19,14.9112],[121.3431,14.9113],[121.3454,14.8923],[121.2585,14.8413],[121.2308,14.8345],[121.1984,14.8223],[121.1824,14.8266],[121.1721,14.833],[121.1697,14.8303],[121.1672,14.8316],[121.1547,14.831],[121.1535,14.8344],[121.155,14.8375],[121.1431,14.8384],[121.1387,14.8402],[121.1357,14.839],[121.1319,14.8425],[121.1281,14.8437],[121.1275,14.846],[121.1241,14.8464],[121.1198,14.8529],[121.1165,14.853],[121.1163,14.8511],[121.1118,14.8503],[121.1111,14.8488],[121.1087,14.8494],[121.1023,14.847],[121.0991,14.8487],[121.094,14.8482],[121.0892,14.8534],[121.0888,14.8563],[121.0839,14.858],[121.0619,14.8551],[121.0519,14.8517],[121.0423,14.8526],[121.0408,14.8583],[121.0406,14.8811],[121.0375,14.8942],[121.0465,14.9085],[121.0607,14.916],[121.0643,14.9213],[121.0752,14.9248],[121.0801,14.9303],[121.1059,14.9145],[121.1692,14.9165],[121.1746,14.9163],[121.19,14.9112]]]]},"properties":{"ADM3_EN":"Norzagaray","name":"Norzagaray","ADM3_PCODE":"PH31413000","psgc_code":"31413000","ADM2_EN":"Bulacan","ADM2_PCODE":"PH3141","ADM1_EN":"Region III (Central Luzon)","ADM1_PCODE":"PH03","ADM0_EN":"Philippines (the)","ADM0_PCODE":"PH","region_key":"central_luzon","province_key":"bulacan","type":"Municipality"}},{"type":"Feature","geometry":{"type":"MultiPolygon","coordinates":[[[[120.9539,14.6986],[120.956,14.6995],[120.9589,14.689],[120.9452,14.6811],[120.9407,14.6861],[120.9408,14.6892],[120.9374,14.6913],[120.9369,14.6946],[120.9347,14.6963],[120.9351,14.6986],[120.9295,14.7017],[120.9265,14.7024],[120.9204,14.6992],[120.9169,14.6919],[120.9078,14.6989],[120.8983,14.7128],[120.9042,14.7142],[120.9087,14.7192],[120.9048,14.7288],[120.9058,14.7371],[120.9044,14.7433],[120.9096,14.7458],[120.916,14.7424],[120.9197,14.7448],[120.9262,14.7436],[120.928,14.7367],[120.9324,14.7355],[120.9355,14.7318],[120.9347,14.7231],[120.9366,14.7228],[120.9409,14.7164],[120.9452,14.7134],[120.9437,14.7124],[120.9462,14.7106],[120.9437,14.7095],[120.9489,14.7089],[120.9481,14.7063],[120.9502,14.7063],[120.9501,14.7083],[120.9554,14.7089],[120.9544,14.7033],[120.953,14.703],[120.9528,14.6982],[120.9539,14.6986]]]]},"properties":{"ADM3_EN":"Obando","name":"Obando","ADM3_PCODE":"PH31414000","psgc_code":"31414000","ADM2_EN":"Bulacan","ADM2_PCODE":"PH3141","ADM1_EN":"Region III (Central Luzon)","ADM1_PCODE":"PH03","ADM0_EN":"Philippines (the)","ADM0_PCODE":"PH","region_key":"central_luzon","province_key":"bulacan","type":"Municipality"}},{"type":"Feature","geometry":{"type":"MultiPolygon","coordinates":[[[[120.9353,14.8447],[120.9364,14.8461],[120.9347,14.8501],[120.9355,14.8544],[120.929,14.8563],[120.9286,14.8614],[120.925,14.8698],[120.9265,14.8778],[120.9348,14.8851],[120.9376,14.8932],[120.9434,14.8948],[120.9571,14.8944],[120.9599,14.8959],[120.9814,14.896],[120.9837,14.8975],[120.9845,14.9011],[120.9804,14.9121],[120.9828,14.9152],[120.9867,14.9093],[120.9889,14.9002],[120.9923,14.8943],[121.0115,14.9114],[121.01,14.9024],[121.0124,14.8968],[121.0104,14.8888],[120.9925,14.8609],[120.96,14.8455],[120.9344,14.8405],[120.9353,14.8447]]]]},"properties":{"ADM3_EN":"Pandi","name":"Pandi","ADM3_PCODE":"PH31415000","psgc_code":"31415000","ADM2_EN":"Bulacan","ADM2_PCODE":"PH3141","ADM1_EN":"Region III (Central Luzon)","ADM1_PCODE":"PH03","ADM0_EN":"Philippines (the)","ADM0_PCODE":"PH","region_key":"central_luzon","province_key":"bulacan","type":"Municipality"}},{"type":"Feature","geometry":{"type":"MultiPolygon","coordinates":[[[[120.8128,14.7752],[120.815,14.7735],[120.8119,14.7603],[120.8131,14.7585],[120.8008,14.7547],[120.7928,14.7586],[120.7939,14.7603],[120.79,14.7608],[120.7894,14.7636],[120.7881,14.7631],[120.7881,14.7589],[120.7842,14.7569],[120.7761,14.7583],[120.7794,14.7617],[120.7791,14.769],[120.7755,14.7727],[120.7711,14.7731],[120.7693,14.7756],[120.7692,14.7802],[120.7736,14.7802],[120.781,14.7847],[120.7767,14.7892],[120.7838,14.7901],[120.7857,14.793],[120.784,14.7962],[120.7803,14.7968],[120.7804,14.7987],[120.7769,14.7989],[120.778,14.8065],[120.7813,14.8075],[120.7785,14.8105],[120.7749,14.8101],[120.7781,14.8196],[120.7723,14.823],[120.7706,14.8282],[120.7725,14.8322],[120.7791,14.8343],[120.7803,14.8384],[120.777,14.8409],[120.777,14.8437],[120.7878,14.8547],[120.7926,14.8569],[120.7938,14.8602],[120.8042,14.8608],[120.8048,14.8549],[120.8023,14.8485],[120.8022,14.8416],[120.8055,14.838],[120.8104,14.8376],[120.8122,14.8341],[120.8116,14.83],[120.8164,14.8259],[120.8154,14.8195],[120.8198,14.8196],[120.8171,14.8137],[120.815,14.8009],[120.8109,14.7957],[120.8108,14.7924],[120.8125,14.7916],[120.8119,14.7856],[120.8151,14.7809],[120.8124,14.7796],[120.8128,14.7752]]]]},"properties":{"ADM3_EN":"Paombong","name":"Paombong","ADM3_PCODE":"PH31416000","psgc_code":"31416000","ADM2_EN":"Bulacan","ADM2_PCODE":"PH3141","ADM1_EN":"Region III (Central Luzon)","ADM1_PCODE":"PH03","ADM0_EN":"Philippines (the)","ADM0_PCODE":"PH","region_key":"central_luzon","province_key":"bulacan","type":"Municipality"}},{"type":"Feature","geometry":{"type":"MultiPolygon","coordinates":[[[[120.8616,14.8616],[120.8557,14.8625],[120.8499,14.8748],[120.8457,14.8748],[120.8437,14.8785],[120.8398,14.879],[120.8357,14.8767],[120.8333,14.8789],[120.8317,14.8762],[120.8298,14.8781],[120.8265,14.8751],[120.8239,14.8805],[120.8207,14.8822],[120.8189,14.8968],[120.8316,14.8974],[120.8363,14.9015],[120.8395,14.902],[120.8431,14.8981],[120.8453,14.8923],[120.8484,14.8909],[120.8582,14.8937],[120.8622,14.8929],[120.8655,14.8901],[120.8763,14.8953],[120.8777,14.893],[120.8734,14.8874],[120.8722,14.8833],[120.8732,14.8818],[120.8803,14.8851],[120.891,14.8845],[120.8931,14.8957],[120.9052,14.8995],[120.9081,14.902],[120.9084,14.9091],[120.9107,14.9154],[120.9246,14.9165],[120.9266,14.9087],[120.9244,14.9014],[120.9267,14.9],[120.9236,14.8935],[120.9289,14.8798],[120.926,14.8766],[120.925,14.8698],[120.9265,14.8645],[120.9078,14.8622],[120.8925,14.8556],[120.8907,14.8559],[120.8874,14.8623],[120.8814,14.8614],[120.8758,14.8627],[120.8699,14.8602],[120.8616,14.8616]]]]},"properties":{"ADM3_EN":"Plaridel","name":"Plaridel","ADM3_PCODE":"PH31417000","psgc_code":"31417000","ADM2_EN":"Bulacan","ADM2_PCODE":"PH3141","ADM1_EN":"Region III (Central Luzon)","ADM1_PCODE":"PH03","ADM0_EN":"Philippines (the)","ADM0_PCODE":"PH","region_key":"central_luzon","province_key":"bulacan","type":"Municipality"}},{"type":"Feature","geometry":{"type":"MultiPolygon","coordinates":[[[[120.8919,14.8906],[120.891,14.8845],[120.8803,14.8851],[120.8732,14.8818],[120.8722,14.8833],[120.8734,14.8874],[120.8777,14.893],[120.8763,14.8953],[120.8655,14.8901],[120.8622,14.8929],[120.8582,14.8937],[120.8484,14.8909],[120.8453,14.8923],[120.8431,14.8981],[120.8395,14.902],[120.8363,14.9015],[120.8316,14.8974],[120.8189,14.8968],[120.8115,14.922],[120.8208,14.9299],[120.8277,14.931],[120.8306,14.9264],[120.8362,14.927],[120.8389,14.93],[120.8416,14.941],[120.8513,14.9464],[120.8559,14.9518],[120.8664,14.9567],[120.8663,14.95],[120.8635,14.9407],[120.8642,14.934],[120.8674,14.9319],[120.8669,14.928],[120.8721,14.9262],[120.8742,14.9232],[120.8728,14.9201],[120.8736,14.9189],[120.8873,14.917],[120.8894,14.9113],[120.8936,14.9111],[120.8992,14.9057],[120.9025,14.9045],[120.9036,14.8991],[120.8931,14.8957],[120.8919,14.8906]]]]},"properties":{"ADM3_EN":"Pulilan","name":"Pulilan","ADM3_PCODE":"PH31418000","psgc_code":"31418000","ADM2_EN":"Bulacan","ADM2_PCODE":"PH3141","ADM1_EN":"Region III (Central Luzon)","ADM1_PCODE":"PH03","ADM0_EN":"Philippines (the)","ADM0_PCODE":"PH","region_key":"central_luzon","province_key":"bulacan","type":"Municipality"}},{"type":"Feature","geometry":{"type":"MultiPolygon","coordinates":[[[[121.0173,14.9999],[121.0158,14.999],[121.0129,15.0019],[121.0101,15.0013],[121.0092,14.9958],[121.0079,14.9955],[121.0065,14.9999],[121.0042,14.9983],[121.0041,15.0029],[121.0018,15.0028],[121.0005,15.0048],[120.9969,15.004],[120.9933,15.0115],[120.9895,15.0117],[120.9876,15.0198],[120.9859,15.0215],[120.984,15.0193],[120.981,15.0291],[120.9783,15.0325],[120.9762,15.0315],[120.9712,15.0353],[120.9672,15.0351],[120.9673,15.0405],[120.9708,15.0465],[120.9713,15.0813],[120.9761,15.0863],[120.9815,15.0967],[120.9871,15.1021],[120.9933,15.101],[120.9952,15.0993],[120.9973,15.1012],[121.0023,15.1012],[121.011,15.0963],[121.0132,15.092],[121.0167,15.0904],[121.0188,15.0929],[121.0349,15.0918],[121.0458,15.0968],[121.0562,15.0979],[121.0615,15.1007],[121.0825,15.1013],[121.0851,15.0956],[121.0904,15.0655],[121.0974,15.0402],[121.0816,15.0001],[121.0722,14.9984],[121.0691,14.9995],[121.0667,15.0027],[121.0636,15.0021],[121.0629,14.9992],[121.0584,14.9966],[121.0549,14.9982],[121.0499,14.9879],[121.0467,14.9846],[121.0452,14.9866],[121.0455,14.9953],[121.0414,14.9982],[121.0395,15.0028],[121.0375,15.0031],[121.0372,15.0062],[121.0318,15.0052],[121.0306,15.0017],[121.0285,15.003],[121.0261,15.0013],[121.0231,15.0034],[121.019,15.0036],[121.0173,14.9999]]]]},"properties":{"ADM3_EN":"San Ildefonso","name":"San Ildefonso","ADM3_PCODE":"PH31419000","psgc_code":"31419000","ADM2_EN":"Bulacan","ADM2_PCODE":"PH3141","ADM1_EN":"Region III (Central Luzon)","ADM1_PCODE":"PH03","ADM0_EN":"Philippines (the)","ADM0_PCODE":"PH","region_key":"central_luzon","province_key":"bulacan","type":"Municipality"}},{"type":"Feature","geometry":{"type":"MultiPolygon","coordinates":[[[[121.1322,14.7685],[121.1281,14.7598],[121.1251,14.7575],[121.1138,14.7602],[121.1058,14.7569],[121.103,14.759],[121.0942,14.76],[121.0894,14.7631],[121.0858,14.7628],[121.0805,14.7675],[121.0801,14.7636],[121.0781,14.764],[121.0759,14.7672],[121.075,14.7642],[121.0738,14.7642],[121.071,14.7711],[121.0696,14.7685],[121.0675,14.775],[121.0664,14.7736],[121.0659,14.7755],[121.0638,14.7762],[121.0627,14.775],[121.0626,14.7807],[121.0608,14.7794],[121.0598,14.7813],[121.0577,14.7783],[121.0553,14.7801],[121.0546,14.7785],[121.0535,14.7797],[121.0517,14.7782],[121.0509,14.7797],[121.0494,14.7772],[121.045,14.777],[121.0439,14.7734],[121.0394,14.7818],[121.0361,14.7844],[121.0372,14.7909],[121.0282,14.7975],[121.0356,14.8064],[121.0395,14.8142],[121.0393,14.8258],[121.0429,14.8262],[121.0421,14.8357],[121.0537,14.8482],[121.0537,14.8519],[121.0575,14.8542],[121.0839,14.858],[121.0888,14.8563],[121.0892,14.8534],[121.094,14.8482],[121.0991,14.8487],[121.1023,14.847],[121.1087,14.8494],[121.1111,14.8488],[121.1118,14.8503],[121.1163,14.8511],[121.1165,14.853],[121.1198,14.8529],[121.1241,14.8464],[121.1275,14.846],[121.1281,14.8437],[121.1363,14.8387],[121.1387,14.8402],[121.1431,14.8384],[121.1544,14.8377],[121.1547,14.831],[121.1672,14.8316],[121.1697,14.8303],[121.1721,14.833],[121.1824,14.8266],[121.1849,14.8168],[121.1776,14.8039],[121.1753,14.8051],[121.1698,14.8037],[121.1664,14.7961],[121.1635,14.7959],[121.1616,14.7991],[121.1594,14.7966],[121.1568,14.7969],[121.1558,14.7915],[121.1521,14.7918],[121.1511,14.7887],[121.1487,14.7893],[121.1486,14.7863],[121.1449,14.7857],[121.1462,14.7812],[121.1455,14.7786],[121.1404,14.7769],[121.1375,14.7794],[121.1349,14.7793],[121.1322,14.7685]]]]},"properties":{"ADM3_EN":"San Josedel Monte City","name":"San Josedel Monte City","ADM3_PCODE":"PH31420000","psgc_code":"31420000","ADM2_EN":"Bulacan","ADM2_PCODE":"PH3142","ADM1_EN":"Region III (Central Luzon)","ADM1_PCODE":"PH03","ADM0_EN":"Philippines (the)","ADM0_PCODE":"PH","region_key":"central_luzon","province_key":"bulacan","type":"City"}},{"type":"Feature","geometry":{"type":"MultiPolygon","coordinates":[[[[120.9952,15.0993],[120.9798,15.1062],[120.9781,15.1099],[120.9821,15.1194],[120.9791,15.1248],[120.9655,15.1322],[120.9636,15.1358],[120.9504,15.1409],[120.9436,15.1551],[120.9463,15.1656],[120.9493,15.1691],[120.9551,15.1722],[120.9569,15.1761],[120.9567,15.1819],[120.9535,15.1894],[120.9533,15.2035],[120.9554,15.2181],[120.9829,15.2229],[120.9907,15.23],[120.9996,15.2341],[121.0073,15.2456],[121.0127,15.2464],[121.0131,15.2487],[121.0212,15.2523],[121.0256,15.2513],[121.0278,15.2526],[121.0295,15.2513],[121.0324,15.254],[121.0396,15.2533],[121.0457,15.2574],[121.0507,15.2582],[121.0737,15.2579],[121.1028,15.2636],[121.1069,15.2406],[121.1108,15.1914],[121.1147,15.17],[121.1086,15.1542],[121.1191,15.1427],[121.1221,15.1237],[121.1181,15.1161],[121.1177,15.1066],[121.1116,15.0951],[121.1074,15.094],[121.1082,15.0912],[121.106,15.0883],[121.1024,15.0883],[121.0866,15.1016],[121.0697,15.1014],[121.0604,15.1005],[121.0562,15.0979],[121.0497,15.0982],[121.0349,15.0918],[121.0188,15.0929],[121.0167,15.0904],[121.0132,15.092],[121.011,15.0963],[121.0023,15.1012],[120.9973,15.1012],[120.9952,15.0993]]]]},"properties":{"ADM3_EN":"San Miguel","name":"San Miguel","ADM3_PCODE":"PH31421000","psgc_code":"31421000","ADM2_EN":"Bulacan","ADM2_PCODE":"PH3142","ADM1_EN":"Region III (Central Luzon)","ADM1_PCODE":"PH03","ADM0_EN":"Philippines (the)","ADM0_PCODE":"PH","region_key":"central_luzon","province_key":"bulacan","type":"Municipality"}},{"type":"Feature","geometry":{"type":"MultiPolygon","coordinates":[[[[121.0319,14.9433],[121.0308,14.9406],[121.0235,14.9398],[121.0212,14.9365],[121.015,14.9364],[121.0072,14.9331],[120.9977,14.9437],[120.9946,14.9448],[120.9894,14.9434],[120.9856,14.9477],[120.9822,14.9452],[120.9783,14.9456],[120.9756,14.9493],[120.9644,14.9523],[120.9589,14.96],[120.9542,14.9593],[120.9495,14.961],[120.9412,14.9565],[120.9377,14.9614],[120.9297,14.965],[120.9256,14.9784],[120.9204,14.9832],[120.9199,14.9879],[120.9214,14.9947],[120.9289,14.9989],[120.9348,15.0067],[120.939,15.0363],[120.9411,15.0346],[120.9421,15.0365],[120.9468,15.0376],[120.9509,15.0338],[120.9536,15.0344],[120.9546,15.032],[120.9563,15.0351],[120.9638,15.037],[120.9728,15.0346],[120.9762,15.0315],[120.9783,15.0325],[120.981,15.0291],[120.984,15.0193],[120.9859,15.0215],[120.9876,15.0198],[120.9895,15.0117],[120.9933,15.0115],[120.9969,15.004],[121.0005,15.0048],[121.0018,15.0028],[121.0041,15.0029],[121.0042,14.9983],[121.0065,14.9999],[121.0079,14.9955],[121.0092,14.9958],[121.0101,15.0013],[121.0129,15.0019],[121.0164,14.9991],[121.019,15.0036],[121.0231,15.0034],[121.0261,15.0013],[121.0285,15.003],[121.0306,15.0017],[121.0318,15.0052],[121.0372,15.0062],[121.0375,15.0031],[121.0395,15.0028],[121.0414,14.9982],[121.0455,14.9953],[121.0452,14.9866],[121.0467,14.9846],[121.0499,14.9879],[121.0549,14.9982],[121.0584,14.9966],[121.0629,14.9992],[121.0636,15.0021],[121.0667,15.0027],[121.0691,14.9995],[121.0722,14.9984],[121.0816,15.0001],[121.0793,14.9821],[121.0587,14.976],[121.0511,14.9629],[121.0538,14.9613],[121.0524,14.9521],[121.0499,14.951],[121.0496,14.9527],[121.0442,14.9525],[121.0456,14.9493],[121.0438,14.9478],[121.0353,14.9497],[121.0311,14.9462],[121.0319,14.9433]]]]},"properties":{"ADM3_EN":"San Rafael","name":"San Rafael","ADM3_PCODE":"PH31422000","psgc_code":"31422000","ADM2_EN":"Bulacan","ADM2_PCODE":"PH3142","ADM1_EN":"Region III (Central Luzon)","ADM1_PCODE":"PH03","ADM0_EN":"Philippines (the)","ADM0_PCODE":"PH","region_key":"central_luzon","province_key":"bulacan","type":"Municipality"}},{"type":"Feature","geometry":{"type":"MultiPolygon","coordinates":[[[[121.006,14.7874],[120.9951,14.7895],[120.9838,14.785],[120.978,14.7844],[120.9746,14.782],[120.9668,14.7889],[120.9556,14.7921],[120.9511,14.7951],[120.9472,14.7983],[120.9446,14.8036],[120.9455,14.8147],[120.9428,14.8161],[120.9424,14.818],[120.9434,14.8201],[120.9502,14.8192],[120.9486,14.8226],[120.9495,14.8265],[120.9422,14.8291],[120.935,14.8263],[120.9349,14.8319],[120.9379,14.833],[120.9346,14.8363],[120.9344,14.8405],[120.96,14.8455],[120.9897,14.8588],[120.9932,14.8617],[121.0104,14.8888],[121.0138,14.8867],[121.0207,14.8936],[121.0375,14.8942],[121.0406,14.8811],[121.0408,14.8583],[121.0423,14.8526],[121.0537,14.8519],[121.0543,14.8497],[121.0421,14.8357],[121.0429,14.8262],[121.0393,14.8258],[121.0399,14.8158],[121.0351,14.8056],[121.0279,14.7969],[121.0208,14.7956],[121.0141,14.7857],[121.006,14.7874]]]]},"properties":{"ADM3_EN":"Santa Maria","name":"Santa Maria","ADM3_PCODE":"PH31423000","psgc_code":"31423000","ADM2_EN":"Bulacan","ADM2_PCODE":"PH3142","ADM1_EN":"Region III (Central Luzon)","ADM1_PCODE":"PH03","ADM0_EN":"Philippines (the)","ADM0_PCODE":"PH","region_key":"central_luzon","province_key":"bulacan","type":"Municipality"}},{"type":"Feature","geometry":{"type":"MultiPolygon","coordinates":[[[[120.8659,15.4664],[120.8512,15.4576],[120.8366,15.4604],[120.8182,15.4667],[120.8082,15.4753],[120.7811,15.5176],[120.7899,15.5197],[120.797,15.5239],[120.8012,15.5243],[120.8133,15.5297],[120.8286,15.5323],[120.8391,15.5379],[120.8484,15.5383],[120.8531,15.5426],[120.872,15.5476],[120.8771,15.5527],[120.8838,15.555],[120.8867,15.5546],[120.9,15.5464],[120.9403,15.5349],[120.9335,15.5301],[120.9314,15.5255],[120.9256,15.5227],[120.9238,15.5115],[120.9156,15.5029],[120.9135,15.4969],[120.9157,15.4917],[120.9152,15.4896],[120.9029,15.4848],[120.8995,15.4853],[120.8943,15.481],[120.8792,15.4786],[120.8659,15.4664]]]]},"properties":{"ADM3_EN":"Aliaga","name":"Aliaga","ADM3_PCODE":"PH34901000","psgc_code":"34901000","ADM2_EN":"Nueva Ecija","ADM2_PCODE":"PH3490","ADM1_EN":"Region III (Central Luzon)","ADM1_PCODE":"PH03","ADM0_EN":"Philippines (the)","ADM0_PCODE":"PH","region_key":"central_luzon","province_key":"nueva_ecija","type":"Municipality"}},{"type":"Feature","geometry":{"type":"MultiPolygon","coordinates":[[[[121.1347,15.5847],[121.13,15.5903],[121.1294,15.5934],[121.1249,15.597],[121.1314,15.603],[121.1289,15.6085],[121.1335,15.6094],[121.1348,15.6118],[121.1283,15.6191],[121.1229,15.62],[121.1212,15.6218],[121.122,15.6246],[121.1268,15.6247],[121.1285,15.6335],[121.1207,15.6345],[121.1195,15.6363],[121.1266,15.6453],[121.126,15.6516],[121.1298,15.6545],[121.1302,15.6574],[121.1693,15.6748],[121.1794,15.6854],[121.1877,15.6819],[121.2138,15.6993],[121.2135,15.7169],[121.2927,15.7273],[121.2993,15.709],[121.3047,15.7012],[121.332,15.6157],[121.2535,15.5955],[121.1845,15.6071],[121.1357,15.5833],[121.1347,15.5847]]]]},"properties":{"ADM3_EN":"Bongabon","name":"Bongabon","ADM3_PCODE":"PH34902000","psgc_code":"34902000","ADM2_EN":"Nueva Ecija","ADM2_PCODE":"PH3490","ADM1_EN":"Region III (Central Luzon)","ADM1_PCODE":"PH03","ADM0_EN":"Philippines (the)","ADM0_PCODE":"PH","region_key":"central_luzon","province_key":"nueva_ecija","type":"Municipality"}},{"type":"Feature","geometry":{"type":"MultiPolygon","coordinates":[[[[120.9633,15.4384],[120.936,15.4388],[120.8713,15.4712],[120.8811,15.4794],[120.8943,15.481],[120.8995,15.4853],[120.9029,15.4848],[120.9152,15.4896],[120.9157,15.4917],[120.9135,15.4969],[120.9156,15.5029],[120.9238,15.5115],[120.9256,15.5227],[120.9314,15.5255],[120.9368,15.533],[120.9427,15.5355],[120.9461,15.5443],[120.9545,15.5537],[120.9584,15.5559],[120.9624,15.5629],[120.9646,15.5641],[120.9713,15.5623],[120.9737,15.5577],[120.9801,15.561],[120.9843,15.5587],[120.9822,15.5545],[120.9817,15.5452],[120.9832,15.5428],[120.992,15.5443],[120.9968,15.5422],[121.0001,15.545],[121.0042,15.5447],[121.0116,15.5493],[121.0157,15.5498],[121.0209,15.5431],[121.0286,15.5427],[121.0328,15.5383],[121.0351,15.54],[121.0364,15.5391],[121.0363,15.5356],[121.0378,15.537],[121.0395,15.5347],[121.0486,15.537],[121.0506,15.5315],[121.0493,15.528],[121.0529,15.5284],[121.0584,15.5243],[121.068,15.5261],[121.0702,15.5218],[121.0748,15.5223],[121.0745,15.5138],[121.0772,15.514],[121.0784,15.5104],[121.0846,15.5086],[121.0818,15.505],[121.0842,15.5032],[121.0871,15.5041],[121.0882,15.4922],[121.0749,15.4481],[121.0712,15.448],[121.0647,15.4541],[121.0564,15.454],[121.0525,15.4563],[121.0411,15.4494],[121.0384,15.4502],[121.0338,15.4466],[121.0247,15.4448],[121.0236,15.4434],[121.0155,15.4458],[121.0111,15.445],[121.006,15.4515],[121.0023,15.4532],[120.9813,15.4483],[120.9745,15.4446],[120.9703,15.4518],[120.9633,15.4384]]]]},"properties":{"ADM3_EN":"Cabanatuan City","name":"Cabanatuan City","ADM3_PCODE":"PH34903000","psgc_code":"34903000","ADM2_EN":"Nueva Ecija","ADM2_PCODE":"PH3490","ADM1_EN":"Region III (Central Luzon)","ADM1_PCODE":"PH03","ADM0_EN":"Philippines (the)","ADM0_PCODE":"PH","region_key":"central_luzon","province_key":"nueva_ecija","type":"City"}},{"type":"Feature","geometry":{"type":"MultiPolygon","coordinates":[[[[120.8253,15.2079],[120.8201,15.2086],[120.8139,15.205],[120.8084,15.2045],[120.807,15.2063],[120.8075,15.2108],[120.8004,15.2128],[120.7946,15.2062],[120.79,15.204],[120.7872,15.2046],[120.7879,15.2129],[120.7844,15.2162],[120.7785,15.2181],[120.782,15.2211],[120.7761,15.2222],[120.7793,15.2325],[120.7761,15.2356],[120.774,15.2338],[120.7731,15.2352],[120.774,15.2389],[120.7722,15.2404],[120.7726,15.244],[120.768,15.2492],[120.7714,15.2507],[120.7695,15.2533],[120.7709,15.2606],[120.7731,15.2599],[120.7723,15.2624],[120.7748,15.263],[120.847,15.2604],[120.8566,15.2588],[120.8694,15.2686],[120.8713,15.2784],[120.8639,15.2821],[120.8533,15.2751],[120.8509,15.2757],[120.8494,15.2798],[120.8571,15.2923],[120.8633,15.2946],[120.8659,15.2991],[120.8734,15.3024],[120.8792,15.2955],[120.8891,15.2788],[120.9014,15.2683],[120.9112,15.252],[120.9101,15.2457],[120.901,15.2342],[120.8989,15.2278],[120.9007,15.2221],[120.9077,15.2156],[120.9091,15.2109],[120.9008,15.2081],[120.9024,15.202],[120.8954,15.1902],[120.8907,15.1866],[120.8761,15.1692],[120.8685,15.165],[120.8687,15.1711],[120.8625,15.1832],[120.8597,15.1853],[120.8564,15.196],[120.8511,15.2033],[120.8379,15.2084],[120.8308,15.2091],[120.8253,15.2079]]]]},"properties":{"ADM3_EN":"Cabiao","name":"Cabiao","ADM3_PCODE":"PH34904000","psgc_code":"34904000","ADM2_EN":"Nueva Ecija","ADM2_PCODE":"PH3490","ADM1_EN":"Region III (Central Luzon)","ADM1_PCODE":"PH03","ADM0_EN":"Philippines (the)","ADM0_PCODE":"PH","region_key":"central_luzon","province_key":"nueva_ecija","type":"Municipality"}},{"type":"Feature","geometry":{"type":"MultiPolygon","coordinates":[[[[121.0847,15.8834],[121.0619,15.875],[121.0199,15.87],[120.9691,15.8581],[120.9544,15.8889],[120.9358,15.912],[120.9086,15.9267],[120.9185,15.9702],[120.9223,15.9789],[120.9166,15.9926],[120.9099,16.0194],[120.9028,16.0298],[120.8958,16.0464],[120.8902,16.054],[120.8797,16.0793],[120.88,16.1059],[120.9308,16.1202],[120.988,16.1276],[121.0022,16.1257],[121.0265,16.1261],[121.0433,16.1202],[121.0749,16.1143],[121.0842,16.1108],[121.1036,16.1068],[121.1355,16.1072],[121.1754,16.0908],[121.1836,16.0801],[121.1862,16.0724],[121.197,15.9563],[121.1957,15.9285],[121.0847,15.8834]]]]},"properties":{"ADM3_EN":"Carranglan","name":"Carranglan","ADM3_PCODE":"PH34905000","psgc_code":"34905000","ADM2_EN":"Nueva Ecija","ADM2_PCODE":"PH3490","ADM1_EN":"Region III (Central Luzon)","ADM1_PCODE":"PH03","ADM0_EN":"Philippines (the)","ADM0_PCODE":"PH","region_key":"central_luzon","province_key":"nueva_ecija","type":"Municipality"}},{"type":"Feature","geometry":{"type":"MultiPolygon","coordinates":[[[[120.7068,15.7099],[120.6874,15.7351],[120.6239,15.7679],[120.6222,15.7713],[120.6204,15.7897],[120.6128,15.8321],[120.6519,15.8299],[120.6569,15.8398],[120.6668,15.841],[120.6807,15.8457],[120.6996,15.8462],[120.7194,15.8527],[120.7357,15.8504],[120.7436,15.8526],[120.7476,15.8506],[120.7575,15.8496],[120.7751,15.8333],[120.7917,15.8231],[120.7913,15.8184],[120.7792,15.8151],[120.7773,15.8123],[120.7783,15.806],[120.7493,15.7793],[120.7605,15.7527],[120.7068,15.7099]]]]},"properties":{"ADM3_EN":"Cuyapo","name":"Cuyapo","ADM3_PCODE":"PH34906000","psgc_code":"34906000","ADM2_EN":"Nueva Ecija","ADM2_PCODE":"PH3490","ADM1_EN":"Region III (Central Luzon)","ADM1_PCODE":"PH03","ADM0_EN":"Philippines (the)","ADM0_PCODE":"PH","region_key":"central_luzon","province_key":"nueva_ecija","type":"Municipality"}},{"type":"Feature","geometry":{"type":"MultiPolygon","coordinates":[[[[121.3311,15.4408],[121.2779,15.4488],[121.2283,15.4493],[121.2154,15.4921],[121.1927,15.5368],[121.2298,15.5571],[121.2549,15.5883],[121.2535,15.5955],[121.332,15.6157],[121.3575,15.5515],[121.3728,15.492],[121.3762,15.4836],[121.3661,15.4382],[121.3311,15.4408]]]]},"properties":{"ADM3_EN":"Gabaldon","name":"Gabaldon","ADM3_PCODE":"PH34907000","psgc_code":"34907000","ADM2_EN":"Nueva Ecija","ADM2_PCODE":"PH3490","ADM1_EN":"Region III (Central Luzon)","ADM1_PCODE":"PH03","ADM0_EN":"Philippines (the)","ADM0_PCODE":"PH","region_key":"central_luzon","province_key":"nueva_ecija","type":"Municipality"}},{"type":"Feature","geometry":{"type":"MultiPolygon","coordinates":[[[[120.9809,15.222],[120.9597,15.2182],[120.9429,15.2175],[120.9417,15.2302],[120.9435,15.2398],[120.9409,15.2511],[120.9191,15.3049],[120.9196,15.3127],[120.926,15.3107],[120.9357,15.3043],[120.9403,15.3063],[120.9431,15.3152],[120.9545,15.3161],[120.9583,15.3263],[120.9544,15.3339],[120.9551,15.3375],[120.9572,15.3377],[120.9618,15.3328],[120.9649,15.3343],[120.9648,15.3388],[120.96,15.3488],[120.9639,15.3514],[120.9682,15.3598],[120.9754,15.3668],[120.9815,15.3668],[120.9841,15.3451],[120.9876,15.3362],[120.9915,15.3312],[120.9968,15.3298],[121.0017,15.3304],[121.0071,15.3275],[121.0391,15.3175],[121.0432,15.3139],[121.0456,15.3045],[121.0501,15.2973],[121.0554,15.2923],[121.0584,15.2919],[121.0858,15.3065],[121.0901,15.3062],[121.1034,15.3],[121.1246,15.2794],[121.1439,15.2725],[121.0775,15.2583],[121.0507,15.2582],[121.0457,15.2574],[121.0396,15.2533],[121.0324,15.254],[121.0295,15.2513],[121.0278,15.2526],[121.0256,15.2513],[121.0212,15.2523],[121.0131,15.2487],[121.0127,15.2464],[121.0073,15.2456],[120.9996,15.2341],[120.9907,15.23],[120.9809,15.222]]]]},"properties":{"ADM3_EN":"Gapan City","name":"Gapan City","ADM3_PCODE":"PH34908000","psgc_code":"34908000","ADM2_EN":"Nueva Ecija","ADM2_PCODE":"PH3490","ADM1_EN":"Region III (Central Luzon)","ADM1_PCODE":"PH03","ADM0_EN":"Philippines (the)","ADM0_PCODE":"PH","region_key":"central_luzon","province_key":"nueva_ecija","type":"City"}},{"type":"Feature","geometry":{"type":"MultiPolygon","coordinates":[[[[121.0378,15.537],[121.0363,15.5356],[121.0364,15.5391],[121.0351,15.54],[121.0328,15.5383],[121.0286,15.5427],[121.0209,15.5431],[121.0157,15.5498],[121.0116,15.5493],[121.0042,15.5447],[121.0001,15.545],[120.9968,15.5422],[120.992,15.5443],[120.9821,15.5437],[120.9822,15.5545],[120.9847,15.5581],[120.9818,15.5609],[120.9753,15.558],[120.9725,15.5588],[120.9736,15.564],[120.9803,15.5746],[120.9788,15.5786],[120.9811,15.599],[121.0351,15.6331],[121.1269,15.6198],[121.1342,15.6129],[121.134,15.6098],[121.1289,15.6085],[121.1318,15.6044],[121.1304,15.6012],[121.115,15.5915],[121.1111,15.5835],[121.1034,15.5863],[121.1021,15.5813],[121.0956,15.5853],[121.0902,15.5847],[121.0842,15.5889],[121.081,15.5883],[121.0803,15.583],[121.0899,15.5606],[121.088,15.5534],[121.0837,15.553],[121.0823,15.5537],[121.0828,15.5551],[121.0769,15.5559],[121.0676,15.5489],[121.061,15.5467],[121.0512,15.551],[121.049,15.5497],[121.047,15.5432],[121.0486,15.537],[121.0395,15.5347],[121.0378,15.537]]]]},"properties":{"ADM3_EN":"General Mamerto Natividad","name":"General Mamerto Natividad","ADM3_PCODE":"PH34909000","psgc_code":"34909000","ADM2_EN":"Nueva Ecija","ADM2_PCODE":"PH3490","ADM1_EN":"Region III (Central Luzon)","ADM1_PCODE":"PH03","ADM0_EN":"Philippines (the)","ADM0_PCODE":"PH","region_key":"central_luzon","province_key":"nueva_ecija","type":"Municipality"}},{"type":"Feature","geometry":{"type":"MultiPolygon","coordinates":[[[[121.346,15.3604],[121.34,15.322],[121.3225,15.2381],[121.3238,15.2388],[121.3117,15.1994],[121.2743,15.1988],[121.2504,15.2017],[121.2413,15.2043],[121.2125,15.219],[121.2021,15.2225],[121.1906,15.2319],[121.1776,15.2521],[121.1658,15.2628],[121.1502,15.2708],[121.1246,15.2794],[121.1034,15.3],[121.0935,15.3051],[121.0858,15.3065],[121.077,15.3172],[121.0571,15.325],[121.0423,15.3396],[121.0446,15.3913],[121.0595,15.4121],[121.2283,15.4493],[121.2779,15.4488],[121.3474,15.4388],[121.3661,15.4382],[121.3609,15.4064],[121.3488,15.3737],[121.346,15.3604]]]]},"properties":{"ADM3_EN":"General Tinio","name":"General Tinio","ADM3_PCODE":"PH34910000","psgc_code":"34910000","ADM2_EN":"Nueva Ecija","ADM2_PCODE":"PH3491","ADM1_EN":"Region III (Central Luzon)","ADM1_PCODE":"PH03","ADM0_EN":"Philippines (the)","ADM0_PCODE":"PH","region_key":"central_luzon","province_key":"nueva_ecija","type":"Municipality"}},{"type":"Feature","geometry":{"type":"MultiPolygon","coordinates":[[[[120.843,15.6653],[120.8459,15.6582],[120.8516,15.6553],[120.8408,15.6475],[120.8326,15.6478],[120.8281,15.6429],[120.8253,15.6438],[120.825,15.6371],[120.8188,15.6318],[120.8195,15.6259],[120.8155,15.6172],[120.791,15.5936],[120.7577,15.596],[120.747,15.5922],[120.7541,15.6044],[120.7201,15.6206],[120.7147,15.6178],[120.7079,15.6187],[120.7057,15.617],[120.7038,15.6187],[120.6969,15.6195],[120.6604,15.6547],[120.6517,15.6677],[120.6518,15.6761],[120.6552,15.68],[120.6697,15.6835],[120.6798,15.6887],[120.6927,15.7011],[120.7085,15.7109],[120.7605,15.7527],[120.7693,15.7318],[120.8362,15.7036],[120.843,15.6653]]]]},"properties":{"ADM3_EN":"Guimba","name":"Guimba","ADM3_PCODE":"PH34911000","psgc_code":"34911000","ADM2_EN":"Nueva Ecija","ADM2_PCODE":"PH3491","ADM1_EN":"Region III (Central Luzon)","ADM1_PCODE":"PH03","ADM0_EN":"Philippines (the)","ADM0_PCODE":"PH","region_key":"central_luzon","province_key":"nueva_ecija","type":"Municipality"}},{"type":"Feature","geometry":{"type":"MultiPolygon","coordinates":[[[[120.9103,15.3495],[120.909,15.3444],[120.9173,15.3428],[120.9218,15.3339],[120.9225,15.3256],[120.9174,15.3168],[120.9115,15.3133],[120.9016,15.3132],[120.8901,15.3151],[120.8784,15.3212],[120.8709,15.33],[120.8697,15.3344],[120.8708,15.3432],[120.8653,15.3531],[120.8638,15.3633],[120.8616,15.3671],[120.8552,15.372],[120.8228,15.3861],[120.8113,15.3967],[120.8096,15.404],[120.8271,15.4169],[120.8458,15.4388],[120.8963,15.412],[120.9173,15.4047],[120.937,15.4004],[120.94,15.3966],[120.938,15.3901],[120.9326,15.3863],[120.92,15.3813],[120.9128,15.3739],[120.9149,15.3666],[120.927,15.3643],[120.9293,15.3624],[120.9292,15.3593],[120.9103,15.3495]]]]},"properties":{"ADM3_EN":"Jaen","name":"Jaen","ADM3_PCODE":"PH34912000","psgc_code":"34912000","ADM2_EN":"Nueva Ecija","ADM2_PCODE":"PH3491","ADM1_EN":"Region III (Central Luzon)","ADM1_PCODE":"PH03","ADM0_EN":"Philippines (the)","ADM0_PCODE":"PH","region_key":"central_luzon","province_key":"nueva_ecija","type":"Municipality"}},{"type":"Feature","geometry":{"type":"MultiPolygon","coordinates":[[[[121.1954,15.4411],[121.1441,15.4312],[121.1435,15.4335],[121.1404,15.4338],[121.1394,15.4352],[121.1386,15.4914],[121.1369,15.5003],[121.1103,15.5216],[121.1106,15.523],[121.1149,15.5242],[121.1168,15.5283],[121.1206,15.5311],[121.1289,15.5349],[121.1257,15.5502],[121.1425,15.5632],[121.1357,15.5833],[121.1845,15.6071],[121.2535,15.5955],[121.2549,15.5883],[121.2298,15.5571],[121.1927,15.5368],[121.2154,15.4921],[121.2283,15.4493],[121.1954,15.4411]]]]},"properties":{"ADM3_EN":"Laur","name":"Laur","ADM3_PCODE":"PH34913000","psgc_code":"34913000","ADM2_EN":"Nueva Ecija","ADM2_PCODE":"PH3491","ADM1_EN":"Region III (Central Luzon)","ADM1_PCODE":"PH03","ADM0_EN":"Philippines (the)","ADM0_PCODE":"PH","region_key":"central_luzon","province_key":"nueva_ecija","type":"Municipality"}},{"type":"Feature","geometry":{"type":"MultiPolygon","coordinates":[[[[120.7696,15.5145],[120.7579,15.5129],[120.7425,15.5079],[120.7365,15.5144],[120.7372,15.5193],[120.7319,15.5241],[120.7348,15.5301],[120.7329,15.5328],[120.7337,15.535],[120.7299,15.538],[120.7294,15.5424],[120.722,15.5487],[120.7245,15.5527],[120.7247,15.5567],[120.7278,15.5595],[120.7308,15.5717],[120.7287,15.5767],[120.7311,15.5815],[120.747,15.5922],[120.7577,15.596],[120.7758,15.5938],[120.8012,15.5243],[120.797,15.5239],[120.7899,15.5197],[120.7791,15.5161],[120.7696,15.5145]]]]},"properties":{"ADM3_EN":"Licab","name":"Licab","ADM3_PCODE":"PH34914000","psgc_code":"34914000","ADM2_EN":"Nueva Ecija","ADM2_PCODE":"PH3491","ADM1_EN":"Region III (Central Luzon)","ADM1_PCODE":"PH03","ADM0_EN":"Philippines (the)","ADM0_PCODE":"PH","region_key":"central_luzon","province_key":"nueva_ecija","type":"Municipality"}},{"type":"Feature","geometry":{"type":"MultiPolygon","coordinates":[[[[120.9784,15.6015],[120.9646,15.6118],[120.9439,15.6224],[120.9383,15.6286],[120.9314,15.6473],[120.9389,15.6617],[120.9556,15.6782],[120.9634,15.6803],[120.9726,15.6885],[120.9757,15.7017],[120.9877,15.7121],[120.9954,15.7241],[121.0457,15.7154],[121.0459,15.677],[121.0343,15.6595],[121.0351,15.6331],[120.9811,15.599],[120.9784,15.6015]]]]},"properties":{"ADM3_EN":"Llanera","name":"Llanera","ADM3_PCODE":"PH34915000","psgc_code":"34915000","ADM2_EN":"Nueva Ecija","ADM2_PCODE":"PH3491","ADM1_EN":"Region III (Central Luzon)","ADM1_PCODE":"PH03","ADM0_EN":"Philippines (the)","ADM0_PCODE":"PH","region_key":"central_luzon","province_key":"nueva_ecija","type":"Municipality"}},{"type":"Feature","geometry":{"type":"MultiPolygon","coordinates":[[[[120.9026,15.7899],[120.868,15.7885],[120.8544,15.7852],[120.8541,15.8188],[120.858,15.8208],[120.8608,15.8252],[120.8592,15.8308],[120.8665,15.845],[120.8666,15.8545],[120.8688,15.8583],[120.8693,15.8658],[120.8756,15.8704],[120.8776,15.8775],[120.8778,15.888],[120.8834,15.8908],[120.8893,15.9027],[120.9032,15.9112],[120.9086,15.9267],[120.9358,15.912],[120.9544,15.8889],[120.9714,15.8539],[120.9786,15.8514],[120.9809,15.8486],[120.9849,15.8471],[120.9876,15.8423],[120.9469,15.8281],[120.9486,15.8231],[120.9464,15.8079],[120.9401,15.8015],[120.9345,15.7909],[120.9293,15.7853],[120.9219,15.7812],[120.9131,15.7873],[120.9026,15.7899]]]]},"properties":{"ADM3_EN":"Lupao","name":"Lupao","ADM3_PCODE":"PH34916000","psgc_code":"34916000","ADM2_EN":"Nueva Ecija","ADM2_PCODE":"PH3491","ADM1_EN":"Region III (Central Luzon)","ADM1_PCODE":"PH03","ADM0_EN":"Philippines (the)","ADM0_PCODE":"PH","region_key":"central_luzon","province_key":"nueva_ecija","type":"Municipality"}},{"type":"Feature","geometry":{"type":"MultiPolygon","coordinates":[[[[120.8403,15.6804],[120.8362,15.7036],[120.856,15.7338],[120.8544,15.7852],[120.868,15.7885],[120.8868,15.79],[120.9072,15.7894],[120.9131,15.7873],[120.9337,15.7712],[120.9422,15.7688],[120.9433,15.7364],[120.9612,15.7239],[120.9672,15.709],[120.9497,15.6974],[120.9377,15.6925],[120.9312,15.6924],[120.9124,15.6973],[120.9047,15.6965],[120.8957,15.6868],[120.8913,15.6691],[120.8606,15.6776],[120.8562,15.662],[120.8516,15.6553],[120.8459,15.6582],[120.8442,15.6608],[120.8403,15.6804]]]]},"properties":{"ADM3_EN":"Muñoz City","name":"Muñoz City","ADM3_PCODE":"PH34917000","psgc_code":"34917000","ADM2_EN":"Nueva Ecija","ADM2_PCODE":"PH3491","ADM1_EN":"Region III (Central Luzon)","ADM1_PCODE":"PH03","ADM0_EN":"Philippines (the)","ADM0_PCODE":"PH","region_key":"central_luzon","province_key":"nueva_ecija","type":"City"}},{"type":"Feature","geometry":{"type":"MultiPolygon","coordinates":[[[[120.6527,15.6813],[120.648,15.6832],[120.6461,15.6873],[120.6413,15.698],[120.6373,15.7208],[120.6305,15.7298],[120.624,15.7609],[120.6239,15.7679],[120.6874,15.7351],[120.7068,15.7099],[120.6927,15.7011],[120.6756,15.6862],[120.6552,15.68],[120.6537,15.6783],[120.6527,15.6813]]]]},"properties":{"ADM3_EN":"Nampicuan","name":"Nampicuan","ADM3_PCODE":"PH34918000","psgc_code":"34918000","ADM2_EN":"Nueva Ecija","ADM2_PCODE":"PH3491","ADM1_EN":"Region III (Central Luzon)","ADM1_PCODE":"PH03","ADM0_EN":"Philippines (the)","ADM0_PCODE":"PH","region_key":"central_luzon","province_key":"nueva_ecija","type":"Municipality"}},{"type":"Feature","geometry":{"type":"MultiPolygon","coordinates":[[[[121.1366,15.4355],[121.1354,15.4354],[121.1375,15.4383],[121.1364,15.4398],[121.1302,15.4402],[121.1342,15.4442],[121.1341,15.4459],[121.1267,15.4424],[121.125,15.4463],[121.1207,15.4488],[121.1157,15.4605],[121.1068,15.459],[121.0972,15.4632],[121.0906,15.462],[121.0871,15.4638],[121.0794,15.464],[121.0882,15.4922],[121.0871,15.5041],[121.0832,15.5035],[121.0818,15.505],[121.0846,15.5086],[121.0784,15.5104],[121.0772,15.514],[121.0745,15.5138],[121.0748,15.5223],[121.0702,15.5218],[121.068,15.5261],[121.0584,15.5243],[121.0529,15.5284],[121.0493,15.528],[121.0502,15.5353],[121.047,15.5432],[121.0495,15.5504],[121.0535,15.5507],[121.0578,15.5475],[121.062,15.5468],[121.0676,15.5489],[121.0769,15.5559],[121.0828,15.5551],[121.0823,15.5537],[121.0837,15.553],[121.0869,15.553],[121.0892,15.555],[121.0895,15.5621],[121.0803,15.583],[121.0816,15.5889],[121.0842,15.5889],[121.0902,15.5847],[121.0956,15.5853],[121.1021,15.5813],[121.1034,15.5863],[121.1111,15.5835],[121.115,15.5915],[121.1249,15.597],[121.1294,15.5934],[121.138,15.5778],[121.1425,15.5632],[121.1257,15.5502],[121.1289,15.5349],[121.1206,15.5311],[121.1168,15.5283],[121.1149,15.5242],[121.1106,15.523],[121.1103,15.5216],[121.1369,15.5003],[121.1386,15.4914],[121.1394,15.4352],[121.1366,15.4355]]]]},"properties":{"ADM3_EN":"Palayan City","name":"Palayan City","ADM3_PCODE":"PH34919000","psgc_code":"34919000","ADM2_EN":"Nueva Ecija","ADM2_PCODE":"PH3491","ADM1_EN":"Region III (Central Luzon)","ADM1_PCODE":"PH03","ADM0_EN":"Philippines (the)","ADM0_PCODE":"PH","region_key":"central_luzon","province_key":"nueva_ecija","type":"City"}},{"type":"Feature","geometry":{"type":"MultiPolygon","coordinates":[[[[121.174,15.7275],[121.1115,15.725],[121.1046,15.7251],[121.0995,15.7289],[121.0348,15.7918],[121.0537,15.8325],[121.0199,15.87],[121.0619,15.875],[121.0937,15.8863],[121.1957,15.9285],[121.198,15.9081],[121.2051,15.8948],[121.2215,15.8663],[121.2354,15.854],[121.2787,15.7796],[121.2874,15.7534],[121.2927,15.7273],[121.2135,15.7169],[121.174,15.7275]]]]},"properties":{"ADM3_EN":"Pantabangan","name":"Pantabangan","ADM3_PCODE":"PH34920000","psgc_code":"34920000","ADM2_EN":"Nueva Ecija","ADM2_PCODE":"PH3492","ADM1_EN":"Region III (Central Luzon)","ADM1_PCODE":"PH03","ADM0_EN":"Philippines (the)","ADM0_PCODE":"PH","region_key":"central_luzon","province_key":"nueva_ecija","type":"Municipality"}},{"type":"Feature","geometry":{"type":"MultiPolygon","coordinates":[[[[121.003,15.3299],[120.9933,15.3302],[120.9903,15.3323],[120.9858,15.3396],[120.9817,15.3571],[120.9819,15.3695],[120.9956,15.3955],[121.0009,15.3997],[121.0132,15.4001],[121.0391,15.4077],[121.0415,15.4098],[121.0595,15.4121],[121.0446,15.3913],[121.0423,15.3396],[121.0601,15.3231],[121.077,15.3172],[121.0858,15.3065],[121.0584,15.2919],[121.0554,15.2923],[121.0501,15.2973],[121.0456,15.3045],[121.0415,15.3158],[121.003,15.3299]]]]},"properties":{"ADM3_EN":"Peñaranda","name":"Peñaranda","ADM3_PCODE":"PH34921000","psgc_code":"34921000","ADM2_EN":"Nueva Ecija","ADM2_PCODE":"PH3492","ADM1_EN":"Region III (Central Luzon)","ADM1_PCODE":"PH03","ADM0_EN":"Philippines (the)","ADM0_PCODE":"PH","region_key":"central_luzon","province_key":"nueva_ecija","type":"Municipality"}},{"type":"Feature","geometry":{"type":"MultiPolygon","coordinates":[[[[120.8051,15.5267],[120.8012,15.5243],[120.7758,15.5938],[120.791,15.5936],[120.8155,15.6172],[120.8195,15.6259],[120.8188,15.6318],[120.825,15.6371],[120.8253,15.6438],[120.8281,15.6429],[120.8314,15.6475],[120.8408,15.6475],[120.846,15.6504],[120.8478,15.6407],[120.8433,15.6209],[120.8444,15.6118],[120.8542,15.5888],[120.8786,15.5534],[120.872,15.5476],[120.8531,15.5426],[120.8484,15.5383],[120.8391,15.5379],[120.8264,15.5315],[120.8182,15.531],[120.8051,15.5267]]]]},"properties":{"ADM3_EN":"Quezon","name":"Quezon","ADM3_PCODE":"PH34922000","psgc_code":"34922000","ADM2_EN":"Nueva Ecija","ADM2_PCODE":"PH3492","ADM1_EN":"Region III (Central Luzon)","ADM1_PCODE":"PH03","ADM0_EN":"Philippines (the)","ADM0_PCODE":"PH","region_key":"central_luzon","province_key":"nueva_ecija","type":"Municipality"}},{"type":"Feature","geometry":{"type":"MultiPolygon","coordinates":[[[[121.1268,15.6247],[121.122,15.6246],[121.1215,15.6208],[121.0351,15.6331],[121.0343,15.6595],[121.0459,15.677],[121.0463,15.7301],[121.0428,15.7321],[121.0419,15.7344],[121.0713,15.7563],[121.1046,15.7251],[121.174,15.7275],[121.2135,15.7169],[121.2138,15.6993],[121.1877,15.6819],[121.1794,15.6854],[121.1693,15.6748],[121.1302,15.6574],[121.1298,15.6545],[121.126,15.6516],[121.1266,15.6453],[121.1195,15.6363],[121.1207,15.6345],[121.1285,15.6335],[121.1268,15.6247]]]]},"properties":{"ADM3_EN":"Rizal","name":"Rizal","ADM3_PCODE":"PH34923000","psgc_code":"34923000","ADM2_EN":"Nueva Ecija","ADM2_PCODE":"PH3492","ADM1_EN":"Region III (Central Luzon)","ADM1_PCODE":"PH03","ADM0_EN":"Philippines (the)","ADM0_PCODE":"PH","region_key":"central_luzon","province_key":"nueva_ecija","type":"Municipality"}},{"type":"Feature","geometry":{"type":"MultiPolygon","coordinates":[[[[120.8505,15.2813],[120.8494,15.2775],[120.8533,15.2751],[120.8639,15.2821],[120.8713,15.2784],[120.8706,15.2707],[120.8686,15.2676],[120.8554,15.2584],[120.847,15.2604],[120.7748,15.263],[120.7757,15.2641],[120.7719,15.2676],[120.7717,15.2705],[120.772,15.272],[120.7746,15.2692],[120.7743,15.2719],[120.7767,15.2717],[120.7753,15.2738],[120.7766,15.2772],[120.7829,15.2879],[120.7811,15.2956],[120.7783,15.2949],[120.7818,15.3015],[120.7799,15.3052],[120.7819,15.305],[120.782,15.3066],[120.7758,15.312],[120.7687,15.3155],[120.7632,15.3227],[120.7574,15.3226],[120.7449,15.3258],[120.7438,15.3314],[120.7407,15.3334],[120.7392,15.3381],[120.7392,15.3503],[120.7368,15.3531],[120.7388,15.3574],[120.7428,15.3582],[120.7426,15.3643],[120.7468,15.3702],[120.746,15.3755],[120.7426,15.3818],[120.7489,15.3911],[120.7504,15.4016],[120.7549,15.3995],[120.8094,15.4017],[120.8113,15.3967],[120.8228,15.3861],[120.8552,15.372],[120.8616,15.3671],[120.8638,15.3633],[120.8653,15.3531],[120.8708,15.3432],[120.8697,15.3344],[120.8709,15.33],[120.8784,15.3212],[120.8901,15.3151],[120.8848,15.305],[120.8811,15.3052],[120.8791,15.3084],[120.8747,15.3085],[120.8734,15.3024],[120.8659,15.2991],[120.8633,15.2946],[120.8571,15.2923],[120.8505,15.2813]]]]},"properties":{"ADM3_EN":"San Antonio","name":"San Antonio","ADM3_PCODE":"PH34924000","psgc_code":"34924000","ADM2_EN":"Nueva Ecija","ADM2_PCODE":"PH3492","ADM1_EN":"Region III (Central Luzon)","ADM1_PCODE":"PH03","ADM0_EN":"Philippines (the)","ADM0_PCODE":"PH","region_key":"central_luzon","province_key":"nueva_ecija","type":"Municipality"}},{"type":"Feature","geometry":{"type":"MultiPolygon","coordinates":[[[[120.9047,15.2621],[120.8996,15.2701],[120.8891,15.2788],[120.8792,15.2955],[120.874,15.3008],[120.8734,15.3059],[120.8747,15.3085],[120.8791,15.3084],[120.8811,15.3052],[120.8848,15.305],[120.8901,15.3151],[120.9079,15.313],[120.9161,15.316],[120.9196,15.3127],[120.9191,15.3049],[120.9409,15.2511],[120.9435,15.2398],[120.9417,15.2302],[120.9429,15.2175],[120.9266,15.216],[120.9091,15.2109],[120.9077,15.2156],[120.9007,15.2221],[120.8989,15.226],[120.901,15.2342],[120.9087,15.2434],[120.9114,15.2499],[120.9047,15.2621]]]]},"properties":{"ADM3_EN":"San Isidro","name":"San Isidro","ADM3_PCODE":"PH34925000","psgc_code":"34925000","ADM2_EN":"Nueva Ecija","ADM2_PCODE":"PH3492","ADM1_EN":"Region III (Central Luzon)","ADM1_PCODE":"PH03","ADM0_EN":"Philippines (the)","ADM0_PCODE":"PH","region_key":"central_luzon","province_key":"nueva_ecija","type":"Municipality"}},{"type":"Feature","geometry":{"type":"MultiPolygon","coordinates":[[[[120.9836,15.7083],[120.9813,15.7064],[120.9672,15.709],[120.9612,15.7239],[120.9433,15.7364],[120.9422,15.7688],[120.9307,15.773],[120.9219,15.7812],[120.9305,15.7863],[120.9401,15.8015],[120.9457,15.8064],[120.9485,15.8199],[120.9469,15.8281],[120.9872,15.8417],[120.9849,15.8471],[120.9769,15.8522],[120.9725,15.8527],[120.9691,15.8581],[121.0199,15.87],[121.0537,15.8325],[121.0348,15.7918],[121.0713,15.7563],[121.0419,15.7344],[121.0428,15.7321],[121.0463,15.7301],[121.0457,15.7154],[120.9954,15.7241],[120.9877,15.7121],[120.9836,15.7083]]]]},"properties":{"ADM3_EN":"San Jose City","name":"San Jose City","ADM3_PCODE":"PH34926000","psgc_code":"34926000","ADM2_EN":"Nueva Ecija","ADM2_PCODE":"PH3492","ADM1_EN":"Region III (Central Luzon)","ADM1_PCODE":"PH03","ADM0_EN":"Philippines (the)","ADM0_PCODE":"PH","region_key":"central_luzon","province_key":"nueva_ecija","type":"City"}},{"type":"Feature","geometry":{"type":"MultiPolygon","coordinates":[[[[120.9278,15.3094],[120.9196,15.3127],[120.9161,15.316],[120.92,15.3196],[120.9225,15.3256],[120.9199,15.3396],[120.9165,15.3433],[120.9099,15.3435],[120.9085,15.3457],[120.913,15.3518],[120.9271,15.3577],[120.9298,15.3608],[120.927,15.3643],[120.9149,15.3666],[120.9128,15.3703],[120.9145,15.3766],[120.9223,15.3826],[120.9365,15.3887],[120.9399,15.3935],[120.9391,15.3987],[120.9415,15.3994],[120.9444,15.3984],[120.962,15.4031],[120.97,15.3988],[120.9745,15.3934],[120.9821,15.397],[120.9871,15.3951],[120.9943,15.3991],[120.998,15.3987],[120.9869,15.3807],[120.9815,15.3668],[120.9754,15.3668],[120.9682,15.3598],[120.9639,15.3514],[120.96,15.3488],[120.9648,15.3388],[120.9649,15.3343],[120.9618,15.3328],[120.9572,15.3377],[120.9551,15.3375],[120.9544,15.3339],[120.9583,15.3263],[120.9545,15.3161],[120.9431,15.3152],[120.9403,15.3063],[120.9378,15.3046],[120.934,15.3047],[120.9278,15.3094]]]]},"properties":{"ADM3_EN":"San Leonardo","name":"San Leonardo","ADM3_PCODE":"PH34927000","psgc_code":"34927000","ADM2_EN":"Nueva Ecija","ADM2_PCODE":"PH3492","ADM1_EN":"Region III (Central Luzon)","ADM1_PCODE":"PH03","ADM0_EN":"Philippines (the)","ADM0_PCODE":"PH","region_key":"central_luzon","province_key":"nueva_ecija","type":"Municipality"}},{"type":"Feature","geometry":{"type":"MultiPolygon","coordinates":[[[[120.9729,15.3946],[120.97,15.3988],[120.9664,15.3999],[120.964,15.4027],[120.9576,15.4026],[120.9444,15.3984],[120.9391,15.3987],[120.9346,15.4013],[120.9173,15.4047],[120.8963,15.412],[120.8458,15.4388],[120.8447,15.4455],[120.8499,15.4526],[120.8512,15.4576],[120.8713,15.4712],[120.9322,15.4404],[120.9441,15.4379],[120.9633,15.4384],[120.9703,15.4518],[120.9745,15.4446],[120.9813,15.4483],[121.0023,15.4532],[121.006,15.4515],[121.0111,15.445],[121.0155,15.4458],[121.0236,15.4434],[121.0247,15.4448],[121.0338,15.4466],[121.0384,15.4502],[121.0411,15.4494],[121.0525,15.4563],[121.0564,15.454],[121.0647,15.4541],[121.0712,15.448],[121.0749,15.4481],[121.0798,15.4638],[121.0871,15.4638],[121.0906,15.462],[121.0972,15.4632],[121.1068,15.459],[121.1157,15.4605],[121.1216,15.4474],[121.125,15.4463],[121.1267,15.4424],[121.1341,15.4459],[121.1307,15.4395],[121.1364,15.4398],[121.1375,15.4383],[121.1354,15.4354],[121.1394,15.4352],[121.1439,15.4327],[121.1441,15.4312],[121.1076,15.4221],[121.0573,15.4115],[121.0415,15.4098],[121.0391,15.4077],[121.0132,15.4001],[120.9943,15.3991],[120.9871,15.3951],[120.9821,15.397],[120.9753,15.3934],[120.9729,15.3946]]]]},"properties":{"ADM3_EN":"Santa Rosa","name":"Santa Rosa","ADM3_PCODE":"PH34928000","psgc_code":"34928000","ADM2_EN":"Nueva Ecija","ADM2_PCODE":"PH3492","ADM1_EN":"Region III (Central Luzon)","ADM1_PCODE":"PH03","ADM0_EN":"Philippines (the)","ADM0_PCODE":"PH","region_key":"central_luzon","province_key":"nueva_ecija","type":"Municipality"}},{"type":"Feature","geometry":{"type":"MultiPolygon","coordinates":[[[[120.8809,15.5541],[120.8786,15.5534],[120.8766,15.5559],[120.8542,15.5888],[120.8435,15.615],[120.8442,15.6263],[120.8478,15.6407],[120.846,15.6504],[120.8549,15.6593],[120.8606,15.6776],[120.8913,15.6691],[120.893,15.677],[120.896,15.6718],[120.8992,15.6697],[120.918,15.6656],[120.9222,15.6607],[120.9196,15.6505],[120.901,15.6272],[120.9016,15.6139],[120.9043,15.6093],[120.9088,15.6057],[120.9103,15.5869],[120.9071,15.5814],[120.9075,15.577],[120.9026,15.5732],[120.9047,15.57],[120.8994,15.5604],[120.8887,15.5551],[120.8809,15.5541]]]]},"properties":{"ADM3_EN":"Santo Domingo","name":"Santo Domingo","ADM3_PCODE":"PH34929000","psgc_code":"34929000","ADM2_EN":"Nueva Ecija","ADM2_PCODE":"PH3492","ADM1_EN":"Region III (Central Luzon)","ADM1_PCODE":"PH03","ADM0_EN":"Philippines (the)","ADM0_PCODE":"PH","region_key":"central_luzon","province_key":"nueva_ecija","type":"Municipality"}},{"type":"Feature","geometry":{"type":"MultiPolygon","coordinates":[[[[120.9646,15.6118],[120.9811,15.599],[120.9788,15.5786],[120.9803,15.5746],[120.9736,15.564],[120.9732,15.5604],[120.9679,15.5634],[120.9646,15.5641],[120.9624,15.5629],[120.9584,15.5559],[120.9545,15.5537],[120.9461,15.5443],[120.9427,15.5355],[120.932,15.5365],[120.9118,15.5423],[120.9,15.5464],[120.8867,15.5546],[120.8994,15.5604],[120.9047,15.57],[120.9026,15.5732],[120.9075,15.577],[120.9071,15.5814],[120.9103,15.5869],[120.9088,15.6057],[120.9043,15.6093],[120.9016,15.6139],[120.901,15.6272],[120.9196,15.6505],[120.9223,15.6583],[120.9197,15.6649],[120.901,15.6689],[120.896,15.6718],[120.8934,15.6755],[120.8957,15.6868],[120.9022,15.6952],[120.9111,15.6974],[120.9312,15.6924],[120.9377,15.6925],[120.9497,15.6974],[120.9672,15.709],[120.9813,15.7064],[120.9749,15.6999],[120.9726,15.6885],[120.9652,15.6814],[120.9556,15.6782],[120.9519,15.6748],[120.9402,15.6634],[120.9314,15.6485],[120.9404,15.626],[120.9439,15.6224],[120.9646,15.6118]]]]},"properties":{"ADM3_EN":"Talavera","name":"Talavera","ADM3_PCODE":"PH34930000","psgc_code":"34930000","ADM2_EN":"Nueva Ecija","ADM2_PCODE":"PH3493","ADM1_EN":"Region III (Central Luzon)","ADM1_PCODE":"PH03","ADM0_EN":"Philippines (the)","ADM0_PCODE":"PH","region_key":"central_luzon","province_key":"nueva_ecija","type":"Municipality"}},{"type":"Feature","geometry":{"type":"MultiPolygon","coordinates":[[[[120.8387,15.7074],[120.8362,15.7036],[120.7693,15.7318],[120.7493,15.7793],[120.7783,15.806],[120.7773,15.8123],[120.7792,15.8151],[120.7913,15.8184],[120.7917,15.8231],[120.8085,15.8069],[120.8195,15.7931],[120.8227,15.7928],[120.8348,15.8109],[120.8386,15.8137],[120.8541,15.8188],[120.856,15.7338],[120.8387,15.7074]]]]},"properties":{"ADM3_EN":"Talugtug","name":"Talugtug","ADM3_PCODE":"PH34931000","psgc_code":"34931000","ADM2_EN":"Nueva Ecija","ADM2_PCODE":"PH3493","ADM1_EN":"Region III (Central Luzon)","ADM1_PCODE":"PH03","ADM0_EN":"Philippines (the)","ADM0_PCODE":"PH","region_key":"central_luzon","province_key":"nueva_ecija","type":"Municipality"}},{"type":"Feature","geometry":{"type":"MultiPolygon","coordinates":[[[[120.8117,15.4713],[120.8268,15.4631],[120.8512,15.4576],[120.8499,15.4526],[120.8447,15.4455],[120.8458,15.4388],[120.8416,15.4326],[120.8222,15.4124],[120.8144,15.4066],[120.8115,15.4064],[120.8094,15.4017],[120.7549,15.3995],[120.7547,15.4028],[120.7569,15.407],[120.7552,15.4141],[120.7575,15.4148],[120.7603,15.4127],[120.7638,15.4147],[120.7649,15.4172],[120.76,15.4285],[120.7621,15.434],[120.7559,15.4411],[120.7518,15.4428],[120.7504,15.4467],[120.7472,15.4484],[120.7458,15.4546],[120.743,15.4578],[120.7454,15.466],[120.7446,15.4691],[120.7475,15.4728],[120.749,15.479],[120.7462,15.4906],[120.7467,15.4957],[120.7429,15.5005],[120.7439,15.5035],[120.7425,15.5079],[120.7579,15.5129],[120.7749,15.5149],[120.7811,15.5176],[120.8117,15.4713]]]]},"properties":{"ADM3_EN":"Zaragoza","name":"Zaragoza","ADM3_PCODE":"PH34932000","psgc_code":"34932000","ADM2_EN":"Nueva Ecija","ADM2_PCODE":"PH3493","ADM1_EN":"Region III (Central Luzon)","ADM1_PCODE":"PH03","ADM0_EN":"Philippines (the)","ADM0_PCODE":"PH","region_key":"central_luzon","province_key":"nueva_ecija","type":"Municipality"}},{"type":"Feature","geometry":{"type":"MultiPolygon","coordinates":[[[[120.6146,15.1095],[120.6013,15.1138],[120.6028,15.1183],[120.601,15.1184],[120.5992,15.1224],[120.5876,15.1314],[120.5699,15.1374],[120.5639,15.1377],[120.5619,15.1403],[120.5548,15.1428],[120.5522,15.1454],[120.5514,15.1489],[120.5181,15.1509],[120.5156,15.1414],[120.5187,15.1404],[120.5211,15.1342],[120.513,15.1301],[120.5058,15.1238],[120.4873,15.1236],[120.4822,15.1269],[120.4808,15.1354],[120.4987,15.1512],[120.5095,15.1635],[120.5206,15.162],[120.5265,15.1585],[120.5794,15.1685],[120.5833,15.16],[120.5885,15.1589],[120.5986,15.1604],[120.6121,15.1676],[120.6184,15.1667],[120.6219,15.1681],[120.6235,15.1643],[120.6264,15.1633],[120.6288,15.1661],[120.6404,15.1696],[120.6427,15.172],[120.6596,15.1706],[120.6622,15.1656],[120.6588,15.1557],[120.6602,15.1491],[120.6584,15.1399],[120.6445,15.1335],[120.6364,15.1244],[120.6277,15.1179],[120.6193,15.1151],[120.6146,15.1095]]]]},"properties":{"ADM3_EN":"Angeles City","name":"Angeles City","ADM3_PCODE":"PH35401000","psgc_code":"35401000","ADM2_EN":"Pampanga","ADM2_PCODE":"PH3540","ADM1_EN":"Region III (Central Luzon)","ADM1_PCODE":"PH03","ADM0_EN":"Philippines (the)","ADM0_PCODE":"PH","region_key":"central_luzon","province_key":"pampanga","type":"City"}},{"type":"Feature","geometry":{"type":"MultiPolygon","coordinates":[[[[120.7759,14.9204],[120.7528,14.9208],[120.7485,14.9192],[120.7468,14.9158],[120.7422,14.9233],[120.7427,14.9349],[120.7398,14.9404],[120.7429,14.9482],[120.7498,14.9476],[120.7577,14.9537],[120.7594,14.964],[120.7641,14.9683],[120.7705,14.971],[120.7728,14.976],[120.7823,14.9719],[120.7911,14.9735],[120.8022,14.9694],[120.8072,14.9709],[120.8184,14.9679],[120.8409,14.972],[120.8444,14.9706],[120.8491,14.972],[120.8552,14.9713],[120.8751,14.9781],[120.89,14.9771],[120.8847,14.975],[120.8835,14.9687],[120.877,14.9643],[120.8781,14.9625],[120.8768,14.9605],[120.8707,14.9569],[120.8608,14.9545],[120.8547,14.951],[120.8513,14.9464],[120.8416,14.941],[120.8389,14.93],[120.8362,14.927],[120.8306,14.9264],[120.8277,14.931],[120.8208,14.9299],[120.8115,14.922],[120.7993,14.9172],[120.7922,14.9198],[120.7759,14.9204]]]]},"properties":{"ADM3_EN":"Apalit","name":"Apalit","ADM3_PCODE":"PH35402000","psgc_code":"35402000","ADM2_EN":"Pampanga","ADM2_PCODE":"PH3540","ADM1_EN":"Region III (Central Luzon)","ADM1_PCODE":"PH03","ADM0_EN":"Philippines (the)","ADM0_PCODE":"PH","region_key":"central_luzon","province_key":"pampanga","type":"Municipality"}},{"type":"Feature","geometry":{"type":"MultiPolygon","coordinates":[[[[120.8041,15.1219],[120.7983,15.1193],[120.7844,15.1195],[120.7775,15.115],[120.765,15.1233],[120.7521,15.1276],[120.7409,15.1344],[120.7316,15.1378],[120.7208,15.1433],[120.7057,15.1604],[120.6993,15.1641],[120.6986,15.1737],[120.6906,15.1798],[120.685,15.18],[120.6801,15.1837],[120.6827,15.1912],[120.6886,15.1959],[120.7012,15.1946],[120.7123,15.1899],[120.718,15.1921],[120.7449,15.2228],[120.7496,15.2379],[120.7512,15.2403],[120.7569,15.2427],[120.7549,15.246],[120.7557,15.2522],[120.7595,15.256],[120.7696,15.2547],[120.7714,15.2507],[120.768,15.2492],[120.7726,15.244],[120.7722,15.2404],[120.774,15.2389],[120.7731,15.2352],[120.774,15.2338],[120.7761,15.2356],[120.7793,15.2325],[120.7761,15.2222],[120.782,15.2211],[120.7785,15.2181],[120.787,15.2143],[120.7883,15.2037],[120.7946,15.2062],[120.8004,15.2128],[120.8075,15.2108],[120.807,15.2063],[120.8084,15.2045],[120.8139,15.205],[120.8201,15.2086],[120.8271,15.2077],[120.8308,15.2091],[120.8483,15.2051],[120.8564,15.196],[120.8597,15.1853],[120.8625,15.1832],[120.8687,15.1711],[120.8685,15.165],[120.8655,15.1584],[120.856,15.1519],[120.8404,15.1501],[120.8265,15.146],[120.8186,15.1323],[120.8041,15.1219]]]]},"properties":{"ADM3_EN":"Arayat","name":"Arayat","ADM3_PCODE":"PH35403000","psgc_code":"35403000","ADM2_EN":"Pampanga","ADM2_PCODE":"PH3540","ADM1_EN":"Region III (Central Luzon)","ADM1_PCODE":"PH03","ADM0_EN":"Philippines (the)","ADM0_PCODE":"PH","region_key":"central_luzon","province_key":"pampanga","type":"Municipality"}},{"type":"Feature","geometry":{"type":"MultiPolygon","coordinates":[[[[120.6956,14.9729],[120.6885,14.9655],[120.6864,14.9706],[120.676,14.9791],[120.6756,14.9814],[120.6704,14.9805],[120.6638,14.9825],[120.6589,14.9881],[120.6512,14.9882],[120.6441,14.9915],[120.6378,14.9921],[120.639,14.9964],[120.6511,15.0049],[120.653,15.008],[120.6522,15.0107],[120.6397,15.0169],[120.6355,15.0224],[120.6323,15.0217],[120.6296,15.0234],[120.6252,15.032],[120.6159,15.0313],[120.6111,15.0352],[120.6011,15.0364],[120.6036,15.0415],[120.6085,15.0465],[120.6109,15.0527],[120.6017,15.0766],[120.6179,15.0888],[120.62,15.0987],[120.6223,15.1017],[120.6203,15.1032],[120.6166,15.103],[120.6146,15.1095],[120.621,15.1162],[120.6234,15.1167],[120.624,15.1135],[120.6313,15.1078],[120.6371,15.0982],[120.6335,15.0806],[120.6454,15.0709],[120.6527,15.0696],[120.6589,15.0662],[120.6609,15.0609],[120.6776,15.0498],[120.679,15.0481],[120.6782,15.0414],[120.6815,15.041],[120.6835,15.0368],[120.692,15.0301],[120.6945,15.0231],[120.7003,15.0185],[120.7007,15.0154],[120.7058,15.0151],[120.71,15.0106],[120.7152,15.0086],[120.715,14.9964],[120.7167,14.9934],[120.7254,14.9947],[120.7282,14.9917],[120.7262,14.989],[120.7183,14.9871],[120.7118,14.9827],[120.7091,14.983],[120.7068,14.9865],[120.7016,14.9824],[120.6956,14.9729]]]]},"properties":{"ADM3_EN":"Bacolor","name":"Bacolor","ADM3_PCODE":"PH35404000","psgc_code":"35404000","ADM2_EN":"Pampanga","ADM2_PCODE":"PH3540","ADM1_EN":"Region III (Central Luzon)","ADM1_PCODE":"PH03","ADM0_EN":"Philippines (the)","ADM0_PCODE":"PH","region_key":"central_luzon","province_key":"pampanga","type":"Municipality"}},{"type":"Feature","geometry":{"type":"MultiPolygon","coordinates":[[[[120.8964,15.0035],[120.8917,15.0035],[120.8926,15.0086],[120.8893,15.0111],[120.8863,15.0098],[120.8807,15.0035],[120.8781,15.0049],[120.8722,15.003],[120.8645,15.0039],[120.8611,15.0068],[120.8572,15.006],[120.856,15.0158],[120.8537,15.0195],[120.8502,15.0215],[120.8504,15.025],[120.8548,15.034],[120.8544,15.0457],[120.8535,15.0475],[120.8466,15.0461],[120.8429,15.047],[120.8388,15.0552],[120.8283,15.0648],[120.8343,15.0924],[120.8379,15.1019],[120.8272,15.1304],[120.8253,15.1342],[120.821,15.1378],[120.8265,15.146],[120.8404,15.1501],[120.856,15.1519],[120.8655,15.1584],[120.8685,15.165],[120.8761,15.1692],[120.8975,15.1931],[120.9024,15.202],[120.9008,15.2081],[120.9295,15.2165],[120.9554,15.2181],[120.9533,15.2035],[120.9535,15.1894],[120.9567,15.1819],[120.9569,15.1761],[120.9551,15.1722],[120.9493,15.1691],[120.9463,15.1656],[120.9436,15.1551],[120.9504,15.1409],[120.9636,15.1358],[120.9655,15.1322],[120.9791,15.1248],[120.982,15.1172],[120.9783,15.1087],[120.9798,15.1062],[120.9871,15.1021],[120.9807,15.0956],[120.9767,15.0873],[120.9706,15.0796],[120.9708,15.0465],[120.9673,15.0405],[120.9672,15.0351],[120.9638,15.037],[120.9572,15.0355],[120.9546,15.032],[120.9536,15.0344],[120.9509,15.0338],[120.9468,15.0376],[120.9421,15.0365],[120.9411,15.0346],[120.939,15.0363],[120.9348,15.0067],[120.9289,14.9989],[120.9214,14.9947],[120.9184,15.0079],[120.8964,15.0035]]]]},"properties":{"ADM3_EN":"Candaba","name":"Candaba","ADM3_PCODE":"PH35405000","psgc_code":"35405000","ADM2_EN":"Pampanga","ADM2_PCODE":"PH3540","ADM1_EN":"Region III (Central Luzon)","ADM1_PCODE":"PH03","ADM0_EN":"Philippines (the)","ADM0_PCODE":"PH","region_key":"central_luzon","province_key":"pampanga","type":"Municipality"}},{"type":"Feature","geometry":{"type":"MultiPolygon","coordinates":[[[[120.4992,14.9043],[120.4991,14.9085],[120.4951,14.914],[120.4925,14.9155],[120.4834,14.9146],[120.4762,14.924],[120.4606,14.9297],[120.4514,14.9374],[120.4553,14.9453],[120.4514,14.9632],[120.4205,14.9911],[120.4197,15.0077],[120.4221,15.0442],[120.4152,15.0578],[120.4586,15.0714],[120.4865,15.0496],[120.5122,15.0366],[120.5077,15.0257],[120.5295,15.0121],[120.5377,15.0191],[120.5467,15.0151],[120.5415,15.0014],[120.5481,14.9929],[120.5558,14.992],[120.5559,14.9852],[120.5582,14.9815],[120.5677,14.9786],[120.5742,14.9706],[120.5731,14.9658],[120.5682,14.9648],[120.5624,14.959],[120.5539,14.9558],[120.5407,14.942],[120.5334,14.9291],[120.5268,14.9222],[120.5224,14.9098],[120.5163,14.9022],[120.5146,14.8945],[120.511,14.8942],[120.4992,14.9043]]]]},"properties":{"ADM3_EN":"Floridablanca","name":"Floridablanca","ADM3_PCODE":"PH35406000","psgc_code":"35406000","ADM2_EN":"Pampanga","ADM2_PCODE":"PH3540","ADM1_EN":"Region III (Central Luzon)","ADM1_PCODE":"PH03","ADM0_EN":"Philippines (the)","ADM0_PCODE":"PH","region_key":"central_luzon","province_key":"pampanga","type":"Municipality"}},{"type":"Feature","geometry":{"type":"MultiPolygon","coordinates":[[[[120.6676,14.9819],[120.6704,14.9805],[120.6756,14.9814],[120.676,14.9791],[120.6864,14.9706],[120.6916,14.9625],[120.6927,14.9574],[120.6882,14.9529],[120.6884,14.9445],[120.6855,14.9418],[120.6882,14.9358],[120.6774,14.9306],[120.677,14.9279],[120.6796,14.923],[120.6862,14.9161],[120.6854,14.9123],[120.6774,14.9079],[120.6743,14.9089],[120.6748,14.9158],[120.6711,14.9193],[120.6691,14.9265],[120.6628,14.9329],[120.6504,14.9376],[120.6457,14.9378],[120.6431,14.941],[120.6265,14.9507],[120.6121,14.9568],[120.6122,14.9592],[120.6091,14.9616],[120.5844,14.9671],[120.5783,14.9698],[120.5744,14.9689],[120.5695,14.9773],[120.5576,14.9822],[120.5549,14.9913],[120.5657,15.0018],[120.5686,15.0112],[120.5737,15.0126],[120.5849,15.0082],[120.5876,15.0087],[120.5993,14.9948],[120.6116,14.9888],[120.6111,14.9852],[120.6219,14.9829],[120.6263,14.9793],[120.6306,14.98],[120.6378,14.9921],[120.6441,14.9915],[120.6512,14.9882],[120.6589,14.9881],[120.6638,14.9825],[120.6676,14.9819]]]]},"properties":{"ADM3_EN":"Guagua","name":"Guagua","ADM3_PCODE":"PH35407000","psgc_code":"35407000","ADM2_EN":"Pampanga","ADM2_PCODE":"PH3540","ADM1_EN":"Region III (Central Luzon)","ADM1_PCODE":"PH03","ADM0_EN":"Philippines (the)","ADM0_PCODE":"PH","region_key":"central_luzon","province_key":"pampanga","type":"Municipality"}},{"type":"Feature","geometry":{"type":"MultiPolygon","coordinates":[[[[120.617,14.8021],[120.6169,14.8003],[120.6158,14.8],[120.6153,14.8014],[120.617,14.8021]]],[[[120.6244,14.8037],[120.623,14.8011],[120.6208,14.7989],[120.6206,14.8008],[120.6225,14.8011],[120.6202,14.8034],[120.6229,14.8182],[120.6264,14.8123],[120.6267,14.8089],[120.6244,14.8037]]],[[[120.6245,14.8211],[120.6242,14.8206],[120.6242,14.8208],[120.6245,14.8211]]],[[[120.6256,14.8222],[120.6248,14.8213],[120.6258,14.8262],[120.6271,14.8236],[120.6256,14.8222]]],[[[120.6244,14.8506],[120.6256,14.8441],[120.6192,14.8388],[120.6175,14.8318],[120.6244,14.8267],[120.6189,14.8128],[120.6183,14.8072],[120.6142,14.8036],[120.6103,14.8036],[120.6114,14.8064],[120.6081,14.8089],[120.6092,14.8119],[120.6069,14.81],[120.6014,14.8164],[120.6,14.8164],[120.6017,14.8125],[120.5958,14.8144],[120.5889,14.8128],[120.5853,14.8161],[120.5942,14.8264],[120.5844,14.8244],[120.5775,14.8331],[120.5767,14.8431],[120.5809,14.8478],[120.5814,14.8496],[120.5752,14.8441],[120.5731,14.8443],[120.5709,14.8487],[120.5731,14.8502],[120.5735,14.852],[120.5704,14.8486],[120.5722,14.8442],[120.5675,14.8401],[120.5686,14.8387],[120.5711,14.8418],[120.5755,14.8419],[120.5778,14.8311],[120.5642,14.8307],[120.552,14.8244],[120.5453,14.8264],[120.5216,14.844],[120.5154,14.8498],[120.5043,14.8649],[120.5028,14.8702],[120.5073,14.8774],[120.5067,14.8817],[120.5085,14.8874],[120.5016,14.893],[120.5013,14.8965],[120.5045,14.8987],[120.511,14.8942],[120.5146,14.8945],[120.5163,14.9022],[120.5224,14.9098],[120.5268,14.9222],[120.5334,14.9291],[120.5463,14.9491],[120.5539,14.9558],[120.5624,14.959],[120.5682,14.9648],[120.5731,14.9658],[120.5744,14.9689],[120.5783,14.9698],[120.5844,14.9671],[120.6091,14.9616],[120.6122,14.9592],[120.6121,14.9568],[120.6328,14.9464],[120.6309,14.9426],[120.6311,14.9367],[120.6261,14.9278],[120.627,14.9242],[120.6253,14.9128],[120.6195,14.9017],[120.6194,14.8817],[120.6176,14.8739],[120.6187,14.865],[120.6261,14.853],[120.6244,14.8506]]],[[[120.6261,14.8486],[120.6268,14.8521],[120.6312,14.8479],[120.6271,14.8451],[120.6261,14.8486]]]]},"properties":{"ADM3_EN":"Lubao","name":"Lubao","ADM3_PCODE":"PH35408000","psgc_code":"35408000","ADM2_EN":"Pampanga","ADM2_PCODE":"PH3540","ADM1_EN":"Region III (Central Luzon)","ADM1_PCODE":"PH03","ADM0_EN":"Philippines (the)","ADM0_PCODE":"PH","region_key":"central_luzon","province_key":"pampanga","type":"Municipality"}},{"type":"Feature","geometry":{"type":"MultiPolygon","coordinates":[[[[120.5218,15.1612],[120.5095,15.1635],[120.4987,15.1512],[120.4808,15.1354],[120.4544,15.1346],[120.4249,15.1216],[120.391,15.1143],[120.366,15.1059],[120.3583,15.1362],[120.3708,15.1678],[120.3765,15.163],[120.3888,15.165],[120.3941,15.1679],[120.4052,15.1785],[120.425,15.1862],[120.4362,15.1987],[120.4938,15.2221],[120.521,15.2374],[120.5323,15.2462],[120.5508,15.2533],[120.5661,15.256],[120.5736,15.2596],[120.5778,15.2582],[120.5887,15.2595],[120.6001,15.2651],[120.6103,15.2592],[120.6189,15.2632],[120.6271,15.259],[120.6296,15.2595],[120.6287,15.2538],[120.6298,15.2513],[120.6388,15.244],[120.6392,15.2421],[120.6362,15.2351],[120.6399,15.2122],[120.6437,15.1998],[120.6429,15.196],[120.6491,15.1853],[120.6534,15.1832],[120.6539,15.1814],[120.646,15.1793],[120.6425,15.1767],[120.6427,15.172],[120.6404,15.1696],[120.6296,15.1666],[120.6277,15.1634],[120.6235,15.1643],[120.6219,15.1681],[120.6184,15.1667],[120.6121,15.1676],[120.5986,15.1604],[120.5866,15.1588],[120.5833,15.16],[120.5794,15.1685],[120.5265,15.1585],[120.5218,15.1612]]]]},"properties":{"ADM3_EN":"Mabalacat","name":"Mabalacat","ADM3_PCODE":"PH35409000","psgc_code":"35409000","ADM2_EN":"Pampanga","ADM2_PCODE":"PH3540","ADM1_EN":"Region III (Central Luzon)","ADM1_PCODE":"PH03","ADM0_EN":"Philippines (the)","ADM0_PCODE":"PH","region_key":"central_luzon","province_key":"pampanga","type":"Municipality"}},{"type":"Feature","geometry":{"type":"MultiPolygon","coordinates":[[[[120.7437,14.8773],[120.742,14.865],[120.7304,14.8502],[120.7257,14.8572],[120.7272,14.8654],[120.7247,14.8752],[120.726,14.8808],[120.7227,14.8848],[120.715,14.8857],[120.7029,14.8811],[120.6929,14.8793],[120.6533,14.8845],[120.649,14.8914],[120.6516,14.8928],[120.6602,14.8913],[120.667,14.8953],[120.6724,14.8955],[120.6755,14.8995],[120.6788,14.9096],[120.6854,14.9123],[120.6968,14.9124],[120.7,14.9174],[120.7041,14.9177],[120.7067,14.9118],[120.7123,14.9098],[120.714,14.9138],[120.7132,14.9188],[120.7232,14.9197],[120.7249,14.9223],[120.7239,14.9248],[120.7168,14.9267],[120.7163,14.9286],[120.7201,14.9318],[120.7141,14.9335],[120.715,14.9364],[120.7398,14.9404],[120.7427,14.9349],[120.7422,14.9233],[120.7468,14.9158],[120.7448,14.9056],[120.7502,14.8913],[120.7485,14.885],[120.7437,14.8773]]]]},"properties":{"ADM3_EN":"Macabebe","name":"Macabebe","ADM3_PCODE":"PH35410000","psgc_code":"35410000","ADM2_EN":"Pampanga","ADM2_PCODE":"PH3541","ADM1_EN":"Region III (Central Luzon)","ADM1_PCODE":"PH03","ADM0_EN":"Philippines (the)","ADM0_PCODE":"PH","region_key":"central_luzon","province_key":"pampanga","type":"Municipality"}},{"type":"Feature","geometry":{"type":"MultiPolygon","coordinates":[[[[120.682,15.1897],[120.6786,15.1815],[120.668,15.1778],[120.6607,15.1798],[120.659,15.1819],[120.654,15.1822],[120.6491,15.1853],[120.6429,15.196],[120.6437,15.1998],[120.6399,15.2122],[120.6362,15.2351],[120.6388,15.244],[120.6298,15.2513],[120.6287,15.2538],[120.6306,15.2602],[120.6343,15.2614],[120.64,15.2593],[120.6578,15.2714],[120.6746,15.2667],[120.6774,15.2629],[120.6825,15.2637],[120.6872,15.2608],[120.6918,15.2606],[120.6988,15.2574],[120.7058,15.2611],[120.7053,15.267],[120.7109,15.2688],[120.7137,15.2716],[120.7233,15.2684],[120.7275,15.2704],[120.7355,15.2692],[120.7344,15.2747],[120.7412,15.2801],[120.7437,15.2728],[120.7439,15.2635],[120.7719,15.2676],[120.7757,15.2641],[120.7723,15.2624],[120.7731,15.2599],[120.7709,15.2606],[120.7696,15.2547],[120.7619,15.2564],[120.7565,15.2537],[120.7549,15.246],[120.7569,15.2427],[120.7512,15.2403],[120.7496,15.2379],[120.7449,15.2228],[120.718,15.1921],[120.7123,15.1899],[120.7012,15.1946],[120.69,15.1962],[120.6855,15.1942],[120.682,15.1897]]]]},"properties":{"ADM3_EN":"Magalang","name":"Magalang","ADM3_PCODE":"PH35411000","psgc_code":"35411000","ADM2_EN":"Pampanga","ADM2_PCODE":"PH3541","ADM1_EN":"Region III (Central Luzon)","ADM1_PCODE":"PH03","ADM0_EN":"Philippines (the)","ADM0_PCODE":"PH","region_key":"central_luzon","province_key":"pampanga","type":"Municipality"}},{"type":"Feature","geometry":{"type":"MultiPolygon","coordinates":[[[[120.6697,14.78],[120.6628,14.7747],[120.6639,14.7711],[120.6675,14.7697],[120.6667,14.7675],[120.6544,14.7678],[120.6572,14.7736],[120.6575,14.7814],[120.6631,14.7925],[120.6628,14.8078],[120.6642,14.8133],[120.6806,14.8275],[120.6925,14.8503],[120.7061,14.8614],[120.7019,14.8606],[120.6967,14.8542],[120.6922,14.8519],[120.6792,14.8286],[120.6706,14.82],[120.6633,14.8156],[120.66,14.8058],[120.6619,14.7969],[120.6608,14.79],[120.6544,14.7794],[120.6558,14.7753],[120.6528,14.7681],[120.6508,14.7672],[120.6506,14.7697],[120.6425,14.7806],[120.6428,14.7831],[120.6361,14.7828],[120.6369,14.7858],[120.6342,14.7897],[120.635,14.7933],[120.6331,14.7967],[120.6352,14.7967],[120.6414,14.8026],[120.6471,14.8131],[120.6446,14.8352],[120.6573,14.8479],[120.6594,14.8529],[120.6592,14.857],[120.6557,14.8617],[120.6492,14.865],[120.6489,14.8752],[120.653,14.8795],[120.6533,14.8845],[120.6952,14.8794],[120.715,14.8857],[120.7227,14.8848],[120.726,14.8808],[120.7247,14.8752],[120.7272,14.8654],[120.7257,14.8572],[120.732,14.8477],[120.7305,14.8427],[120.7101,14.8257],[120.7052,14.8188],[120.707,14.8141],[120.7035,14.8086],[120.7095,14.8022],[120.7095,14.7996],[120.7019,14.7937],[120.6974,14.7948],[120.6892,14.7934],[120.6697,14.78]]]]},"properties":{"ADM3_EN":"Masantol","name":"Masantol","ADM3_PCODE":"PH35412000","psgc_code":"35412000","ADM2_EN":"Pampanga","ADM2_PCODE":"PH3541","ADM1_EN":"Region III (Central Luzon)","ADM1_PCODE":"PH03","ADM0_EN":"Philippines (the)","ADM0_PCODE":"PH","region_key":"central_luzon","province_key":"pampanga","type":"Municipality"}},{"type":"Feature","geometry":{"type":"MultiPolygon","coordinates":[[[[120.792,15.0505],[120.7937,15.0442],[120.7886,15.044],[120.7869,15.0408],[120.7889,15.0321],[120.7825,15.0343],[120.7768,15.0407],[120.7735,15.0377],[120.7746,15.0289],[120.7729,15.0244],[120.761,15.0283],[120.7568,15.0283],[120.7536,15.0242],[120.7358,15.0414],[120.7328,15.048],[120.7013,15.075],[120.6983,15.0806],[120.6864,15.0919],[120.6807,15.0998],[120.6698,15.1043],[120.6641,15.1125],[120.655,15.1184],[120.6428,15.1317],[120.6588,15.1405],[120.6602,15.1491],[120.6588,15.1557],[120.6622,15.1656],[120.6596,15.1706],[120.6427,15.172],[120.6425,15.1767],[120.646,15.1793],[120.6566,15.1826],[120.668,15.1778],[120.6704,15.1797],[120.6747,15.1793],[120.6801,15.1837],[120.685,15.18],[120.6906,15.1798],[120.6978,15.1743],[120.6995,15.1721],[120.6993,15.1641],[120.7057,15.1604],[120.7208,15.1433],[120.7339,15.1368],[120.7328,15.1281],[120.7459,15.1148],[120.752,15.1021],[120.7617,15.0897],[120.7825,15.0674],[120.792,15.0505]]]]},"properties":{"ADM3_EN":"Mexico","name":"Mexico","ADM3_PCODE":"PH35413000","psgc_code":"35413000","ADM2_EN":"Pampanga","ADM2_PCODE":"PH3541","ADM1_EN":"Region III (Central Luzon)","ADM1_PCODE":"PH03","ADM0_EN":"Philippines (the)","ADM0_PCODE":"PH","region_key":"central_luzon","province_key":"pampanga","type":"Municipality"}},{"type":"Feature","geometry":{"type":"MultiPolygon","coordinates":[[[[120.7059,14.9127],[120.7041,14.9177],[120.6991,14.917],[120.6968,14.9124],[120.6854,14.9123],[120.6862,14.9161],[120.6796,14.923],[120.677,14.9279],[120.6781,14.9314],[120.6847,14.9332],[120.6882,14.9358],[120.6855,14.9418],[120.6884,14.9445],[120.6882,14.9529],[120.6927,14.9574],[120.6916,14.9625],[120.6885,14.9655],[120.699,14.9767],[120.7016,14.9824],[120.7068,14.9865],[120.7091,14.983],[120.7118,14.9827],[120.7183,14.9871],[120.7243,14.9811],[120.7244,14.974],[120.7312,14.9672],[120.7341,14.9665],[120.7447,14.9757],[120.7505,14.9772],[120.7564,14.9816],[120.7578,14.9923],[120.7706,14.9893],[120.7728,14.976],[120.7705,14.971],[120.7641,14.9683],[120.7594,14.964],[120.7577,14.9537],[120.7498,14.9476],[120.7429,14.9482],[120.7398,14.9404],[120.715,14.9364],[120.7141,14.9335],[120.7201,14.9318],[120.7163,14.9286],[120.7168,14.9267],[120.7239,14.9248],[120.7246,14.921],[120.7232,14.9197],[120.7132,14.9188],[120.714,14.9138],[120.7123,14.9098],[120.7059,14.9127]]]]},"properties":{"ADM3_EN":"Minalin","name":"Minalin","ADM3_PCODE":"PH35414000","psgc_code":"35414000","ADM2_EN":"Pampanga","ADM2_PCODE":"PH3541","ADM1_EN":"Region III (Central Luzon)","ADM1_PCODE":"PH03","ADM0_EN":"Philippines (the)","ADM0_PCODE":"PH","region_key":"central_luzon","province_key":"pampanga","type":"Municipality"}},{"type":"Feature","geometry":{"type":"MultiPolygon","coordinates":[[[[120.5424,15.0174],[120.5377,15.0191],[120.5295,15.0121],[120.5077,15.0257],[120.5122,15.0366],[120.4865,15.0496],[120.4586,15.0714],[120.4152,15.0578],[120.4048,15.0784],[120.366,15.1059],[120.391,15.1143],[120.4249,15.1216],[120.4544,15.1346],[120.4808,15.1354],[120.4822,15.1269],[120.4873,15.1236],[120.5058,15.1238],[120.513,15.1301],[120.5211,15.1342],[120.5187,15.1404],[120.5156,15.1414],[120.5167,15.1481],[120.5195,15.1514],[120.5514,15.1489],[120.5522,15.1454],[120.5548,15.1428],[120.5619,15.1403],[120.5639,15.1377],[120.5699,15.1374],[120.5876,15.1314],[120.5992,15.1224],[120.601,15.1184],[120.6028,15.1183],[120.6013,15.1138],[120.6141,15.1103],[120.6166,15.103],[120.6203,15.1032],[120.6223,15.1017],[120.62,15.0987],[120.6179,15.0888],[120.6017,15.0766],[120.6109,15.0527],[120.6085,15.0465],[120.6036,15.0415],[120.6011,15.0364],[120.5976,15.0363],[120.588,15.0319],[120.5792,15.0239],[120.5811,15.0165],[120.586,15.0125],[120.5876,15.0087],[120.5849,15.0082],[120.5737,15.0126],[120.5686,15.0112],[120.5657,15.0018],[120.5558,14.992],[120.5481,14.9929],[120.5415,15.0014],[120.5467,15.0151],[120.5424,15.0174]]]]},"properties":{"ADM3_EN":"Porac","name":"Porac","ADM3_PCODE":"PH35415000","psgc_code":"35415000","ADM2_EN":"Pampanga","ADM2_PCODE":"PH3541","ADM1_EN":"Region III (Central Luzon)","ADM1_PCODE":"PH03","ADM0_EN":"Philippines (the)","ADM0_PCODE":"PH","region_key":"central_luzon","province_key":"pampanga","type":"Municipality"}},{"type":"Feature","geometry":{"type":"MultiPolygon","coordinates":[[[[120.7123,15.0097],[120.7058,15.0151],[120.7007,15.0154],[120.7003,15.0185],[120.6945,15.0231],[120.692,15.0301],[120.6835,15.0368],[120.6815,15.041],[120.6782,15.0414],[120.679,15.0481],[120.6776,15.0498],[120.6609,15.0609],[120.6589,15.0662],[120.6527,15.0696],[120.6454,15.0709],[120.6335,15.0806],[120.6371,15.0982],[120.6313,15.1078],[120.624,15.1135],[120.6234,15.1167],[120.6299,15.1193],[120.6428,15.1317],[120.655,15.1184],[120.6641,15.1125],[120.6698,15.1043],[120.6807,15.0998],[120.6864,15.0919],[120.6983,15.0806],[120.7013,15.075],[120.7328,15.048],[120.7358,15.0414],[120.7536,15.0242],[120.7465,15.0091],[120.7427,15.0074],[120.7356,15.0075],[120.7337,15.0037],[120.7279,14.9996],[120.7262,14.9945],[120.7167,14.9934],[120.715,14.9964],[120.7157,15.0079],[120.7123,15.0097]]]]},"properties":{"ADM3_EN":"San Fernando City","name":"San Fernando City","ADM3_PCODE":"PH35416000","psgc_code":"35416000","ADM2_EN":"Pampanga","ADM2_PCODE":"PH3541","ADM1_EN":"Region III (Central Luzon)","ADM1_PCODE":"PH03","ADM0_EN":"Philippines (the)","ADM0_PCODE":"PH","region_key":"central_luzon","province_key":"pampanga","type":"City"}},{"type":"Feature","geometry":{"type":"MultiPolygon","coordinates":[[[[120.9,14.9993],[120.9016,14.9981],[120.9013,14.9942],[120.904,14.9891],[120.9021,14.9859],[120.897,14.9896],[120.8856,14.9884],[120.8719,14.9912],[120.8628,14.9967],[120.8599,14.9951],[120.8546,14.9864],[120.8386,14.9884],[120.8295,14.9945],[120.8276,15.0],[120.8167,15.0085],[120.8108,15.0156],[120.787,15.0227],[120.7729,15.0244],[120.7746,15.0289],[120.7735,15.0377],[120.7768,15.0407],[120.7825,15.0343],[120.7889,15.0321],[120.7867,15.0375],[120.7872,15.0417],[120.7886,15.044],[120.7937,15.0442],[120.7888,15.0567],[120.7978,15.0588],[120.8021,15.066],[120.8076,15.0679],[120.8147,15.0793],[120.8178,15.0794],[120.8283,15.0648],[120.8388,15.0552],[120.8429,15.047],[120.8466,15.0461],[120.8535,15.0475],[120.8548,15.034],[120.8504,15.025],[120.8502,15.0215],[120.8537,15.0195],[120.856,15.0158],[120.8572,15.006],[120.8611,15.0068],[120.8645,15.0039],[120.8722,15.003],[120.8781,15.0049],[120.8807,15.0035],[120.8863,15.0098],[120.8907,15.011],[120.8926,15.0086],[120.8917,15.0035],[120.8978,15.0036],[120.9,14.9993]]]]},"properties":{"ADM3_EN":"San Luis","name":"San Luis","ADM3_PCODE":"PH35417000","psgc_code":"35417000","ADM2_EN":"Pampanga","ADM2_PCODE":"PH3541","ADM1_EN":"Region III (Central Luzon)","ADM1_PCODE":"PH03","ADM0_EN":"Philippines (the)","ADM0_PCODE":"PH","region_key":"central_luzon","province_key":"pampanga","type":"Municipality"}},{"type":"Feature","geometry":{"type":"MultiPolygon","coordinates":[[[[120.8036,14.9698],[120.7911,14.9735],[120.7823,14.9719],[120.7728,14.976],[120.7706,14.9893],[120.7578,14.9923],[120.7592,15.0012],[120.7536,15.0242],[120.7545,15.0265],[120.7568,15.0283],[120.761,15.0283],[120.7714,15.0244],[120.787,15.0227],[120.8093,15.0163],[120.8276,15.0],[120.8295,14.9945],[120.8402,14.988],[120.8487,14.9881],[120.8546,14.9864],[120.8599,14.9951],[120.8628,14.9967],[120.8689,14.9923],[120.8784,14.9896],[120.8856,14.9884],[120.897,14.9896],[120.9031,14.9838],[120.8999,14.9767],[120.893,14.9756],[120.8877,14.9779],[120.8751,14.9781],[120.8552,14.9713],[120.8491,14.972],[120.8444,14.9706],[120.8409,14.972],[120.8184,14.9679],[120.8072,14.9709],[120.8036,14.9698]]]]},"properties":{"ADM3_EN":"San Simon","name":"San Simon","ADM3_PCODE":"PH35418000","psgc_code":"35418000","ADM2_EN":"Pampanga","ADM2_PCODE":"PH3541","ADM1_EN":"Region III (Central Luzon)","ADM1_PCODE":"PH03","ADM0_EN":"Philippines (the)","ADM0_PCODE":"PH","region_key":"central_luzon","province_key":"pampanga","type":"Municipality"}},{"type":"Feature","geometry":{"type":"MultiPolygon","coordinates":[[[[120.831,15.0769],[120.8278,15.0671],[120.8178,15.0794],[120.8147,15.0793],[120.8076,15.0679],[120.8021,15.066],[120.7978,15.0588],[120.7888,15.0567],[120.7825,15.0674],[120.7536,15.0996],[120.7459,15.1148],[120.7328,15.1281],[120.7339,15.1368],[120.7409,15.1344],[120.7521,15.1276],[120.765,15.1233],[120.7775,15.115],[120.7863,15.1199],[120.8009,15.1201],[120.8161,15.13],[120.82,15.1341],[120.821,15.1378],[120.8253,15.1342],[120.8272,15.1304],[120.8379,15.1019],[120.831,15.0769]]]]},"properties":{"ADM3_EN":"Santa Ana","name":"Santa Ana","ADM3_PCODE":"PH35419000","psgc_code":"35419000","ADM2_EN":"Pampanga","ADM2_PCODE":"PH3541","ADM1_EN":"Region III (Central Luzon)","ADM1_PCODE":"PH03","ADM0_EN":"Philippines (the)","ADM0_PCODE":"PH","region_key":"central_luzon","province_key":"pampanga","type":"Municipality"}},{"type":"Feature","geometry":{"type":"MultiPolygon","coordinates":[[[[120.6293,14.9795],[120.6263,14.9793],[120.618,14.9843],[120.6111,14.9852],[120.6116,14.9888],[120.5993,14.9948],[120.5964,14.9996],[120.5897,15.0049],[120.586,15.0125],[120.5811,15.0165],[120.5792,15.0239],[120.5809,15.0259],[120.588,15.0319],[120.5976,15.0363],[120.6102,15.0354],[120.6159,15.0313],[120.6252,15.032],[120.6296,15.0234],[120.6323,15.0217],[120.6355,15.0224],[120.6397,15.0169],[120.6522,15.0107],[120.653,15.008],[120.6511,15.0049],[120.639,14.9964],[120.6374,14.9907],[120.6293,14.9795]]]]},"properties":{"ADM3_EN":"Santa Rita","name":"Santa Rita","ADM3_PCODE":"PH35420000","psgc_code":"35420000","ADM2_EN":"Pampanga","ADM2_PCODE":"PH3542","ADM1_EN":"Region III (Central Luzon)","ADM1_PCODE":"PH03","ADM0_EN":"Philippines (the)","ADM0_PCODE":"PH","region_key":"central_luzon","province_key":"pampanga","type":"Municipality"}},{"type":"Feature","geometry":{"type":"MultiPolygon","coordinates":[[[[120.7238,14.9879],[120.7282,14.9907],[120.7262,14.9945],[120.7293,15.0015],[120.7337,15.0037],[120.7356,15.0075],[120.7427,15.0074],[120.7465,15.0091],[120.7536,15.0242],[120.7592,15.0012],[120.7564,14.9816],[120.7505,14.9772],[120.7447,14.9757],[120.7332,14.9666],[120.7244,14.974],[120.7243,14.9811],[120.7183,14.9871],[120.7238,14.9879]]]]},"properties":{"ADM3_EN":"Santo Tomas","name":"Santo Tomas","ADM3_PCODE":"PH35421000","psgc_code":"35421000","ADM2_EN":"Pampanga","ADM2_PCODE":"PH3542","ADM1_EN":"Region III (Central Luzon)","ADM1_PCODE":"PH03","ADM0_EN":"Philippines (the)","ADM0_PCODE":"PH","region_key":"central_luzon","province_key":"pampanga","type":"Municipality"}},{"type":"Feature","geometry":{"type":"MultiPolygon","coordinates":[[[[120.6221,14.8001],[120.6245,14.8038],[120.6242,14.7922],[120.6214,14.7947],[120.6208,14.7989],[120.6221,14.8001]]],[[[120.6262,14.8076],[120.6264,14.8123],[120.6229,14.8182],[120.6271,14.8236],[120.6258,14.8262],[120.6286,14.84],[120.6271,14.8451],[120.6312,14.8479],[120.6268,14.8521],[120.635,14.8653],[120.6308,14.8617],[120.6261,14.853],[120.6187,14.865],[120.6176,14.8739],[120.6194,14.8817],[120.6195,14.9017],[120.6253,14.9128],[120.627,14.9242],[120.6261,14.9278],[120.6311,14.9367],[120.6309,14.9426],[120.6328,14.9464],[120.6431,14.941],[120.6457,14.9378],[120.6583,14.9351],[120.6645,14.9317],[120.6691,14.9265],[120.6717,14.9184],[120.6748,14.9158],[120.6743,14.9089],[120.6774,14.9079],[120.6755,14.8995],[120.6724,14.8955],[120.667,14.8953],[120.6602,14.8913],[120.6491,14.8922],[120.6533,14.8845],[120.653,14.8795],[120.6489,14.8752],[120.6492,14.865],[120.6557,14.8617],[120.6592,14.857],[120.6594,14.8529],[120.6573,14.8479],[120.6442,14.8341],[120.6471,14.8131],[120.6414,14.8026],[120.6352,14.7967],[120.6331,14.7967],[120.6254,14.8051],[120.6262,14.8076]]],[[[120.6198,14.8294],[120.6175,14.8318],[120.6188,14.8378],[120.6212,14.8416],[120.6256,14.8441],[120.6267,14.8392],[120.6247,14.8272],[120.6198,14.8294]]]]},"properties":{"ADM3_EN":"Sasmuan","name":"Sasmuan","ADM3_PCODE":"PH35422000","psgc_code":"35422000","ADM2_EN":"Pampanga","ADM2_PCODE":"PH3542","ADM1_EN":"Region III (Central Luzon)","ADM1_PCODE":"PH03","ADM0_EN":"Philippines (the)","ADM0_PCODE":"PH","region_key":"central_luzon","province_key":"pampanga","type":"Municipality"}},{"type":"Feature","geometry":{"type":"MultiPolygon","coordinates":[[[[120.6387,15.708],[120.6406,15.7016],[120.6246,15.7075],[120.6165,15.705],[120.613,15.7076],[120.6083,15.7187],[120.6016,15.715],[120.6,15.7162],[120.5962,15.7242],[120.5959,15.7339],[120.6016,15.7489],[120.6014,15.7577],[120.5951,15.7608],[120.5959,15.7683],[120.5938,15.7762],[120.5944,15.7819],[120.597,15.7868],[120.6215,15.7776],[120.6305,15.7298],[120.6373,15.7208],[120.6387,15.708]]]]},"properties":{"ADM3_EN":"Anao","name":"Anao","ADM3_PCODE":"PH36901000","psgc_code":"36901000","ADM2_EN":"Tarlac","ADM2_PCODE":"PH3690","ADM1_EN":"Region III (Central Luzon)","ADM1_PCODE":"PH03","ADM0_EN":"Philippines (the)","ADM0_PCODE":"PH","region_key":"central_luzon","province_key":"tarlac","type":"Municipality"}},{"type":"Feature","geometry":{"type":"MultiPolygon","coordinates":[[[[120.5449,15.2512],[120.5302,15.245],[120.521,15.2374],[120.4938,15.2221],[120.4362,15.1987],[120.4237,15.1853],[120.4052,15.1785],[120.3941,15.1679],[120.3888,15.165],[120.38,15.1631],[120.3765,15.163],[120.3708,15.1678],[120.3469,15.2108],[120.3375,15.2323],[120.3602,15.2408],[120.4219,15.2514],[120.5028,15.2814],[120.5423,15.2935],[120.561,15.2973],[120.5729,15.3053],[120.5803,15.3153],[120.5794,15.3177],[120.5812,15.3236],[120.5945,15.3256],[120.6057,15.3257],[120.6109,15.3238],[120.6091,15.3186],[120.6114,15.3166],[120.6114,15.3111],[120.6081,15.3061],[120.6109,15.3],[120.6085,15.2952],[120.6142,15.2919],[120.613,15.2775],[120.6176,15.2685],[120.6189,15.2632],[120.6178,15.2617],[120.6103,15.2592],[120.6001,15.2651],[120.5887,15.2595],[120.5778,15.2582],[120.5736,15.2596],[120.5624,15.2548],[120.5449,15.2512]]]]},"properties":{"ADM3_EN":"Bamban","name":"Bamban","ADM3_PCODE":"PH36902000","psgc_code":"36902000","ADM2_EN":"Tarlac","ADM2_PCODE":"PH3690","ADM1_EN":"Region III (Central Luzon)","ADM1_PCODE":"PH03","ADM0_EN":"Philippines (the)","ADM0_PCODE":"PH","region_key":"central_luzon","province_key":"tarlac","type":"Municipality"}},{"type":"Feature","geometry":{"type":"MultiPolygon","coordinates":[[[[120.3596,15.6311],[120.354,15.6294],[120.35,15.6307],[120.3421,15.6235],[120.3381,15.6308],[120.3443,15.6407],[120.3457,15.6563],[120.3554,15.6626],[120.3564,15.6649],[120.3549,15.6788],[120.3605,15.6781],[120.3668,15.681],[120.366,15.6855],[120.3729,15.6867],[120.3744,15.6912],[120.3786,15.6951],[120.3794,15.7054],[120.3822,15.7133],[120.3863,15.7133],[120.3881,15.715],[120.3911,15.7288],[120.3904,15.7355],[120.3991,15.7536],[120.4119,15.7622],[120.453,15.7481],[120.4821,15.7284],[120.4885,15.7274],[120.4881,15.7229],[120.4922,15.7214],[120.4888,15.7187],[120.4881,15.7145],[120.4815,15.7091],[120.4841,15.7052],[120.4807,15.6983],[120.4758,15.695],[120.4739,15.6916],[120.4734,15.6839],[120.4696,15.6804],[120.47,15.6656],[120.4689,15.6647],[120.4583,15.6632],[120.4498,15.6644],[120.4471,15.6615],[120.4488,15.6593],[120.448,15.6578],[120.4462,15.6568],[120.4419,15.6582],[120.4383,15.6551],[120.4359,15.6552],[120.4346,15.6441],[120.4304,15.6434],[120.4282,15.6406],[120.4256,15.6418],[120.4208,15.6375],[120.4108,15.6384],[120.4058,15.6363],[120.3991,15.6307],[120.3945,15.6316],[120.3929,15.6339],[120.3961,15.64],[120.3938,15.6427],[120.3968,15.647],[120.397,15.6508],[120.3903,15.6535],[120.3866,15.653],[120.379,15.6435],[120.3714,15.6422],[120.3682,15.6371],[120.3596,15.6311]]]]},"properties":{"ADM3_EN":"Camiling","name":"Camiling","ADM3_PCODE":"PH36903000","psgc_code":"36903000","ADM2_EN":"Tarlac","ADM2_PCODE":"PH3690","ADM1_EN":"Region III (Central Luzon)","ADM1_PCODE":"PH03","ADM0_EN":"Philippines (the)","ADM0_PCODE":"PH","region_key":"central_luzon","province_key":"tarlac","type":"Municipality"}},{"type":"Feature","geometry":{"type":"MultiPolygon","coordinates":[[[[120.4077,15.2487],[120.3602,15.2408],[120.3375,15.2323],[120.2854,15.2893],[120.2447,15.3132],[120.3184,15.3488],[120.3213,15.3459],[120.3401,15.3568],[120.3505,15.36],[120.4073,15.392],[120.4568,15.4168],[120.4656,15.4229],[120.5011,15.4134],[120.5262,15.405],[120.5333,15.4085],[120.5438,15.4039],[120.5492,15.4096],[120.5604,15.4108],[120.575,15.4072],[120.5839,15.4106],[120.6027,15.4092],[120.5978,15.3745],[120.6056,15.3709],[120.608,15.366],[120.6071,15.3624],[120.6089,15.3536],[120.6084,15.3514],[120.6049,15.3501],[120.6041,15.3468],[120.606,15.3399],[120.6102,15.3383],[120.6153,15.3323],[120.6147,15.3287],[120.6109,15.3238],[120.6057,15.3257],[120.5825,15.3241],[120.5798,15.3195],[120.5803,15.3153],[120.574,15.3068],[120.5627,15.2979],[120.5143,15.2851],[120.443,15.2602],[120.4219,15.2514],[120.4077,15.2487]]]]},"properties":{"ADM3_EN":"Capas","name":"Capas","ADM3_PCODE":"PH36904000","psgc_code":"36904000","ADM2_EN":"Tarlac","ADM2_PCODE":"PH3690","ADM1_EN":"Region III (Central Luzon)","ADM1_PCODE":"PH03","ADM0_EN":"Philippines (the)","ADM0_PCODE":"PH","region_key":"central_luzon","province_key":"tarlac","type":"Municipality"}},{"type":"Feature","geometry":{"type":"MultiPolygon","coordinates":[[[[120.6211,15.2625],[120.6189,15.2632],[120.6166,15.2713],[120.6133,15.2759],[120.6142,15.2919],[120.6085,15.2952],[120.6109,15.3],[120.6081,15.3061],[120.6118,15.3137],[120.6114,15.3166],[120.6091,15.3186],[120.6153,15.3323],[120.6102,15.3383],[120.606,15.3399],[120.6041,15.3468],[120.6049,15.3501],[120.6084,15.3514],[120.6089,15.3536],[120.6071,15.3624],[120.608,15.366],[120.6056,15.3709],[120.5978,15.3745],[120.6027,15.4092],[120.6291,15.4111],[120.6557,15.4187],[120.6871,15.4035],[120.6943,15.3885],[120.6987,15.388],[120.7005,15.3852],[120.707,15.3816],[120.7137,15.3836],[120.7221,15.3736],[120.7293,15.3711],[120.7322,15.3684],[120.7389,15.3673],[120.7379,15.3599],[120.7397,15.3578],[120.7368,15.3531],[120.7392,15.3503],[120.7398,15.3354],[120.7438,15.3314],[120.7449,15.3258],[120.7574,15.3226],[120.7632,15.3227],[120.7687,15.3155],[120.7758,15.312],[120.782,15.3066],[120.7819,15.305],[120.7799,15.3052],[120.7818,15.3015],[120.7783,15.2949],[120.7811,15.2956],[120.7829,15.2879],[120.7766,15.2772],[120.7753,15.2738],[120.7767,15.2717],[120.7743,15.2719],[120.7746,15.2692],[120.772,15.272],[120.7719,15.2676],[120.7439,15.2635],[120.7437,15.2728],[120.7412,15.2801],[120.7344,15.2747],[120.7355,15.2692],[120.7275,15.2704],[120.7233,15.2684],[120.7137,15.2716],[120.7109,15.2688],[120.7053,15.267],[120.7058,15.2611],[120.6988,15.2574],[120.6918,15.2606],[120.6872,15.2608],[120.6825,15.2637],[120.6774,15.2629],[120.6746,15.2667],[120.6578,15.2714],[120.64,15.2593],[120.6343,15.2614],[120.6271,15.259],[120.6211,15.2625]]]]},"properties":{"ADM3_EN":"Concepcion","name":"Concepcion","ADM3_PCODE":"PH36905000","psgc_code":"36905000","ADM2_EN":"Tarlac","ADM2_PCODE":"PH3690","ADM1_EN":"Region III (Central Luzon)","ADM1_PCODE":"PH03","ADM0_EN":"Philippines (the)","ADM0_PCODE":"PH","region_key":"central_luzon","province_key":"tarlac","type":"Municipality"}},{"type":"Feature","geometry":{"type":"MultiPolygon","coordinates":[[[[120.5411,15.5612],[120.5375,15.5549],[120.5345,15.5539],[120.5326,15.5495],[120.5285,15.5478],[120.5252,15.5434],[120.5223,15.5452],[120.5152,15.5644],[120.4967,15.5796],[120.4948,15.6084],[120.4899,15.625],[120.4914,15.6273],[120.4904,15.6348],[120.5188,15.6389],[120.5251,15.637],[120.5324,15.6375],[120.5441,15.6317],[120.5444,15.6333],[120.5522,15.6349],[120.5614,15.6328],[120.5759,15.6403],[120.5944,15.6445],[120.611,15.6529],[120.6205,15.653],[120.6279,15.6554],[120.628,15.6148],[120.6295,15.6139],[120.6284,15.6102],[120.6303,15.5969],[120.6273,15.588],[120.6291,15.5795],[120.6331,15.5743],[120.6229,15.5554],[120.618,15.5544],[120.6089,15.5569],[120.6014,15.5547],[120.5932,15.5576],[120.5805,15.5587],[120.5793,15.5608],[120.5737,15.5609],[120.5669,15.5693],[120.5627,15.5668],[120.559,15.5695],[120.5537,15.5666],[120.5502,15.5688],[120.548,15.5685],[120.5452,15.5674],[120.5411,15.5612]]]]},"properties":{"ADM3_EN":"Gerona","name":"Gerona","ADM3_PCODE":"PH36906000","psgc_code":"36906000","ADM2_EN":"Tarlac","ADM2_PCODE":"PH3690","ADM1_EN":"Region III (Central Luzon)","ADM1_PCODE":"PH03","ADM0_EN":"Philippines (the)","ADM0_PCODE":"PH","region_key":"central_luzon","province_key":"tarlac","type":"Municipality"}},{"type":"Feature","geometry":{"type":"MultiPolygon","coordinates":[[[[120.7426,15.3818],[120.746,15.3755],[120.7468,15.3702],[120.7426,15.3643],[120.7428,15.3582],[120.7397,15.3578],[120.7379,15.3599],[120.7389,15.3673],[120.7322,15.3684],[120.7293,15.3711],[120.7221,15.3736],[120.7137,15.3836],[120.707,15.3816],[120.7005,15.3852],[120.6987,15.388],[120.6943,15.3885],[120.6871,15.4035],[120.6557,15.4187],[120.6663,15.4502],[120.6744,15.4636],[120.6806,15.469],[120.686,15.4647],[120.6894,15.4698],[120.699,15.472],[120.7029,15.4764],[120.7033,15.4791],[120.7016,15.4819],[120.7028,15.4892],[120.6972,15.4918],[120.7004,15.4952],[120.6997,15.4978],[120.6971,15.5001],[120.6918,15.5013],[120.6812,15.5087],[120.6816,15.5204],[120.6892,15.5223],[120.6914,15.5262],[120.6943,15.5275],[120.7045,15.5256],[120.7266,15.5346],[120.7336,15.5348],[120.7329,15.5328],[120.7348,15.5301],[120.7319,15.5241],[120.7372,15.5193],[120.7359,15.5158],[120.7425,15.5079],[120.7439,15.5035],[120.7429,15.5005],[120.7467,15.4957],[120.7462,15.4906],[120.7489,15.4772],[120.7446,15.4691],[120.7454,15.466],[120.743,15.4578],[120.7458,15.4546],[120.7472,15.4484],[120.7504,15.4467],[120.7518,15.4428],[120.7559,15.4411],[120.7621,15.434],[120.76,15.4285],[120.7649,15.4172],[120.7638,15.4147],[120.7603,15.4127],[120.7575,15.4148],[120.7552,15.4141],[120.7569,15.407],[120.7547,15.4028],[120.7549,15.3995],[120.7504,15.4016],[120.7489,15.3911],[120.7426,15.3818]]]]},"properties":{"ADM3_EN":"La Paz","name":"La Paz","ADM3_PCODE":"PH36907000","psgc_code":"36907000","ADM2_EN":"Tarlac","ADM2_PCODE":"PH3690","ADM1_EN":"Region III (Central Luzon)","ADM1_PCODE":"PH03","ADM0_EN":"Philippines (the)","ADM0_PCODE":"PH","region_key":"central_luzon","province_key":"tarlac","type":"Municipality"}},{"type":"Feature","geometry":{"type":"MultiPolygon","coordinates":[[[[120.2465,15.4989],[120.1958,15.489],[120.1802,15.488],[120.1902,15.5171],[120.2153,15.5654],[120.2222,15.5759],[120.2635,15.5993],[120.2689,15.5933],[120.2792,15.5929],[120.301,15.6062],[120.3133,15.611],[120.3186,15.6231],[120.3338,15.6253],[120.3433,15.6236],[120.35,15.6307],[120.354,15.6294],[120.3588,15.6304],[120.3682,15.6371],[120.3714,15.6422],[120.379,15.6435],[120.3866,15.653],[120.3903,15.6535],[120.397,15.6508],[120.3968,15.647],[120.3938,15.6427],[120.3961,15.64],[120.3929,15.6339],[120.3945,15.6316],[120.3991,15.6307],[120.4009,15.625],[120.4073,15.5857],[120.3971,15.5515],[120.3852,15.4983],[120.3683,15.5097],[120.3434,15.5213],[120.2465,15.4989]]]]},"properties":{"ADM3_EN":"Mayantoc","name":"Mayantoc","ADM3_PCODE":"PH36908000","psgc_code":"36908000","ADM2_EN":"Tarlac","ADM2_PCODE":"PH3690","ADM1_EN":"Region III (Central Luzon)","ADM1_PCODE":"PH03","ADM0_EN":"Philippines (the)","ADM0_PCODE":"PH","region_key":"central_luzon","province_key":"tarlac","type":"Municipality"}},{"type":"Feature","geometry":{"type":"MultiPolygon","coordinates":[[[[120.5423,15.7009],[120.533,15.6996],[120.5306,15.695],[120.5279,15.6936],[120.5197,15.6986],[120.5152,15.6993],[120.5137,15.7021],[120.5065,15.6997],[120.5055,15.7038],[120.494,15.7146],[120.494,15.7205],[120.4881,15.7229],[120.4885,15.7274],[120.4811,15.7298],[120.55,15.773],[120.5525,15.7814],[120.5693,15.8176],[120.5731,15.8339],[120.5836,15.7996],[120.589,15.7919],[120.597,15.7868],[120.5939,15.7792],[120.5959,15.7683],[120.5951,15.7608],[120.601,15.7586],[120.6016,15.7489],[120.5959,15.7339],[120.596,15.7255],[120.6009,15.7141],[120.5986,15.7102],[120.592,15.7106],[120.5869,15.7067],[120.5824,15.7066],[120.5802,15.7088],[120.5669,15.7121],[120.567,15.7085],[120.5628,15.7095],[120.5628,15.7067],[120.5606,15.704],[120.5565,15.7045],[120.5472,15.7001],[120.5423,15.7009]]]]},"properties":{"ADM3_EN":"Moncada","name":"Moncada","ADM3_PCODE":"PH36909000","psgc_code":"36909000","ADM2_EN":"Tarlac","ADM2_PCODE":"PH3690","ADM1_EN":"Region III (Central Luzon)","ADM1_PCODE":"PH03","ADM0_EN":"Philippines (the)","ADM0_PCODE":"PH","region_key":"central_luzon","province_key":"tarlac","type":"Municipality"}},{"type":"Feature","geometry":{"type":"MultiPolygon","coordinates":[[[[120.4904,15.6348],[120.4909,15.6258],[120.4848,15.626],[120.4821,15.6294],[120.4817,15.6384],[120.4777,15.6503],[120.4757,15.6529],[120.4722,15.6536],[120.469,15.6715],[120.4696,15.6804],[120.4734,15.6839],[120.4739,15.6916],[120.4813,15.6992],[120.4819,15.7028],[120.4841,15.7052],[120.4815,15.7091],[120.4891,15.7157],[120.49,15.7199],[120.4922,15.7214],[120.494,15.7205],[120.494,15.7146],[120.5055,15.7038],[120.5065,15.6997],[120.5137,15.7021],[120.5152,15.6993],[120.5197,15.6986],[120.5279,15.6936],[120.5306,15.695],[120.533,15.6996],[120.5393,15.7013],[120.5472,15.7001],[120.5565,15.7045],[120.5606,15.704],[120.5628,15.7067],[120.5628,15.7095],[120.567,15.7085],[120.5669,15.7121],[120.5802,15.7088],[120.5824,15.7066],[120.5869,15.7067],[120.592,15.7106],[120.5986,15.7102],[120.601,15.715],[120.6083,15.7187],[120.6142,15.7056],[120.6078,15.6991],[120.6082,15.6923],[120.6166,15.6923],[120.6179,15.6895],[120.6008,15.6711],[120.6001,15.665],[120.6046,15.6633],[120.6059,15.659],[120.6104,15.6566],[120.6103,15.6521],[120.6052,15.6508],[120.5944,15.6445],[120.5759,15.6403],[120.5614,15.6328],[120.5522,15.6349],[120.5444,15.6333],[120.5441,15.6317],[120.5324,15.6375],[120.5251,15.637],[120.5188,15.6389],[120.4904,15.6348]]]]},"properties":{"ADM3_EN":"Paniqui","name":"Paniqui","ADM3_PCODE":"PH36910000","psgc_code":"36910000","ADM2_EN":"Tarlac","ADM2_PCODE":"PH3691","ADM1_EN":"Region III (Central Luzon)","ADM1_PCODE":"PH03","ADM0_EN":"Philippines (the)","ADM0_PCODE":"PH","region_key":"central_luzon","province_key":"tarlac","type":"Municipality"}},{"type":"Feature","geometry":{"type":"MultiPolygon","coordinates":[[[[120.6291,15.5795],[120.6273,15.5887],[120.6303,15.5969],[120.6284,15.6102],[120.6295,15.6139],[120.628,15.6148],[120.6279,15.6554],[120.6481,15.6672],[120.6517,15.6677],[120.6604,15.6547],[120.6811,15.6358],[120.6716,15.6271],[120.6536,15.6235],[120.6474,15.6137],[120.6466,15.5886],[120.6351,15.5751],[120.6331,15.5743],[120.6291,15.5795]]]]},"properties":{"ADM3_EN":"Pura","name":"Pura","ADM3_PCODE":"PH36911000","psgc_code":"36911000","ADM2_EN":"Tarlac","ADM2_PCODE":"PH3691","ADM1_EN":"Region III (Central Luzon)","ADM1_PCODE":"PH03","ADM0_EN":"Philippines (the)","ADM0_PCODE":"PH","region_key":"central_luzon","province_key":"tarlac","type":"Municipality"}},{"type":"Feature","geometry":{"type":"MultiPolygon","coordinates":[[[[120.6121,15.6531],[120.611,15.6529],[120.6104,15.6566],[120.6059,15.659],[120.6046,15.6633],[120.6001,15.665],[120.6008,15.6711],[120.6179,15.6895],[120.6166,15.6923],[120.6082,15.6923],[120.6078,15.6991],[120.6142,15.7056],[120.6176,15.7048],[120.6236,15.7075],[120.6406,15.7016],[120.648,15.6832],[120.6527,15.6813],[120.6537,15.6783],[120.6518,15.6761],[120.6517,15.6677],[120.6481,15.6672],[120.6279,15.6554],[120.6205,15.653],[120.6121,15.6531]]]]},"properties":{"ADM3_EN":"Ramos","name":"Ramos","ADM3_PCODE":"PH36912000","psgc_code":"36912000","ADM2_EN":"Tarlac","ADM2_PCODE":"PH3691","ADM1_EN":"Region III (Central Luzon)","ADM1_PCODE":"PH03","ADM0_EN":"Philippines (the)","ADM0_PCODE":"PH","region_key":"central_luzon","province_key":"tarlac","type":"Municipality"}},{"type":"Feature","geometry":{"type":"MultiPolygon","coordinates":[[[[120.3388,15.6827],[120.3518,15.6976],[120.3515,15.7022],[120.3533,15.7051],[120.3612,15.7102],[120.3572,15.7191],[120.3592,15.7249],[120.3586,15.7299],[120.3639,15.7322],[120.376,15.7506],[120.3844,15.7597],[120.3884,15.7611],[120.3926,15.7655],[120.3997,15.7661],[120.4119,15.7622],[120.3991,15.7536],[120.3919,15.7402],[120.3881,15.715],[120.3863,15.7133],[120.3822,15.7133],[120.3792,15.7043],[120.3786,15.6951],[120.3744,15.6912],[120.3744,15.6886],[120.3729,15.6867],[120.366,15.6855],[120.3668,15.681],[120.3605,15.6781],[120.3549,15.6788],[120.3564,15.6649],[120.3554,15.6626],[120.3457,15.6563],[120.3443,15.6407],[120.3381,15.6308],[120.3421,15.6235],[120.3338,15.6253],[120.3186,15.6231],[120.3133,15.611],[120.301,15.6062],[120.2792,15.5929],[120.2689,15.5933],[120.2635,15.5993],[120.2539,15.6185],[120.2769,15.6324],[120.2943,15.6387],[120.3073,15.6473],[120.3239,15.65],[120.3167,15.6681],[120.3231,15.6714],[120.3252,15.6769],[120.3388,15.6827]]]]},"properties":{"ADM3_EN":"San Clemente","name":"San Clemente","ADM3_PCODE":"PH36913000","psgc_code":"36913000","ADM2_EN":"Tarlac","ADM2_PCODE":"PH3691","ADM1_EN":"Region III (Central Luzon)","ADM1_PCODE":"PH03","ADM0_EN":"Philippines (the)","ADM0_PCODE":"PH","region_key":"central_luzon","province_key":"tarlac","type":"Municipality"}},{"type":"Feature","geometry":{"type":"MultiPolygon","coordinates":[[[[120.3401,15.3568],[120.3213,15.3459],[120.3184,15.3488],[120.2447,15.3132],[120.1632,15.3605],[120.167,15.3759],[120.1727,15.4212],[120.1709,15.4386],[120.1802,15.488],[120.1958,15.489],[120.2465,15.4989],[120.3434,15.5213],[120.3683,15.5097],[120.3852,15.4983],[120.4002,15.5038],[120.4186,15.5145],[120.4237,15.5147],[120.4431,15.5241],[120.4733,15.5409],[120.4842,15.5435],[120.4899,15.5425],[120.5033,15.5442],[120.5252,15.531],[120.5339,15.5156],[120.5383,15.4968],[120.537,15.4784],[120.5461,15.4452],[120.5422,15.4408],[120.5358,15.4402],[120.5332,15.4368],[120.5262,15.405],[120.5011,15.4134],[120.4656,15.4229],[120.4568,15.4168],[120.4073,15.392],[120.3505,15.36],[120.3401,15.3568]]]]},"properties":{"ADM3_EN":"San Jose","name":"San Jose","ADM3_PCODE":"PH36918000","psgc_code":"36918000","ADM2_EN":"Tarlac","ADM2_PCODE":"PH3691","ADM1_EN":"Region III (Central Luzon)","ADM1_PCODE":"PH03","ADM0_EN":"Philippines (the)","ADM0_PCODE":"PH","region_key":"central_luzon","province_key":"tarlac","type":"Municipality"}},{"type":"Feature","geometry":{"type":"MultiPolygon","coordinates":[[[[120.6211,15.7845],[120.6215,15.7776],[120.6087,15.7815],[120.589,15.7919],[120.5836,15.7996],[120.5731,15.8339],[120.588,15.8891],[120.6062,15.8664],[120.6149,15.846],[120.6128,15.8321],[120.6211,15.7845]]]]},"properties":{"ADM3_EN":"San Manuel","name":"San Manuel","ADM3_PCODE":"PH36914000","psgc_code":"36914000","ADM2_EN":"Tarlac","ADM2_PCODE":"PH3691","ADM1_EN":"Region III (Central Luzon)","ADM1_PCODE":"PH03","ADM0_EN":"Philippines (the)","ADM0_PCODE":"PH","region_key":"central_luzon","province_key":"tarlac","type":"Municipality"}},{"type":"Feature","geometry":{"type":"MultiPolygon","coordinates":[[[[120.3971,15.5515],[120.4073,15.5857],[120.3991,15.6307],[120.4058,15.6363],[120.4108,15.6384],[120.4208,15.6375],[120.4256,15.6418],[120.4282,15.6406],[120.4304,15.6434],[120.4346,15.6441],[120.4359,15.6552],[120.4383,15.6551],[120.4419,15.6582],[120.4462,15.6568],[120.448,15.6578],[120.4488,15.6593],[120.4471,15.6615],[120.4498,15.6644],[120.4583,15.6632],[120.47,15.6656],[120.4722,15.6536],[120.4757,15.6529],[120.4788,15.6474],[120.4817,15.6384],[120.4821,15.6294],[120.4848,15.626],[120.4884,15.6264],[120.4899,15.625],[120.4939,15.6132],[120.4967,15.5796],[120.5152,15.5644],[120.5227,15.5463],[120.5106,15.5438],[120.5006,15.5442],[120.4899,15.5425],[120.4842,15.5435],[120.4733,15.5409],[120.4431,15.5241],[120.4237,15.5147],[120.4186,15.5145],[120.4002,15.5038],[120.3852,15.4983],[120.3971,15.5515]]]]},"properties":{"ADM3_EN":"Santa Ignacia","name":"Santa Ignacia","ADM3_PCODE":"PH36915000","psgc_code":"36915000","ADM2_EN":"Tarlac","ADM2_PCODE":"PH3691","ADM1_EN":"Region III (Central Luzon)","ADM1_PCODE":"PH03","ADM0_EN":"Philippines (the)","ADM0_PCODE":"PH","region_key":"central_luzon","province_key":"tarlac","type":"Municipality"}},{"type":"Feature","geometry":{"type":"MultiPolygon","coordinates":[[[[120.6041,15.5553],[120.6089,15.5569],[120.618,15.5544],[120.6229,15.5554],[120.6268,15.5507],[120.6289,15.5427],[120.6344,15.54],[120.6422,15.539],[120.649,15.5307],[120.6566,15.5326],[120.6606,15.5377],[120.6659,15.5321],[120.6675,15.5262],[120.6707,15.5252],[120.672,15.5215],[120.6816,15.5204],[120.6812,15.5087],[120.6918,15.5013],[120.6987,15.4993],[120.7004,15.4952],[120.6972,15.4918],[120.7028,15.4892],[120.7016,15.4819],[120.7033,15.4791],[120.7025,15.4752],[120.699,15.472],[120.6894,15.4698],[120.686,15.4647],[120.6806,15.469],[120.6744,15.4636],[120.6673,15.4523],[120.6557,15.4187],[120.6534,15.4176],[120.6291,15.4111],[120.6087,15.4089],[120.5839,15.4106],[120.575,15.4072],[120.5604,15.4108],[120.5492,15.4096],[120.5438,15.4039],[120.5333,15.4085],[120.5262,15.405],[120.5332,15.4368],[120.5358,15.4402],[120.5422,15.4408],[120.5461,15.4452],[120.537,15.4784],[120.5383,15.4968],[120.5339,15.5156],[120.5252,15.531],[120.5033,15.5442],[120.5106,15.5438],[120.5227,15.5463],[120.5252,15.5434],[120.5285,15.5478],[120.5326,15.5495],[120.5345,15.5539],[120.5375,15.5549],[120.5452,15.5674],[120.5493,15.5689],[120.5537,15.5666],[120.559,15.5695],[120.5627,15.5668],[120.5669,15.5693],[120.5737,15.5609],[120.5779,15.5611],[120.5805,15.5587],[120.5932,15.5576],[120.6005,15.5548],[120.6041,15.5553]]]]},"properties":{"ADM3_EN":"Tarlac City","name":"Tarlac City","ADM3_PCODE":"PH36916000","psgc_code":"36916000","ADM2_EN":"Tarlac","ADM2_PCODE":"PH3691","ADM1_EN":"Region III (Central Luzon)","ADM1_PCODE":"PH03","ADM0_EN":"Philippines (the)","ADM0_PCODE":"PH","region_key":"central_luzon","province_key":"tarlac","type":"City"}},{"type":"Feature","geometry":{"type":"MultiPolygon","coordinates":[[[[120.6977,15.6192],[120.7038,15.6187],[120.7057,15.617],[120.7079,15.6187],[120.7147,15.6178],[120.7201,15.6206],[120.7541,15.6044],[120.7461,15.5911],[120.7381,15.5868],[120.7291,15.5781],[120.7306,15.57],[120.7278,15.5595],[120.7247,15.5567],[120.7245,15.5527],[120.722,15.5487],[120.7294,15.5424],[120.7299,15.538],[120.7336,15.5348],[120.7234,15.5337],[120.7045,15.5256],[120.6943,15.5275],[120.6914,15.5262],[120.6883,15.5219],[120.6734,15.5207],[120.6707,15.5252],[120.6681,15.5252],[120.6659,15.5321],[120.6606,15.5377],[120.6566,15.5326],[120.649,15.5307],[120.6422,15.539],[120.6344,15.54],[120.6289,15.5427],[120.6268,15.5507],[120.6229,15.5569],[120.6331,15.5743],[120.6466,15.5886],[120.6474,15.6137],[120.6536,15.6235],[120.6716,15.6271],[120.6811,15.6358],[120.6977,15.6192]]]]},"properties":{"ADM3_EN":"Victoria","name":"Victoria","ADM3_PCODE":"PH36917000","psgc_code":"36917000","ADM2_EN":"Tarlac","ADM2_PCODE":"PH3691","ADM1_EN":"Region III (Central Luzon)","ADM1_PCODE":"PH03","ADM0_EN":"Philippines (the)","ADM0_PCODE":"PH","region_key":"central_luzon","province_key":"tarlac","type":"Municipality"}},{"type":"Feature","geometry":{"type":"MultiPolygon","coordinates":[[[[120.2055,15.1126],[120.2015,15.1484],[120.1806,15.2083],[120.1595,15.2205],[120.1313,15.2492],[120.1225,15.254],[120.067,15.2094],[120.0387,15.1904],[120.0308,15.1877],[120.0267,15.2011],[120.0211,15.21],[120.0111,15.2344],[120.0144,15.2481],[120.0157,15.2673],[120.0136,15.2706],[120.0113,15.2704],[120.0092,15.2725],[119.9883,15.3003],[119.9897,15.2997],[119.9908,15.3019],[119.9967,15.305],[119.9994,15.3092],[120.0326,15.3277],[120.0505,15.3355],[120.0816,15.3377],[120.1632,15.3605],[120.2854,15.2893],[120.3375,15.2323],[120.3469,15.2108],[120.3708,15.1678],[120.3583,15.1362],[120.366,15.1059],[120.3202,15.0779],[120.2956,15.0819],[120.2204,15.1039],[120.2055,15.1126]]]]},"properties":{"ADM3_EN":"Botolan","name":"Botolan","ADM3_PCODE":"PH37101000","psgc_code":"37101000","ADM2_EN":"Zambales","ADM2_PCODE":"PH3710","ADM1_EN":"Region III (Central Luzon)","ADM1_PCODE":"PH03","ADM0_EN":"Philippines (the)","ADM0_PCODE":"PH","region_key":"central_luzon","province_key":"zambales","type":"Municipality"}},{"type":"Feature","geometry":{"type":"MultiPolygon","coordinates":[[[[120.0506,15.108],[120.0387,15.1512],[120.038,15.1553],[120.0398,15.1553],[120.0386,15.1611],[120.0308,15.1877],[120.0387,15.1904],[120.067,15.2094],[120.1225,15.254],[120.1313,15.2492],[120.1595,15.2205],[120.1806,15.2083],[120.2015,15.1484],[120.2055,15.1126],[120.1969,15.0948],[120.1876,15.0911],[120.1845,15.0929],[120.1822,15.0974],[120.1794,15.098],[120.1696,15.0834],[120.1546,15.081],[120.1497,15.0859],[120.1358,15.0928],[120.1178,15.0978],[120.111,15.0951],[120.1078,15.0976],[120.1054,15.1059],[120.0999,15.108],[120.0857,15.1076],[120.0787,15.1109],[120.0732,15.1082],[120.0701,15.1126],[120.0715,15.1161],[120.0644,15.1216],[120.0612,15.1194],[120.0618,15.1114],[120.0596,15.1082],[120.0506,15.108]]]]},"properties":{"ADM3_EN":"Cabangan","name":"Cabangan","ADM3_PCODE":"PH37102000","psgc_code":"37102000","ADM2_EN":"Zambales","ADM2_PCODE":"PH3710","ADM1_EN":"Region III (Central Luzon)","ADM1_PCODE":"PH03","ADM0_EN":"Philippines (the)","ADM0_PCODE":"PH","region_key":"central_luzon","province_key":"zambales","type":"Municipality"}},{"type":"Feature","geometry":{"type":"MultiPolygon","coordinates":[[[[119.9172,15.5942],[119.9189,15.5947],[119.9189,15.5969],[119.9247,15.5949],[119.9194,15.5983],[119.9133,15.5975],[119.91,15.6112],[119.9037,15.6224],[119.9052,15.6236],[119.9109,15.6217],[119.913,15.6225],[119.925,15.6433],[119.9224,15.6549],[119.9261,15.6611],[119.93,15.6619],[119.9316,15.6639],[119.9316,15.6749],[119.9343,15.6789],[119.935,15.6833],[119.9342,15.6867],[119.9353,15.6875],[119.9336,15.6898],[119.9684,15.7114],[120.1799,15.7043],[120.2022,15.6991],[120.2488,15.6311],[120.2635,15.5993],[120.2222,15.5759],[120.2153,15.5654],[120.1971,15.57],[120.1375,15.5712],[120.1316,15.5692],[120.1177,15.5564],[120.1091,15.5552],[120.1034,15.5579],[120.0991,15.557],[120.0977,15.565],[120.0921,15.5666],[120.087,15.571],[120.0836,15.5711],[120.0816,15.5764],[120.0674,15.5813],[120.0585,15.5794],[120.0483,15.5741],[120.0357,15.5753],[120.0289,15.5691],[120.0263,15.5689],[120.0231,15.5699],[120.0178,15.5753],[120.0091,15.574],[120.003,15.576],[119.9963,15.5862],[119.9952,15.5905],[119.9926,15.5918],[119.9837,15.5901],[119.9612,15.5776],[119.9505,15.5839],[119.9456,15.594],[119.9369,15.5991],[119.9325,15.5991],[119.93,15.5948],[119.9294,15.5893],[119.9258,15.5861],[119.9161,15.5927],[119.9172,15.5942]]],[[[119.9207,15.6771],[119.9198,15.6785],[119.9211,15.6791],[119.924,15.6781],[119.9207,15.6771]]]]},"properties":{"ADM3_EN":"Candelaria","name":"Candelaria","ADM3_PCODE":"PH37103000","psgc_code":"37103000","ADM2_EN":"Zambales","ADM2_PCODE":"PH3710","ADM1_EN":"Region III (Central Luzon)","ADM1_PCODE":"PH03","ADM0_EN":"Philippines (the)","ADM0_PCODE":"PH","region_key":"central_luzon","province_key":"zambales","type":"Municipality"}},{"type":"Feature","geometry":{"type":"MultiPolygon","coordinates":[[[[120.1849,14.8982],[120.1648,14.9083],[120.1602,14.9087],[120.1528,14.9063],[120.1397,14.896],[120.1422,14.9268],[120.1573,14.9347],[120.1545,14.941],[120.1578,14.95],[120.164,14.9535],[120.1743,14.9574],[120.2051,14.9621],[120.243,14.9627],[120.2535,14.9642],[120.2946,14.9757],[120.3387,14.9839],[120.3581,14.9827],[120.2527,14.9422],[120.2158,14.9259],[120.2007,14.9058],[120.1941,14.8997],[120.1849,14.8982]]]]},"properties":{"ADM3_EN":"Castillejos","name":"Castillejos","ADM3_PCODE":"PH37104000","psgc_code":"37104000","ADM2_EN":"Zambales","ADM2_PCODE":"PH3710","ADM1_EN":"Region III (Central Luzon)","ADM1_PCODE":"PH03","ADM0_EN":"Philippines (the)","ADM0_PCODE":"PH","region_key":"central_luzon","province_key":"zambales","type":"Municipality"}},{"type":"Feature","geometry":{"type":"MultiPolygon","coordinates":[[[[119.9881,15.3064],[119.9875,15.3089],[119.9858,15.3044],[119.9878,15.3031],[119.9872,15.3014],[119.9648,15.3261],[119.9635,15.3341],[119.9675,15.3432],[119.9663,15.347],[119.9595,15.3533],[119.9515,15.3564],[119.9519,15.3632],[119.9501,15.3672],[119.9442,15.3697],[119.9375,15.38],[119.9289,15.3856],[119.9311,15.3878],[119.9469,15.3956],[119.9705,15.4026],[119.9866,15.4141],[120.0081,15.4326],[120.0149,15.4356],[120.0196,15.4354],[120.0267,15.4293],[120.0985,15.4145],[120.1727,15.4212],[120.167,15.3759],[120.1632,15.3605],[120.0816,15.3377],[120.0505,15.3355],[120.0326,15.3277],[119.9989,15.3097],[119.9953,15.3056],[119.9894,15.3044],[119.9881,15.3064]]]]},"properties":{"ADM3_EN":"Iba","name":"Iba","ADM3_PCODE":"PH37105000","psgc_code":"37105000","ADM2_EN":"Zambales","ADM2_PCODE":"PH3710","ADM1_EN":"Region III (Central Luzon)","ADM1_PCODE":"PH03","ADM0_EN":"Philippines (the)","ADM0_PCODE":"PH","region_key":"central_luzon","province_key":"zambales","type":"Municipality"}},{"type":"Feature","geometry":{"type":"MultiPolygon","coordinates":[[[[120.0055,15.4818],[119.9837,15.4782],[119.9456,15.4799],[119.9478,15.4853],[119.9458,15.4967],[119.9567,15.5044],[119.9608,15.5044],[119.9598,15.5078],[119.9638,15.5089],[119.9657,15.5064],[119.9678,15.5069],[119.9661,15.5117],[119.9619,15.5133],[119.9605,15.5165],[119.9624,15.5175],[119.966,15.5159],[119.9667,15.5197],[119.9588,15.5212],[119.9533,15.5258],[119.9513,15.5311],[119.9453,15.5333],[119.9469,15.5393],[119.9497,15.5414],[119.9466,15.5429],[119.945,15.5464],[119.9417,15.5464],[119.9433,15.5506],[119.9364,15.5553],[119.9401,15.5585],[119.9454,15.5592],[119.9504,15.5624],[119.9508,15.5678],[119.9481,15.5725],[119.9418,15.5742],[119.9278,15.5711],[119.9262,15.5675],[119.9288,15.5656],[119.9256,15.5663],[119.9243,15.5635],[119.9288,15.5552],[119.9239,15.5611],[119.9164,15.5597],[119.9197,15.5622],[119.9159,15.5638],[119.9142,15.5704],[119.9181,15.5747],[119.9181,15.5831],[119.9197,15.585],[119.9169,15.5853],[119.9161,15.5927],[119.9258,15.5861],[119.9294,15.5893],[119.93,15.5948],[119.9325,15.5991],[119.9369,15.5991],[119.9456,15.594],[119.9505,15.5839],[119.9612,15.5776],[119.9837,15.5901],[119.9926,15.5918],[119.9952,15.5905],[119.9963,15.5862],[120.003,15.576],[120.0091,15.574],[120.0178,15.5753],[120.0231,15.5699],[120.0263,15.5689],[120.0289,15.5691],[120.0357,15.5753],[120.0483,15.5741],[120.0585,15.5794],[120.0674,15.5813],[120.0816,15.5764],[120.0836,15.5711],[120.087,15.571],[120.0921,15.5666],[120.0977,15.565],[120.0991,15.557],[120.1034,15.5579],[120.1091,15.5552],[120.1177,15.5564],[120.1316,15.5692],[120.1375,15.5712],[120.1971,15.57],[120.2153,15.5654],[120.186,15.5073],[120.1495,15.5093],[120.0478,15.4829],[120.0155,15.477],[120.0098,15.4813],[120.0055,15.4818]]],[[[119.9551,15.5147],[119.9555,15.5138],[119.9517,15.5157],[119.9527,15.5161],[119.9551,15.5147]]],[[[119.925,15.5291],[119.931,15.5247],[119.9202,15.5188],[119.9211,15.5119],[119.915,15.5085],[119.9076,15.5081],[119.9028,15.5202],[119.9028,15.5249],[119.9046,15.5278],[119.9063,15.5287],[119.9109,15.5267],[119.9189,15.5294],[119.925,15.5291]]]]},"properties":{"ADM3_EN":"Masinloc","name":"Masinloc","ADM3_PCODE":"PH37106000","psgc_code":"37106000","ADM2_EN":"Zambales","ADM2_PCODE":"PH3710","ADM1_EN":"Region III (Central Luzon)","ADM1_PCODE":"PH03","ADM0_EN":"Philippines (the)","ADM0_PCODE":"PH","region_key":"central_luzon","province_key":"zambales","type":"Municipality"}},{"type":"Feature","geometry":{"type":"MultiPolygon","coordinates":[[[[120.3023,14.9326],[120.3065,14.9337],[120.309,14.9361],[120.4514,14.9374],[120.4606,14.9297],[120.4359,14.882],[120.3976,14.8838],[120.3759,14.8911],[120.3691,14.8807],[120.3716,14.8734],[120.368,14.8743],[120.3663,14.8726],[120.3603,14.8599],[120.3618,14.8554],[120.3582,14.849],[120.3382,14.8337],[120.3379,14.8284],[120.2956,14.8006],[120.2958,14.8087],[120.2944,14.8078],[120.2936,14.8089],[120.2975,14.8133],[120.2975,14.8169],[120.2958,14.8156],[120.2947,14.8174],[120.2931,14.8167],[120.2903,14.8222],[120.2878,14.8186],[120.29,14.8128],[120.2828,14.8133],[120.2772,14.8192],[120.27,14.8225],[120.271,14.8263],[120.2678,14.8244],[120.2658,14.8303],[120.2692,14.8372],[120.2667,14.8394],[120.2679,14.8447],[120.2653,14.8483],[120.2578,14.8503],[120.2558,14.8475],[120.2475,14.8497],[120.2433,14.8478],[120.2439,14.85],[120.2419,14.853],[120.2485,14.8531],[120.2535,14.8553],[120.2572,14.8689],[120.2618,14.8722],[120.263,14.8803],[120.2666,14.8827],[120.2671,14.8855],[120.2737,14.8945],[120.278,14.8976],[120.2798,14.9051],[120.2818,14.9068],[120.2851,14.9159],[120.2925,14.9228],[120.297,14.9299],[120.3023,14.9326]]]]},"properties":{"ADM3_EN":"Olongapo City","name":"Olongapo City","ADM3_PCODE":"PH37107000","psgc_code":"37107000","ADM2_EN":"Zambales","ADM2_PCODE":"PH3710","ADM1_EN":"Region III (Central Luzon)","ADM1_PCODE":"PH03","ADM0_EN":"Philippines (the)","ADM0_PCODE":"PH","region_key":"central_luzon","province_key":"zambales","type":"City"}},{"type":"Feature","geometry":{"type":"MultiPolygon","coordinates":[[[[119.9069,15.4394],[119.9144,15.4434],[119.9168,15.4494],[119.9117,15.4555],[119.9075,15.4569],[119.901,15.4718],[119.8998,15.4781],[119.9036,15.4853],[119.9031,15.4914],[119.905,15.4936],[119.9069,15.4925],[119.9083,15.4848],[119.9171,15.4778],[119.9229,15.4753],[119.9427,15.4781],[119.9463,15.4806],[119.9837,15.4782],[120.0055,15.4818],[120.0098,15.4813],[120.0155,15.477],[120.0478,15.4829],[120.1495,15.5093],[120.186,15.5073],[120.1802,15.488],[120.1709,15.4386],[120.1727,15.4212],[120.0985,15.4145],[120.0267,15.4293],[120.0196,15.4354],[120.0149,15.4356],[120.0081,15.4326],[119.9866,15.4141],[119.9705,15.4026],[119.9469,15.3956],[119.9269,15.3876],[119.9197,15.3933],[119.9166,15.3988],[119.9111,15.4011],[119.9086,15.3994],[119.9031,15.4031],[119.9019,15.4078],[119.9078,15.4169],[119.9025,15.4225],[119.8989,15.4211],[119.89,15.4294],[119.8903,15.4325],[119.8961,15.4359],[119.8957,15.4392],[119.897,15.4409],[119.9024,15.438],[119.9069,15.4394]]],[[[119.8913,15.4918],[119.891,15.4961],[119.8938,15.4986],[119.8968,15.4983],[119.8993,15.495],[119.8935,15.4909],[119.8913,15.4918]]],[[[119.9286,15.4869],[119.9355,15.4889],[119.9417,15.4858],[119.9328,15.4822],[119.9267,15.4842],[119.9219,15.4835],[119.9171,15.4849],[119.9165,15.4908],[119.9225,15.4928],[119.9253,15.4875],[119.9286,15.4869]]],[[[119.9244,15.4958],[119.9239,15.4936],[119.9217,15.4954],[119.9238,15.4973],[119.9244,15.4958]]]]},"properties":{"ADM3_EN":"Palauig","name":"Palauig","ADM3_PCODE":"PH37108000","psgc_code":"37108000","ADM2_EN":"Zambales","ADM2_PCODE":"PH3710","ADM1_EN":"Region III (Central Luzon)","ADM1_PCODE":"PH03","ADM0_EN":"Philippines (the)","ADM0_PCODE":"PH","region_key":"central_luzon","province_key":"zambales","type":"Municipality"}},{"type":"Feature","geometry":{"type":"MultiPolygon","coordinates":[[[[120.1445,14.8302],[120.1463,14.8081],[120.1516,14.7889],[120.1563,14.7747],[120.1702,14.748],[120.1638,14.7439],[120.16,14.7378],[120.1581,14.7389],[120.155,14.7439],[120.155,14.7467],[120.1487,14.756],[120.138,14.7521],[120.13,14.7525],[120.1253,14.7582],[120.1197,14.7587],[120.1188,14.7611],[120.1148,14.7619],[120.1157,14.7632],[120.1236,14.7619],[120.1283,14.7647],[120.1318,14.7629],[120.1347,14.7661],[120.1336,14.7728],[120.1259,14.777],[120.1228,14.7814],[120.1148,14.7846],[120.1061,14.7797],[120.1042,14.7824],[120.0966,14.7812],[120.0923,14.7822],[120.09,14.7808],[120.0828,14.7872],[120.0833,14.7906],[120.0869,14.7933],[120.0867,14.8],[120.0936,14.8053],[120.0958,14.8047],[120.1029,14.8078],[120.1072,14.8125],[120.1067,14.8144],[120.11,14.8161],[120.11,14.8181],[120.1081,14.8203],[120.1092,14.8222],[120.1003,14.8214],[120.094,14.8227],[120.0792,14.8142],[120.0794,14.8206],[120.0829,14.823],[120.0819,14.8297],[120.0783,14.8339],[120.0817,14.8403],[120.0839,14.8537],[120.0797,14.857],[120.0737,14.8529],[120.0707,14.8534],[120.0744,14.8619],[120.0678,14.8667],[120.0656,14.8661],[120.0639,14.8708],[120.0679,14.872],[120.0694,14.8742],[120.0686,14.8761],[120.0717,14.8783],[120.0664,14.8817],[120.0609,14.8789],[120.058,14.8793],[120.0564,14.885],[120.0536,14.8869],[120.0561,14.8915],[120.0522,14.8942],[120.0517,14.8964],[120.057,14.8956],[120.0586,14.8973],[120.0575,14.9144],[120.0586,14.9158],[120.0606,14.9144],[120.0625,14.9175],[120.057,14.9311],[120.0564,14.9369],[120.0567,14.9444],[120.0604,14.9457],[120.0581,14.9478],[120.0617,14.9667],[120.0755,14.969],[120.0773,14.9687],[120.076,14.9644],[120.079,14.9639],[120.0892,14.9684],[120.0907,14.971],[120.0943,14.9714],[120.1097,14.9661],[120.1164,14.9751],[120.1471,14.9616],[120.1547,14.9554],[120.1578,14.95],[120.1545,14.941],[120.1573,14.9347],[120.1422,14.9268],[120.1397,14.896],[120.1445,14.8302]]],[[[120.0824,14.7513],[120.0842,14.7528],[120.0853,14.7514],[120.0822,14.7503],[120.0824,14.7513]]],[[[120.1074,14.7675],[120.1142,14.7641],[120.1132,14.762],[120.1047,14.7572],[120.1006,14.7597],[120.1014,14.7613],[120.0996,14.7625],[120.1028,14.7689],[120.1074,14.7675]]],[[[120.0554,14.8781],[120.0558,14.879],[120.0568,14.8789],[120.0564,14.8774],[120.0554,14.8781]]],[[[120.0142,14.9172],[120.0181,14.915],[120.0219,14.9151],[120.0246,14.9122],[120.0195,14.9109],[120.0143,14.9152],[120.0058,14.9144],[120.0085,14.9181],[120.0142,14.9172]]],[[[120.0433,14.9233],[120.0411,14.9211],[120.0403,14.9214],[120.0419,14.9247],[120.0433,14.9233]]],[[[120.0414,14.9269],[120.0425,14.9278],[120.0433,14.9258],[120.0425,14.9256],[120.0414,14.9269]]]]},"properties":{"ADM3_EN":"San Antonio","name":"San Antonio","ADM3_PCODE":"PH37109000","psgc_code":"37109000","ADM2_EN":"Zambales","ADM2_PCODE":"PH3710","ADM1_EN":"Region III (Central Luzon)","ADM1_PCODE":"PH03","ADM0_EN":"Philippines (the)","ADM0_PCODE":"PH","region_key":"central_luzon","province_key":"zambales","type":"Municipality"}},{"type":"Feature","geometry":{"type":"MultiPolygon","coordinates":[[[[120.0771,15.0467],[120.0687,15.0389],[120.0551,15.0381],[120.0553,15.0413],[120.06,15.0475],[120.0614,15.0586],[120.0583,15.0797],[120.0517,15.0969],[120.0536,15.1019],[120.0511,15.1036],[120.0506,15.108],[120.0596,15.1082],[120.0611,15.1098],[120.0619,15.113],[120.0606,15.1177],[120.0631,15.1212],[120.0669,15.1204],[120.0706,15.1174],[120.0701,15.1126],[120.0732,15.1082],[120.0787,15.1109],[120.0857,15.1076],[120.0999,15.108],[120.1054,15.1059],[120.1078,15.0976],[120.111,15.0951],[120.1178,15.0978],[120.1358,15.0928],[120.1497,15.0859],[120.1546,15.081],[120.1696,15.0834],[120.1794,15.098],[120.1822,15.0974],[120.1845,15.0929],[120.1876,15.0911],[120.1969,15.0948],[120.2055,15.1126],[120.2204,15.1039],[120.1871,15.0415],[120.1549,15.0419],[120.1385,15.0448],[120.1256,15.0431],[120.0982,15.049],[120.0921,15.0468],[120.0881,15.0478],[120.0771,15.0467]]]]},"properties":{"ADM3_EN":"San Felipe","name":"San Felipe","ADM3_PCODE":"PH37110000","psgc_code":"37110000","ADM2_EN":"Zambales","ADM2_PCODE":"PH3711","ADM1_EN":"Region III (Central Luzon)","ADM1_PCODE":"PH03","ADM0_EN":"Philippines (the)","ADM0_PCODE":"PH","region_key":"central_luzon","province_key":"zambales","type":"Municipality"}},{"type":"Feature","geometry":{"type":"MultiPolygon","coordinates":[[[[120.1164,14.9751],[120.1438,14.9986],[120.166,15.0065],[120.1748,15.018],[120.2204,15.1039],[120.2956,15.0819],[120.3202,15.0779],[120.366,15.1059],[120.4048,15.0784],[120.4221,15.0442],[120.4197,15.0077],[120.3581,14.9827],[120.3387,14.9839],[120.2946,14.9757],[120.2535,14.9642],[120.243,14.9627],[120.2051,14.9621],[120.1793,14.9584],[120.164,14.9535],[120.1578,14.95],[120.1547,14.9554],[120.1471,14.9616],[120.1164,14.9751]]]]},"properties":{"ADM3_EN":"San Marcelino","name":"San Marcelino","ADM3_PCODE":"PH37111000","psgc_code":"37111000","ADM2_EN":"Zambales","ADM2_PCODE":"PH3711","ADM1_EN":"Region III (Central Luzon)","ADM1_PCODE":"PH03","ADM0_EN":"Philippines (the)","ADM0_PCODE":"PH","region_key":"central_luzon","province_key":"zambales","type":"Municipality"}},{"type":"Feature","geometry":{"type":"MultiPolygon","coordinates":[[[[120.0907,14.971],[120.0892,14.9684],[120.079,14.9639],[120.076,14.9644],[120.0773,14.9687],[120.0755,14.969],[120.0617,14.9667],[120.0652,14.9899],[120.065,15.0031],[120.0664,15.005],[120.065,15.0089],[120.0656,15.0164],[120.0633,15.0247],[120.0558,15.0333],[120.0551,15.0381],[120.0662,15.0382],[120.0784,15.0472],[120.0921,15.0468],[120.0957,15.049],[120.1256,15.0431],[120.1385,15.0448],[120.1549,15.0419],[120.1871,15.0415],[120.1748,15.018],[120.166,15.0065],[120.1438,14.9986],[120.1164,14.9751],[120.1097,14.9661],[120.095,14.9712],[120.0907,14.971]]]]},"properties":{"ADM3_EN":"San Narciso","name":"San Narciso","ADM3_PCODE":"PH37112000","psgc_code":"37112000","ADM2_EN":"Zambales","ADM2_PCODE":"PH3711","ADM1_EN":"Region III (Central Luzon)","ADM1_PCODE":"PH03","ADM0_EN":"Philippines (the)","ADM0_PCODE":"PH","region_key":"central_luzon","province_key":"zambales","type":"Municipality"}},{"type":"Feature","geometry":{"type":"MultiPolygon","coordinates":[[[[119.8922,15.7083],[119.8871,15.7183],[119.8794,15.7242],[119.8756,15.7242],[119.87,15.7311],[119.8686,15.7354],[119.8726,15.7427],[119.8809,15.7442],[119.888,15.7499],[119.8966,15.7489],[119.9009,15.7503],[119.9036,15.7475],[119.9094,15.7547],[119.9066,15.7673],[119.8995,15.7727],[119.8925,15.7982],[119.8883,15.8067],[119.8926,15.8077],[119.8989,15.806],[119.9049,15.8079],[119.9128,15.7944],[119.9244,15.8066],[119.9367,15.806],[119.94,15.8044],[119.9458,15.8099],[119.9493,15.8106],[119.9522,15.8064],[119.9599,15.8066],[119.9592,15.7923],[119.9734,15.7923],[119.9787,15.7977],[119.9861,15.7943],[119.9915,15.7944],[119.9908,15.7923],[119.9989,15.8033],[119.9992,15.8072],[120.0135,15.8365],[120.0288,15.8453],[120.0367,15.8425],[120.0658,15.8217],[120.0854,15.8109],[120.091,15.81],[120.1028,15.812],[120.11,15.815],[120.1178,15.8208],[120.133,15.8269],[120.1466,15.8249],[120.1582,15.8172],[120.1636,15.8077],[120.1668,15.782],[120.1734,15.7649],[120.1816,15.7357],[120.2022,15.6991],[120.1799,15.7043],[119.9684,15.7114],[119.9336,15.6898],[119.9322,15.6944],[119.9177,15.7057],[119.9106,15.7069],[119.901,15.7004],[119.8958,15.7039],[119.8956,15.7106],[119.8928,15.7136],[119.8922,15.7083]]],[[[119.8307,15.7407],[119.8319,15.7389],[119.8297,15.7344],[119.8214,15.7281],[119.8195,15.7318],[119.8209,15.7391],[119.8265,15.7421],[119.8307,15.7407]]],[[[119.7908,15.8109],[119.8043,15.806],[119.8018,15.8025],[119.8028,15.7951],[119.8013,15.7842],[119.7948,15.7773],[119.7912,15.7795],[119.7887,15.7835],[119.7891,15.7928],[119.7856,15.8066],[119.7868,15.8118],[119.7908,15.8109]]],[[[119.924,15.8071],[119.9245,15.8072],[119.9246,15.8072],[119.9244,15.8066],[119.924,15.8071]]]]},"properties":{"ADM3_EN":"Santa Cruz","name":"Santa Cruz","ADM3_PCODE":"PH37113000","psgc_code":"37113000","ADM2_EN":"Zambales","ADM2_PCODE":"PH3711","ADM1_EN":"Region III (Central Luzon)","ADM1_PCODE":"PH03","ADM0_EN":"Philippines (the)","ADM0_PCODE":"PH","region_key":"central_luzon","province_key":"zambales","type":"Municipality"}},{"type":"Feature","geometry":{"type":"MultiPolygon","coordinates":[[[[120.2111,14.9189],[120.2158,14.9259],[120.2527,14.9422],[120.4197,15.0077],[120.4205,14.9911],[120.4514,14.9632],[120.4553,14.9453],[120.4514,14.9374],[120.309,14.9361],[120.3065,14.9337],[120.297,14.9299],[120.2925,14.9228],[120.2851,14.9159],[120.2818,14.9068],[120.2798,14.9051],[120.278,14.8976],[120.2737,14.8945],[120.2671,14.8855],[120.2666,14.8827],[120.263,14.8803],[120.2618,14.8722],[120.2572,14.8689],[120.2531,14.855],[120.2485,14.8531],[120.242,14.8535],[120.2428,14.8594],[120.2359,14.8622],[120.2343,14.8642],[120.2337,14.8762],[120.2306,14.8753],[120.2283,14.8781],[120.2272,14.8753],[120.2253,14.8747],[120.2236,14.8781],[120.2228,14.8756],[120.2222,14.8774],[120.218,14.8755],[120.2149,14.8769],[120.2069,14.8739],[120.2033,14.8689],[120.2039,14.8653],[120.2022,14.8672],[120.2008,14.8653],[120.2106,14.8514],[120.2119,14.8472],[120.2131,14.8272],[120.2117,14.8225],[120.2133,14.8158],[120.2074,14.806],[120.2078,14.8033],[120.2012,14.7949],[120.2005,14.7747],[120.1925,14.7617],[120.1933,14.7564],[120.19,14.7511],[120.1839,14.7486],[120.1839,14.7458],[120.18,14.7447],[120.1775,14.7406],[120.1702,14.748],[120.1563,14.7747],[120.1463,14.8081],[120.1397,14.896],[120.1528,14.9063],[120.1602,14.9087],[120.1648,14.9083],[120.1849,14.8982],[120.1941,14.8997],[120.2111,14.9189]]],[[[120.2328,14.8539],[120.2328,14.8517],[120.2317,14.8511],[120.2303,14.8539],[120.2311,14.8561],[120.2328,14.8539]]]]},"properties":{"ADM3_EN":"Subic","name":"Subic","ADM3_PCODE":"PH37114000","psgc_code":"37114000","ADM2_EN":"Zambales","ADM2_PCODE":"PH3711","ADM1_EN":"Region III (Central Luzon)","ADM1_PCODE":"PH03","ADM0_EN":"Philippines (the)","ADM0_PCODE":"PH","region_key":"central_luzon","province_key":"zambales","type":"Municipality"}}]}