{"type":"FeatureCollection","name":"ilocos_cagayan_municipalities","crs":{"type":"name","properties":{"name":"urn:ogc:def:crs:OGC:1.3:CRS84"}},"features":[{"type":"Feature","geometry":{"type":"MultiPolygon","coordinates":[[[[121.9583,20.4331],[121.9625,20.4392],[121.9617,20.4422],[121.9656,20.4449],[121.9661,20.4478],[121.9594,20.4545],[121.9595,20.4608],[121.9561,20.4681],[121.9572,20.47],[121.96,20.47],[121.9622,20.4722],[121.9647,20.4697],[121.975,20.4717],[121.9983,20.4881],[122.0026,20.4895],[122.0121,20.4855],[122.0182,20.4859],[122.0267,20.4817],[122.0341,20.4714],[122.036,20.4662],[122.0353,20.4642],[122.0236,20.4528],[122.0151,20.4492],[122.0142,20.4475],[122.0055,20.4464],[121.9872,20.4381],[121.9842,20.4322],[121.9862,20.4291],[121.9811,20.4236],[121.9778,20.4234],[121.9706,20.4186],[121.9613,20.4275],[121.9583,20.4331]]]]},"properties":{"ADM3_EN":"Basco","name":"Basco","ADM3_PCODE":"PH20901000","psgc_code":"20901000","ADM2_EN":"Batanes","ADM2_PCODE":"PH2090","ADM1_EN":"Northern Luzon (Regions I & II)","ADM1_PCODE":"PH01","ADM0_EN":"Philippines (the)","ADM0_PCODE":"PH","region_key":"ilocos_cagayan","province_key":"batanes","type":"Municipality"}},{"type":"Feature","geometry":{"type":"MultiPolygon","coordinates":[[[[121.8567,20.732],[121.8519,20.7197],[121.8461,20.7133],[121.8392,20.7081],[121.8336,20.7061],[121.8285,20.7063],[121.8277,20.7032],[121.822,20.6964],[121.818,20.6953],[121.8153,20.6919],[121.8092,20.6886],[121.8025,20.6878],[121.799,20.689],[121.7991,20.6948],[121.7894,20.7032],[121.7889,20.7071],[121.7814,20.7197],[121.7872,20.7281],[121.7886,20.7364],[121.7972,20.7514],[121.8064,20.7575],[121.8105,20.7561],[121.8111,20.7583],[121.8142,20.7603],[121.8158,20.7756],[121.8222,20.785],[121.8278,20.7897],[121.8339,20.805],[121.8342,20.8214],[121.8358,20.8244],[121.845,20.8289],[121.8492,20.8339],[121.8604,20.8364],[121.8637,20.8341],[121.8658,20.8351],[121.8661,20.8328],[121.8703,20.8303],[121.8719,20.8269],[121.88,20.8208],[121.8793,20.8166],[121.8813,20.8109],[121.8834,20.8096],[121.8839,20.803],[121.8811,20.7978],[121.881,20.7937],[121.8778,20.7928],[121.8764,20.7942],[121.8728,20.7919],[121.873,20.7878],[121.8683,20.7825],[121.8739,20.7764],[121.8726,20.7737],[121.8742,20.7714],[121.8736,20.7692],[121.8768,20.7667],[121.8769,20.7584],[121.8681,20.7536],[121.8575,20.7506],[121.8561,20.7453],[121.8586,20.74],[121.8558,20.7386],[121.8572,20.7367],[121.8567,20.732]]],[[[121.9337,20.7106],[121.9327,20.7092],[121.9346,20.7009],[121.9383,20.6961],[121.9358,20.6978],[121.9268,20.6978],[121.9206,20.7008],[121.9223,20.7058],[121.9244,20.7066],[121.9234,20.7108],[121.9246,20.7089],[121.9294,20.7122],[121.9324,20.7122],[121.9339,20.7145],[121.9337,20.7106]]],[[[121.9047,20.9078],[121.9086,20.9042],[121.9061,20.8994],[121.901,20.8979],[121.8975,20.9056],[121.9017,20.91],[121.9047,20.9078]]],[[[121.9079,20.9206],[121.9067,20.9253],[121.9089,20.9278],[121.91,20.925],[121.908,20.9235],[121.9094,20.9206],[121.9079,20.9206]]],[[[121.9218,20.9354],[121.9233,20.9306],[121.9269,20.9266],[121.9296,20.9264],[121.9331,20.9211],[121.93,20.9214],[121.9278,20.925],[121.9197,20.9283],[121.9161,20.928],[121.9133,20.9303],[121.9131,20.9328],[121.915,20.9344],[121.9218,20.9354]]],[[[121.9354,21.0699],[121.9357,21.0615],[121.9321,21.0607],[121.9279,21.0621],[121.9265,21.064],[121.9274,21.0663],[121.9285,21.0651],[121.931,21.0688],[121.9354,21.0699]]]]},"properties":{"ADM3_EN":"Itbayat","name":"Itbayat","ADM3_PCODE":"PH20902000","psgc_code":"20902000","ADM2_EN":"Batanes","ADM2_PCODE":"PH2090","ADM1_EN":"Northern Luzon (Regions I & II)","ADM1_PCODE":"PH01","ADM0_EN":"Philippines (the)","ADM0_PCODE":"PH","region_key":"ilocos_cagayan","province_key":"batanes","type":"Municipality"}},{"type":"Feature","geometry":{"type":"MultiPolygon","coordinates":[[[[121.9267,20.3491],[121.9199,20.35],[121.9158,20.3472],[121.9144,20.3478],[121.915,20.3606],[121.9125,20.3705],[121.9197,20.3797],[121.9186,20.3833],[121.9245,20.3947],[121.9256,20.4081],[121.9272,20.4103],[121.9412,20.3913],[121.9292,20.3489],[121.9267,20.3491]]]]},"properties":{"ADM3_EN":"Ivana","name":"Ivana","ADM3_PCODE":"PH20903000","psgc_code":"20903000","ADM2_EN":"Batanes","ADM2_PCODE":"PH2090","ADM1_EN":"Northern Luzon (Regions I & II)","ADM1_PCODE":"PH01","ADM0_EN":"Philippines (the)","ADM0_PCODE":"PH","region_key":"ilocos_cagayan","province_key":"batanes","type":"Municipality"}},{"type":"Feature","geometry":{"type":"MultiPolygon","coordinates":[[[[121.9631,20.4119],[121.9617,20.4031],[121.9635,20.4004],[121.9412,20.3913],[121.9304,20.4072],[121.9442,20.4158],[121.9481,20.4275],[121.9579,20.4323],[121.9706,20.4186],[121.9673,20.4158],[121.9669,20.4111],[121.9631,20.4119]]]]},"properties":{"ADM3_EN":"Mahatao","name":"Mahatao","ADM3_PCODE":"PH20904000","psgc_code":"20904000","ADM2_EN":"Batanes","ADM2_PCODE":"PH2090","ADM1_EN":"Northern Luzon (Regions I & II)","ADM1_PCODE":"PH01","ADM0_EN":"Philippines (the)","ADM0_PCODE":"PH","region_key":"ilocos_cagayan","province_key":"batanes","type":"Municipality"}},{"type":"Feature","geometry":{"type":"MultiPolygon","coordinates":[[[[121.887,20.2959],[121.8889,20.2942],[121.8863,20.2932],[121.8875,20.29],[121.8831,20.2839],[121.8702,20.283],[121.8703,20.2803],[121.8679,20.2801],[121.866,20.2764],[121.8644,20.2766],[121.8617,20.2732],[121.862,20.2692],[121.8672,20.2631],[121.8623,20.2602],[121.8575,20.2603],[121.8533,20.2644],[121.8533,20.2663],[121.8515,20.2667],[121.8514,20.2686],[121.8497,20.2686],[121.8481,20.2739],[121.8422,20.2811],[121.8402,20.2872],[121.8411,20.2892],[121.8464,20.2911],[121.8467,20.2942],[121.8414,20.2994],[121.8417,20.3056],[121.8389,20.3125],[121.8372,20.3247],[121.8394,20.3372],[121.8422,20.3436],[121.8422,20.3525],[121.8442,20.3564],[121.8506,20.3511],[121.8536,20.3508],[121.8542,20.3478],[121.8647,20.3411],[121.8711,20.3408],[121.8727,20.335],[121.8774,20.3325],[121.88,20.3247],[121.8897,20.3097],[121.8886,20.3075],[121.8894,20.3025],[121.887,20.2959]]],[[[121.8156,20.3325],[121.8194,20.3269],[121.8183,20.3161],[121.8124,20.3092],[121.8111,20.3006],[121.8067,20.2983],[121.7983,20.3075],[121.7989,20.3114],[121.7975,20.3142],[121.7997,20.3153],[121.8011,20.3203],[121.7997,20.3341],[121.8097,20.3367],[121.8156,20.3325]]],[[[121.7842,20.3375],[121.7915,20.3321],[121.7906,20.329],[121.7869,20.3278],[121.7778,20.3349],[121.7778,20.3367],[121.7822,20.339],[121.7842,20.3375]]]]},"properties":{"ADM3_EN":"Sabtang","name":"Sabtang","ADM3_PCODE":"PH20905000","psgc_code":"20905000","ADM2_EN":"Batanes","ADM2_PCODE":"PH2090","ADM1_EN":"Northern Luzon (Regions I & II)","ADM1_PCODE":"PH01","ADM0_EN":"Philippines (the)","ADM0_PCODE":"PH","region_key":"ilocos_cagayan","province_key":"batanes","type":"Municipality"}},{"type":"Feature","geometry":{"type":"MultiPolygon","coordinates":[[[[121.9319,20.359],[121.9412,20.3913],[121.9635,20.4004],[121.969,20.3963],[121.9754,20.3966],[121.9771,20.3951],[121.9768,20.3927],[121.9807,20.3915],[121.9777,20.3892],[121.9808,20.3821],[121.975,20.3775],[121.9719,20.3778],[121.9697,20.3758],[121.97,20.3697],[121.9731,20.3672],[121.9708,20.3659],[121.9652,20.3669],[121.9602,20.3658],[121.9553,20.3598],[121.9544,20.3539],[121.9503,20.3481],[121.9431,20.3465],[121.9398,20.3483],[121.9292,20.3489],[121.9319,20.359]]]]},"properties":{"ADM3_EN":"Uyugan","name":"Uyugan","ADM3_PCODE":"PH20906000","psgc_code":"20906000","ADM2_EN":"Batanes","ADM2_PCODE":"PH2090","ADM1_EN":"Northern Luzon (Regions I & II)","ADM1_PCODE":"PH01","ADM0_EN":"Philippines (the)","ADM0_PCODE":"PH","region_key":"ilocos_cagayan","province_key":"batanes","type":"Municipality"}},{"type":"Feature","geometry":{"type":"MultiPolygon","coordinates":[[[[121.4028,18.409],[121.4077,18.416],[121.4048,18.4225],[121.4062,18.4315],[121.4004,18.4379],[121.3895,18.4341],[121.3854,18.4362],[121.3822,18.4403],[121.3863,18.4521],[121.3866,18.4606],[121.3892,18.4658],[121.3894,18.472],[121.3939,18.4834],[121.3993,18.4839],[121.4106,18.4783],[121.4117,18.4667],[121.4129,18.4638],[121.4185,18.459],[121.4306,18.4589],[121.4379,18.4569],[121.4385,18.455],[121.4428,18.4531],[121.4477,18.4542],[121.4494,18.4512],[121.4475,18.4489],[121.449,18.448],[121.4451,18.4442],[121.4522,18.4487],[121.4543,18.4544],[121.46,18.4505],[121.4664,18.4485],[121.488,18.4335],[121.4709,18.4197],[121.4632,18.4111],[121.4564,18.3978],[121.473,18.3392],[121.4733,18.3328],[121.4669,18.3083],[121.3954,18.3471],[121.3727,18.3571],[121.3998,18.3946],[121.3984,18.3991],[121.4028,18.409]]],[[[121.4167,18.4619],[121.4139,18.4642],[121.4136,18.4656],[121.4169,18.4631],[121.4167,18.4619]]],[[[121.4487,18.4547],[121.4502,18.4553],[121.4507,18.4536],[121.4495,18.4532],[121.4487,18.4547]]],[[[121.4178,18.4742],[121.438,18.4648],[121.44,18.4597],[121.4372,18.4581],[121.431,18.4604],[121.4311,18.4624],[121.4382,18.4613],[121.4326,18.4633],[121.425,18.4619],[121.4213,18.4628],[121.4219,18.4607],[121.4189,18.4614],[121.4144,18.4692],[121.4144,18.4736],[121.4158,18.475],[121.4178,18.4742]]]]},"properties":{"ADM3_EN":"Abulug","name":"Abulug","ADM3_PCODE":"PH21501000","psgc_code":"21501000","ADM2_EN":"Cagayan","ADM2_PCODE":"PH2150","ADM1_EN":"Northern Luzon (Regions I & II)","ADM1_PCODE":"PH01","ADM0_EN":"Philippines (the)","ADM0_PCODE":"PH","region_key":"ilocos_cagayan","province_key":"cagayan","type":"Municipality"}},{"type":"Feature","geometry":{"type":"MultiPolygon","coordinates":[[[[121.6315,17.8349],[121.6276,17.8345],[121.6254,17.8286],[121.6235,17.8298],[121.6225,17.8341],[121.6237,17.8386],[121.6224,17.841],[121.6189,17.8396],[121.5902,17.84],[121.616,17.9182],[121.6236,17.9463],[121.6333,17.942],[121.6356,17.9445],[121.6406,17.9445],[121.6547,17.9561],[121.6554,17.9647],[121.7416,18.0135],[121.7452,18.0135],[121.7425,17.9294],[121.7403,17.9257],[121.74,17.9193],[121.7436,17.9137],[121.7491,17.8984],[121.7487,17.8914],[121.7464,17.8857],[121.7331,17.8833],[121.7192,17.8776],[121.6815,17.8695],[121.6601,17.8621],[121.6623,17.8553],[121.6522,17.8481],[121.6472,17.8364],[121.6443,17.8344],[121.6362,17.8361],[121.6315,17.8349]]]]},"properties":{"ADM3_EN":"Alcala","name":"Alcala","ADM3_PCODE":"PH21502000","psgc_code":"21502000","ADM2_EN":"Cagayan","ADM2_PCODE":"PH2150","ADM1_EN":"Northern Luzon (Regions I & II)","ADM1_PCODE":"PH01","ADM0_EN":"Philippines (the)","ADM0_PCODE":"PH","region_key":"ilocos_cagayan","province_key":"cagayan","type":"Municipality"}},{"type":"Feature","geometry":{"type":"MultiPolygon","coordinates":[[[[121.4833,18.1675],[121.4892,18.222],[121.4896,18.2396],[121.4737,18.2787],[121.4719,18.2875],[121.4672,18.2966],[121.4669,18.3083],[121.5655,18.2719],[121.5706,18.2715],[121.6158,18.2983],[121.6171,18.264],[121.6211,18.2196],[121.6176,18.2097],[121.6006,18.179],[121.5906,18.1389],[121.5523,18.1295],[121.5526,18.1231],[121.5459,18.1057],[121.4714,18.1064],[121.4743,18.1249],[121.48,18.1344],[121.4833,18.1675]]]]},"properties":{"ADM3_EN":"Allacapan","name":"Allacapan","ADM3_PCODE":"PH21503000","psgc_code":"21503000","ADM2_EN":"Cagayan","ADM2_PCODE":"PH2150","ADM1_EN":"Northern Luzon (Regions I & II)","ADM1_PCODE":"PH01","ADM0_EN":"Philippines (the)","ADM0_PCODE":"PH","region_key":"ilocos_cagayan","province_key":"cagayan","type":"Municipality"}},{"type":"Feature","geometry":{"type":"MultiPolygon","coordinates":[[[[121.6921,17.769],[121.7014,17.7592],[121.7058,17.7577],[121.7133,17.7519],[121.6919,17.7523],[121.6725,17.75],[121.6593,17.7521],[121.654,17.7553],[121.6463,17.7568],[121.6405,17.7556],[121.6337,17.7563],[121.6324,17.7539],[121.6191,17.7593],[121.6186,17.7723],[121.5719,17.7881],[121.5902,17.84],[121.6189,17.8396],[121.6224,17.841],[121.6237,17.8386],[121.6225,17.8341],[121.6235,17.8298],[121.626,17.8286],[121.6276,17.8345],[121.6362,17.8361],[121.6443,17.8344],[121.6472,17.8364],[121.6522,17.8481],[121.6623,17.8553],[121.6601,17.8621],[121.6815,17.8695],[121.7192,17.8776],[121.7331,17.8833],[121.7464,17.8857],[121.7445,17.8806],[121.8261,17.8767],[121.8285,17.8535],[121.8286,17.8227],[121.7997,17.7982],[121.724,17.8006],[121.7137,17.7993],[121.7126,17.7974],[121.7067,17.7967],[121.701,17.7986],[121.6897,17.808],[121.6819,17.8101],[121.6766,17.8069],[121.6756,17.8028],[121.6895,17.7798],[121.6895,17.7715],[121.6921,17.769]]]]},"properties":{"ADM3_EN":"Amulung","name":"Amulung","ADM3_PCODE":"PH21504000","psgc_code":"21504000","ADM2_EN":"Cagayan","ADM2_PCODE":"PH2150","ADM1_EN":"Northern Luzon (Regions I & II)","ADM1_PCODE":"PH01","ADM0_EN":"Philippines (the)","ADM0_PCODE":"PH","region_key":"ilocos_cagayan","province_key":"cagayan","type":"Municipality"}},{"type":"Feature","geometry":{"type":"MultiPolygon","coordinates":[[[[121.7306,18.3286],[121.7562,18.3184],[121.7555,18.3147],[121.7584,18.3139],[121.7598,18.3034],[121.7641,18.2971],[121.7502,18.2834],[121.742,18.2893],[121.7357,18.2907],[121.736,18.2925],[121.7299,18.2963],[121.7258,18.2967],[121.7278,18.3015],[121.7255,18.3005],[121.7208,18.3031],[121.7035,18.3054],[121.7013,18.3072],[121.6883,18.3065],[121.6742,18.3034],[121.6737,18.3045],[121.6704,18.3041],[121.6701,18.3054],[121.6594,18.3007],[121.6569,18.2962],[121.6479,18.3161],[121.6475,18.319],[121.6501,18.3237],[121.6497,18.327],[121.6391,18.3424],[121.6376,18.3457],[121.6395,18.347],[121.6335,18.3551],[121.6351,18.3514],[121.6331,18.3506],[121.6327,18.3551],[121.6286,18.3627],[121.6456,18.3585],[121.7306,18.3286]]],[[[121.6432,18.3282],[121.6399,18.3361],[121.6396,18.3381],[121.6482,18.3274],[121.6491,18.3231],[121.6466,18.3214],[121.6432,18.3282]]],[[[121.635,18.2809],[121.6167,18.2812],[121.6158,18.2983],[121.5706,18.2715],[121.5655,18.2719],[121.5374,18.2824],[121.5381,18.3218],[121.5471,18.3301],[121.5568,18.3805],[121.5627,18.3916],[121.5935,18.3748],[121.608,18.371],[121.6115,18.368],[121.6152,18.3602],[121.6236,18.3511],[121.6225,18.3502],[121.6046,18.3699],[121.5949,18.3708],[121.5946,18.3675],[121.5917,18.3664],[121.5882,18.368],[121.5919,18.3643],[121.5963,18.3658],[121.5994,18.3633],[121.5976,18.3667],[121.5981,18.3689],[121.6047,18.3684],[121.6126,18.3578],[121.6242,18.3466],[121.6279,18.33],[121.6304,18.3274],[121.6341,18.3169],[121.6387,18.3128],[121.6446,18.3103],[121.6437,18.3123],[121.6485,18.3067],[121.6537,18.2913],[121.642,18.2852],[121.6415,18.2808],[121.6376,18.2824],[121.635,18.2809]]],[[[121.2564,18.8747],[121.2606,18.8731],[121.2642,18.8688],[121.2644,18.8631],[121.2626,18.8588],[121.2582,18.8535],[121.2494,18.8535],[121.2433,18.856],[121.242,18.8636],[121.246,18.8732],[121.2502,18.8759],[121.2564,18.8747]]],[[[121.4192,18.905],[121.4288,18.901],[121.4301,18.8978],[121.4329,18.8963],[121.4366,18.896],[121.4572,18.8864],[121.4589,18.8829],[121.4618,18.8814],[121.4659,18.8823],[121.4685,18.8806],[121.4781,18.8844],[121.4815,18.8836],[121.4829,18.8803],[121.4811,18.8741],[121.4689,18.8648],[121.4613,18.8629],[121.4589,18.8581],[121.4516,18.8547],[121.4411,18.8537],[121.4261,18.8555],[121.4147,18.8517],[121.3929,18.8481],[121.3735,18.8497],[121.3579,18.8437],[121.3453,18.8411],[121.3348,18.8427],[121.314,18.8395],[121.3043,18.8422],[121.2922,18.8431],[121.2826,18.8469],[121.2751,18.8576],[121.2749,18.8632],[121.2822,18.8726],[121.2804,18.8819],[121.2837,18.8841],[121.2895,18.8838],[121.3006,18.8808],[121.3043,18.8779],[121.3103,18.877],[121.3235,18.8818],[121.3277,18.8814],[121.3334,18.8867],[121.3384,18.8876],[121.3445,18.8916],[121.3507,18.8918],[121.3612,18.8884],[121.3737,18.8971],[121.3878,18.9006],[121.3981,18.9052],[121.4171,18.9064],[121.4192,18.905]]],[[[121.2618,18.8839],[121.2686,18.8842],[121.269,18.8797],[121.2662,18.8774],[121.2632,18.8779],[121.2518,18.885],[121.2512,18.8879],[121.2529,18.8892],[121.2596,18.8838],[121.2618,18.8839]]]]},"properties":{"ADM3_EN":"Aparri","name":"Aparri","ADM3_PCODE":"PH21505000","psgc_code":"21505000","ADM2_EN":"Cagayan","ADM2_PCODE":"PH2150","ADM1_EN":"Northern Luzon (Regions I & II)","ADM1_PCODE":"PH01","ADM0_EN":"Philippines (the)","ADM0_PCODE":"PH","region_key":"ilocos_cagayan","province_key":"cagayan","type":"Municipality"}},{"type":"Feature","geometry":{"type":"MultiPolygon","coordinates":[[[[121.8649,17.822],[121.8286,17.8227],[121.8285,17.8535],[121.8261,17.8767],[121.7445,17.8806],[121.7487,17.8914],[121.7491,17.8984],[121.7436,17.9137],[121.74,17.9193],[121.7403,17.9257],[121.7425,17.9294],[121.7452,18.0135],[121.8251,18.0107],[121.8928,18.0106],[121.903,18.0303],[121.9152,18.0387],[121.9232,18.0422],[122.0659,18.0419],[122.1772,18.0465],[122.1744,18.033],[122.176,18.0313],[122.1807,18.0318],[122.1885,18.0217],[122.1902,18.017],[122.1855,18.0078],[122.1899,18.002],[122.1864,17.9905],[122.1792,17.9869],[122.1822,17.9831],[122.1844,17.9746],[122.181,17.9702],[122.1767,17.9694],[122.1769,17.9636],[122.1786,17.9614],[122.1778,17.9504],[122.1696,17.9489],[122.1661,17.9465],[122.1764,17.9486],[122.1831,17.945],[122.1825,17.9436],[122.185,17.9436],[122.1824,17.9423],[122.1786,17.9367],[122.178,17.9329],[122.1797,17.928],[122.183,17.9247],[122.1815,17.9208],[122.1884,17.9176],[122.1893,17.9104],[122.1858,17.9088],[122.1889,17.902],[122.175,17.8962],[122.1753,17.8914],[122.1669,17.885],[122.1631,17.8775],[122.1626,17.8636],[122.1647,17.8564],[122.1697,17.8505],[122.1692,17.8453],[122.1636,17.84],[122.1596,17.8424],[122.1591,17.8391],[122.1531,17.84],[122.1519,17.8381],[122.1544,17.8372],[122.1547,17.8356],[122.1497,17.8353],[122.1524,17.8303],[122.1469,17.8275],[122.15,17.8225],[122.1555,17.8235],[122.1574,17.8192],[121.8649,17.822]]]]},"properties":{"ADM3_EN":"Baggao","name":"Baggao","ADM3_PCODE":"PH21506000","psgc_code":"21506000","ADM2_EN":"Cagayan","ADM2_PCODE":"PH2150","ADM1_EN":"Northern Luzon (Regions I & II)","ADM1_PCODE":"PH01","ADM0_EN":"Philippines (the)","ADM0_PCODE":"PH","region_key":"ilocos_cagayan","province_key":"cagayan","type":"Municipality"}},{"type":"Feature","geometry":{"type":"MultiPolygon","coordinates":[[[[121.5137,18.2915],[121.4669,18.3083],[121.4733,18.3328],[121.473,18.3392],[121.4564,18.3978],[121.4632,18.4111],[121.4709,18.4197],[121.488,18.4335],[121.5189,18.4135],[121.5627,18.3916],[121.5568,18.3805],[121.5471,18.3301],[121.5381,18.3218],[121.5374,18.2824],[121.5137,18.2915]]]]},"properties":{"ADM3_EN":"Ballesteros","name":"Ballesteros","ADM3_PCODE":"PH21507000","psgc_code":"21507000","ADM2_EN":"Cagayan","ADM2_PCODE":"PH2150","ADM1_EN":"Northern Luzon (Regions I & II)","ADM1_PCODE":"PH01","ADM0_EN":"Philippines (the)","ADM0_PCODE":"PH","region_key":"ilocos_cagayan","province_key":"cagayan","type":"Municipality"}},{"type":"Feature","geometry":{"type":"MultiPolygon","coordinates":[[[[121.8575,18.267],[121.865,18.2642],[121.8768,18.2717],[121.8831,18.2686],[121.8928,18.2703],[121.8967,18.2661],[121.895,18.2643],[121.8892,18.2689],[121.8852,18.2673],[121.8759,18.2701],[121.8711,18.2652],[121.872,18.26],[121.8682,18.2564],[121.8625,18.2558],[121.857,18.2472],[121.8458,18.248],[121.8445,18.2206],[121.8459,18.2181],[121.7809,18.2219],[121.7639,18.2254],[121.7475,18.2358],[121.7454,18.239],[121.7457,18.2421],[121.7417,18.2466],[121.7417,18.2505],[121.7446,18.2536],[121.744,18.2562],[121.7397,18.2585],[121.752,18.2814],[121.7501,18.2846],[121.7641,18.2971],[121.7598,18.3034],[121.7584,18.3139],[121.7555,18.3147],[121.7562,18.3184],[121.8407,18.2879],[121.9003,18.2703],[121.8994,18.2692],[121.8898,18.2721],[121.886,18.2709],[121.8813,18.2743],[121.8767,18.2747],[121.8623,18.2691],[121.8444,18.2761],[121.8364,18.2844],[121.83,18.2878],[121.8253,18.2883],[121.822,18.2869],[121.8228,18.2856],[121.8278,18.2867],[121.8321,18.2822],[121.8356,18.2836],[121.8383,18.2803],[121.8347,18.28],[121.8433,18.2711],[121.8456,18.2728],[121.8514,18.2722],[121.8531,18.2711],[121.8519,18.2689],[121.8528,18.267],[121.8575,18.267]]]]},"properties":{"ADM3_EN":"Buguey","name":"Buguey","ADM3_PCODE":"PH21508000","psgc_code":"21508000","ADM2_EN":"Cagayan","ADM2_PCODE":"PH2150","ADM1_EN":"Northern Luzon (Regions I & II)","ADM1_PCODE":"PH01","ADM0_EN":"Philippines (the)","ADM0_PCODE":"PH","region_key":"ilocos_cagayan","province_key":"cagayan","type":"Municipality"}},{"type":"Feature","geometry":{"type":"MultiPolygon","coordinates":[[[[121.2141,18.98],[121.2136,18.9822],[121.2191,18.9868],[121.2183,18.9815],[121.2141,18.98]]],[[[121.22,19.1703],[121.2272,19.165],[121.2303,19.1597],[121.2292,19.1569],[121.2331,19.1547],[121.2336,19.1517],[121.2319,19.1492],[121.2353,19.142],[121.2339,19.1364],[121.2367,19.1333],[121.2353,19.1275],[121.2378,19.1253],[121.2392,19.1178],[121.2445,19.1144],[121.2486,19.1047],[121.2456,19.0994],[121.2464,19.0928],[121.2494,19.0883],[121.2479,19.0829],[121.2514,19.0725],[121.2486,19.06],[121.2494,19.0522],[121.2533,19.0408],[121.2542,19.0275],[121.2494,19.0129],[121.2411,19.014],[121.2386,19.0124],[121.237,19.0144],[121.2383,19.0158],[121.2386,19.0217],[121.2353,19.027],[121.235,19.0303],[121.2256,19.0358],[121.2228,19.0369],[121.2197,19.0358],[121.2139,19.0397],[121.2075,19.0506],[121.1994,19.0589],[121.1961,19.0672],[121.1972,19.0778],[121.1953,19.1077],[121.1975,19.1086],[121.2008,19.1197],[121.2003,19.1231],[121.2021,19.1248],[121.2064,19.1383],[121.2106,19.1442],[121.2125,19.1669],[121.2172,19.1725],[121.22,19.1703]]],[[[121.4775,19.2578],[121.4689,19.2661],[121.46,19.2661],[121.4581,19.2683],[121.4442,19.267],[121.4408,19.2692],[121.4423,19.2723],[121.4408,19.274],[121.4249,19.2811],[121.4203,19.2806],[121.4167,19.2853],[121.4094,19.2828],[121.403,19.283],[121.4019,19.285],[121.4047,19.2886],[121.4013,19.2939],[121.3992,19.2939],[121.39,19.3003],[121.3903,19.3086],[121.3933,19.3142],[121.389,19.3215],[121.39,19.3297],[121.3825,19.3308],[121.3816,19.3356],[121.3781,19.3358],[121.3747,19.3395],[121.3693,19.3409],[121.3668,19.3456],[121.3615,19.3483],[121.3574,19.3534],[121.3475,19.3558],[121.3456,19.3592],[121.3472,19.3633],[121.3556,19.3672],[121.3625,19.3664],[121.3664,19.36],[121.3797,19.3644],[121.3865,19.3686],[121.3914,19.3747],[121.3923,19.3875],[121.3909,19.3897],[121.3928,19.3911],[121.4011,19.3908],[121.4078,19.3941],[121.4353,19.3828],[121.4747,19.3745],[121.4882,19.3669],[121.5008,19.3706],[121.5075,19.3761],[121.5139,19.3886],[121.5206,19.3906],[121.5239,19.3886],[121.5253,19.3842],[121.5231,19.3739],[121.5286,19.3654],[121.5278,19.3617],[121.5296,19.36],[121.5317,19.35],[121.5286,19.3475],[121.5258,19.3322],[121.5221,19.3217],[121.5228,19.3181],[121.5283,19.314],[121.5286,19.312],[121.5261,19.3094],[121.5268,19.3071],[121.5296,19.3069],[121.5329,19.3023],[121.535,19.2975],[121.5342,19.2945],[121.5397,19.2881],[121.5394,19.2817],[121.5422,19.2736],[121.5394,19.2675],[121.5294,19.2633],[121.5194,19.2639],[121.5171,19.2631],[121.5164,19.2606],[121.5108,19.2589],[121.5111,19.2514],[121.513,19.2495],[121.5119,19.2439],[121.5083,19.2483],[121.4989,19.2533],[121.4862,19.2549],[121.4775,19.2578]]],[[[121.5119,19.447],[121.5156,19.4419],[121.5156,19.4356],[121.5186,19.4294],[121.5183,19.4253],[121.5142,19.4228],[121.5089,19.4253],[121.5039,19.4353],[121.5067,19.4514],[121.5078,19.4519],[121.5119,19.447]]],[[[121.8924,18.8697],[121.8896,18.8584],[121.8906,18.8571],[121.882,18.8512],[121.8793,18.847],[121.8802,18.8317],[121.8746,18.8232],[121.8609,18.8134],[121.8558,18.8117],[121.8372,18.8204],[121.8336,18.8335],[121.8351,18.8358],[121.8344,18.84],[121.8255,18.8608],[121.83,18.8675],[121.8303,18.8706],[121.8272,18.875],[121.8292,18.8758],[121.8357,18.8712],[121.8414,18.8751],[121.8491,18.8756],[121.8558,18.8807],[121.8611,18.88],[121.8711,18.8922],[121.8714,18.8947],[121.8686,18.8976],[121.8686,18.9024],[121.8655,18.9044],[121.8661,18.9074],[121.8635,18.9129],[121.8522,18.9186],[121.8497,18.9217],[121.8519,18.9258],[121.8609,18.9341],[121.8648,18.9419],[121.8703,18.9478],[121.8681,18.9517],[121.8683,18.9561],[121.8658,18.9636],[121.8705,18.964],[121.8665,18.9741],[121.8711,18.9805],[121.8783,18.9837],[121.8884,18.9928],[121.8933,18.9943],[121.8939,18.9982],[121.8997,19.0025],[121.9086,19.0025],[121.9136,19.0044],[121.9386,19.0025],[121.9456,19.0036],[121.9461,18.9983],[121.9513,18.9953],[121.9564,18.986],[121.9641,18.9801],[121.9636,18.9774],[121.9654,18.9759],[121.9653,18.9732],[121.9713,18.9694],[121.9787,18.9704],[121.9872,18.9661],[121.9921,18.96],[121.9928,18.9576],[121.9888,18.9415],[121.9852,18.9407],[121.9796,18.9346],[121.9733,18.9381],[121.9697,18.9369],[121.9674,18.9323],[121.9621,18.9349],[121.9594,18.9345],[121.9582,18.9296],[121.951,18.9263],[121.9513,18.922],[121.9574,18.9164],[121.956,18.9086],[121.9529,18.9028],[121.9386,18.8981],[121.9423,18.8933],[121.9337,18.8917],[121.929,18.8861],[121.9234,18.8852],[121.9215,18.883],[121.9231,18.8812],[121.9192,18.8785],[121.9191,18.8766],[121.9116,18.8794],[121.9027,18.8734],[121.8924,18.8697]]],[[[121.8226,18.8735],[121.8213,18.8758],[121.8221,18.8777],[121.8236,18.8769],[121.8247,18.8726],[121.8226,18.8735]]],[[[121.8339,18.8966],[121.8294,18.9044],[121.8351,18.9077],[121.8389,18.9046],[121.8393,18.8968],[121.8339,18.8966]]],[[[122.2058,19.0722],[122.1997,19.0714],[122.1975,19.0742],[122.1992,19.0781],[122.2044,19.0819],[122.2072,19.0763],[122.2058,19.0722]]],[[[121.9733,19.5717],[121.9889,19.5589],[121.9936,19.551],[121.9941,19.548],[121.9915,19.5403],[121.995,19.5314],[121.9933,19.5236],[121.9947,19.5122],[121.9908,19.5033],[121.9844,19.4983],[121.978,19.4895],[121.9694,19.4831],[121.9667,19.476],[121.9592,19.4753],[121.9531,19.4775],[121.9428,19.4878],[121.9344,19.4897],[121.9317,19.4925],[121.928,19.4933],[121.9242,19.5003],[121.9187,19.5038],[121.9153,19.5089],[121.9114,19.5111],[121.9067,19.5111],[121.9022,19.5139],[121.8972,19.5211],[121.8997,19.5261],[121.8931,19.5347],[121.8919,19.5406],[121.8933,19.5425],[121.8928,19.5453],[121.8942,19.5455],[121.8961,19.5503],[121.9033,19.5522],[121.9068,19.5511],[121.9142,19.5525],[121.9183,19.5547],[121.9238,19.5539],[121.9369,19.5597],[121.9382,19.5586],[121.9408,19.5594],[121.9433,19.5554],[121.9539,19.5606],[121.9594,19.5678],[121.9667,19.5733],[121.9697,19.574],[121.9733,19.5717]]],[[[122.1469,19.9529],[122.1447,19.9503],[122.1439,19.9536],[122.14,19.9581],[122.1417,19.9617],[122.1406,19.9642],[122.1442,19.9661],[122.1451,19.9603],[122.1472,19.9581],[122.1469,19.9529]]],[[[122.1603,19.9581],[122.1586,19.9583],[122.1592,19.9608],[122.1628,19.9614],[122.1603,19.9581]]]]},"properties":{"ADM3_EN":"Calayan","name":"Calayan","ADM3_PCODE":"PH21509000","psgc_code":"21509000","ADM2_EN":"Cagayan","ADM2_PCODE":"PH2150","ADM1_EN":"Northern Luzon (Regions I & II)","ADM1_PCODE":"PH01","ADM0_EN":"Philippines (the)","ADM0_PCODE":"PH","region_key":"ilocos_cagayan","province_key":"cagayan","type":"Municipality"}},{"type":"Feature","geometry":{"type":"MultiPolygon","coordinates":[[[[121.7409,18.2578],[121.744,18.2562],[121.7447,18.2539],[121.7414,18.2485],[121.7457,18.2421],[121.7456,18.2394],[121.6191,18.2449],[121.6167,18.2812],[121.635,18.2809],[121.6376,18.2824],[121.6415,18.2808],[121.642,18.2852],[121.6537,18.2913],[121.6594,18.3007],[121.6682,18.3047],[121.6701,18.3054],[121.6704,18.3041],[121.6737,18.3045],[121.6742,18.3034],[121.6883,18.3065],[121.7013,18.3072],[121.7035,18.3054],[121.7208,18.3031],[121.7255,18.3005],[121.7278,18.3015],[121.7258,18.2967],[121.7299,18.2963],[121.736,18.2925],[121.7357,18.2907],[121.742,18.2893],[121.752,18.2814],[121.7417,18.2632],[121.7397,18.2585],[121.7409,18.2578]]]]},"properties":{"ADM3_EN":"Camalaniugan","name":"Camalaniugan","ADM3_PCODE":"PH21510000","psgc_code":"21510000","ADM2_EN":"Cagayan","ADM2_PCODE":"PH2151","ADM1_EN":"Northern Luzon (Regions I & II)","ADM1_PCODE":"PH01","ADM0_EN":"Philippines (the)","ADM0_PCODE":"PH","region_key":"ilocos_cagayan","province_key":"cagayan","type":"Municipality"}},{"type":"Feature","geometry":{"type":"MultiPolygon","coordinates":[[[[121.1087,18.6277],[121.1346,18.6278],[121.156,18.6236],[121.1576,18.623],[121.1492,18.6162],[121.1561,18.6187],[121.161,18.6151],[121.1632,18.6152],[121.1629,18.614],[121.1606,18.614],[121.1608,18.6098],[121.1624,18.6095],[121.1573,18.6004],[121.1609,18.5975],[121.16,18.5942],[121.1579,18.5947],[121.1587,18.5908],[121.1548,18.5889],[121.1483,18.5808],[121.1544,18.5673],[121.1567,18.5451],[121.1494,18.5248],[121.1266,18.4734],[121.0895,18.4861],[121.0884,18.534],[121.0852,18.5411],[121.0623,18.5402],[121.0436,18.5292],[121.0422,18.5196],[121.0061,18.5402],[121.0088,18.5486],[121.0118,18.5522],[121.0231,18.559],[121.0345,18.595],[121.0442,18.6128],[121.0482,18.6119],[121.0494,18.6179],[121.051,18.6181],[121.0519,18.6152],[121.0498,18.6136],[121.0509,18.6104],[121.0602,18.607],[121.0744,18.6082],[121.0837,18.6106],[121.0911,18.6145],[121.0881,18.6053],[121.0883,18.6011],[121.0919,18.61],[121.0922,18.6155],[121.0952,18.619],[121.0937,18.6225],[121.0966,18.6226],[121.0968,18.6264],[121.1087,18.6277]]]]},"properties":{"ADM3_EN":"Claveria","name":"Claveria","ADM3_PCODE":"PH21511000","psgc_code":"21511000","ADM2_EN":"Cagayan","ADM2_PCODE":"PH2151","ADM1_EN":"Northern Luzon (Regions I & II)","ADM1_PCODE":"PH01","ADM0_EN":"Philippines (the)","ADM0_PCODE":"PH","region_key":"ilocos_cagayan","province_key":"cagayan","type":"Municipality"}},{"type":"Feature","geometry":{"type":"MultiPolygon","coordinates":[[[[121.7899,17.5313],[121.7932,17.5178],[121.7784,17.5183],[121.7577,17.5147],[121.7035,17.5125],[121.6728,17.5086],[121.6561,17.5082],[121.6418,17.5207],[121.6168,17.548],[121.6198,17.5588],[121.6197,17.5631],[121.6171,17.5669],[121.6195,17.5792],[121.6168,17.5882],[121.62,17.5954],[121.6192,17.6237],[121.6217,17.6239],[121.6368,17.6154],[121.641,17.6161],[121.6479,17.6206],[121.653,17.6211],[121.6875,17.6103],[121.6852,17.6018],[121.6854,17.589],[121.6914,17.5838],[121.6968,17.5819],[121.7095,17.5882],[121.716,17.5966],[121.7259,17.5972],[121.7374,17.6084],[121.7418,17.6096],[121.7464,17.6082],[121.7482,17.6062],[121.7481,17.5899],[121.75,17.5858],[121.7598,17.5706],[121.7676,17.5654],[121.7788,17.5542],[121.7833,17.5475],[121.7899,17.5313]]]]},"properties":{"ADM3_EN":"Enrile","name":"Enrile","ADM3_PCODE":"PH21512000","psgc_code":"21512000","ADM2_EN":"Cagayan","ADM2_PCODE":"PH2151","ADM1_EN":"Northern Luzon (Regions I & II)","ADM1_PCODE":"PH01","ADM0_EN":"Philippines (the)","ADM0_PCODE":"PH","region_key":"ilocos_cagayan","province_key":"cagayan","type":"Municipality"}},{"type":"Feature","geometry":{"type":"MultiPolygon","coordinates":[[[[121.6476,17.9669],[121.6294,17.9602],[121.6138,17.9657],[121.6015,17.9804],[121.6014,17.9976],[121.6036,18.0053],[121.612,18.0213],[121.6267,18.0374],[121.6308,18.0529],[121.636,18.0626],[121.638,18.081],[121.654,18.1055],[121.6979,18.1031],[121.7706,18.1055],[121.8012,18.1038],[121.8654,18.1045],[122.0657,18.1091],[122.18,18.1137],[122.1749,18.0966],[122.1705,18.0881],[122.1675,18.0872],[122.1667,18.0783],[122.1686,18.0751],[122.1654,18.0704],[122.1691,18.0647],[122.1748,18.0621],[122.1783,18.065],[122.1824,18.0645],[122.1832,18.0616],[122.1853,18.0604],[122.1846,18.058],[122.1788,18.0543],[122.1772,18.0465],[122.0659,18.0419],[121.9232,18.0422],[121.9152,18.0387],[121.903,18.0303],[121.8928,18.0106],[121.8251,18.0107],[121.7416,18.0135],[121.6578,17.9656],[121.6554,17.9647],[121.6531,17.9675],[121.6501,17.9679],[121.6476,17.9669]]]]},"properties":{"ADM3_EN":"Gattaran","name":"Gattaran","ADM3_PCODE":"PH21513000","psgc_code":"21513000","ADM2_EN":"Cagayan","ADM2_PCODE":"PH2151","ADM1_EN":"Northern Luzon (Regions I & II)","ADM1_PCODE":"PH01","ADM0_EN":"Philippines (the)","ADM0_PCODE":"PH","region_key":"ilocos_cagayan","province_key":"cagayan","type":"Municipality"}},{"type":"Feature","geometry":{"type":"MultiPolygon","coordinates":[[[[121.9727,18.2159],[121.9754,18.2242],[121.9745,18.2292],[121.9726,18.2358],[121.9678,18.2337],[121.9654,18.2365],[121.9681,18.2412],[121.964,18.2399],[121.9569,18.2435],[121.9518,18.2442],[121.9484,18.2413],[121.9474,18.2433],[121.9444,18.2432],[121.9409,18.2478],[121.937,18.2471],[121.9366,18.2536],[121.9319,18.2594],[121.9289,18.2602],[121.9285,18.2641],[121.9252,18.2673],[121.9045,18.2676],[121.9043,18.2687],[121.9114,18.2699],[121.9413,18.2673],[121.9465,18.2726],[121.9621,18.2733],[121.9676,18.2774],[121.9762,18.2787],[121.9816,18.2821],[122.0044,18.285],[122.0113,18.2878],[122.0144,18.2935],[122.0256,18.2978],[122.0264,18.3056],[122.0285,18.3082],[122.0342,18.3106],[122.0411,18.3164],[122.0494,18.3179],[122.0537,18.3237],[122.0526,18.3287],[122.0638,18.3344],[122.0625,18.3414],[122.0645,18.3436],[122.0802,18.3492],[122.0838,18.3588],[122.0906,18.3564],[122.0868,18.3583],[122.0932,18.3613],[122.098,18.3661],[122.0976,18.3766],[122.0999,18.3822],[122.103,18.3838],[122.1065,18.382],[122.1106,18.3831],[122.1087,18.3795],[122.1107,18.3757],[122.1174,18.3744],[122.116,18.3734],[122.306,18.2334],[122.3034,18.2292],[122.3001,18.229],[122.2988,18.227],[122.3033,18.2193],[122.2978,18.2161],[122.2935,18.2097],[122.2905,18.2088],[122.2882,18.2001],[122.28,18.1963],[122.2664,18.1858],[122.2642,18.1787],[122.267,18.1747],[122.2637,18.1728],[122.2633,18.1692],[122.0044,18.1986],[121.9736,18.2035],[121.9727,18.2159]]]]},"properties":{"ADM3_EN":"Gonzaga","name":"Gonzaga","ADM3_PCODE":"PH21514000","psgc_code":"21514000","ADM2_EN":"Cagayan","ADM2_PCODE":"PH2151","ADM1_EN":"Northern Luzon (Regions I & II)","ADM1_PCODE":"PH01","ADM0_EN":"Philippines (the)","ADM0_PCODE":"PH","region_key":"ilocos_cagayan","province_key":"cagayan","type":"Municipality"}},{"type":"Feature","geometry":{"type":"MultiPolygon","coordinates":[[[[121.7853,17.7019],[121.7823,17.6876],[121.7432,17.6889],[121.7362,17.6959],[121.7296,17.7067],[121.7353,17.7215],[121.7327,17.7269],[121.7262,17.7288],[121.7202,17.7271],[121.7088,17.7205],[121.7032,17.7218],[121.7028,17.7201],[121.7011,17.7206],[121.6978,17.7258],[121.6993,17.725],[121.6977,17.7308],[121.7012,17.737],[121.7056,17.7403],[121.7113,17.7416],[121.7234,17.7403],[121.7302,17.7412],[121.7334,17.7452],[121.7329,17.7533],[121.7294,17.7602],[121.7213,17.7692],[121.7108,17.7735],[121.6985,17.7752],[121.6895,17.7798],[121.6756,17.8028],[121.6766,17.8069],[121.6819,17.8101],[121.6857,17.8099],[121.6948,17.8046],[121.701,17.7986],[121.7067,17.7967],[121.7126,17.7974],[121.7137,17.7993],[121.724,17.8006],[121.7997,17.7982],[121.7873,17.733],[121.7841,17.7073],[121.7853,17.7019]]]]},"properties":{"ADM3_EN":"Iguig","name":"Iguig","ADM3_PCODE":"PH21515000","psgc_code":"21515000","ADM2_EN":"Cagayan","ADM2_PCODE":"PH2151","ADM1_EN":"Northern Luzon (Regions I & II)","ADM1_PCODE":"PH01","ADM0_EN":"Philippines (the)","ADM0_PCODE":"PH","region_key":"ilocos_cagayan","province_key":"cagayan","type":"Municipality"}},{"type":"Feature","geometry":{"type":"MultiPolygon","coordinates":[[[[121.7323,18.2408],[121.7456,18.2394],[121.7483,18.2351],[121.7585,18.2278],[121.7686,18.2241],[121.7809,18.2219],[121.892,18.2158],[121.9126,18.2111],[122.0044,18.1986],[122.2633,18.1692],[122.2575,18.1662],[122.2531,18.1672],[122.2521,18.1644],[122.2487,18.1619],[122.2413,18.1625],[122.2398,18.1593],[122.2363,18.1607],[122.2356,18.1589],[122.2304,18.1575],[122.2274,18.1543],[122.2169,18.1522],[122.2155,18.1455],[122.2088,18.144],[122.2079,18.1397],[122.2056,18.138],[122.2061,18.1356],[122.2038,18.1342],[122.2042,18.1316],[122.2012,18.1321],[122.1999,18.1307],[122.1978,18.1255],[122.1985,18.1217],[122.195,18.1172],[122.1909,18.1155],[122.1858,18.1183],[122.1814,18.1161],[122.18,18.1137],[122.0657,18.1091],[121.8654,18.1045],[121.8012,18.1038],[121.7706,18.1055],[121.6979,18.1031],[121.6477,18.1056],[121.5459,18.1057],[121.5526,18.1231],[121.5523,18.1295],[121.5906,18.1389],[121.6006,18.179],[121.6176,18.2097],[121.6211,18.2196],[121.6191,18.2449],[121.7153,18.2403],[121.7323,18.2408]]]]},"properties":{"ADM3_EN":"Lal-Lo","name":"Lal-Lo","ADM3_PCODE":"PH21516000","psgc_code":"21516000","ADM2_EN":"Cagayan","ADM2_PCODE":"PH2151","ADM1_EN":"Northern Luzon (Regions I & II)","ADM1_PCODE":"PH01","ADM0_EN":"Philippines (the)","ADM0_PCODE":"PH","region_key":"ilocos_cagayan","province_key":"cagayan","type":"Municipality"}},{"type":"Feature","geometry":{"type":"MultiPolygon","coordinates":[[[[121.5798,18.0159],[121.5779,18.0047],[121.5784,17.9875],[121.5464,17.9889],[121.5262,17.9863],[121.5036,17.9981],[121.475,18.0096],[121.4734,18.0075],[121.4669,18.0068],[121.4602,18.0107],[121.4271,18.0378],[121.4609,18.0504],[121.4644,18.0844],[121.4714,18.1064],[121.654,18.1055],[121.638,18.081],[121.636,18.0626],[121.6308,18.0529],[121.6267,18.0374],[121.612,18.0213],[121.6064,18.0089],[121.5987,18.0104],[121.602,18.0158],[121.6,18.0181],[121.5969,18.0171],[121.5875,18.0214],[121.5878,18.019],[121.5863,18.0186],[121.5844,18.0209],[121.5825,18.0193],[121.5829,18.0164],[121.5798,18.0159]]]]},"properties":{"ADM3_EN":"Lasam","name":"Lasam","ADM3_PCODE":"PH21517000","psgc_code":"21517000","ADM2_EN":"Cagayan","ADM2_PCODE":"PH2151","ADM1_EN":"Northern Luzon (Regions I & II)","ADM1_PCODE":"PH01","ADM0_EN":"Philippines (the)","ADM0_PCODE":"PH","region_key":"ilocos_cagayan","province_key":"cagayan","type":"Municipality"}},{"type":"Feature","geometry":{"type":"MultiPolygon","coordinates":[[[[121.3509,18.3691],[121.3187,18.3887],[121.2856,18.3901],[121.249,18.4307],[121.2404,18.4313],[121.247,18.4487],[121.2594,18.4708],[121.2637,18.4818],[121.2698,18.4983],[121.2727,18.5261],[121.2778,18.5316],[121.2816,18.5421],[121.314,18.5206],[121.3381,18.5079],[121.3491,18.5028],[121.3543,18.5021],[121.3618,18.4964],[121.364,18.4984],[121.3928,18.4858],[121.3783,18.4842],[121.3783,18.4828],[121.3939,18.4834],[121.3894,18.472],[121.3892,18.4658],[121.3866,18.4606],[121.3863,18.4521],[121.3822,18.4403],[121.3854,18.4362],[121.3895,18.4341],[121.4004,18.4379],[121.4062,18.4315],[121.4048,18.4225],[121.4077,18.416],[121.4031,18.411],[121.3984,18.3991],[121.3998,18.3946],[121.3727,18.3571],[121.3509,18.3691]]]]},"properties":{"ADM3_EN":"Pamplona","name":"Pamplona","ADM3_PCODE":"PH21518000","psgc_code":"21518000","ADM2_EN":"Cagayan","ADM2_PCODE":"PH2151","ADM1_EN":"Northern Luzon (Regions I & II)","ADM1_PCODE":"PH01","ADM0_EN":"Philippines (the)","ADM0_PCODE":"PH","region_key":"ilocos_cagayan","province_key":"cagayan","type":"Municipality"}},{"type":"Feature","geometry":{"type":"MultiPolygon","coordinates":[[[[121.8895,17.8219],[122.1574,17.8192],[122.1554,17.8134],[122.152,17.8094],[122.1433,17.8058],[122.1415,17.8031],[122.1422,17.7989],[122.1374,17.7949],[122.138,17.7891],[122.14,17.7883],[122.1402,17.7864],[122.1383,17.7834],[122.1402,17.7809],[122.1385,17.7796],[122.1416,17.7778],[122.1451,17.7701],[122.1419,17.7672],[122.1451,17.7654],[122.1492,17.755],[122.145,17.7483],[122.1442,17.7389],[122.1472,17.7364],[122.1469,17.735],[122.1509,17.7328],[122.15,17.7284],[122.152,17.7212],[122.1622,17.7106],[122.1577,17.7059],[122.1595,17.7036],[122.1644,17.7045],[122.1685,17.6986],[122.1619,17.6925],[122.1603,17.6867],[122.1561,17.6822],[122.1572,17.6789],[122.1607,17.6783],[122.1602,17.6757],[122.1629,17.676],[122.165,17.6744],[122.164,17.6699],[122.1672,17.6691],[122.1652,17.6651],[122.1653,17.6597],[122.1625,17.6552],[122.165,17.6492],[122.1644,17.6461],[122.1663,17.6449],[122.1636,17.642],[122.1636,17.6397],[122.1671,17.6334],[122.1625,17.6214],[122.1628,17.6114],[122.1672,17.5964],[122.1741,17.5809],[122.1775,17.5792],[122.1814,17.58],[122.1778,17.5739],[122.18,17.5731],[122.178,17.5692],[122.1807,17.5666],[122.1807,17.5641],[122.1847,17.5644],[122.1846,17.5623],[122.1878,17.5606],[122.1861,17.5547],[122.19,17.5506],[122.1905,17.5479],[122.1347,17.5402],[122.0099,17.5396],[121.8515,17.535],[121.8413,17.5297],[121.83,17.5582],[121.8105,17.5847],[121.7987,17.5966],[121.784,17.6169],[121.7724,17.6287],[121.7666,17.6389],[121.76,17.6411],[121.7823,17.6876],[121.7846,17.6962],[121.7841,17.7073],[121.7873,17.733],[121.7997,17.7982],[121.8286,17.8227],[121.8895,17.8219]]]]},"properties":{"ADM3_EN":"Peñablanca","name":"Peñablanca","ADM3_PCODE":"PH21519000","psgc_code":"21519000","ADM2_EN":"Cagayan","ADM2_PCODE":"PH2151","ADM1_EN":"Northern Luzon (Regions I & II)","ADM1_PCODE":"PH01","ADM0_EN":"Philippines (the)","ADM0_PCODE":"PH","region_key":"ilocos_cagayan","province_key":"cagayan","type":"Municipality"}},{"type":"Feature","geometry":{"type":"MultiPolygon","coordinates":[[[[121.572,17.7076],[121.5657,17.7049],[121.5426,17.7123],[121.523,17.7224],[121.5147,17.732],[121.5124,17.7379],[121.4976,17.7383],[121.5018,17.7469],[121.5005,17.7514],[121.4867,17.7545],[121.4768,17.7589],[121.4724,17.7633],[121.4717,17.7719],[121.459,17.772],[121.4392,17.7635],[121.4535,17.7993],[121.4574,17.7986],[121.4734,17.8026],[121.4701,17.8347],[121.4677,17.8381],[121.4761,17.8457],[121.4929,17.8494],[121.4984,17.859],[121.5032,17.8617],[121.5078,17.8622],[121.5146,17.858],[121.5198,17.8282],[121.5232,17.8204],[121.5256,17.8067],[121.5293,17.8015],[121.6186,17.7723],[121.6195,17.7503],[121.6187,17.7457],[121.6154,17.7421],[121.6194,17.7365],[121.6183,17.7348],[121.6199,17.7318],[121.6179,17.7266],[121.5869,17.7352],[121.5951,17.6891],[121.572,17.7076]]]]},"properties":{"ADM3_EN":"Piat","name":"Piat","ADM3_PCODE":"PH21520000","psgc_code":"21520000","ADM2_EN":"Cagayan","ADM2_PCODE":"PH2152","ADM1_EN":"Northern Luzon (Regions I & II)","ADM1_PCODE":"PH01","ADM0_EN":"Philippines (the)","ADM0_PCODE":"PH","region_key":"ilocos_cagayan","province_key":"cagayan","type":"Municipality"}},{"type":"Feature","geometry":{"type":"MultiPolygon","coordinates":[[[[121.3668,17.8022],[121.3627,17.8066],[121.328,17.803],[121.3237,17.8067],[121.3136,17.8107],[121.3121,17.8144],[121.3078,17.8167],[121.3198,17.8169],[121.318,17.8218],[121.3195,17.8248],[121.3176,17.8296],[121.3251,17.8263],[121.3256,17.8454],[121.337,17.864],[121.3373,17.8666],[121.3483,17.882],[121.3537,17.9049],[121.362,17.9245],[121.3837,17.9289],[121.4049,17.9294],[121.412,17.9254],[121.4129,17.917],[121.3972,17.8856],[121.3966,17.8796],[121.3989,17.8715],[121.4255,17.8599],[121.452,17.8428],[121.459,17.8412],[121.4661,17.8361],[121.4677,17.8381],[121.4701,17.8347],[121.4734,17.8026],[121.4574,17.7986],[121.4535,17.7993],[121.4392,17.7635],[121.4348,17.7624],[121.4179,17.7519],[121.3668,17.8022]]]]},"properties":{"ADM3_EN":"Rizal","name":"Rizal","ADM3_PCODE":"PH21521000","psgc_code":"21521000","ADM2_EN":"Cagayan","ADM2_PCODE":"PH2152","ADM1_EN":"Northern Luzon (Regions I & II)","ADM1_PCODE":"PH01","ADM0_EN":"Philippines (the)","ADM0_PCODE":"PH","region_key":"ilocos_cagayan","province_key":"cagayan","type":"Municipality"}},{"type":"Feature","geometry":{"type":"MultiPolygon","coordinates":[[[[121.2351,18.5774],[121.2459,18.5691],[121.2393,18.5773],[121.2816,18.5421],[121.2778,18.5316],[121.2727,18.5261],[121.2698,18.4983],[121.2637,18.4818],[121.2594,18.4708],[121.247,18.4487],[121.2404,18.4313],[121.1266,18.4734],[121.1494,18.5248],[121.1567,18.5451],[121.1544,18.5673],[121.1483,18.5808],[121.1548,18.5889],[121.1587,18.5908],[121.1579,18.5947],[121.16,18.5942],[121.1609,18.5975],[121.1573,18.6004],[121.1624,18.6095],[121.1608,18.6098],[121.1606,18.614],[121.1629,18.614],[121.1632,18.6152],[121.161,18.6151],[121.1573,18.6186],[121.1493,18.6168],[121.1565,18.6232],[121.1949,18.6096],[121.2088,18.6009],[121.2381,18.5778],[121.2322,18.5793],[121.2351,18.5774]]]]},"properties":{"ADM3_EN":"Sanchez-Mira","name":"Sanchez-Mira","ADM3_PCODE":"PH21522000","psgc_code":"21522000","ADM2_EN":"Cagayan","ADM2_PCODE":"PH2152","ADM1_EN":"Northern Luzon (Regions I & II)","ADM1_PCODE":"PH01","ADM0_EN":"Philippines (the)","ADM0_PCODE":"PH","region_key":"ilocos_cagayan","province_key":"cagayan","type":"Municipality"}},{"type":"Feature","geometry":{"type":"MultiPolygon","coordinates":[[[[122.33,18.2477],[122.3272,18.2456],[122.3253,18.2471],[122.3263,18.2482],[122.33,18.2477]]],[[[122.1475,18.4797],[122.1478,18.4892],[122.15,18.4956],[122.1468,18.507],[122.1543,18.5114],[122.1606,18.5111],[122.1622,18.5141],[122.1589,18.5161],[122.1644,18.5211],[122.1727,18.5199],[122.1784,18.515],[122.1836,18.517],[122.1869,18.5208],[122.1917,18.5172],[122.1911,18.5153],[122.1883,18.5158],[122.1903,18.5119],[122.1936,18.5128],[122.1922,18.5147],[122.1936,18.5172],[122.1961,18.5158],[122.1961,18.5114],[122.1989,18.512],[122.2008,18.5153],[122.2109,18.5153],[122.2144,18.5182],[122.215,18.5206],[122.2239,18.5223],[122.2328,18.5188],[122.2384,18.5133],[122.2465,18.4904],[122.2404,18.4757],[122.2431,18.4693],[122.2504,18.4595],[122.2495,18.4494],[122.253,18.4465],[122.2566,18.447],[122.2588,18.4436],[122.2572,18.4389],[122.2595,18.4354],[122.263,18.4338],[122.2622,18.4298],[122.2751,18.4233],[122.2764,18.4172],[122.2958,18.4106],[122.3028,18.3953],[122.3028,18.3922],[122.3052,18.3942],[122.3089,18.3914],[122.3092,18.3958],[122.3139,18.3922],[122.3147,18.3894],[122.3136,18.3861],[122.3114,18.3851],[122.3116,18.3808],[122.3198,18.3801],[122.3228,18.3707],[122.3253,18.3683],[122.3244,18.3633],[122.3275,18.3573],[122.3278,18.3499],[122.3252,18.3479],[122.3247,18.3432],[122.3268,18.3402],[122.3265,18.3365],[122.3301,18.3346],[122.333,18.33],[122.3345,18.3228],[122.3303,18.3169],[122.3347,18.3128],[122.3386,18.312],[122.3389,18.3081],[122.335,18.3067],[122.3316,18.2996],[122.3327,18.2974],[122.3277,18.2918],[122.3305,18.2887],[122.3302,18.2863],[122.3343,18.2837],[122.3316,18.2791],[122.3326,18.2763],[122.3233,18.2619],[122.3225,18.2581],[122.3197,18.2556],[122.3206,18.2478],[122.3155,18.2431],[122.3101,18.242],[122.3065,18.239],[122.3053,18.2356],[122.3075,18.2319],[122.3052,18.2323],[122.306,18.2334],[122.116,18.3734],[122.1297,18.3814],[122.131,18.3838],[122.1296,18.3854],[122.1313,18.3912],[122.1254,18.3969],[122.1248,18.4025],[122.1265,18.4063],[122.1321,18.41],[122.1325,18.414],[122.1247,18.4223],[122.1253,18.4291],[122.1272,18.4322],[122.1272,18.4381],[122.1294,18.4394],[122.1377,18.454],[122.1414,18.4642],[122.1442,18.4647],[122.1431,18.4683],[122.1475,18.4797]]],[[[122.1361,18.51],[122.138,18.5089],[122.1339,18.5022],[122.1308,18.5078],[122.1317,18.5128],[122.1361,18.51]]],[[[122.1358,18.5808],[122.1386,18.5814],[122.145,18.5781],[122.15,18.5806],[122.1544,18.5797],[122.1561,18.5811],[122.1575,18.5797],[122.1536,18.5756],[122.155,18.572],[122.1606,18.5697],[122.1564,18.5675],[122.1581,18.555],[122.1553,18.5489],[122.1564,18.5447],[122.1528,18.5445],[122.15,18.5417],[122.1461,18.5336],[122.1486,18.5278],[122.152,18.526],[122.1542,18.5222],[122.1492,18.5206],[122.1506,18.517],[122.1478,18.5139],[122.1422,18.52],[122.1339,18.5186],[122.115,18.5006],[122.1133,18.5019],[122.1133,18.5047],[122.1169,18.5106],[122.1144,18.5136],[122.1153,18.515],[122.1139,18.5175],[122.1175,18.5208],[122.1153,18.5233],[122.1178,18.5267],[122.1161,18.5289],[122.1203,18.5314],[122.1164,18.5364],[122.1256,18.5422],[122.1258,18.5461],[122.1239,18.5478],[122.1181,18.5442],[122.1108,18.5486],[122.1114,18.5519],[122.1133,18.5533],[122.1117,18.555],[122.1122,18.5628],[122.1175,18.5631],[122.1153,18.5683],[122.1214,18.5694],[122.1203,18.5725],[122.1217,18.5736],[122.1253,18.5731],[122.1272,18.5753],[122.13,18.5742],[122.1328,18.5756],[122.1378,18.5742],[122.1394,18.5764],[122.1325,18.5814],[122.1342,18.5822],[122.1358,18.5808]]],[[[122.1369,18.5869],[122.138,18.5875],[122.14,18.5853],[122.1385,18.5843],[122.1369,18.5869]]],[[[122.1403,18.5889],[122.1372,18.5903],[122.1428,18.5936],[122.1428,18.5914],[122.1403,18.5889]]]]},"properties":{"ADM3_EN":"Santa Ana","name":"Santa Ana","ADM3_PCODE":"PH21523000","psgc_code":"21523000","ADM2_EN":"Cagayan","ADM2_PCODE":"PH2152","ADM1_EN":"Northern Luzon (Regions I & II)","ADM1_PCODE":"PH01","ADM0_EN":"Philippines (the)","ADM0_PCODE":"PH","region_key":"ilocos_cagayan","province_key":"cagayan","type":"Municipality"}},{"type":"Feature","geometry":{"type":"MultiPolygon","coordinates":[[[[120.9722,18.4538],[120.9611,18.4475],[120.9685,18.5109],[120.9745,18.5422],[120.9793,18.5807],[120.9728,18.5823],[120.9792,18.5861],[120.9831,18.5933],[120.9892,18.5992],[120.9921,18.5993],[120.9969,18.5964],[120.998,18.5989],[121.0,18.5944],[121.0014,18.5948],[121.0081,18.5993],[121.0236,18.606],[121.0278,18.6104],[121.0278,18.6166],[121.0367,18.6204],[121.0368,18.6165],[121.0442,18.6128],[121.0345,18.595],[121.0231,18.559],[121.0118,18.5522],[121.0088,18.5486],[121.0061,18.5402],[121.0422,18.5196],[121.0395,18.5061],[121.0241,18.4998],[121.0033,18.4673],[120.9722,18.4538]]]]},"properties":{"ADM3_EN":"Santa Praxedes","name":"Santa Praxedes","ADM3_PCODE":"PH21524000","psgc_code":"21524000","ADM2_EN":"Cagayan","ADM2_PCODE":"PH2152","ADM1_EN":"Northern Luzon (Regions I & II)","ADM1_PCODE":"PH01","ADM0_EN":"Philippines (the)","ADM0_PCODE":"PH","region_key":"ilocos_cagayan","province_key":"cagayan","type":"Municipality"}},{"type":"Feature","geometry":{"type":"MultiPolygon","coordinates":[[[[121.9304,18.2597],[121.9366,18.2536],[121.9378,18.2465],[121.9409,18.2478],[121.9444,18.2432],[121.9474,18.2433],[121.9484,18.2413],[121.9518,18.2442],[121.9569,18.2435],[121.964,18.2399],[121.9681,18.2412],[121.9656,18.2376],[121.9668,18.2342],[121.9726,18.2358],[121.9754,18.2242],[121.9728,18.2188],[121.9736,18.2035],[121.9126,18.2111],[121.892,18.2158],[121.8459,18.2181],[121.8445,18.2206],[121.8458,18.248],[121.857,18.2472],[121.8625,18.2558],[121.8682,18.2564],[121.872,18.26],[121.8711,18.2652],[121.8759,18.2701],[121.8852,18.2673],[121.8892,18.2689],[121.8998,18.2607],[121.9053,18.2625],[121.8997,18.2622],[121.8972,18.2647],[121.9039,18.2681],[121.9252,18.2673],[121.9285,18.2641],[121.9284,18.2608],[121.9304,18.2597]]]]},"properties":{"ADM3_EN":"Santa Teresita","name":"Santa Teresita","ADM3_PCODE":"PH21525000","psgc_code":"21525000","ADM2_EN":"Cagayan","ADM2_PCODE":"PH2152","ADM1_EN":"Northern Luzon (Regions I & II)","ADM1_PCODE":"PH01","ADM0_EN":"Philippines (the)","ADM0_PCODE":"PH","region_key":"ilocos_cagayan","province_key":"cagayan","type":"Municipality"}},{"type":"Feature","geometry":{"type":"MultiPolygon","coordinates":[[[[121.5833,17.8202],[121.5719,17.7881],[121.5293,17.8015],[121.5256,17.8067],[121.5232,17.8204],[121.5198,17.8282],[121.5146,17.858],[121.5078,17.8622],[121.504,17.8621],[121.4984,17.859],[121.4929,17.8494],[121.4752,17.8453],[121.4667,17.8361],[121.459,17.8412],[121.452,17.8428],[121.4255,17.8599],[121.3989,17.8715],[121.3966,17.8796],[121.3972,17.8856],[121.4123,17.915],[121.4133,17.9204],[121.412,17.9254],[121.4049,17.9294],[121.3971,17.9298],[121.3837,17.9289],[121.362,17.9245],[121.3682,17.9392],[121.4154,18.0311],[121.4271,18.0378],[121.4602,18.0107],[121.4669,18.0068],[121.4734,18.0075],[121.475,18.0096],[121.5036,17.9981],[121.5262,17.9863],[121.5464,17.9889],[121.5776,17.9871],[121.5789,17.9902],[121.5779,18.0047],[121.5799,18.0166],[121.5829,18.0164],[121.5825,18.0193],[121.5844,18.0209],[121.5863,18.0186],[121.5878,18.019],[121.5875,18.0214],[121.5969,18.0171],[121.6,18.0181],[121.602,18.0158],[121.5987,18.0104],[121.6064,18.0089],[121.6017,18.0001],[121.6015,17.9804],[121.6061,17.9763],[121.6123,17.9668],[121.627,17.9602],[121.6357,17.9618],[121.6501,17.9679],[121.6549,17.966],[121.6547,17.9561],[121.6406,17.9445],[121.6356,17.9445],[121.6333,17.942],[121.6236,17.9463],[121.616,17.9182],[121.5833,17.8202]]]]},"properties":{"ADM3_EN":"Santo Niño","name":"Santo Niño","ADM3_PCODE":"PH21526000","psgc_code":"21526000","ADM2_EN":"Cagayan","ADM2_PCODE":"PH2152","ADM1_EN":"Northern Luzon (Regions I & II)","ADM1_PCODE":"PH01","ADM0_EN":"Philippines (the)","ADM0_PCODE":"PH","region_key":"ilocos_cagayan","province_key":"cagayan","type":"Municipality"}},{"type":"Feature","geometry":{"type":"MultiPolygon","coordinates":[[[[121.6177,17.5859],[121.6195,17.5792],[121.6171,17.5669],[121.6197,17.5631],[121.6198,17.5588],[121.6168,17.548],[121.5733,17.5902],[121.5532,17.6121],[121.5968,17.675],[121.5869,17.7352],[121.6179,17.7266],[121.6199,17.7318],[121.6183,17.7348],[121.6194,17.7365],[121.6154,17.7421],[121.6187,17.7457],[121.6191,17.7593],[121.6324,17.7539],[121.6337,17.7563],[121.6486,17.7567],[121.6593,17.7521],[121.6725,17.75],[121.6919,17.7523],[121.7133,17.7519],[121.7058,17.7577],[121.7014,17.7592],[121.6906,17.7703],[121.6887,17.7763],[121.6895,17.7798],[121.6985,17.7752],[121.7108,17.7735],[121.7213,17.7692],[121.7317,17.7565],[121.7336,17.7469],[121.7328,17.743],[121.7292,17.7409],[121.7234,17.7403],[121.7113,17.7416],[121.7056,17.7403],[121.6986,17.7334],[121.6977,17.7299],[121.6993,17.725],[121.6978,17.7258],[121.7002,17.7215],[121.7028,17.7201],[121.7032,17.7218],[121.7084,17.7204],[121.7139,17.7224],[121.7224,17.728],[121.7262,17.7288],[121.7327,17.7269],[121.7353,17.7215],[121.7296,17.7067],[121.7362,17.6959],[121.7462,17.6863],[121.7465,17.6796],[121.7387,17.6768],[121.729,17.6777],[121.7188,17.6754],[121.7037,17.6643],[121.6991,17.6544],[121.6983,17.6417],[121.6955,17.6309],[121.6875,17.6103],[121.653,17.6211],[121.6479,17.6206],[121.641,17.6161],[121.6368,17.6154],[121.6217,17.6239],[121.6192,17.6237],[121.6186,17.6117],[121.6204,17.6044],[121.62,17.5954],[121.6168,17.5882],[121.6177,17.5859]]]]},"properties":{"ADM3_EN":"Solana","name":"Solana","ADM3_PCODE":"PH21527000","psgc_code":"21527000","ADM2_EN":"Cagayan","ADM2_PCODE":"PH2152","ADM1_EN":"Northern Luzon (Regions I & II)","ADM1_PCODE":"PH01","ADM0_EN":"Philippines (the)","ADM0_PCODE":"PH","region_key":"ilocos_cagayan","province_key":"cagayan","type":"Municipality"}},{"type":"Feature","geometry":{"type":"MultiPolygon","coordinates":[[[[121.5337,17.6247],[121.5237,17.6301],[121.5137,17.6467],[121.5118,17.6465],[121.5055,17.6529],[121.4957,17.6587],[121.4747,17.6753],[121.4693,17.6756],[121.4599,17.6681],[121.4572,17.6637],[121.4506,17.6614],[121.4472,17.6644],[121.4428,17.6641],[121.4402,17.6662],[121.4379,17.6722],[121.443,17.6898],[121.4346,17.7027],[121.4328,17.7064],[121.4325,17.7139],[121.4309,17.714],[121.4321,17.7242],[121.4298,17.731],[121.4316,17.7356],[121.4179,17.7519],[121.4348,17.7624],[121.459,17.772],[121.4717,17.7719],[121.4724,17.7633],[121.4768,17.7589],[121.4867,17.7545],[121.5005,17.7514],[121.5018,17.7469],[121.4976,17.7383],[121.5124,17.7379],[121.5147,17.732],[121.523,17.7224],[121.5426,17.7123],[121.5657,17.7049],[121.5735,17.7077],[121.5951,17.6891],[121.5968,17.675],[121.5532,17.6121],[121.5337,17.6247]]]]},"properties":{"ADM3_EN":"Tuao","name":"Tuao","ADM3_PCODE":"PH21528000","psgc_code":"21528000","ADM2_EN":"Cagayan","ADM2_PCODE":"PH2152","ADM1_EN":"Northern Luzon (Regions I & II)","ADM1_PCODE":"PH01","ADM0_EN":"Philippines (the)","ADM0_PCODE":"PH","region_key":"ilocos_cagayan","province_key":"cagayan","type":"Municipality"}},{"type":"Feature","geometry":{"type":"MultiPolygon","coordinates":[[[[121.787,17.5386],[121.7833,17.5475],[121.776,17.558],[121.76,17.5704],[121.7541,17.5786],[121.7481,17.5899],[121.7484,17.6051],[121.7464,17.6082],[121.7418,17.6096],[121.7374,17.6084],[121.7259,17.5972],[121.716,17.5966],[121.7095,17.5882],[121.6996,17.5825],[121.6914,17.5838],[121.6854,17.589],[121.6852,17.6018],[121.6874,17.612],[121.6963,17.6336],[121.6991,17.6544],[121.7019,17.6616],[121.7105,17.6701],[121.7188,17.6754],[121.729,17.6777],[121.7387,17.6768],[121.7465,17.6796],[121.7462,17.6863],[121.7432,17.6889],[121.7449,17.6897],[121.7823,17.6876],[121.76,17.6411],[121.7666,17.6389],[121.7724,17.6287],[121.784,17.6169],[121.7987,17.5966],[121.8105,17.5847],[121.83,17.5582],[121.8413,17.5297],[121.8211,17.5181],[121.7932,17.5178],[121.787,17.5386]]]]},"properties":{"ADM3_EN":"Tuguegarao City","name":"Tuguegarao City","ADM3_PCODE":"PH21529000","psgc_code":"21529000","ADM2_EN":"Cagayan","ADM2_PCODE":"PH2152","ADM1_EN":"Northern Luzon (Regions I & II)","ADM1_PCODE":"PH01","ADM0_EN":"Philippines (the)","ADM0_PCODE":"PH","region_key":"ilocos_cagayan","province_key":"cagayan","type":"City"}},{"type":"Feature","geometry":{"type":"MultiPolygon","coordinates":[[[[120.9611,18.4475],[120.9616,18.4303],[120.9523,18.4126],[120.9461,18.3963],[120.9424,18.3645],[120.9321,18.3771],[120.887,18.4047],[120.8743,18.4187],[120.8632,18.4249],[120.8696,18.4522],[120.8756,18.4673],[120.8825,18.4787],[120.9017,18.4993],[120.9239,18.5128],[120.9598,18.5157],[120.9694,18.5151],[120.9611,18.4475]]]]},"properties":{"ADM3_EN":"Adams","name":"Adams","ADM3_PCODE":"PH12801000","psgc_code":"12801000","ADM2_EN":"Ilocos Norte","ADM2_PCODE":"PH1280","ADM1_EN":"Northern Luzon (Regions I & II)","ADM1_PCODE":"PH01","ADM0_EN":"Philippines (the)","ADM0_PCODE":"PH","region_key":"ilocos_cagayan","province_key":"ilocos_norte","type":"Municipality"}},{"type":"Feature","geometry":{"type":"MultiPolygon","coordinates":[[[[120.6402,18.2557],[120.6247,18.2227],[120.6236,18.2228],[120.5941,18.2336],[120.5844,18.2501],[120.5628,18.2664],[120.565,18.2708],[120.5672,18.2694],[120.5669,18.2742],[120.5692,18.275],[120.5669,18.2772],[120.5711,18.2825],[120.5761,18.2786],[120.5739,18.2842],[120.5764,18.2869],[120.6606,18.2952],[120.6402,18.2557]]]]},"properties":{"ADM3_EN":"Bacarra","name":"Bacarra","ADM3_PCODE":"PH12802000","psgc_code":"12802000","ADM2_EN":"Ilocos Norte","ADM2_PCODE":"PH1280","ADM1_EN":"Northern Luzon (Regions I & II)","ADM1_PCODE":"PH01","ADM0_EN":"Philippines (the)","ADM0_PCODE":"PH","region_key":"ilocos_cagayan","province_key":"ilocos_norte","type":"Municipality"}},{"type":"Feature","geometry":{"type":"MultiPolygon","coordinates":[[[[120.5433,17.9191],[120.5511,17.9238],[120.5652,17.9214],[120.583,17.9168],[120.5898,17.9109],[120.5675,17.8963],[120.5638,17.887],[120.5624,17.8724],[120.5583,17.8651],[120.5467,17.8532],[120.5336,17.8439],[120.5325,17.8814],[120.5302,17.8864],[120.525,17.8916],[120.5173,17.8941],[120.4822,17.899],[120.471,17.895],[120.4599,17.8969],[120.4472,17.9043],[120.4389,17.9011],[120.435,17.9058],[120.432,17.9069],[120.4292,17.9155],[120.4339,17.9183],[120.4383,17.9175],[120.4403,17.9197],[120.4389,17.9236],[120.4403,17.9278],[120.4439,17.9317],[120.4481,17.9303],[120.4517,17.9317],[120.4661,17.9433],[120.4714,17.9508],[120.4744,17.9597],[120.4742,17.9628],[120.4708,17.9672],[120.4742,17.9681],[120.4744,17.9764],[120.4767,17.9772],[120.4778,17.9772],[120.4759,17.9696],[120.4816,17.9543],[120.4848,17.9539],[120.4863,17.9499],[120.5003,17.9478],[120.5076,17.9396],[120.508,17.9361],[120.5142,17.9353],[120.514,17.9244],[120.5159,17.9213],[120.5277,17.9203],[120.5389,17.913],[120.5433,17.9191]]],[[[120.4108,17.9164],[120.4128,17.9239],[120.4176,17.9245],[120.4165,17.9187],[120.4119,17.9144],[120.4108,17.9164]]],[[[120.4686,17.9686],[120.4693,17.9697],[120.4706,17.9689],[120.4703,17.9675],[120.4686,17.9686]]]]},"properties":{"ADM3_EN":"Badoc","name":"Badoc","ADM3_PCODE":"PH12803000","psgc_code":"12803000","ADM2_EN":"Ilocos Norte","ADM2_PCODE":"PH1280","ADM1_EN":"Northern Luzon (Regions I & II)","ADM1_PCODE":"PH01","ADM0_EN":"Philippines (the)","ADM0_PCODE":"PH","region_key":"ilocos_cagayan","province_key":"ilocos_norte","type":"Municipality"}},{"type":"Feature","geometry":{"type":"MultiPolygon","coordinates":[[[[120.7999,18.5172],[120.7965,18.5086],[120.7961,18.4785],[120.7923,18.4388],[120.7921,18.4284],[120.7942,18.4153],[120.737,18.3883],[120.7215,18.3838],[120.7191,18.3932],[120.7066,18.4231],[120.7168,18.4608],[120.7076,18.4828],[120.703,18.5161],[120.6943,18.5267],[120.6944,18.5297],[120.7265,18.5286],[120.742,18.5311],[120.7564,18.5358],[120.7689,18.5445],[120.7722,18.5431],[120.7707,18.5473],[120.7741,18.55],[120.7825,18.5459],[120.7833,18.5423],[120.7908,18.535],[120.8024,18.5339],[120.8169,18.5362],[120.8293,18.5362],[120.8427,18.524],[120.8312,18.5254],[120.8187,18.5319],[120.8086,18.5293],[120.7999,18.5172]]]]},"properties":{"ADM3_EN":"Bangui","name":"Bangui","ADM3_PCODE":"PH12804000","psgc_code":"12804000","ADM2_EN":"Ilocos Norte","ADM2_PCODE":"PH1280","ADM1_EN":"Northern Luzon (Regions I & II)","ADM1_PCODE":"PH01","ADM0_EN":"Philippines (the)","ADM0_PCODE":"PH","region_key":"ilocos_cagayan","province_key":"ilocos_norte","type":"Municipality"}},{"type":"Feature","geometry":{"type":"MultiPolygon","coordinates":[[[[120.6918,17.9447],[120.689,17.9402],[120.6776,17.9323],[120.6632,17.9266],[120.6528,17.9251],[120.6242,17.9359],[120.6085,17.9508],[120.6,17.9563],[120.6069,17.9681],[120.6128,17.9865],[120.6157,17.9893],[120.6215,18.0154],[120.6199,18.0283],[120.6233,18.0318],[120.6282,18.0353],[120.6647,18.0097],[120.6765,18.0136],[120.6823,18.0136],[120.6872,18.0097],[120.6919,17.9982],[120.7051,17.9909],[120.7179,17.98],[120.7198,17.977],[120.7064,17.9663],[120.6963,17.9493],[120.6918,17.9447]]]]},"properties":{"ADM3_EN":"Banna","name":"Banna","ADM3_PCODE":"PH12811000","psgc_code":"12811000","ADM2_EN":"Ilocos Norte","ADM2_PCODE":"PH1281","ADM1_EN":"Northern Luzon (Regions I & II)","ADM1_PCODE":"PH01","ADM0_EN":"Philippines (the)","ADM0_PCODE":"PH","region_key":"ilocos_cagayan","province_key":"ilocos_norte","type":"Municipality"}},{"type":"Feature","geometry":{"type":"MultiPolygon","coordinates":[[[[120.6259,18.0606],[120.6218,18.0525],[120.6192,18.0415],[120.6215,18.0154],[120.6157,17.9893],[120.6128,17.9865],[120.6069,17.9681],[120.6,17.9563],[120.6017,17.9413],[120.5922,17.9481],[120.5806,17.9598],[120.5781,17.9648],[120.5763,17.9779],[120.573,17.9807],[120.5602,17.9817],[120.526,17.9803],[120.5247,17.9838],[120.5211,17.9867],[120.519,17.993],[120.521,17.9949],[120.5231,17.9944],[120.5259,18.0097],[120.5251,18.0129],[120.5271,18.0184],[120.5338,18.0302],[120.5461,18.0429],[120.5506,18.0568],[120.5518,18.0762],[120.5488,18.0887],[120.551,18.1051],[120.5503,18.1106],[120.5569,18.1205],[120.5574,18.124],[120.5779,18.1199],[120.586,18.1167],[120.591,18.1112],[120.6023,18.1062],[120.6051,18.1073],[120.6084,18.1119],[120.6167,18.1],[120.6192,18.0849],[120.6261,18.0726],[120.6259,18.0606]]]]},"properties":{"ADM3_EN":"Batac City","name":"Batac City","ADM3_PCODE":"PH12805000","psgc_code":"12805000","ADM2_EN":"Ilocos Norte","ADM2_PCODE":"PH1280","ADM1_EN":"Northern Luzon (Regions I & II)","ADM1_PCODE":"PH01","ADM0_EN":"Philippines (the)","ADM0_PCODE":"PH","region_key":"ilocos_cagayan","province_key":"ilocos_norte","type":"City"}},{"type":"Feature","geometry":{"type":"MultiPolygon","coordinates":[[[[120.7063,18.3809],[120.6956,18.3801],[120.6809,18.3822],[120.6708,18.3876],[120.65,18.4174],[120.614,18.455],[120.5902,18.4723],[120.5628,18.4861],[120.5625,18.4925],[120.5692,18.4978],[120.5736,18.5056],[120.5778,18.5086],[120.5819,18.5083],[120.5828,18.51],[120.5808,18.5133],[120.5828,18.5161],[120.59,18.5153],[120.5989,18.5181],[120.6022,18.5219],[120.6025,18.525],[120.6089,18.5306],[120.6125,18.5303],[120.6136,18.5356],[120.6211,18.5445],[120.6261,18.5464],[120.6289,18.5453],[120.6375,18.5472],[120.6406,18.5419],[120.6436,18.5414],[120.6464,18.5386],[120.6589,18.5389],[120.6614,18.5369],[120.6617,18.5347],[120.6647,18.535],[120.6689,18.5317],[120.6944,18.5297],[120.6943,18.5267],[120.703,18.5161],[120.7076,18.4828],[120.7168,18.4608],[120.7066,18.4231],[120.7191,18.3932],[120.7215,18.3838],[120.7138,18.3811],[120.7063,18.3809]]]]},"properties":{"ADM3_EN":"Burgos","name":"Burgos","ADM3_PCODE":"PH12806000","psgc_code":"12806000","ADM2_EN":"Ilocos Norte","ADM2_PCODE":"PH1280","ADM1_EN":"Northern Luzon (Regions I & II)","ADM1_PCODE":"PH01","ADM0_EN":"Philippines (the)","ADM0_PCODE":"PH","region_key":"ilocos_cagayan","province_key":"ilocos_norte","type":"Municipality"}},{"type":"Feature","geometry":{"type":"MultiPolygon","coordinates":[[[[120.849,18.1599],[120.8129,18.1579],[120.7835,18.1634],[120.8354,18.2214],[120.8095,18.2503],[120.8203,18.2573],[120.8386,18.2628],[120.8537,18.2771],[120.8772,18.292],[120.9001,18.301],[120.9199,18.3048],[120.9282,18.3047],[120.9411,18.3029],[120.95,18.2995],[120.9537,18.2445],[120.9589,18.1987],[120.9419,18.1903],[120.8808,18.1701],[120.8623,18.1614],[120.849,18.1599]]]]},"properties":{"ADM3_EN":"Carasi","name":"Carasi","ADM3_PCODE":"PH12807000","psgc_code":"12807000","ADM2_EN":"Ilocos Norte","ADM2_PCODE":"PH1280","ADM1_EN":"Northern Luzon (Regions I & II)","ADM1_PCODE":"PH01","ADM0_EN":"Philippines (the)","ADM0_PCODE":"PH","region_key":"ilocos_cagayan","province_key":"ilocos_norte","type":"Municipality"}},{"type":"Feature","geometry":{"type":"MultiPolygon","coordinates":[[[[120.5255,17.9742],[120.5247,17.9663],[120.5067,17.9662],[120.4917,17.9694],[120.4779,17.9774],[120.4847,17.9822],[120.487,17.9822],[120.4881,17.9873],[120.4917,17.9878],[120.4972,17.9933],[120.4986,17.9975],[120.498,18.0028],[120.4878,18.0089],[120.4875,18.0158],[120.4844,18.0178],[120.4806,18.0164],[120.4781,18.0192],[120.4775,18.0248],[120.4739,18.03],[120.4728,18.0361],[120.4806,18.0447],[120.4803,18.0668],[120.4829,18.0628],[120.4874,18.0619],[120.4847,18.0597],[120.4866,18.0589],[120.4859,18.0564],[120.4905,18.058],[120.4879,18.053],[120.4886,18.0511],[120.4982,18.0394],[120.5077,18.0368],[120.5241,18.0165],[120.5259,18.0097],[120.5235,17.9958],[120.519,17.993],[120.5211,17.9867],[120.5256,17.982],[120.5255,17.9742]]]]},"properties":{"ADM3_EN":"Currimao","name":"Currimao","ADM3_PCODE":"PH12808000","psgc_code":"12808000","ADM2_EN":"Ilocos Norte","ADM2_PCODE":"PH1280","ADM1_EN":"Northern Luzon (Regions I & II)","ADM1_PCODE":"PH01","ADM0_EN":"Philippines (the)","ADM0_PCODE":"PH","region_key":"ilocos_cagayan","province_key":"ilocos_norte","type":"Municipality"}},{"type":"Feature","geometry":{"type":"MultiPolygon","coordinates":[[[[120.7823,18.055],[120.7876,18.0522],[120.8133,18.0448],[120.8019,18.0354],[120.7728,18.0043],[120.7694,18.0047],[120.7595,18.0081],[120.7544,18.017],[120.7507,18.0188],[120.7469,18.0259],[120.7455,18.0348],[120.7412,18.0393],[120.7125,18.0557],[120.6948,18.0614],[120.6864,18.0696],[120.6786,18.0821],[120.6752,18.0845],[120.672,18.1167],[120.6731,18.1232],[120.6765,18.1302],[120.6922,18.1493],[120.6967,18.1407],[120.7032,18.1369],[120.7252,18.1376],[120.7258,18.132],[120.7358,18.1092],[120.734,18.1013],[120.7404,18.086],[120.7484,18.0771],[120.7637,18.0649],[120.7823,18.055]]]]},"properties":{"ADM3_EN":"Dingras","name":"Dingras","ADM3_PCODE":"PH12809000","psgc_code":"12809000","ADM2_EN":"Ilocos Norte","ADM2_PCODE":"PH1280","ADM1_EN":"Northern Luzon (Regions I & II)","ADM1_PCODE":"PH01","ADM0_EN":"Philippines (the)","ADM0_PCODE":"PH","region_key":"ilocos_cagayan","province_key":"ilocos_norte","type":"Municipality"}},{"type":"Feature","geometry":{"type":"MultiPolygon","coordinates":[[[[120.8844,18.4807],[120.8756,18.4673],[120.8696,18.4522],[120.8632,18.4249],[120.8454,18.4326],[120.8333,18.4325],[120.8187,18.4285],[120.8035,18.4189],[120.7942,18.4153],[120.7921,18.4284],[120.7923,18.4388],[120.7961,18.4785],[120.7965,18.5086],[120.8017,18.5211],[120.8086,18.5293],[120.8187,18.5319],[120.8312,18.5254],[120.8449,18.5233],[120.8513,18.5187],[120.8614,18.4985],[120.8844,18.4807]]]]},"properties":{"ADM3_EN":"Dumalneg","name":"Dumalneg","ADM3_PCODE":"PH12810000","psgc_code":"12810000","ADM2_EN":"Ilocos Norte","ADM2_PCODE":"PH1281","ADM1_EN":"Northern Luzon (Regions I & II)","ADM1_PCODE":"PH01","ADM0_EN":"Philippines (the)","ADM0_PCODE":"PH","region_key":"ilocos_cagayan","province_key":"ilocos_norte","type":"Municipality"}},{"type":"Feature","geometry":{"type":"MultiPolygon","coordinates":[[[[120.5781,18.1736],[120.5695,18.166],[120.5684,18.1561],[120.5574,18.1509],[120.5543,18.1437],[120.5443,18.1347],[120.5386,18.1328],[120.529,18.1337],[120.5138,18.1388],[120.5183,18.1506],[120.5194,18.1708],[120.5181,18.1844],[120.5189,18.1858],[120.5358,18.19],[120.5472,18.205],[120.545,18.2053],[120.5356,18.195],[120.5286,18.1911],[120.5208,18.1939],[120.5228,18.1992],[120.5219,18.2008],[120.5272,18.2],[120.5322,18.197],[120.5353,18.1997],[120.5317,18.2011],[120.5272,18.2078],[120.5264,18.2067],[120.5283,18.2042],[120.5236,18.2047],[120.5383,18.2186],[120.5486,18.2322],[120.56,18.2586],[120.5622,18.2603],[120.5611,18.2622],[120.5629,18.2659],[120.5844,18.2501],[120.5941,18.2336],[120.6396,18.2167],[120.6811,18.2051],[120.6785,18.2009],[120.6783,18.1918],[120.6359,18.1756],[120.631,18.1719],[120.6279,18.1605],[120.5888,18.1821],[120.5781,18.1736]]]]},"properties":{"ADM3_EN":"Laoag City","name":"Laoag City","ADM3_PCODE":"PH12812000","psgc_code":"12812000","ADM2_EN":"Ilocos Norte","ADM2_PCODE":"PH1281","ADM1_EN":"Northern Luzon (Regions I & II)","ADM1_PCODE":"PH01","ADM0_EN":"Philippines (the)","ADM0_PCODE":"PH","region_key":"ilocos_cagayan","province_key":"ilocos_norte","type":"City"}},{"type":"Feature","geometry":{"type":"MultiPolygon","coordinates":[[[[120.7498,18.0201],[120.7544,18.017],[120.7595,18.0081],[120.7645,18.0055],[120.7728,18.0043],[120.7532,17.9913],[120.7198,17.977],[120.7094,17.9879],[120.6919,17.9982],[120.6872,18.0097],[120.6844,18.0124],[120.6787,18.0139],[120.6647,18.0097],[120.6282,18.0353],[120.6451,18.0403],[120.663,18.0515],[120.6728,18.0656],[120.6752,18.0845],[120.6786,18.0821],[120.6864,18.0696],[120.6948,18.0614],[120.7125,18.0557],[120.7412,18.0393],[120.7455,18.0348],[120.7469,18.0259],[120.7498,18.0201]]]]},"properties":{"ADM3_EN":"Marcos","name":"Marcos","ADM3_PCODE":"PH12813000","psgc_code":"12813000","ADM2_EN":"Ilocos Norte","ADM2_PCODE":"PH1281","ADM1_EN":"Northern Luzon (Regions I & II)","ADM1_PCODE":"PH01","ADM0_EN":"Philippines (the)","ADM0_PCODE":"PH","region_key":"ilocos_cagayan","province_key":"ilocos_norte","type":"Municipality"}},{"type":"Feature","geometry":{"type":"MultiPolygon","coordinates":[[[[120.5378,17.7081],[120.5349,17.7037],[120.5184,17.7195],[120.5136,17.7267],[120.5109,17.7538],[120.5144,17.7722],[120.512,17.7831],[120.5128,17.792],[120.5331,17.8367],[120.5336,17.8439],[120.5467,17.8532],[120.5543,17.8607],[120.5624,17.8724],[120.5638,17.887],[120.5672,17.896],[120.5898,17.9109],[120.6038,17.9229],[120.6,17.9563],[120.6085,17.9508],[120.6242,17.9359],[120.649,17.926],[120.6528,17.9251],[120.6632,17.9266],[120.6776,17.9323],[120.689,17.9402],[120.7006,17.9557],[120.7064,17.9663],[120.7198,17.977],[120.7532,17.9913],[120.7728,18.0043],[120.8019,18.0354],[120.8162,18.0466],[120.8521,18.0879],[120.9344,18.1719],[120.9553,18.195],[120.9589,18.1987],[120.9614,18.1971],[120.9651,18.1938],[120.9731,18.1791],[120.976,18.1674],[120.9705,18.1561],[120.9473,18.1298],[120.9365,18.1],[120.9328,18.07],[120.9335,18.0439],[120.9405,17.9971],[120.9387,17.9932],[120.9302,17.9842],[120.9252,17.9647],[120.9202,17.9569],[120.9097,17.9506],[120.9037,17.9503],[120.8646,17.9621],[120.8498,17.9634],[120.8332,17.96],[120.8256,17.9553],[120.8096,17.9356],[120.7832,17.9117],[120.7549,17.9036],[120.743,17.9018],[120.7357,17.8988],[120.7275,17.8929],[120.7172,17.8737],[120.7124,17.8603],[120.6902,17.8349],[120.6811,17.8307],[120.6324,17.8193],[120.6237,17.8148],[120.6013,17.8095],[120.5818,17.7992],[120.5709,17.7862],[120.5651,17.7731],[120.5599,17.7518],[120.5506,17.7296],[120.5378,17.7081]]]]},"properties":{"ADM3_EN":"Nueva Era","name":"Nueva Era","ADM3_PCODE":"PH12814000","psgc_code":"12814000","ADM2_EN":"Ilocos Norte","ADM2_PCODE":"PH1281","ADM1_EN":"Northern Luzon (Regions I & II)","ADM1_PCODE":"PH01","ADM0_EN":"Philippines (the)","ADM0_PCODE":"PH","region_key":"ilocos_cagayan","province_key":"ilocos_norte","type":"Municipality"}},{"type":"Feature","geometry":{"type":"MultiPolygon","coordinates":[[[[120.9199,18.5109],[120.9017,18.4993],[120.8844,18.4807],[120.8646,18.4951],[120.8594,18.5013],[120.8513,18.5187],[120.8375,18.528],[120.8303,18.5359],[120.8181,18.5363],[120.8024,18.5339],[120.7887,18.5362],[120.7833,18.5423],[120.7825,18.5459],[120.7741,18.55],[120.7797,18.555],[120.7881,18.5711],[120.7875,18.575],[120.7817,18.5803],[120.7853,18.5842],[120.785,18.5936],[120.7778,18.6006],[120.7786,18.6125],[120.7819,18.6217],[120.7961,18.6325],[120.8114,18.6347],[120.8156,18.6311],[120.82,18.6342],[120.8269,18.635],[120.8294,18.6378],[120.8317,18.6369],[120.8339,18.6383],[120.8336,18.6425],[120.8369,18.6464],[120.8436,18.6514],[120.8472,18.6514],[120.8539,18.6475],[120.8608,18.6347],[120.8611,18.6281],[120.8586,18.6247],[120.8594,18.6225],[120.8617,18.6209],[120.865,18.6233],[120.8686,18.6231],[120.8678,18.6169],[120.8697,18.6147],[120.8686,18.6106],[120.8714,18.6061],[120.8842,18.5972],[120.8969,18.5731],[120.9117,18.5633],[120.9331,18.5578],[120.9389,18.5586],[120.9447,18.5572],[120.9536,18.5586],[120.9628,18.5678],[120.9633,18.5714],[120.9728,18.5823],[120.9793,18.5807],[120.9694,18.5151],[120.9284,18.5138],[120.9199,18.5109]]]]},"properties":{"ADM3_EN":"Pagudpud","name":"Pagudpud","ADM3_PCODE":"PH12815000","psgc_code":"12815000","ADM2_EN":"Ilocos Norte","ADM2_PCODE":"PH1281","ADM1_EN":"Northern Luzon (Regions I & II)","ADM1_PCODE":"PH01","ADM0_EN":"Philippines (the)","ADM0_PCODE":"PH","region_key":"ilocos_cagayan","province_key":"ilocos_norte","type":"Municipality"}},{"type":"Feature","geometry":{"type":"MultiPolygon","coordinates":[[[[120.4879,18.053],[120.4905,18.058],[120.4859,18.0564],[120.4866,18.0589],[120.4847,18.0597],[120.4874,18.0619],[120.4814,18.0643],[120.4775,18.0817],[120.4828,18.075],[120.4819,18.0694],[120.4858,18.0663],[120.4894,18.0672],[120.4894,18.0681],[120.4861,18.0672],[120.4828,18.0781],[120.4786,18.0825],[120.47,18.0861],[120.4703,18.0878],[120.4786,18.0933],[120.4936,18.1086],[120.5092,18.1294],[120.5138,18.1388],[120.529,18.1337],[120.5386,18.1328],[120.5443,18.1347],[120.555,18.1448],[120.5548,18.1387],[120.5587,18.131],[120.5569,18.1281],[120.5569,18.1205],[120.5503,18.1106],[120.551,18.1051],[120.5488,18.0887],[120.5518,18.0762],[120.5506,18.0568],[120.5461,18.0429],[120.5314,18.0271],[120.5251,18.0129],[120.5219,18.0196],[120.5077,18.0368],[120.4982,18.0394],[120.4879,18.053]],[[120.5267,18.1087],[120.528,18.1043],[120.5298,18.1031],[120.5314,18.104],[120.5332,18.1136],[120.5365,18.1149],[120.5391,18.1115],[120.5421,18.1119],[120.5433,18.1079],[120.5463,18.114],[120.55,18.115],[120.5474,18.1203],[120.5441,18.1188],[120.5414,18.1201],[120.5412,18.1223],[120.5482,18.1285],[120.5447,18.1265],[120.5406,18.1273],[120.5389,18.1218],[120.537,18.1212],[120.5346,18.1257],[120.5313,18.1271],[120.5293,18.126],[120.5224,18.1155],[120.5221,18.1138],[120.5267,18.1087]]],[[[120.485,18.07],[120.4844,18.0678],[120.4825,18.0697],[120.4828,18.0728],[120.485,18.07]]]]},"properties":{"ADM3_EN":"Paoay","name":"Paoay","ADM3_PCODE":"PH12816000","psgc_code":"12816000","ADM2_EN":"Ilocos Norte","ADM2_PCODE":"PH1281","ADM1_EN":"Northern Luzon (Regions I & II)","ADM1_PCODE":"PH01","ADM0_EN":"Philippines (the)","ADM0_PCODE":"PH","region_key":"ilocos_cagayan","province_key":"ilocos_norte","type":"Municipality"}},{"type":"Feature","geometry":{"type":"MultiPolygon","coordinates":[[[[120.5764,18.2869],[120.5772,18.2903],[120.5878,18.3044],[120.5944,18.3203],[120.5983,18.335],[120.5989,18.3442],[120.6006,18.3456],[120.5994,18.3492],[120.6014,18.3667],[120.6006,18.3758],[120.5969,18.3881],[120.5978,18.3933],[120.5958,18.3969],[120.5969,18.4022],[120.5953,18.4117],[120.5933,18.4144],[120.5914,18.4144],[120.5892,18.4267],[120.5833,18.435],[120.5794,18.445],[120.5797,18.4547],[120.5783,18.4558],[120.58,18.4575],[120.58,18.4614],[120.5717,18.4592],[120.5647,18.4708],[120.5636,18.4808],[120.5664,18.4825],[120.5697,18.4797],[120.5679,18.4832],[120.5706,18.4832],[120.5902,18.4723],[120.614,18.455],[120.65,18.4174],[120.6708,18.3876],[120.6809,18.3822],[120.6956,18.3801],[120.7063,18.3809],[120.7068,18.3796],[120.7054,18.371],[120.6972,18.3542],[120.6908,18.3353],[120.6732,18.3158],[120.6606,18.2952],[120.5764,18.2869]]]]},"properties":{"ADM3_EN":"Pasuquin","name":"Pasuquin","ADM3_PCODE":"PH12817000","psgc_code":"12817000","ADM2_EN":"Ilocos Norte","ADM2_PCODE":"PH1281","ADM1_EN":"Northern Luzon (Regions I & II)","ADM1_PCODE":"PH01","ADM0_EN":"Philippines (the)","ADM0_PCODE":"PH","region_key":"ilocos_cagayan","province_key":"ilocos_norte","type":"Municipality"}},{"type":"Feature","geometry":{"type":"MultiPolygon","coordinates":[[[[120.6941,18.1445],[120.6855,18.1625],[120.6807,18.18],[120.6777,18.1968],[120.6811,18.2051],[120.6914,18.2104],[120.7069,18.211],[120.7238,18.2064],[120.7457,18.2131],[120.7983,18.2384],[120.8095,18.2503],[120.8354,18.2214],[120.7835,18.1634],[120.8129,18.1579],[120.8546,18.1603],[120.8182,18.1462],[120.8085,18.1408],[120.7924,18.1357],[120.7812,18.1349],[120.7408,18.1379],[120.7059,18.1365],[120.6967,18.1407],[120.6941,18.1445]]]]},"properties":{"ADM3_EN":"Piddig","name":"Piddig","ADM3_PCODE":"PH12818000","psgc_code":"12818000","ADM2_EN":"Ilocos Norte","ADM2_PCODE":"PH1281","ADM1_EN":"Northern Luzon (Regions I & II)","ADM1_PCODE":"PH01","ADM0_EN":"Philippines (the)","ADM0_PCODE":"PH","region_key":"ilocos_cagayan","province_key":"ilocos_norte","type":"Municipality"}},{"type":"Feature","geometry":{"type":"MultiPolygon","coordinates":[[[[120.5291,17.9198],[120.5159,17.9213],[120.514,17.9244],[120.5142,17.9353],[120.508,17.9361],[120.5076,17.9396],[120.5003,17.9478],[120.4863,17.9499],[120.4848,17.9539],[120.4816,17.9543],[120.4759,17.9696],[120.4779,17.9774],[120.4966,17.968],[120.5067,17.9662],[120.5247,17.9663],[120.526,17.9803],[120.5602,17.9817],[120.573,17.9807],[120.5763,17.9779],[120.5781,17.9648],[120.5806,17.9598],[120.5922,17.9481],[120.6017,17.9413],[120.6038,17.9229],[120.5898,17.9109],[120.585,17.916],[120.5815,17.9174],[120.5511,17.9238],[120.5433,17.9191],[120.5389,17.913],[120.5291,17.9198]]]]},"properties":{"ADM3_EN":"Pinili","name":"Pinili","ADM3_PCODE":"PH12819000","psgc_code":"12819000","ADM2_EN":"Ilocos Norte","ADM2_PCODE":"PH1281","ADM1_EN":"Northern Luzon (Regions I & II)","ADM1_PCODE":"PH01","ADM0_EN":"Philippines (the)","ADM0_PCODE":"PH","region_key":"ilocos_cagayan","province_key":"ilocos_norte","type":"Municipality"}},{"type":"Feature","geometry":{"type":"MultiPolygon","coordinates":[[[[120.5885,18.1147],[120.5779,18.1199],[120.5574,18.124],[120.5569,18.1281],[120.5587,18.131],[120.5548,18.1387],[120.5564,18.1499],[120.5684,18.1561],[120.5695,18.166],[120.5888,18.1821],[120.6279,18.1605],[120.6164,18.1257],[120.6095,18.1156],[120.6068,18.1089],[120.6023,18.1062],[120.591,18.1112],[120.5885,18.1147]]]]},"properties":{"ADM3_EN":"San Nicolas","name":"San Nicolas","ADM3_PCODE":"PH12820000","psgc_code":"12820000","ADM2_EN":"Ilocos Norte","ADM2_PCODE":"PH1282","ADM1_EN":"Northern Luzon (Regions I & II)","ADM1_PCODE":"PH01","ADM0_EN":"Philippines (the)","ADM0_PCODE":"PH","region_key":"ilocos_cagayan","province_key":"ilocos_norte","type":"Municipality"}},{"type":"Feature","geometry":{"type":"MultiPolygon","coordinates":[[[[120.6216,18.0296],[120.6199,18.0283],[120.6192,18.0415],[120.6218,18.0525],[120.6265,18.0628],[120.6261,18.0726],[120.6192,18.0849],[120.6167,18.1],[120.6084,18.1119],[120.6095,18.1156],[120.614,18.1207],[120.6176,18.1287],[120.631,18.1719],[120.6414,18.1785],[120.6783,18.1918],[120.6855,18.1625],[120.6922,18.1493],[120.6765,18.1302],[120.6731,18.1232],[120.6719,18.1147],[120.6753,18.0811],[120.6728,18.0656],[120.663,18.0515],[120.6521,18.0437],[120.6451,18.0403],[120.6284,18.0357],[120.6216,18.0296]]]]},"properties":{"ADM3_EN":"Sarrat","name":"Sarrat","ADM3_PCODE":"PH12821000","psgc_code":"12821000","ADM2_EN":"Ilocos Norte","ADM2_PCODE":"PH1282","ADM1_EN":"Northern Luzon (Regions I & II)","ADM1_PCODE":"PH01","ADM0_EN":"Philippines (the)","ADM0_PCODE":"PH","region_key":"ilocos_cagayan","province_key":"ilocos_norte","type":"Municipality"}},{"type":"Feature","geometry":{"type":"MultiPolygon","coordinates":[[[[120.7778,18.0569],[120.7637,18.0649],[120.7517,18.0742],[120.7404,18.086],[120.734,18.1013],[120.7358,18.1092],[120.7258,18.132],[120.7252,18.1376],[120.7707,18.1366],[120.7812,18.1349],[120.795,18.1363],[120.8546,18.1603],[120.8643,18.1622],[120.8786,18.1693],[120.9419,18.1903],[120.9589,18.1987],[120.8521,18.0879],[120.8162,18.0466],[120.8133,18.0448],[120.7876,18.0522],[120.7778,18.0569]]]]},"properties":{"ADM3_EN":"Solsona","name":"Solsona","ADM3_PCODE":"PH12822000","psgc_code":"12822000","ADM2_EN":"Ilocos Norte","ADM2_PCODE":"PH1282","ADM1_EN":"Northern Luzon (Regions I & II)","ADM1_PCODE":"PH01","ADM0_EN":"Philippines (the)","ADM0_PCODE":"PH","region_key":"ilocos_cagayan","province_key":"ilocos_norte","type":"Municipality"}},{"type":"Feature","geometry":{"type":"MultiPolygon","coordinates":[[[[120.6498,18.2138],[120.6247,18.2227],[120.6445,18.2655],[120.6671,18.3067],[120.6732,18.3158],[120.6908,18.3353],[120.6972,18.3542],[120.7054,18.371],[120.7063,18.3809],[120.7138,18.3811],[120.7336,18.3869],[120.8035,18.4189],[120.8187,18.4285],[120.8248,18.4311],[120.8391,18.4332],[120.8454,18.4326],[120.853,18.4297],[120.8743,18.4187],[120.887,18.4047],[120.9321,18.3771],[120.9424,18.3645],[120.9484,18.3449],[120.9544,18.3343],[120.9529,18.3053],[120.95,18.2995],[120.9411,18.3029],[120.9199,18.3048],[120.9047,18.3024],[120.8854,18.2957],[120.8537,18.2771],[120.8386,18.2628],[120.8203,18.2573],[120.8147,18.2542],[120.7983,18.2384],[120.7457,18.2131],[120.7238,18.2064],[120.7025,18.2112],[120.6905,18.2103],[120.6811,18.2051],[120.6498,18.2138]]]]},"properties":{"ADM3_EN":"Vintar","name":"Vintar","ADM3_PCODE":"PH12823000","psgc_code":"12823000","ADM2_EN":"Ilocos Norte","ADM2_PCODE":"PH1282","ADM1_EN":"Northern Luzon (Regions I & II)","ADM1_PCODE":"PH01","ADM0_EN":"Philippines (the)","ADM0_PCODE":"PH","region_key":"ilocos_cagayan","province_key":"ilocos_norte","type":"Municipality"}},{"type":"Feature","geometry":{"type":"MultiPolygon","coordinates":[[[[120.5873,16.8512],[120.5153,16.8676],[120.5098,16.8614],[120.508,16.8494],[120.5077,16.8582],[120.5107,16.869],[120.5142,16.8725],[120.5194,16.8746],[120.5151,16.8809],[120.5131,16.8937],[120.5139,16.9026],[120.5186,16.9144],[120.5175,16.9192],[120.5137,16.9224],[120.5145,16.94],[120.5319,16.9365],[120.5789,16.9359],[120.6272,16.9391],[120.6578,16.944],[120.6715,16.9105],[120.655,16.9055],[120.6469,16.9],[120.6411,16.8923],[120.6379,16.886],[120.634,16.8709],[120.6297,16.8406],[120.5873,16.8512]]]]},"properties":{"ADM3_EN":"Alilem","name":"Alilem","ADM3_PCODE":"PH12901000","psgc_code":"12901000","ADM2_EN":"Ilocos Sur","ADM2_PCODE":"PH1290","ADM1_EN":"Northern Luzon (Regions I & II)","ADM1_PCODE":"PH01","ADM0_EN":"Philippines (the)","ADM0_PCODE":"PH","region_key":"ilocos_cagayan","province_key":"ilocos_sur","type":"Municipality"}},{"type":"Feature","geometry":{"type":"MultiPolygon","coordinates":[[[[120.4816,17.2251],[120.4782,17.2264],[120.4752,17.2314],[120.459,17.2338],[120.4708,17.2508],[120.478,17.2563],[120.487,17.2599],[120.4961,17.2609],[120.4989,17.2606],[120.5378,17.222],[120.52,17.2169],[120.5148,17.2169],[120.5103,17.2203],[120.5064,17.2182],[120.5003,17.2175],[120.4983,17.2194],[120.4951,17.2178],[120.4899,17.2179],[120.4854,17.2205],[120.4816,17.2251]]]]},"properties":{"ADM3_EN":"Banayoyo","name":"Banayoyo","ADM3_PCODE":"PH12902000","psgc_code":"12902000","ADM2_EN":"Ilocos Sur","ADM2_PCODE":"PH1290","ADM1_EN":"Northern Luzon (Regions I & II)","ADM1_PCODE":"PH01","ADM0_EN":"Philippines (the)","ADM0_PCODE":"PH","region_key":"ilocos_cagayan","province_key":"ilocos_sur","type":"Municipality"}},{"type":"Feature","geometry":{"type":"MultiPolygon","coordinates":[[[[120.3955,17.5749],[120.3823,17.5802],[120.3817,17.5819],[120.384,17.5966],[120.3817,17.6043],[120.3856,17.6043],[120.3851,17.6066],[120.3864,17.6078],[120.3876,17.6079],[120.3882,17.6047],[120.3918,17.6074],[120.3939,17.6067],[120.3944,17.6091],[120.398,17.611],[120.4135,17.6157],[120.4461,17.6141],[120.4762,17.6352],[120.4943,17.6505],[120.4989,17.6525],[120.5093,17.652],[120.5046,17.6455],[120.4904,17.6017],[120.4875,17.572],[120.4902,17.5559],[120.4852,17.5483],[120.4756,17.5555],[120.4526,17.5623],[120.446,17.5664],[120.4402,17.5669],[120.4302,17.5711],[120.4035,17.5755],[120.3955,17.5749]]]]},"properties":{"ADM3_EN":"Bantay","name":"Bantay","ADM3_PCODE":"PH12903000","psgc_code":"12903000","ADM2_EN":"Ilocos Sur","ADM2_PCODE":"PH1290","ADM1_EN":"Northern Luzon (Regions I & II)","ADM1_PCODE":"PH01","ADM0_EN":"Philippines (the)","ADM0_PCODE":"PH","region_key":"ilocos_cagayan","province_key":"ilocos_sur","type":"Municipality"}},{"type":"Feature","geometry":{"type":"MultiPolygon","coordinates":[[[[120.5188,17.2857],[120.5128,17.2844],[120.4965,17.2981],[120.4815,17.3082],[120.4773,17.3456],[120.4823,17.3456],[120.4852,17.3526],[120.4874,17.3532],[120.4992,17.3456],[120.5063,17.3448],[120.5082,17.3427],[120.5106,17.344],[120.5112,17.3484],[120.5399,17.349],[120.5454,17.3358],[120.5524,17.3244],[120.5529,17.3189],[120.5563,17.3143],[120.558,17.3078],[120.5624,17.3096],[120.5652,17.3074],[120.566,17.304],[120.5673,17.3041],[120.5658,17.2948],[120.5617,17.2941],[120.5582,17.2872],[120.5487,17.286],[120.5453,17.2885],[120.5421,17.2869],[120.5356,17.2909],[120.5326,17.2873],[120.5188,17.2857]]]]},"properties":{"ADM3_EN":"Burgos","name":"Burgos","ADM3_PCODE":"PH12904000","psgc_code":"12904000","ADM2_EN":"Ilocos Sur","ADM2_PCODE":"PH1290","ADM1_EN":"Northern Luzon (Regions I & II)","ADM1_PCODE":"PH01","ADM0_EN":"Philippines (the)","ADM0_PCODE":"PH","region_key":"ilocos_cagayan","province_key":"ilocos_sur","type":"Municipality"}},{"type":"Feature","geometry":{"type":"MultiPolygon","coordinates":[[[[120.4503,17.7674],[120.4351,17.7701],[120.4305,17.7695],[120.426,17.7724],[120.4264,17.7744],[120.42,17.7786],[120.4153,17.7797],[120.415,17.7811],[120.4062,17.7806],[120.4043,17.7851],[120.4053,17.7875],[120.4027,17.7929],[120.4033,17.7989],[120.4075,17.8033],[120.4164,17.8],[120.4264,17.8064],[120.43,17.8051],[120.4279,17.8075],[120.4308,17.8125],[120.4361,17.8133],[120.4378,17.815],[120.4344,17.8214],[120.4364,17.8242],[120.4478,17.8222],[120.4514,17.8194],[120.4542,17.8194],[120.4581,17.8258],[120.461,17.8253],[120.4629,17.8268],[120.4641,17.8247],[120.5251,17.8203],[120.5124,17.7903],[120.512,17.7831],[120.5144,17.7722],[120.5111,17.7578],[120.5121,17.744],[120.4955,17.7561],[120.484,17.762],[120.4696,17.7657],[120.4503,17.7674]]],[[[120.3897,17.7906],[120.3861,17.7897],[120.3843,17.7951],[120.3851,17.7987],[120.3876,17.8011],[120.3947,17.7961],[120.3925,17.7917],[120.3897,17.7906]]]]},"properties":{"ADM3_EN":"Cabugao","name":"Cabugao","ADM3_PCODE":"PH12905000","psgc_code":"12905000","ADM2_EN":"Ilocos Sur","ADM2_PCODE":"PH1290","ADM1_EN":"Northern Luzon (Regions I & II)","ADM1_PCODE":"PH01","ADM0_EN":"Philippines (the)","ADM0_PCODE":"PH","region_key":"ilocos_cagayan","province_key":"ilocos_sur","type":"Municipality"}},{"type":"Feature","geometry":{"type":"MultiPolygon","coordinates":[[[[120.4285,17.1551],[120.4256,17.1726],[120.4262,17.1763],[120.4231,17.1806],[120.4203,17.1933],[120.4144,17.2036],[120.4163,17.2051],[120.4056,17.2082],[120.4033,17.2111],[120.4081,17.2189],[120.4114,17.2183],[120.4175,17.2242],[120.42,17.2299],[120.4249,17.2295],[120.4329,17.2332],[120.4429,17.2353],[120.4542,17.2319],[120.459,17.2338],[120.4713,17.2323],[120.4752,17.2314],[120.4782,17.2264],[120.4899,17.2179],[120.4951,17.2178],[120.4983,17.2194],[120.5003,17.2175],[120.5064,17.2182],[120.5103,17.2203],[120.5148,17.2169],[120.52,17.2169],[120.541,17.2222],[120.5416,17.1969],[120.5179,17.1972],[120.5132,17.196],[120.5108,17.1929],[120.508,17.1931],[120.5074,17.1967],[120.5039,17.1991],[120.5033,17.2059],[120.493,17.2102],[120.4801,17.2005],[120.4702,17.1995],[120.4624,17.1861],[120.4623,17.1791],[120.4654,17.1735],[120.4749,17.1749],[120.4799,17.1774],[120.4872,17.1766],[120.4994,17.1789],[120.5101,17.1757],[120.5107,17.1702],[120.5227,17.1657],[120.5176,17.1448],[120.4291,17.1526],[120.4285,17.1551]]]]},"properties":{"ADM3_EN":"Candon City","name":"Candon City","ADM3_PCODE":"PH12906000","psgc_code":"12906000","ADM2_EN":"Ilocos Sur","ADM2_PCODE":"PH1290","ADM1_EN":"Northern Luzon (Regions I & II)","ADM1_PCODE":"PH01","ADM0_EN":"Philippines (the)","ADM0_PCODE":"PH","region_key":"ilocos_cagayan","province_key":"ilocos_sur","type":"City"}},{"type":"Feature","geometry":{"type":"MultiPolygon","coordinates":[[[[120.3915,17.4991],[120.3899,17.4971],[120.3884,17.4982],[120.3884,17.5],[120.3915,17.4991]]],[[[120.3869,17.5211],[120.3867,17.5194],[120.38,17.5292],[120.3817,17.5314],[120.3892,17.5331],[120.3819,17.5331],[120.3786,17.5292],[120.3767,17.5314],[120.3747,17.5303],[120.3733,17.5353],[120.3742,17.5394],[120.3714,17.5336],[120.3695,17.5328],[120.3586,17.5411],[120.3514,17.5493],[120.3657,17.5457],[120.3798,17.5446],[120.3872,17.548],[120.3923,17.5541],[120.4049,17.5521],[120.4194,17.5555],[120.4354,17.5546],[120.4317,17.5518],[120.4197,17.5274],[120.4131,17.5196],[120.4059,17.5144],[120.4058,17.5219],[120.4081,17.5253],[120.4122,17.527],[120.4086,17.5272],[120.4058,17.5244],[120.4039,17.5144],[120.3981,17.5142],[120.3903,17.517],[120.3883,17.5192],[120.3899,17.5219],[120.3936,17.5225],[120.3878,17.5222],[120.3869,17.5239],[120.3928,17.5261],[120.3944,17.5306],[120.3922,17.527],[120.3858,17.5261],[120.3869,17.5211]]],[[[120.4061,17.5069],[120.3945,17.5048],[120.3893,17.5054],[120.388,17.5069],[120.3914,17.5074],[120.391,17.5101],[120.3979,17.5097],[120.4071,17.5123],[120.4081,17.5089],[120.4061,17.5069]]]]},"properties":{"ADM3_EN":"Caoayan","name":"Caoayan","ADM3_PCODE":"PH12907000","psgc_code":"12907000","ADM2_EN":"Ilocos Sur","ADM2_PCODE":"PH1290","ADM1_EN":"Northern Luzon (Regions I & II)","ADM1_PCODE":"PH01","ADM0_EN":"Philippines (the)","ADM0_PCODE":"PH","region_key":"ilocos_cagayan","province_key":"ilocos_sur","type":"Municipality"}},{"type":"Feature","geometry":{"type":"MultiPolygon","coordinates":[[[[120.7862,16.9676],[120.7844,16.9524],[120.7731,16.9319],[120.7676,16.927],[120.7434,16.9137],[120.7285,16.9117],[120.702,16.9124],[120.6715,16.9105],[120.6578,16.944],[120.654,16.958],[120.6538,16.9717],[120.6566,16.9984],[120.6525,17.0154],[120.6419,17.0491],[120.6266,17.075],[120.6317,17.077],[120.6459,17.0755],[120.7027,17.0653],[120.7713,17.0584],[120.771,17.0567],[120.7789,17.0461],[120.7805,17.0413],[120.7872,16.9878],[120.7862,16.9676]]]]},"properties":{"ADM3_EN":"Cervantes","name":"Cervantes","ADM3_PCODE":"PH12908000","psgc_code":"12908000","ADM2_EN":"Ilocos Sur","ADM2_PCODE":"PH1290","ADM1_EN":"Northern Luzon (Regions I & II)","ADM1_PCODE":"PH01","ADM0_EN":"Philippines (the)","ADM0_PCODE":"PH","region_key":"ilocos_cagayan","province_key":"ilocos_sur","type":"Municipality"}},{"type":"Feature","geometry":{"type":"MultiPolygon","coordinates":[[[[120.5165,17.1672],[120.5107,17.1702],[120.5101,17.1757],[120.4994,17.1789],[120.4872,17.1766],[120.4799,17.1774],[120.4749,17.1749],[120.4654,17.1735],[120.4623,17.1791],[120.4624,17.1861],[120.4702,17.1995],[120.4801,17.2005],[120.493,17.2102],[120.5033,17.2059],[120.5039,17.1991],[120.5074,17.1967],[120.508,17.1931],[120.5108,17.1929],[120.5132,17.196],[120.5179,17.1972],[120.5728,17.1964],[120.573,17.1798],[120.5227,17.1657],[120.5165,17.1672]]]]},"properties":{"ADM3_EN":"Galimuyod","name":"Galimuyod","ADM3_PCODE":"PH12909000","psgc_code":"12909000","ADM2_EN":"Ilocos Sur","ADM2_PCODE":"PH1290","ADM1_EN":"Northern Luzon (Regions I & II)","ADM1_PCODE":"PH01","ADM0_EN":"Philippines (the)","ADM0_PCODE":"PH","region_key":"ilocos_cagayan","province_key":"ilocos_sur","type":"Municipality"}},{"type":"Feature","geometry":{"type":"MultiPolygon","coordinates":[[[[120.6119,17.0865],[120.5963,17.0906],[120.5878,17.091],[120.5793,17.0893],[120.587,17.1073],[120.5907,17.1213],[120.5913,17.1592],[120.589,17.1639],[120.5735,17.1782],[120.5728,17.1964],[120.6354,17.1956],[120.6351,17.1495],[120.6317,17.077],[120.6266,17.075],[120.6187,17.0841],[120.6119,17.0865]]]]},"properties":{"ADM3_EN":"Gregorio Del Pilar","name":"Gregorio Del Pilar","ADM3_PCODE":"PH12910000","psgc_code":"12910000","ADM2_EN":"Ilocos Sur","ADM2_PCODE":"PH1291","ADM1_EN":"Northern Luzon (Regions I & II)","ADM1_PCODE":"PH01","ADM0_EN":"Philippines (the)","ADM0_PCODE":"PH","region_key":"ilocos_cagayan","province_key":"ilocos_sur","type":"Municipality"}},{"type":"Feature","geometry":{"type":"MultiPolygon","coordinates":[[[[120.5047,17.255],[120.4989,17.2606],[120.5128,17.2844],[120.5326,17.2873],[120.5356,17.2909],[120.5421,17.2869],[120.5453,17.2885],[120.5487,17.286],[120.5576,17.2877],[120.5598,17.2853],[120.5607,17.2747],[120.564,17.2693],[120.5665,17.2694],[120.5697,17.2651],[120.5714,17.2415],[120.569,17.2335],[120.5378,17.222],[120.5047,17.255]]]]},"properties":{"ADM3_EN":"Lidlidda","name":"Lidlidda","ADM3_PCODE":"PH12911000","psgc_code":"12911000","ADM2_EN":"Ilocos Sur","ADM2_PCODE":"PH1291","ADM1_EN":"Northern Luzon (Regions I & II)","ADM1_PCODE":"PH01","ADM0_EN":"Philippines (the)","ADM0_PCODE":"PH","region_key":"ilocos_cagayan","province_key":"ilocos_sur","type":"Municipality"}},{"type":"Feature","geometry":{"type":"MultiPolygon","coordinates":[[[[120.5045,17.6982],[120.5288,17.6933],[120.5349,17.7037],[120.5093,17.652],[120.4451,17.6592],[120.4356,17.6622],[120.4156,17.6612],[120.3947,17.6716],[120.3714,17.6731],[120.3661,17.6822],[120.3606,17.6797],[120.3597,17.6775],[120.3528,17.678],[120.3514,17.68],[120.3531,17.6883],[120.3572,17.6933],[120.362,17.6922],[120.3617,17.6856],[120.3636,17.6836],[120.3675,17.6822],[120.3764,17.6833],[120.3803,17.6872],[120.3825,17.6925],[120.3933,17.6942],[120.4019,17.7042],[120.4067,17.7025],[120.4089,17.705],[120.4136,17.7064],[120.4197,17.7151],[120.4341,17.7137],[120.4666,17.7141],[120.5045,17.6982]]]]},"properties":{"ADM3_EN":"Magsingal","name":"Magsingal","ADM3_PCODE":"PH12912000","psgc_code":"12912000","ADM2_EN":"Ilocos Sur","ADM2_PCODE":"PH1291","ADM1_EN":"Northern Luzon (Regions I & II)","ADM1_PCODE":"PH01","ADM0_EN":"Philippines (the)","ADM0_PCODE":"PH","region_key":"ilocos_cagayan","province_key":"ilocos_sur","type":"Municipality"}},{"type":"Feature","geometry":{"type":"MultiPolygon","coordinates":[[[[120.5294,17.4169],[120.5054,17.4243],[120.5094,17.4371],[120.5257,17.4476],[120.531,17.4482],[120.5381,17.4524],[120.5503,17.4559],[120.5519,17.4586],[120.5545,17.4586],[120.559,17.4618],[120.5626,17.4688],[120.5601,17.4747],[120.5626,17.48],[120.5622,17.4831],[120.5755,17.4822],[120.5856,17.4762],[120.5813,17.4676],[120.5783,17.454],[120.5787,17.4305],[120.5659,17.4069],[120.5294,17.4169]]]]},"properties":{"ADM3_EN":"Nagbukel","name":"Nagbukel","ADM3_PCODE":"PH12913000","psgc_code":"12913000","ADM2_EN":"Ilocos Sur","ADM2_PCODE":"PH1291","ADM1_EN":"Northern Luzon (Regions I & II)","ADM1_PCODE":"PH01","ADM0_EN":"Philippines (the)","ADM0_PCODE":"PH","region_key":"ilocos_cagayan","province_key":"ilocos_sur","type":"Municipality"}},{"type":"Feature","geometry":{"type":"MultiPolygon","coordinates":[[[[120.4659,17.3936],[120.4584,17.3934],[120.4606,17.4064],[120.4631,17.4078],[120.4644,17.4044],[120.4653,17.4058],[120.4628,17.4094],[120.4597,17.4081],[120.4511,17.4297],[120.4461,17.4356],[120.4483,17.4381],[120.4489,17.4447],[120.4467,17.4467],[120.4397,17.4447],[120.4358,17.4456],[120.4342,17.4494],[120.4317,17.4506],[120.4333,17.4583],[120.4385,17.4587],[120.4572,17.4657],[120.4825,17.481],[120.4961,17.4855],[120.505,17.4944],[120.5165,17.4995],[120.5253,17.4998],[120.5365,17.4973],[120.5523,17.4868],[120.5622,17.4831],[120.5626,17.48],[120.5601,17.4747],[120.5626,17.4688],[120.559,17.4618],[120.5545,17.4586],[120.5519,17.4586],[120.5503,17.4559],[120.5381,17.4524],[120.531,17.4482],[120.5257,17.4476],[120.5159,17.4425],[120.5146,17.4398],[120.5094,17.4371],[120.5054,17.4243],[120.5659,17.4069],[120.5584,17.3953],[120.4866,17.3958],[120.4659,17.3936]]]]},"properties":{"ADM3_EN":"Narvacan","name":"Narvacan","ADM3_PCODE":"PH12914000","psgc_code":"12914000","ADM2_EN":"Ilocos Sur","ADM2_PCODE":"PH1291","ADM1_EN":"Northern Luzon (Regions I & II)","ADM1_PCODE":"PH01","ADM0_EN":"Philippines (the)","ADM0_PCODE":"PH","region_key":"ilocos_cagayan","province_key":"ilocos_sur","type":"Municipality"}},{"type":"Feature","geometry":{"type":"MultiPolygon","coordinates":[[[[120.7606,17.0592],[120.7027,17.0653],[120.656,17.0741],[120.6317,17.077],[120.6351,17.1495],[120.6354,17.1956],[120.669,17.1971],[120.6674,17.1939],[120.6688,17.1924],[120.6738,17.1921],[120.6776,17.1873],[120.6832,17.1841],[120.6836,17.1726],[120.6892,17.1635],[120.7022,17.1587],[120.7275,17.1572],[120.7568,17.1579],[120.7664,17.1595],[120.7764,17.1639],[120.7879,17.1732],[120.7989,17.1879],[120.8583,17.1882],[120.8505,17.1817],[120.8355,17.173],[120.8144,17.1564],[120.8004,17.1406],[120.7818,17.114],[120.7743,17.0753],[120.7779,17.0474],[120.771,17.0567],[120.7713,17.0584],[120.7606,17.0592]]]]},"properties":{"ADM3_EN":"Quirino","name":"Quirino","ADM3_PCODE":"PH12915000","psgc_code":"12915000","ADM2_EN":"Ilocos Sur","ADM2_PCODE":"PH1291","ADM1_EN":"Northern Luzon (Regions I & II)","ADM1_PCODE":"PH01","ADM0_EN":"Philippines (the)","ADM0_PCODE":"PH","region_key":"ilocos_cagayan","province_key":"ilocos_sur","type":"Municipality"}},{"type":"Feature","geometry":{"type":"MultiPolygon","coordinates":[[[[120.587,17.1073],[120.581,17.0945],[120.5418,17.0937],[120.5212,17.1003],[120.5271,17.1086],[120.5235,17.1128],[120.521,17.1132],[120.5164,17.1109],[120.5104,17.115],[120.5074,17.115],[120.5039,17.1092],[120.4965,17.1066],[120.4899,17.1145],[120.5173,17.144],[120.5227,17.1657],[120.573,17.1798],[120.589,17.1639],[120.5913,17.1592],[120.5907,17.1213],[120.587,17.1073]]]]},"properties":{"ADM3_EN":"Salcedo","name":"Salcedo","ADM3_PCODE":"PH12916000","psgc_code":"12916000","ADM2_EN":"Ilocos Sur","ADM2_PCODE":"PH1291","ADM1_EN":"Northern Luzon (Regions I & II)","ADM1_PCODE":"PH01","ADM0_EN":"Philippines (the)","ADM0_PCODE":"PH","region_key":"ilocos_cagayan","province_key":"ilocos_sur","type":"Municipality"}},{"type":"Feature","geometry":{"type":"MultiPolygon","coordinates":[[[[120.5429,17.2229],[120.569,17.2335],[120.5714,17.2415],[120.5697,17.2651],[120.5665,17.2694],[120.564,17.2693],[120.5607,17.2747],[120.5614,17.2779],[120.5582,17.2872],[120.5617,17.2941],[120.5658,17.2948],[120.5675,17.3029],[120.5652,17.3063],[120.5658,17.3083],[120.5781,17.3078],[120.6072,17.3122],[120.6143,17.3107],[120.6182,17.3073],[120.6338,17.2864],[120.6415,17.2835],[120.6454,17.2803],[120.6487,17.2741],[120.6826,17.2557],[120.6809,17.2495],[120.6742,17.2442],[120.674,17.2423],[120.6747,17.2404],[120.6831,17.2393],[120.6817,17.2337],[120.6842,17.2271],[120.6872,17.2241],[120.6825,17.2201],[120.6829,17.2156],[120.6778,17.2092],[120.6816,17.2008],[120.6802,17.1974],[120.6354,17.1956],[120.5416,17.1969],[120.541,17.2222],[120.5429,17.2229]]]]},"properties":{"ADM3_EN":"San Emilio","name":"San Emilio","ADM3_PCODE":"PH12917000","psgc_code":"12917000","ADM2_EN":"Ilocos Sur","ADM2_PCODE":"PH1291","ADM1_EN":"Northern Luzon (Regions I & II)","ADM1_PCODE":"PH01","ADM0_EN":"Philippines (the)","ADM0_PCODE":"PH","region_key":"ilocos_cagayan","province_key":"ilocos_sur","type":"Municipality"}},{"type":"Feature","geometry":{"type":"MultiPolygon","coordinates":[[[[120.4737,17.3118],[120.4504,17.3178],[120.4273,17.3177],[120.4289,17.3228],[120.4256,17.3275],[120.4292,17.3328],[120.4267,17.3353],[120.4328,17.3406],[120.4397,17.34],[120.4433,17.3369],[120.4456,17.3411],[120.445,17.3476],[120.4773,17.3456],[120.4815,17.3082],[120.4737,17.3118]]]]},"properties":{"ADM3_EN":"San Esteban","name":"San Esteban","ADM3_PCODE":"PH12918000","psgc_code":"12918000","ADM2_EN":"Ilocos Sur","ADM2_PCODE":"PH1291","ADM1_EN":"Northern Luzon (Regions I & II)","ADM1_PCODE":"PH01","ADM0_EN":"Philippines (the)","ADM0_PCODE":"PH","region_key":"ilocos_cagayan","province_key":"ilocos_sur","type":"Municipality"}},{"type":"Feature","geometry":{"type":"MultiPolygon","coordinates":[[[[120.3857,17.6048],[120.3817,17.6043],[120.3736,17.6104],[120.378,17.6293],[120.3838,17.6306],[120.4229,17.6263],[120.4373,17.6283],[120.442,17.626],[120.4512,17.6174],[120.4461,17.6141],[120.4188,17.6159],[120.4096,17.6151],[120.398,17.611],[120.3944,17.6091],[120.3939,17.6067],[120.3918,17.6074],[120.3882,17.6047],[120.3876,17.6079],[120.3864,17.6078],[120.3851,17.6066],[120.3857,17.6048]]]]},"properties":{"ADM3_EN":"San Ildefonso","name":"San Ildefonso","ADM3_PCODE":"PH12919000","psgc_code":"12919000","ADM2_EN":"Ilocos Sur","ADM2_PCODE":"PH1291","ADM1_EN":"Northern Luzon (Regions I & II)","ADM1_PCODE":"PH01","ADM0_EN":"Philippines (the)","ADM0_PCODE":"PH","region_key":"ilocos_cagayan","province_key":"ilocos_sur","type":"Municipality"}},{"type":"Feature","geometry":{"type":"MultiPolygon","coordinates":[[[[120.474,17.711],[120.4637,17.7145],[120.4341,17.7137],[120.4197,17.7151],[120.4208,17.7206],[120.4197,17.7278],[120.4208,17.7289],[120.4222,17.7289],[120.4217,17.7278],[120.4267,17.7283],[120.4358,17.7325],[120.4358,17.7422],[120.4297,17.7544],[120.4239,17.7567],[120.4153,17.7556],[120.4089,17.7581],[120.4078,17.7567],[120.4064,17.7611],[120.4075,17.7628],[120.4139,17.7617],[120.4206,17.7633],[120.4219,17.7647],[120.4219,17.7692],[120.426,17.7734],[120.4305,17.7695],[120.4351,17.7701],[120.4696,17.7657],[120.4893,17.7598],[120.5121,17.744],[120.5145,17.7248],[120.5349,17.7037],[120.5288,17.6933],[120.5002,17.6995],[120.474,17.711]]]]},"properties":{"ADM3_EN":"San Juan","name":"San Juan","ADM3_PCODE":"PH12920000","psgc_code":"12920000","ADM2_EN":"Ilocos Sur","ADM2_PCODE":"PH1292","ADM1_EN":"Northern Luzon (Regions I & II)","ADM1_PCODE":"PH01","ADM0_EN":"Philippines (the)","ADM0_PCODE":"PH","region_key":"ilocos_cagayan","province_key":"ilocos_sur","type":"Municipality"}},{"type":"Feature","geometry":{"type":"MultiPolygon","coordinates":[[[[120.382,17.5834],[120.3823,17.5802],[120.3797,17.5805],[120.3726,17.5921],[120.3657,17.592],[120.363,17.5936],[120.3645,17.602],[120.3594,17.6031],[120.3585,17.607],[120.3555,17.6042],[120.3536,17.6038],[120.3526,17.6053],[120.3515,17.6146],[120.3533,17.6245],[120.3528,17.6347],[120.3591,17.6362],[120.3627,17.6406],[120.3677,17.6346],[120.3695,17.6285],[120.3762,17.6301],[120.3775,17.6283],[120.3769,17.6208],[120.3736,17.6104],[120.3803,17.606],[120.3832,17.6008],[120.384,17.5966],[120.382,17.5834]]]]},"properties":{"ADM3_EN":"San Vicente","name":"San Vicente","ADM3_PCODE":"PH12921000","psgc_code":"12921000","ADM2_EN":"Ilocos Sur","ADM2_PCODE":"PH1292","ADM1_EN":"Northern Luzon (Regions I & II)","ADM1_PCODE":"PH01","ADM0_EN":"Philippines (the)","ADM0_PCODE":"PH","region_key":"ilocos_cagayan","province_key":"ilocos_sur","type":"Municipality"}},{"type":"Feature","geometry":{"type":"MultiPolygon","coordinates":[[[[120.4336,17.4583],[120.432,17.46],[120.4342,17.4631],[120.4342,17.4661],[120.4306,17.4703],[120.4361,17.4778],[120.4328,17.4844],[120.4222,17.4975],[120.4225,17.4939],[120.4181,17.4956],[120.4028,17.4911],[120.4003,17.4908],[120.3994,17.4922],[120.4022,17.4978],[120.4078,17.5031],[120.4169,17.5075],[120.4239,17.5078],[120.4178,17.51],[120.4139,17.5154],[120.4057,17.5143],[120.4131,17.5196],[120.4197,17.5274],[120.4317,17.5518],[120.4354,17.5546],[120.4428,17.5663],[120.446,17.5664],[120.4526,17.5623],[120.4789,17.5539],[120.4876,17.545],[120.4789,17.5378],[120.4733,17.5302],[120.4681,17.5148],[120.4674,17.5075],[120.4677,17.4957],[120.4702,17.4888],[120.4743,17.4843],[120.4825,17.481],[120.4572,17.4657],[120.4385,17.4587],[120.4336,17.4583]]],[[[120.4107,17.5124],[120.4145,17.5111],[120.4108,17.5075],[120.4075,17.5072],[120.4071,17.5123],[120.4107,17.5124]]]]},"properties":{"ADM3_EN":"Santa","name":"Santa","ADM3_PCODE":"PH12922000","psgc_code":"12922000","ADM2_EN":"Ilocos Sur","ADM2_PCODE":"PH1292","ADM1_EN":"Northern Luzon (Regions I & II)","ADM1_PCODE":"PH01","ADM0_EN":"Philippines (the)","ADM0_PCODE":"PH","region_key":"ilocos_cagayan","province_key":"ilocos_sur","type":"Municipality"}},{"type":"Feature","geometry":{"type":"MultiPolygon","coordinates":[[[[120.3453,17.562],[120.3442,17.5642],[120.3444,17.5817],[120.3515,17.6146],[120.3536,17.6038],[120.3585,17.607],[120.3594,17.6031],[120.3638,17.6028],[120.363,17.5936],[120.3657,17.592],[120.3726,17.5921],[120.3797,17.5805],[120.3702,17.5777],[120.3646,17.57],[120.3587,17.5661],[120.3453,17.562]]]]},"properties":{"ADM3_EN":"Santa Catalina","name":"Santa Catalina","ADM3_PCODE":"PH12923000","psgc_code":"12923000","ADM2_EN":"Ilocos Sur","ADM2_PCODE":"PH1292","ADM1_EN":"Northern Luzon (Regions I & II)","ADM1_PCODE":"PH01","ADM0_EN":"Philippines (the)","ADM0_PCODE":"PH","region_key":"ilocos_cagayan","province_key":"ilocos_sur","type":"Municipality"}},{"type":"Feature","geometry":{"type":"MultiPolygon","coordinates":[[[[120.4493,16.9866],[120.4484,16.9878],[120.4505,17.0],[120.4494,17.0331],[120.4468,17.0542],[120.4383,17.0764],[120.4456,17.0828],[120.4481,17.0883],[120.4508,17.0906],[120.4467,17.0886],[120.4417,17.0808],[120.4375,17.0795],[120.4361,17.0989],[120.4619,17.0979],[120.4978,17.1033],[120.5049,17.1025],[120.5124,17.0961],[120.5202,17.0945],[120.5216,17.0948],[120.5212,17.1003],[120.5418,17.0937],[120.581,17.0945],[120.5793,17.0893],[120.563,17.0778],[120.5458,17.0526],[120.5308,17.0494],[120.5211,17.0444],[120.5064,17.0317],[120.4956,17.0168],[120.4751,16.9824],[120.4493,16.9866]]]]},"properties":{"ADM3_EN":"Santa Cruz","name":"Santa Cruz","ADM3_PCODE":"PH12924000","psgc_code":"12924000","ADM2_EN":"Ilocos Sur","ADM2_PCODE":"PH1292","ADM1_EN":"Northern Luzon (Regions I & II)","ADM1_PCODE":"PH01","ADM0_EN":"Philippines (the)","ADM0_PCODE":"PH","region_key":"ilocos_cagayan","province_key":"ilocos_sur","type":"Municipality"}},{"type":"Feature","geometry":{"type":"MultiPolygon","coordinates":[[[[120.5049,17.1025],[120.4919,17.103],[120.4619,17.0979],[120.4361,17.0989],[120.4342,17.1269],[120.4291,17.1526],[120.5176,17.1448],[120.4899,17.1145],[120.4965,17.1066],[120.5039,17.1092],[120.5074,17.115],[120.5104,17.115],[120.5164,17.1109],[120.521,17.1132],[120.5235,17.1128],[120.5271,17.1086],[120.5213,17.1016],[120.5216,17.0948],[120.5124,17.0961],[120.5049,17.1025]]]]},"properties":{"ADM3_EN":"Santa Lucia","name":"Santa Lucia","ADM3_PCODE":"PH12925000","psgc_code":"12925000","ADM2_EN":"Ilocos Sur","ADM2_PCODE":"PH1292","ADM1_EN":"Northern Luzon (Regions I & II)","ADM1_PCODE":"PH01","ADM0_EN":"Philippines (the)","ADM0_PCODE":"PH","region_key":"ilocos_cagayan","province_key":"ilocos_sur","type":"Municipality"}},{"type":"Feature","geometry":{"type":"MultiPolygon","coordinates":[[[[120.4659,17.3459],[120.445,17.3476],[120.4444,17.3497],[120.4464,17.3544],[120.4528,17.3556],[120.4542,17.3572],[120.4547,17.3611],[120.4508,17.3658],[120.4481,17.3731],[120.4533,17.3792],[120.4528,17.3822],[120.4567,17.3892],[120.4619,17.3825],[120.4619,17.3797],[120.4644,17.3781],[120.4706,17.3828],[120.4719,17.3929],[120.4786,17.3928],[120.4779,17.395],[120.5584,17.3953],[120.5432,17.3715],[120.5388,17.3576],[120.5399,17.349],[120.5112,17.3484],[120.5106,17.344],[120.5082,17.3427],[120.5063,17.3448],[120.4992,17.3456],[120.4874,17.3532],[120.4852,17.3526],[120.4823,17.3456],[120.4659,17.3459]]],[[[120.4686,17.3831],[120.4658,17.38],[120.4631,17.3811],[120.4606,17.3883],[120.4581,17.3911],[120.4584,17.3934],[120.4725,17.3944],[120.4711,17.3931],[120.4706,17.3856],[120.4686,17.3831]]]]},"properties":{"ADM3_EN":"Santa Maria","name":"Santa Maria","ADM3_PCODE":"PH12926000","psgc_code":"12926000","ADM2_EN":"Ilocos Sur","ADM2_PCODE":"PH1292","ADM1_EN":"Northern Luzon (Regions I & II)","ADM1_PCODE":"PH01","ADM0_EN":"Philippines (the)","ADM0_PCODE":"PH","region_key":"ilocos_cagayan","province_key":"ilocos_sur","type":"Municipality"}},{"type":"Feature","geometry":{"type":"MultiPolygon","coordinates":[[[[120.4568,17.2331],[120.4542,17.2319],[120.4429,17.2353],[120.4329,17.2332],[120.4249,17.2295],[120.42,17.2299],[120.4211,17.2372],[120.4164,17.2547],[120.4189,17.2667],[120.4225,17.2775],[120.435,17.2867],[120.4331,17.2892],[120.4275,17.2869],[120.4225,17.2883],[120.4236,17.2989],[120.4222,17.3067],[120.4283,17.3164],[120.4273,17.3177],[120.4504,17.3178],[120.4711,17.3128],[120.486,17.3055],[120.5128,17.2844],[120.4989,17.2606],[120.487,17.2599],[120.478,17.2563],[120.4708,17.2508],[120.459,17.2338],[120.4568,17.2331]]]]},"properties":{"ADM3_EN":"Santiago","name":"Santiago","ADM3_PCODE":"PH12927000","psgc_code":"12927000","ADM2_EN":"Ilocos Sur","ADM2_PCODE":"PH1292","ADM1_EN":"Northern Luzon (Regions I & II)","ADM1_PCODE":"PH01","ADM0_EN":"Philippines (the)","ADM0_PCODE":"PH","region_key":"ilocos_cagayan","province_key":"ilocos_sur","type":"Municipality"}},{"type":"Feature","geometry":{"type":"MultiPolygon","coordinates":[[[[120.4481,17.6199],[120.442,17.626],[120.4373,17.6283],[120.4229,17.6263],[120.3838,17.6306],[120.3775,17.6283],[120.3762,17.6301],[120.3742,17.629],[120.3726,17.6299],[120.3705,17.6282],[120.3685,17.6294],[120.3662,17.6371],[120.3627,17.6406],[120.3591,17.6362],[120.354,17.6357],[120.3581,17.64],[120.3586,17.6461],[120.3642,17.65],[120.3683,17.6561],[120.37,17.6644],[120.3689,17.6686],[120.3714,17.6706],[120.3714,17.6731],[120.3947,17.6716],[120.4121,17.662],[120.4188,17.6606],[120.4356,17.6622],[120.4451,17.6592],[120.4989,17.6525],[120.4943,17.6505],[120.4762,17.6352],[120.4512,17.6174],[120.4481,17.6199]]]]},"properties":{"ADM3_EN":"Santo Domingo","name":"Santo Domingo","ADM3_PCODE":"PH12928000","psgc_code":"12928000","ADM2_EN":"Ilocos Sur","ADM2_PCODE":"PH1292","ADM1_EN":"Northern Luzon (Regions I & II)","ADM1_PCODE":"PH01","ADM0_EN":"Philippines (the)","ADM0_PCODE":"PH","region_key":"ilocos_cagayan","province_key":"ilocos_sur","type":"Municipality"}},{"type":"Feature","geometry":{"type":"MultiPolygon","coordinates":[[[[120.6525,17.0154],[120.6566,16.9984],[120.6557,16.9878],[120.6173,16.9859],[120.595,16.9872],[120.5826,16.9906],[120.5713,16.9968],[120.565,17.0043],[120.5607,17.0145],[120.5556,17.0433],[120.5517,17.0486],[120.5458,17.0526],[120.563,17.0778],[120.576,17.0876],[120.5878,17.091],[120.6062,17.0886],[120.6187,17.0841],[120.6266,17.075],[120.6419,17.0491],[120.6525,17.0154]]]]},"properties":{"ADM3_EN":"Sigay","name":"Sigay","ADM3_PCODE":"PH12929000","psgc_code":"12929000","ADM2_EN":"Ilocos Sur","ADM2_PCODE":"PH1292","ADM1_EN":"Northern Luzon (Regions I & II)","ADM1_PCODE":"PH01","ADM0_EN":"Philippines (the)","ADM0_PCODE":"PH","region_key":"ilocos_cagayan","province_key":"ilocos_sur","type":"Municipality"}},{"type":"Feature","geometry":{"type":"MultiPolygon","coordinates":[[[[120.46,17.8259],[120.4581,17.8256],[120.4486,17.8356],[120.4519,17.8422],[120.4514,17.8436],[120.4453,17.845],[120.4461,17.8536],[120.4481,17.8544],[120.4464,17.8547],[120.4399,17.8653],[120.44,17.8673],[120.443,17.8681],[120.4497,17.8747],[120.4486,17.8775],[120.445,17.8789],[120.4428,17.8839],[120.4439,17.885],[120.4428,17.8861],[120.4455,17.8892],[120.4434,17.895],[120.4449,17.9014],[120.4439,17.9027],[120.4472,17.9043],[120.4599,17.8969],[120.471,17.895],[120.4822,17.899],[120.5173,17.8941],[120.525,17.8916],[120.5285,17.8883],[120.5325,17.8814],[120.534,17.8498],[120.5331,17.8367],[120.5251,17.8203],[120.4641,17.8247],[120.4629,17.8268],[120.46,17.8259]]],[[[120.437,17.8622],[120.4378,17.8627],[120.4402,17.8595],[120.439,17.8599],[120.437,17.8622]]],[[[120.4386,17.8692],[120.4403,17.8686],[120.4367,17.8669],[120.4386,17.8686],[120.4386,17.8692]]]]},"properties":{"ADM3_EN":"Sinait","name":"Sinait","ADM3_PCODE":"PH12930000","psgc_code":"12930000","ADM2_EN":"Ilocos Sur","ADM2_PCODE":"PH1293","ADM1_EN":"Northern Luzon (Regions I & II)","ADM1_PCODE":"PH01","ADM0_EN":"Philippines (the)","ADM0_PCODE":"PH","region_key":"ilocos_cagayan","province_key":"ilocos_sur","type":"Municipality"}},{"type":"Feature","geometry":{"type":"MultiPolygon","coordinates":[[[[120.6209,16.7509],[120.6203,16.7307],[120.6184,16.7286],[120.6128,16.7047],[120.6079,16.6914],[120.5942,16.6704],[120.5845,16.6632],[120.5829,16.6598],[120.5804,16.6592],[120.5743,16.6646],[120.5702,16.6717],[120.5623,16.6703],[120.5612,16.6713],[120.5603,16.6775],[120.5617,16.6815],[120.5604,16.6865],[120.5559,16.6905],[120.5432,16.6971],[120.5377,16.7121],[120.5321,16.7156],[120.5335,16.7188],[120.5389,16.7211],[120.5434,16.7268],[120.5443,16.7393],[120.5491,16.7459],[120.5508,16.7509],[120.5427,16.7621],[120.5495,16.7696],[120.5446,16.7781],[120.5371,16.7761],[120.535,16.7787],[120.5359,16.7867],[120.5436,16.7916],[120.5435,16.7928],[120.5391,16.7948],[120.5343,16.7997],[120.5281,16.7949],[120.5246,16.7945],[120.5222,16.7968],[120.5233,16.8006],[120.5296,16.8018],[120.5357,16.8084],[120.5362,16.8116],[120.5337,16.8175],[120.5265,16.8238],[120.5149,16.8294],[120.5097,16.8344],[120.5074,16.846],[120.5087,16.8582],[120.5128,16.8659],[120.5153,16.8676],[120.6297,16.8406],[120.6209,16.7509]]]]},"properties":{"ADM3_EN":"Sugpon","name":"Sugpon","ADM3_PCODE":"PH12931000","psgc_code":"12931000","ADM2_EN":"Ilocos Sur","ADM2_PCODE":"PH1293","ADM1_EN":"Northern Luzon (Regions I & II)","ADM1_PCODE":"PH01","ADM0_EN":"Philippines (the)","ADM0_PCODE":"PH","region_key":"ilocos_cagayan","province_key":"ilocos_sur","type":"Municipality"}},{"type":"Feature","geometry":{"type":"MultiPolygon","coordinates":[[[[120.4924,16.9486],[120.4695,16.9582],[120.468,16.9614],[120.4688,16.9686],[120.4789,16.9897],[120.4833,16.9944],[120.4849,16.9997],[120.5064,17.0317],[120.5211,17.0444],[120.531,17.0494],[120.5458,17.0526],[120.5529,17.0472],[120.557,17.0388],[120.5614,17.0116],[120.565,17.0043],[120.5713,16.9968],[120.5774,16.9925],[120.595,16.9872],[120.6236,16.9856],[120.6557,16.9878],[120.6538,16.964],[120.6578,16.944],[120.6568,16.9433],[120.6272,16.9391],[120.5789,16.9359],[120.5415,16.9361],[120.5196,16.9382],[120.4924,16.9486]]]]},"properties":{"ADM3_EN":"Suyo","name":"Suyo","ADM3_PCODE":"PH12932000","psgc_code":"12932000","ADM2_EN":"Ilocos Sur","ADM2_PCODE":"PH1293","ADM1_EN":"Northern Luzon (Regions I & II)","ADM1_PCODE":"PH01","ADM0_EN":"Philippines (the)","ADM0_PCODE":"PH","region_key":"ilocos_cagayan","province_key":"ilocos_sur","type":"Municipality"}},{"type":"Feature","geometry":{"type":"MultiPolygon","coordinates":[[[[120.486,16.951],[120.5145,16.94],[120.5137,16.9224],[120.5175,16.9192],[120.5184,16.9161],[120.5173,16.9186],[120.5091,16.9114],[120.4958,16.9083],[120.4867,16.9007],[120.4809,16.9015],[120.4784,16.9123],[120.474,16.9152],[120.463,16.9121],[120.4536,16.907],[120.4514,16.915],[120.4282,16.9145],[120.425,16.9172],[120.4299,16.9151],[120.4298,16.9168],[120.4249,16.9184],[120.4215,16.9159],[120.4181,16.9157],[120.4159,16.9164],[120.418,16.9169],[120.4166,16.9181],[120.4103,16.9206],[120.4237,16.9359],[120.4273,16.945],[120.4447,16.9735],[120.4483,16.9868],[120.4751,16.9824],[120.468,16.9662],[120.4682,16.9599],[120.4732,16.9557],[120.486,16.951]]]]},"properties":{"ADM3_EN":"Tagudin","name":"Tagudin","ADM3_PCODE":"PH12933000","psgc_code":"12933000","ADM2_EN":"Ilocos Sur","ADM2_PCODE":"PH1293","ADM1_EN":"Northern Luzon (Regions I & II)","ADM1_PCODE":"PH01","ADM0_EN":"Philippines (the)","ADM0_PCODE":"PH","region_key":"ilocos_cagayan","province_key":"ilocos_sur","type":"Municipality"}},{"type":"Feature","geometry":{"type":"MultiPolygon","coordinates":[[[[120.3609,17.5468],[120.3514,17.5493],[120.3453,17.5611],[120.3626,17.5682],[120.3702,17.5777],[120.3736,17.5795],[120.3823,17.5802],[120.3925,17.5754],[120.4,17.5758],[120.4246,17.5726],[120.4428,17.5663],[120.4354,17.5546],[120.4194,17.5555],[120.4049,17.5521],[120.3923,17.5541],[120.3872,17.548],[120.3798,17.5446],[120.3609,17.5468]]]]},"properties":{"ADM3_EN":"Vigan City","name":"Vigan City","ADM3_PCODE":"PH12934000","psgc_code":"12934000","ADM2_EN":"Ilocos Sur","ADM2_PCODE":"PH1293","ADM1_EN":"Northern Luzon (Regions I & II)","ADM1_PCODE":"PH01","ADM0_EN":"Philippines (the)","ADM0_PCODE":"PH","region_key":"ilocos_cagayan","province_key":"ilocos_sur","type":"City"}},{"type":"Feature","geometry":{"type":"MultiPolygon","coordinates":[[[[121.6887,16.7459],[121.678,16.7683],[121.6424,16.7705],[121.6194,16.7739],[121.5999,16.7769],[121.5687,16.7848],[121.6384,16.8563],[121.6512,16.8788],[121.6613,16.874],[121.7154,16.8624],[121.7454,16.8568],[121.7656,16.8595],[121.7697,16.8558],[121.7639,16.84],[121.7262,16.7617],[121.7178,16.7595],[121.7088,16.7609],[121.6998,16.7497],[121.6913,16.7422],[121.6887,16.7459]]]]},"properties":{"ADM3_EN":"Alicia","name":"Alicia","ADM3_PCODE":"PH23101000","psgc_code":"23101000","ADM2_EN":"Isabela","ADM2_PCODE":"PH2310","ADM1_EN":"Northern Luzon (Regions I & II)","ADM1_PCODE":"PH01","ADM0_EN":"Philippines (the)","ADM0_PCODE":"PH","region_key":"ilocos_cagayan","province_key":"isabela","type":"Municipality"}},{"type":"Feature","geometry":{"type":"MultiPolygon","coordinates":[[[[121.7295,16.7239],[121.7209,16.7345],[121.6953,16.7357],[121.6913,16.7422],[121.6998,16.7497],[121.7088,16.7609],[121.7178,16.7595],[121.7262,16.7617],[121.7639,16.84],[121.7697,16.8558],[121.7741,16.851],[121.7951,16.8504],[121.7957,16.8406],[121.8025,16.8363],[121.8024,16.8342],[121.8142,16.8368],[121.8309,16.8354],[121.8429,16.8388],[121.8684,16.8423],[121.8718,16.8406],[121.8766,16.829],[121.8759,16.818],[121.8828,16.7952],[121.8885,16.7686],[121.8732,16.7646],[121.8696,16.7617],[121.8482,16.7547],[121.7965,16.7508],[121.788,16.7393],[121.7914,16.702],[121.7865,16.7066],[121.7602,16.7062],[121.7307,16.7104],[121.732,16.7166],[121.7295,16.7239]]]]},"properties":{"ADM3_EN":"Angadanan","name":"Angadanan","ADM3_PCODE":"PH23102000","psgc_code":"23102000","ADM2_EN":"Isabela","ADM2_PCODE":"PH2310","ADM1_EN":"Northern Luzon (Regions I & II)","ADM1_PCODE":"PH01","ADM0_EN":"Philippines (the)","ADM0_PCODE":"PH","region_key":"ilocos_cagayan","province_key":"isabela","type":"Municipality"}},{"type":"Feature","geometry":{"type":"MultiPolygon","coordinates":[[[[121.6626,16.9741],[121.6562,16.9699],[121.6551,16.9619],[121.6487,16.9622],[121.6428,16.952],[121.6382,16.9533],[121.6292,16.9488],[121.6188,16.9499],[121.617,16.9489],[121.6168,16.9453],[121.5864,16.9379],[121.5847,16.9468],[121.5801,16.957],[121.581,16.9636],[121.5785,16.9877],[121.576,16.9916],[121.6989,17.0207],[121.7065,17.0018],[121.7058,16.9987],[121.7073,16.9944],[121.7002,16.979],[121.6923,16.9765],[121.6858,16.9805],[121.6831,16.9854],[121.6787,16.9881],[121.6767,16.9858],[121.6771,16.9779],[121.67,16.9741],[121.6626,16.9741]]]]},"properties":{"ADM3_EN":"Aurora","name":"Aurora","ADM3_PCODE":"PH23103000","psgc_code":"23103000","ADM2_EN":"Isabela","ADM2_PCODE":"PH2310","ADM1_EN":"Northern Luzon (Regions I & II)","ADM1_PCODE":"PH01","ADM0_EN":"Philippines (the)","ADM0_PCODE":"PH","region_key":"ilocos_cagayan","province_key":"isabela","type":"Municipality"}},{"type":"Feature","geometry":{"type":"MultiPolygon","coordinates":[[[[121.8903,16.8417],[121.9005,16.8522],[121.9108,16.8584],[121.9243,16.8636],[121.9311,16.8683],[121.9359,16.8759],[121.9334,16.8838],[121.9321,16.885],[121.9079,16.8868],[121.9099,16.8929],[121.9046,16.8943],[121.9044,16.9028],[121.9059,16.907],[121.9015,16.9092],[121.8988,16.9079],[121.8941,16.9117],[121.8906,16.9183],[121.8919,16.9224],[121.8802,16.9198],[121.8772,16.9212],[121.8748,16.9203],[121.8724,16.9228],[121.8682,16.9227],[121.864,16.9278],[121.8668,16.9315],[121.8646,16.9353],[121.8653,16.9374],[121.856,16.9373],[121.8543,16.934],[121.8505,16.9325],[121.8486,16.9377],[121.8459,16.9368],[121.8474,16.9458],[121.8427,16.9482],[121.8428,16.9516],[121.8397,16.9549],[121.8405,16.9591],[121.8341,16.962],[121.8376,16.9647],[121.8577,16.9581],[121.8842,16.9527],[121.9071,16.9529],[121.9193,16.9563],[121.9333,16.9689],[121.9068,16.9945],[121.9267,17.0133],[121.9171,17.0279],[121.9131,17.0396],[121.9727,17.0384],[121.9862,17.0242],[121.9898,17.0133],[121.9882,16.9515],[121.9915,16.9163],[121.991,16.9074],[121.9943,16.8971],[122.0022,16.8139],[121.9659,16.7689],[121.9493,16.7879],[121.9074,16.76],[121.8885,16.7686],[121.8828,16.7952],[121.8759,16.818],[121.8766,16.829],[121.8755,16.8305],[121.8903,16.8417]]]]},"properties":{"ADM3_EN":"Benito Soliven","name":"Benito Soliven","ADM3_PCODE":"PH23104000","psgc_code":"23104000","ADM2_EN":"Isabela","ADM2_PCODE":"PH2310","ADM1_EN":"Northern Luzon (Regions I & II)","ADM1_PCODE":"PH01","ADM0_EN":"Philippines (the)","ADM0_PCODE":"PH","region_key":"ilocos_cagayan","province_key":"isabela","type":"Municipality"}},{"type":"Feature","geometry":{"type":"MultiPolygon","coordinates":[[[[121.7841,17.0452],[121.7946,17.0379],[121.7499,17.0198],[121.7422,17.0149],[121.7396,17.0103],[121.7449,17.0053],[121.7437,17.0027],[121.7412,17.0019],[121.7362,17.0079],[121.7318,17.0091],[121.7295,17.0075],[121.729,16.996],[121.7266,16.9939],[121.7211,16.9999],[121.7161,17.0],[121.7108,17.0028],[121.7065,17.0018],[121.6989,17.0207],[121.6843,17.0662],[121.6964,17.1105],[121.6975,17.1017],[121.7009,17.1058],[121.7052,17.1018],[121.7063,17.1029],[121.7048,17.1061],[121.7106,17.1116],[121.7187,17.1125],[121.7164,17.1066],[121.7232,17.105],[121.7202,17.0942],[121.7212,17.0919],[121.7841,17.0452]]]]},"properties":{"ADM3_EN":"Burgos","name":"Burgos","ADM3_PCODE":"PH23105000","psgc_code":"23105000","ADM2_EN":"Isabela","ADM2_PCODE":"PH2310","ADM1_EN":"Northern Luzon (Regions I & II)","ADM1_PCODE":"PH01","ADM0_EN":"Philippines (the)","ADM0_PCODE":"PH","region_key":"ilocos_cagayan","province_key":"isabela","type":"Municipality"}},{"type":"Feature","geometry":{"type":"MultiPolygon","coordinates":[[[[121.8103,17.3487],[121.8017,17.3538],[121.7876,17.366],[121.8115,17.3741],[121.8168,17.3817],[121.8167,17.386],[121.81,17.3976],[121.8049,17.4027],[121.7833,17.4093],[121.7729,17.4109],[121.7686,17.3957],[121.7611,17.3841],[121.731,17.3823],[121.6841,17.3491],[121.6757,17.3525],[121.6045,17.3966],[121.6599,17.4317],[121.6607,17.4287],[121.665,17.4312],[121.6679,17.4298],[121.6727,17.4307],[121.6744,17.4373],[121.681,17.4304],[121.6897,17.4282],[121.6924,17.429],[121.6941,17.4266],[121.7011,17.4244],[121.7022,17.4217],[121.7059,17.4217],[121.706,17.416],[121.7111,17.4179],[121.7129,17.4148],[121.7147,17.4163],[121.7167,17.4143],[121.724,17.4248],[121.7306,17.4295],[121.7354,17.4376],[121.745,17.4394],[121.7649,17.4399],[121.7728,17.4419],[121.7801,17.4462],[121.7837,17.4447],[121.7829,17.436],[121.7854,17.434],[121.7903,17.435],[121.7951,17.4289],[121.7975,17.4201],[121.8014,17.4155],[121.8316,17.4113],[121.847,17.4074],[121.8595,17.4066],[121.881,17.4002],[121.9398,17.4099],[121.9643,17.4121],[121.9821,17.411],[121.9885,17.4083],[121.9945,17.4081],[121.9998,17.4039],[122.0379,17.4046],[122.0186,17.3258],[122.0185,17.3132],[122.0094,17.3071],[121.9582,17.3071],[121.9071,17.3111],[121.8768,17.3225],[121.849,17.3393],[121.8247,17.3438],[121.8103,17.3487]]]]},"properties":{"ADM3_EN":"Cabagan","name":"Cabagan","ADM3_PCODE":"PH23106000","psgc_code":"23106000","ADM2_EN":"Isabela","ADM2_PCODE":"PH2310","ADM1_EN":"Northern Luzon (Regions I & II)","ADM1_PCODE":"PH01","ADM0_EN":"Philippines (the)","ADM0_PCODE":"PH","region_key":"ilocos_cagayan","province_key":"isabela","type":"Municipality"}},{"type":"Feature","geometry":{"type":"MultiPolygon","coordinates":[[[[121.6732,16.8965],[121.6299,16.9043],[121.6311,16.9055],[121.6273,16.9181],[121.6165,16.9474],[121.6207,16.9503],[121.6292,16.9488],[121.6382,16.9533],[121.6428,16.952],[121.6487,16.9622],[121.6551,16.9619],[121.6572,16.971],[121.6626,16.9741],[121.67,16.9741],[121.6771,16.9779],[121.6767,16.9858],[121.6787,16.9881],[121.6831,16.9854],[121.6858,16.9805],[121.6923,16.9765],[121.6998,16.9789],[121.706,16.9275],[121.7009,16.9221],[121.701,16.9164],[121.6961,16.9115],[121.695,16.9073],[121.6808,16.9029],[121.6742,16.9038],[121.6732,16.8965]]]]},"properties":{"ADM3_EN":"Cabatuan","name":"Cabatuan","ADM3_PCODE":"PH23107000","psgc_code":"23107000","ADM2_EN":"Isabela","ADM2_PCODE":"PH2310","ADM1_EN":"Northern Luzon (Regions I & II)","ADM1_PCODE":"PH01","ADM0_EN":"Philippines (the)","ADM0_PCODE":"PH","region_key":"ilocos_cagayan","province_key":"isabela","type":"Municipality"}},{"type":"Feature","geometry":{"type":"MultiPolygon","coordinates":[[[[121.9042,16.8546],[121.8983,16.8505],[121.8869,16.8384],[121.8755,16.8305],[121.8718,16.8406],[121.8684,16.8423],[121.8429,16.8388],[121.8309,16.8354],[121.8142,16.8368],[121.8024,16.8342],[121.8025,16.8363],[121.7957,16.8406],[121.7951,16.8504],[121.7741,16.851],[121.7656,16.8595],[121.7454,16.8568],[121.6613,16.874],[121.6512,16.8788],[121.6732,16.8965],[121.6742,16.9038],[121.6808,16.9029],[121.695,16.9073],[121.6961,16.9115],[121.701,16.9164],[121.7009,16.9221],[121.7092,16.9308],[121.7234,16.9319],[121.7295,16.934],[121.7293,16.9363],[121.7659,16.986],[121.8116,16.9814],[121.8211,16.9785],[121.8294,16.9739],[121.8345,16.9746],[121.8382,16.9659],[121.8341,16.962],[121.8405,16.9591],[121.8397,16.9549],[121.8428,16.9516],[121.8427,16.9482],[121.8474,16.9458],[121.8459,16.9368],[121.8486,16.9377],[121.8505,16.9325],[121.8543,16.934],[121.856,16.9373],[121.8653,16.9374],[121.8646,16.9353],[121.8668,16.9315],[121.864,16.9278],[121.8682,16.9227],[121.8724,16.9228],[121.8748,16.9203],[121.8772,16.9212],[121.8802,16.9198],[121.8919,16.9224],[121.8906,16.9183],[121.8941,16.9117],[121.8988,16.9079],[121.9015,16.9092],[121.9059,16.907],[121.9044,16.9028],[121.9046,16.8943],[121.9099,16.8929],[121.9079,16.8868],[121.9321,16.885],[121.9359,16.8759],[121.9311,16.8683],[121.9225,16.8626],[121.9042,16.8546]]]]},"properties":{"ADM3_EN":"Cauayan City","name":"Cauayan City","ADM3_PCODE":"PH23108000","psgc_code":"23108000","ADM2_EN":"Isabela","ADM2_PCODE":"PH2310","ADM1_EN":"Northern Luzon (Regions I & II)","ADM1_PCODE":"PH01","ADM0_EN":"Philippines (the)","ADM0_PCODE":"PH","region_key":"ilocos_cagayan","province_key":"isabela","type":"City"}},{"type":"Feature","geometry":{"type":"MultiPolygon","coordinates":[[[[121.4861,16.6347],[121.4091,16.6415],[121.4024,16.6488],[121.4005,16.6874],[121.4094,16.6976],[121.4301,16.7338],[121.4365,16.7411],[121.4421,16.7441],[121.4524,16.7468],[121.4577,16.7464],[121.4661,16.7442],[121.4731,16.7396],[121.4955,16.7208],[121.5257,16.6805],[121.5342,16.6723],[121.5118,16.6493],[121.5049,16.633],[121.4861,16.6347]]]]},"properties":{"ADM3_EN":"Cordon","name":"Cordon","ADM3_PCODE":"PH23109000","psgc_code":"23109000","ADM2_EN":"Isabela","ADM2_PCODE":"PH2310","ADM1_EN":"Northern Luzon (Regions I & II)","ADM1_PCODE":"PH01","ADM0_EN":"Philippines (the)","ADM0_PCODE":"PH","region_key":"ilocos_cagayan","province_key":"isabela","type":"Municipality"}},{"type":"Feature","geometry":{"type":"MultiPolygon","coordinates":[[[[121.8245,17.2158],[121.8264,17.2112],[121.8306,17.207],[121.8214,17.2007],[121.8157,17.1995],[121.8141,17.2022],[121.8105,17.2027],[121.6852,17.2024],[121.6865,17.2615],[121.6848,17.3342],[121.7616,17.3348],[121.7652,17.3358],[121.7669,17.3395],[121.7658,17.3412],[121.7761,17.3491],[121.7825,17.3308],[121.7976,17.3188],[121.8013,17.3136],[121.8023,17.3067],[121.801,17.2935],[121.8053,17.269],[121.8123,17.2576],[121.8245,17.2158]]]]},"properties":{"ADM3_EN":"Delfin Albano","name":"Delfin Albano","ADM3_PCODE":"PH23118000","psgc_code":"23118000","ADM2_EN":"Isabela","ADM2_PCODE":"PH2311","ADM1_EN":"Northern Luzon (Regions I & II)","ADM1_PCODE":"PH01","ADM0_EN":"Philippines (the)","ADM0_PCODE":"PH","region_key":"ilocos_cagayan","province_key":"isabela","type":"Municipality"}},{"type":"Feature","geometry":{"type":"MultiPolygon","coordinates":[[[[122.2284,16.5281],[122.1317,16.5301],[122.1096,16.5506],[122.0462,16.6],[122.1391,16.624],[122.1605,16.6417],[122.1745,16.6742],[122.1743,16.6762],[122.172,16.6758],[122.1697,16.6744],[122.1699,16.6722],[122.1675,16.6714],[122.1668,16.6765],[122.1632,16.6772],[122.1633,16.6802],[122.1592,16.6855],[122.1512,16.6885],[122.1472,16.6954],[122.1434,16.6968],[122.1422,16.7002],[122.1376,16.7027],[122.1317,16.7023],[122.1287,16.7095],[122.1261,16.7106],[122.1271,16.7149],[122.1239,16.7193],[122.1238,16.7226],[122.1193,16.7267],[122.1063,16.7288],[122.1055,16.7243],[122.1019,16.7219],[122.0979,16.7291],[122.1773,16.8097],[122.2388,16.7985],[122.3503,16.8057],[122.4337,16.8137],[122.4355,16.8044],[122.4331,16.8008],[122.4342,16.7997],[122.4358,16.8011],[122.4367,16.7992],[122.4344,16.7969],[122.4286,16.7969],[122.4253,16.7945],[122.4247,16.7908],[122.4192,16.7881],[122.4197,16.78],[122.4171,16.7777],[122.4131,16.7681],[122.4064,16.7628],[122.4092,16.7572],[122.4078,16.7544],[122.4061,16.7553],[122.405,16.7536],[122.4078,16.7508],[122.3975,16.7453],[122.3997,16.7389],[122.395,16.7367],[122.3922,16.7283],[122.3883,16.7256],[122.3872,16.7186],[122.3794,16.7133],[122.3742,16.7006],[122.3678,16.6948],[122.3604,16.6828],[122.3511,16.6556],[122.3439,16.6481],[122.3383,16.6375],[122.3383,16.6264],[122.3331,16.6222],[122.3328,16.6187],[122.3299,16.6152],[122.3241,16.6107],[122.3217,16.6019],[122.3178,16.5956],[122.3178,16.5906],[122.3155,16.5845],[122.3088,16.5777],[122.3064,16.5681],[122.3,16.5578],[122.2989,16.5519],[122.2815,16.5311],[122.28,16.5257],[122.2722,16.5236],[122.2734,16.5245],[122.2284,16.5281]]]]},"properties":{"ADM3_EN":"Dinapigue","name":"Dinapigue","ADM3_PCODE":"PH23110000","psgc_code":"23110000","ADM2_EN":"Isabela","ADM2_PCODE":"PH2311","ADM1_EN":"Northern Luzon (Regions I & II)","ADM1_PCODE":"PH01","ADM0_EN":"Philippines (the)","ADM0_PCODE":"PH","region_key":"ilocos_cagayan","province_key":"isabela","type":"Municipality"}},{"type":"Feature","geometry":{"type":"MultiPolygon","coordinates":[[[[122.1684,17.224],[122.1645,17.2246],[122.1583,17.222],[122.1094,17.2159],[122.0798,17.2145],[122.0272,17.2068],[122.0082,17.2067],[122.0135,17.2796],[122.0185,17.3132],[122.0244,17.314],[122.029,17.3121],[122.063,17.3119],[122.1417,17.315],[122.181,17.3288],[122.2415,17.343],[122.2661,17.3545],[122.2662,17.3575],[122.2686,17.3608],[122.2711,17.3625],[122.275,17.3616],[122.2775,17.3639],[122.2856,17.3614],[122.2867,17.3575],[122.2857,17.3516],[122.2889,17.3478],[122.2863,17.3446],[122.2864,17.3403],[122.2939,17.3342],[122.2986,17.3375],[122.3019,17.3372],[122.3053,17.3393],[122.3039,17.3367],[122.3058,17.3338],[122.3064,17.3354],[122.3114,17.3325],[122.3153,17.3347],[122.3203,17.3422],[122.3222,17.3425],[122.3367,17.3392],[122.3422,17.3414],[122.35,17.3347],[122.3508,17.3369],[122.3525,17.3364],[122.3535,17.3292],[122.3307,17.3092],[122.2958,17.2603],[122.2746,17.2419],[122.2638,17.2375],[122.2203,17.229],[122.1684,17.224]]]]},"properties":{"ADM3_EN":"Divilacan","name":"Divilacan","ADM3_PCODE":"PH23111000","psgc_code":"23111000","ADM2_EN":"Isabela","ADM2_PCODE":"PH2311","ADM1_EN":"Northern Luzon (Regions I & II)","ADM1_PCODE":"PH01","ADM0_EN":"Philippines (the)","ADM0_PCODE":"PH","region_key":"ilocos_cagayan","province_key":"isabela","type":"Municipality"}},{"type":"Feature","geometry":{"type":"MultiPolygon","coordinates":[[[[121.9526,16.5259],[121.9252,16.6093],[121.7987,16.6085],[121.7558,16.6108],[121.6874,16.6105],[121.6848,16.6093],[121.6833,16.6047],[121.637,16.5772],[121.6114,16.5791],[121.6149,16.5902],[121.6142,16.6004],[121.6108,16.599],[121.6067,16.608],[121.6086,16.6121],[121.6067,16.6173],[121.6034,16.6187],[121.604,16.6231],[121.6024,16.6258],[121.5997,16.6259],[121.5973,16.6297],[121.6197,16.687],[121.6414,16.6993],[121.6406,16.7047],[121.6423,16.709],[121.6477,16.7106],[121.6489,16.7128],[121.6459,16.7242],[121.653,16.7334],[121.6644,16.7352],[121.6748,16.7433],[121.6786,16.7516],[121.6724,16.75],[121.6709,16.7521],[121.6708,16.7583],[121.6787,16.7669],[121.6887,16.7459],[121.6953,16.7357],[121.7209,16.7345],[121.7295,16.7239],[121.732,16.7166],[121.7307,16.7104],[121.7602,16.7062],[121.7865,16.7066],[121.7914,16.702],[121.8071,16.6923],[121.8727,16.6542],[121.8841,16.6517],[121.9266,16.6547],[121.9527,16.6678],[121.9566,16.6643],[121.9658,16.6625],[121.9652,16.6558],[121.9678,16.6544],[121.9707,16.6587],[121.9737,16.6542],[121.976,16.6456],[121.9726,16.6412],[121.9777,16.6385],[121.9783,16.6394],[121.9791,16.6378],[121.9782,16.6343],[121.9804,16.6317],[121.9798,16.6267],[121.9817,16.6254],[122.0199,16.6264],[122.046,16.6],[122.1096,16.5506],[122.129,16.5323],[122.0823,16.5336],[122.0789,16.5291],[121.9526,16.5259]]]]},"properties":{"ADM3_EN":"Echague","name":"Echague","ADM3_PCODE":"PH23112000","psgc_code":"23112000","ADM2_EN":"Isabela","ADM2_PCODE":"PH2311","ADM1_EN":"Northern Luzon (Regions I & II)","ADM1_PCODE":"PH01","ADM0_EN":"Philippines (the)","ADM0_PCODE":"PH","region_key":"ilocos_cagayan","province_key":"isabela","type":"Municipality"}},{"type":"Feature","geometry":{"type":"MultiPolygon","coordinates":[[[[121.884,17.0669],[121.9131,17.0396],[121.8567,17.0351],[121.8494,17.0317],[121.8343,17.0333],[121.8292,17.0378],[121.8248,17.0349],[121.824,17.0287],[121.8193,17.0359],[121.8147,17.0398],[121.8049,17.0327],[121.7946,17.0379],[121.7234,17.0913],[121.728,17.0915],[121.7292,17.0959],[121.733,17.0948],[121.7324,17.1019],[121.7384,17.1049],[121.7396,17.1092],[121.7433,17.1092],[121.7469,17.1125],[121.7574,17.1109],[121.7618,17.1171],[121.7629,17.1234],[121.7643,17.1237],[121.7664,17.118],[121.7756,17.1218],[121.7794,17.1172],[121.8048,17.0996],[121.8599,17.0814],[121.884,17.0669]]]]},"properties":{"ADM3_EN":"Gamu","name":"Gamu","ADM3_PCODE":"PH23113000","psgc_code":"23113000","ADM2_EN":"Isabela","ADM2_PCODE":"PH2311","ADM1_EN":"Northern Luzon (Regions I & II)","ADM1_PCODE":"PH01","ADM0_EN":"Philippines (the)","ADM0_PCODE":"PH","region_key":"ilocos_cagayan","province_key":"isabela","type":"Municipality"}},{"type":"Feature","geometry":{"type":"MultiPolygon","coordinates":[[[[121.8599,17.0814],[121.8048,17.0996],[121.7794,17.1172],[121.7756,17.1218],[121.7779,17.1275],[121.7742,17.1321],[121.7753,17.1332],[121.7773,17.1336],[121.7812,17.1296],[121.783,17.1345],[121.7859,17.1362],[121.7849,17.1286],[121.789,17.1309],[121.7928,17.1288],[121.7941,17.1312],[121.7931,17.1386],[121.7974,17.1426],[121.8001,17.1431],[121.8036,17.1381],[121.8107,17.1422],[121.8164,17.1362],[121.8193,17.1375],[121.8157,17.1586],[121.817,17.1597],[121.8214,17.1579],[121.8204,17.1621],[121.824,17.1599],[121.8257,17.1605],[121.8265,17.1632],[121.8242,17.1654],[121.8255,17.168],[121.8176,17.1669],[121.8184,17.1701],[121.8127,17.1735],[121.817,17.1809],[121.816,17.1831],[121.8133,17.1839],[121.8143,17.1899],[121.8072,17.189],[121.8068,17.1951],[121.8019,17.1969],[121.802,17.2012],[121.8096,17.1987],[121.8113,17.2002],[121.8105,17.2027],[121.8141,17.2022],[121.8157,17.1995],[121.8214,17.2007],[121.8306,17.207],[121.8327,17.1893],[121.8377,17.1848],[121.8444,17.1827],[121.8481,17.1843],[121.8588,17.1956],[121.8699,17.2026],[121.9136,17.2228],[121.9394,17.2305],[121.9622,17.2219],[121.9752,17.2098],[121.9835,17.2073],[122.0029,17.2054],[122.0082,17.2067],[122.0272,17.2068],[122.0853,17.2152],[122.1193,17.2171],[122.1583,17.222],[122.1645,17.2246],[122.1957,17.226],[122.2203,17.229],[122.2638,17.2375],[122.2789,17.2449],[122.2958,17.2603],[122.3307,17.3092],[122.3535,17.3292],[122.353,17.3387],[122.3569,17.3414],[122.3569,17.35],[122.3608,17.3539],[122.37,17.3536],[122.3779,17.3478],[122.38,17.3431],[122.3831,17.3411],[122.3869,17.3322],[122.3936,17.325],[122.388,17.3203],[122.3828,17.3217],[122.382,17.3241],[122.3799,17.3216],[122.3773,17.324],[122.3739,17.3239],[122.3728,17.3222],[122.3772,17.315],[122.3834,17.3139],[122.3867,17.31],[122.3894,17.3092],[122.3944,17.3114],[122.3978,17.3108],[122.3958,17.3086],[122.3969,17.3061],[122.3951,17.3037],[122.3928,17.3044],[122.3897,17.3011],[122.3954,17.2978],[122.3947,17.2949],[122.3975,17.2942],[122.3985,17.2904],[122.4008,17.2911],[122.4031,17.2964],[122.4092,17.2961],[122.4125,17.2989],[122.4117,17.3008],[122.4028,17.305],[122.4014,17.3189],[122.3981,17.3253],[122.3931,17.3295],[122.3925,17.3403],[122.3939,17.3417],[122.3967,17.3417],[122.4093,17.331],[122.4156,17.32],[122.4216,17.3041],[122.434,17.2961],[122.4394,17.2873],[122.4392,17.275],[122.4436,17.2639],[122.4429,17.2444],[122.4406,17.2411],[122.4369,17.2489],[122.4369,17.2525],[122.4331,17.2575],[122.4278,17.2721],[122.4284,17.2816],[122.4236,17.2853],[122.4239,17.2794],[122.4158,17.2803],[122.4147,17.2789],[122.4164,17.2761],[122.4128,17.2742],[122.4144,17.2731],[122.4178,17.2744],[122.4222,17.2739],[122.4203,17.2722],[122.4217,17.2694],[122.4203,17.2641],[122.4214,17.2581],[122.425,17.2564],[122.4221,17.2563],[122.4225,17.2547],[122.4189,17.2497],[122.4189,17.2431],[122.4228,17.2375],[122.42,17.2317],[122.421,17.2281],[122.4192,17.2222],[122.4222,17.2195],[122.4258,17.2202],[122.4302,17.2137],[122.428,17.2108],[122.4242,17.2114],[122.4216,17.2086],[122.4261,17.2002],[122.4277,17.1925],[122.4233,17.1889],[122.4217,17.1911],[122.4199,17.191],[122.4169,17.1828],[122.4122,17.1835],[122.4145,17.1823],[122.4152,17.178],[122.4143,17.1742],[122.4106,17.1719],[122.4107,17.1639],[122.4131,17.1609],[122.4103,17.1581],[122.4105,17.1549],[122.4183,17.1376],[122.4156,17.1372],[122.4078,17.1416],[122.4053,17.1403],[122.404,17.1271],[122.3965,17.1157],[122.3803,17.1084],[122.3221,17.0871],[122.2605,17.0658],[122.2467,17.0646],[122.2221,17.0566],[122.1692,17.043],[122.1593,17.0454],[122.1222,17.0243],[122.0985,17.0181],[122.0886,17.0123],[122.0799,17.012],[122.0272,17.0175],[122.0112,17.0154],[121.9894,17.0086],[121.9898,17.0133],[121.9862,17.0242],[121.9727,17.0384],[121.9131,17.0396],[121.8893,17.0631],[121.8599,17.0814]]],[[[122.3848,17.3164],[122.3847,17.3147],[122.383,17.3147],[122.3831,17.3158],[122.3848,17.3164]]],[[[122.3939,17.3475],[122.3944,17.3458],[122.3914,17.3444],[122.388,17.3494],[122.3911,17.3508],[122.3939,17.3475]]],[[[122.3692,17.3597],[122.3664,17.3561],[122.3628,17.3564],[122.3661,17.3633],[122.3692,17.3619],[122.3692,17.3597]]]]},"properties":{"ADM3_EN":"Ilagan","name":"Ilagan","ADM3_PCODE":"PH23114000","psgc_code":"23114000","ADM2_EN":"Isabela","ADM2_PCODE":"PH2311","ADM1_EN":"Northern Luzon (Regions I & II)","ADM1_PCODE":"PH01","ADM0_EN":"Philippines (the)","ADM0_PCODE":"PH","region_key":"ilocos_cagayan","province_key":"isabela","type":"Municipality"}},{"type":"Feature","geometry":{"type":"MultiPolygon","coordinates":[[[[121.7034,16.4918],[121.7057,16.4447],[121.6414,16.525],[121.6192,16.5477],[121.601,16.569],[121.6076,16.5725],[121.6114,16.5791],[121.637,16.5772],[121.6833,16.6047],[121.6848,16.6093],[121.6874,16.6105],[121.7558,16.6108],[121.7987,16.6085],[121.9252,16.6093],[121.9526,16.5259],[121.8414,16.5198],[121.7731,16.5191],[121.7725,16.5159],[121.7671,16.5178],[121.7623,16.5257],[121.7541,16.5342],[121.7436,16.5423],[121.74,16.5417],[121.7335,16.5368],[121.7293,16.5364],[121.7324,16.5179],[121.7316,16.5154],[121.7262,16.5156],[121.7204,16.5206],[121.7137,16.5222],[121.7055,16.5183],[121.7026,16.5114],[121.7034,16.4918]]]]},"properties":{"ADM3_EN":"Jones","name":"Jones","ADM3_PCODE":"PH23115000","psgc_code":"23115000","ADM2_EN":"Isabela","ADM2_PCODE":"PH2311","ADM1_EN":"Northern Luzon (Regions I & II)","ADM1_PCODE":"PH01","ADM0_EN":"Philippines (the)","ADM0_PCODE":"PH","region_key":"ilocos_cagayan","province_key":"isabela","type":"Municipality"}},{"type":"Feature","geometry":{"type":"MultiPolygon","coordinates":[[[[121.7293,16.9363],[121.7295,16.934],[121.7234,16.9319],[121.7092,16.9308],[121.706,16.9275],[121.6998,16.9789],[121.707,16.9923],[121.7065,17.0018],[121.7108,17.0028],[121.7161,17.0],[121.7211,16.9999],[121.7266,16.9939],[121.729,16.996],[121.7295,17.0075],[121.7341,17.0091],[121.7412,17.0019],[121.7437,17.0027],[121.7449,17.0053],[121.7396,17.0103],[121.7409,17.0139],[121.7499,17.0198],[121.7654,17.0251],[121.7671,17.0217],[121.765,16.9852],[121.7293,16.9363]]]]},"properties":{"ADM3_EN":"Luna","name":"Luna","ADM3_PCODE":"PH23116000","psgc_code":"23116000","ADM2_EN":"Isabela","ADM2_PCODE":"PH2311","ADM1_EN":"Northern Luzon (Regions I & II)","ADM1_PCODE":"PH01","ADM0_EN":"Philippines (the)","ADM0_PCODE":"PH","region_key":"ilocos_cagayan","province_key":"isabela","type":"Municipality"}},{"type":"Feature","geometry":{"type":"MultiPolygon","coordinates":[[[[122.248,17.3811],[122.2478,17.3767],[122.2442,17.3731],[122.2462,17.365],[122.2503,17.3619],[122.2554,17.3637],[122.2558,17.3575],[122.2646,17.3547],[122.2557,17.349],[122.2415,17.343],[122.181,17.3288],[122.1417,17.315],[122.063,17.3119],[122.029,17.3121],[122.0244,17.314],[122.0185,17.3132],[122.0186,17.3258],[122.0379,17.4046],[122.0436,17.4052],[122.0674,17.4028],[122.0902,17.3982],[122.1104,17.3984],[122.2002,17.4138],[122.2336,17.423],[122.2403,17.4167],[122.2456,17.4164],[122.2499,17.4121],[122.2492,17.4086],[122.2445,17.409],[122.2373,17.4046],[122.2361,17.3998],[122.2381,17.3947],[122.2435,17.3883],[122.2462,17.3888],[122.2467,17.3914],[122.2475,17.3875],[122.2497,17.3906],[122.2539,17.3878],[122.248,17.3811]]]]},"properties":{"ADM3_EN":"Maconacon","name":"Maconacon","ADM3_PCODE":"PH23117000","psgc_code":"23117000","ADM2_EN":"Isabela","ADM2_PCODE":"PH2311","ADM1_EN":"Northern Luzon (Regions I & II)","ADM1_PCODE":"PH01","ADM0_EN":"Philippines (the)","ADM0_PCODE":"PH","region_key":"ilocos_cagayan","province_key":"isabela","type":"Municipality"}},{"type":"Feature","geometry":{"type":"MultiPolygon","coordinates":[[[[121.5947,17.2103],[121.5969,17.2089],[121.598,17.2105],[121.6194,17.2098],[121.6859,17.2168],[121.6834,17.1784],[121.6861,17.1275],[121.6832,17.1282],[121.6753,17.1219],[121.6699,17.1257],[121.664,17.1272],[121.6622,17.1256],[121.6628,17.1193],[121.6579,17.1184],[121.6522,17.1204],[121.6519,17.1242],[121.6484,17.1241],[121.648,17.1254],[121.655,17.1317],[121.6526,17.1397],[121.6422,17.139],[121.6409,17.1398],[121.6413,17.1431],[121.6363,17.1426],[121.6368,17.1446],[121.6349,17.1457],[121.6268,17.1422],[121.6209,17.142],[121.6211,17.1444],[121.6186,17.1468],[121.6173,17.1427],[121.6153,17.1467],[121.613,17.1467],[121.6122,17.1428],[121.6089,17.1459],[121.6019,17.1459],[121.6006,17.1422],[121.5991,17.144],[121.6005,17.1473],[121.5988,17.1486],[121.5967,17.1438],[121.5932,17.1421],[121.5913,17.1386],[121.5885,17.139],[121.5842,17.1364],[121.5855,17.14],[121.5823,17.142],[121.5798,17.1378],[121.5745,17.1368],[121.5711,17.138],[121.5751,17.1424],[121.5729,17.1464],[121.5677,17.1391],[121.5605,17.1399],[121.5597,17.1538],[121.555,17.1634],[121.5544,17.1763],[121.557,17.1803],[121.5527,17.208],[121.5947,17.2103]]]]},"properties":{"ADM3_EN":"Mallig","name":"Mallig","ADM3_PCODE":"PH23119000","psgc_code":"23119000","ADM2_EN":"Isabela","ADM2_PCODE":"PH2311","ADM1_EN":"Northern Luzon (Regions I & II)","ADM1_PCODE":"PH01","ADM0_EN":"Philippines (the)","ADM0_PCODE":"PH","region_key":"ilocos_cagayan","province_key":"isabela","type":"Municipality"}},{"type":"Feature","geometry":{"type":"MultiPolygon","coordinates":[[[[121.8452,16.9626],[121.8376,16.9647],[121.838,16.9676],[121.8345,16.9746],[121.8371,16.9817],[121.8355,16.9895],[121.8263,16.9945],[121.8225,17.0031],[121.8236,17.0079],[121.8207,17.0103],[121.821,17.0196],[121.8188,17.0224],[121.8202,17.0268],[121.824,17.0287],[121.8256,17.0361],[121.8299,17.0378],[121.8343,17.0333],[121.8494,17.0317],[121.8567,17.0351],[121.9131,17.0396],[121.9171,17.0279],[121.9267,17.0133],[121.9068,16.9945],[121.9332,16.9693],[121.9328,16.9675],[121.9193,16.9563],[121.9129,16.954],[121.8972,16.9519],[121.8744,16.9545],[121.8577,16.9581],[121.8452,16.9626]]]]},"properties":{"ADM3_EN":"Naguilian","name":"Naguilian","ADM3_PCODE":"PH23120000","psgc_code":"23120000","ADM2_EN":"Isabela","ADM2_PCODE":"PH2312","ADM1_EN":"Northern Luzon (Regions I & II)","ADM1_PCODE":"PH01","ADM0_EN":"Philippines (the)","ADM0_PCODE":"PH","region_key":"ilocos_cagayan","province_key":"isabela","type":"Municipality"}},{"type":"Feature","geometry":{"type":"MultiPolygon","coordinates":[[[[122.4681,16.9192],[122.4666,16.9196],[122.4657,16.9213],[122.4704,16.9199],[122.4681,16.9192]]],[[[122.4672,16.9228],[122.4659,16.9236],[122.4688,16.924],[122.4688,16.923],[122.4672,16.9228]]],[[[122.4808,17.0061],[122.4786,16.9983],[122.4736,16.9917],[122.4725,16.9817],[122.4666,16.9766],[122.4675,16.9719],[122.4647,16.9672],[122.4658,16.9597],[122.4764,16.9583],[122.4725,16.9556],[122.4769,16.9511],[122.4717,16.9431],[122.4733,16.9389],[122.4714,16.9283],[122.4642,16.9231],[122.4606,16.9153],[122.4603,16.9106],[122.4586,16.9086],[122.4628,16.9061],[122.4611,16.9047],[122.4592,16.9058],[122.4567,16.9031],[122.4583,16.9017],[122.4572,16.8961],[122.4611,16.8936],[122.4639,16.8889],[122.4667,16.8889],[122.4653,16.8864],[122.3592,16.8832],[122.3281,16.875],[122.3169,16.8741],[122.3033,16.8785],[122.2759,16.8939],[122.25,16.9057],[122.2197,16.9459],[122.1998,16.9662],[122.1938,16.971],[122.1749,16.9788],[122.1648,16.9856],[122.1581,16.9923],[122.1543,17.0002],[122.1534,17.0065],[122.1575,17.0158],[122.1653,17.0239],[122.1801,17.0272],[122.1893,17.0345],[122.1923,17.0404],[122.1938,17.0494],[122.2467,17.0646],[122.2605,17.0658],[122.3803,17.1084],[122.3981,17.1173],[122.404,17.1271],[122.4047,17.1385],[122.4078,17.1416],[122.414,17.1378],[122.4179,17.1373],[122.4161,17.143],[122.4189,17.1375],[122.4272,17.1289],[122.4369,17.1229],[122.4575,17.12],[122.4633,17.1203],[122.4692,17.1231],[122.4708,17.1219],[122.4627,17.1185],[122.4478,17.1197],[122.443,17.1094],[122.4503,17.0958],[122.4508,17.0992],[122.4458,17.1086],[122.4461,17.1128],[122.4481,17.1153],[122.4586,17.1169],[122.4589,17.1147],[122.4689,17.1169],[122.4725,17.1194],[122.4769,17.1161],[122.4833,17.1161],[122.4848,17.12],[122.4902,17.1257],[122.4947,17.1275],[122.4992,17.1322],[122.5008,17.1308],[122.5053,17.1325],[122.5067,17.14],[122.5099,17.1422],[122.5158,17.1361],[122.5197,17.125],[122.5192,17.1158],[122.5172,17.1142],[122.5186,17.1117],[122.522,17.1116],[122.52,17.1092],[122.5208,17.1042],[122.5289,17.0978],[122.5231,17.0947],[122.5197,17.0903],[122.5217,17.0867],[122.5169,17.0831],[122.5169,17.0739],[122.5142,17.0681],[122.515,17.0658],[122.5103,17.0558],[122.5072,17.0539],[122.5119,17.0461],[122.5106,17.0375],[122.5092,17.0358],[122.5067,17.0367],[122.505,17.0347],[122.5025,17.0356],[122.499,17.0341],[122.5025,17.0272],[122.5012,17.0193],[122.4978,17.0181],[122.4942,17.0214],[122.4883,17.0208],[122.4842,17.0144],[122.4843,17.0066],[122.4808,17.0061]]],[[[122.5086,17.0336],[122.5089,17.0311],[122.5061,17.0347],[122.5083,17.0347],[122.5086,17.0336]]],[[[122.5163,17.0454],[122.517,17.0464],[122.5178,17.0453],[122.517,17.0436],[122.5163,17.0454]]],[[[122.5211,17.1221],[122.5222,17.1232],[122.5236,17.1234],[122.521,17.1209],[122.5211,17.1221]]]]},"properties":{"ADM3_EN":"Palanan","name":"Palanan","ADM3_PCODE":"PH23121000","psgc_code":"23121000","ADM2_EN":"Isabela","ADM2_PCODE":"PH2312","ADM1_EN":"Northern Luzon (Regions I & II)","ADM1_PCODE":"PH01","ADM0_EN":"Philippines (the)","ADM0_PCODE":"PH","region_key":"ilocos_cagayan","province_key":"isabela","type":"Municipality"}},{"type":"Feature","geometry":{"type":"MultiPolygon","coordinates":[[[[121.5893,17.2101],[121.5527,17.208],[121.5518,17.2423],[121.5497,17.2509],[121.5498,17.2792],[121.6045,17.3966],[121.6757,17.3525],[121.6841,17.3491],[121.6864,17.2747],[121.6859,17.2168],[121.6194,17.2098],[121.598,17.2105],[121.5969,17.2089],[121.5917,17.211],[121.5893,17.2101]]]]},"properties":{"ADM3_EN":"Quezon","name":"Quezon","ADM3_PCODE":"PH23122000","psgc_code":"23122000","ADM2_EN":"Isabela","ADM2_PCODE":"PH2312","ADM1_EN":"Northern Luzon (Regions I & II)","ADM1_PCODE":"PH01","ADM0_EN":"Philippines (the)","ADM0_PCODE":"PH","region_key":"ilocos_cagayan","province_key":"isabela","type":"Municipality"}},{"type":"Feature","geometry":{"type":"MultiPolygon","coordinates":[[[[121.7205,17.1048],[121.7164,17.1066],[121.7187,17.1125],[121.712,17.1126],[121.7048,17.1061],[121.7063,17.1029],[121.7052,17.1018],[121.7009,17.1058],[121.6975,17.1017],[121.697,17.1106],[121.6861,17.1275],[121.6834,17.1784],[121.6852,17.2024],[121.8105,17.2027],[121.8113,17.2002],[121.8096,17.1987],[121.802,17.2012],[121.8019,17.1969],[121.8068,17.1951],[121.808,17.1884],[121.8118,17.1904],[121.8143,17.1899],[121.8133,17.1839],[121.816,17.1831],[121.817,17.1809],[121.8127,17.1735],[121.8184,17.1701],[121.8176,17.1669],[121.8255,17.168],[121.8242,17.1654],[121.8265,17.1632],[121.824,17.1599],[121.8204,17.1621],[121.8214,17.1579],[121.817,17.1597],[121.8157,17.1586],[121.8193,17.1375],[121.8164,17.1362],[121.8107,17.1422],[121.8036,17.1381],[121.8001,17.1431],[121.794,17.1406],[121.7928,17.1288],[121.789,17.1309],[121.7849,17.1286],[121.7859,17.1362],[121.783,17.1345],[121.7812,17.1296],[121.7773,17.1336],[121.7753,17.1332],[121.7742,17.1321],[121.7779,17.1275],[121.7756,17.1218],[121.7664,17.118],[121.7654,17.122],[121.7629,17.1234],[121.7618,17.1171],[121.7574,17.1109],[121.7469,17.1125],[121.7433,17.1092],[121.7396,17.1092],[121.7384,17.1049],[121.7324,17.1019],[121.7336,17.0958],[121.7292,17.0959],[121.728,17.0915],[121.7223,17.0914],[121.7204,17.0928],[121.7233,17.1031],[121.7227,17.1054],[121.7205,17.1048]]]]},"properties":{"ADM3_EN":"Quirino","name":"Quirino","ADM3_PCODE":"PH23123000","psgc_code":"23123000","ADM2_EN":"Isabela","ADM2_PCODE":"PH2312","ADM1_EN":"Northern Luzon (Regions I & II)","ADM1_PCODE":"PH01","ADM0_EN":"Philippines (the)","ADM0_PCODE":"PH","region_key":"ilocos_cagayan","province_key":"isabela","type":"Municipality"}},{"type":"Feature","geometry":{"type":"MultiPolygon","coordinates":[[[[121.5391,16.8356],[121.5476,16.8246],[121.5966,16.8245],[121.597,16.8144],[121.5687,16.7848],[121.5932,16.739],[121.5653,16.7507],[121.5213,16.7738],[121.5063,16.7841],[121.4258,16.8249],[121.4277,16.8294],[121.4259,16.8312],[121.4306,16.8364],[121.4352,16.839],[121.445,16.8312],[121.4581,16.8285],[121.4743,16.8346],[121.4933,16.8384],[121.5092,16.8382],[121.5303,16.8477],[121.5391,16.8356]]]]},"properties":{"ADM3_EN":"Ramon","name":"Ramon","ADM3_PCODE":"PH23124000","psgc_code":"23124000","ADM2_EN":"Isabela","ADM2_PCODE":"PH2312","ADM1_EN":"Northern Luzon (Regions I & II)","ADM1_PCODE":"PH01","ADM0_EN":"Philippines (the)","ADM0_PCODE":"PH","region_key":"ilocos_cagayan","province_key":"isabela","type":"Municipality"}},{"type":"Feature","geometry":{"type":"MultiPolygon","coordinates":[[[[121.8271,16.9746],[121.8211,16.9785],[121.8116,16.9814],[121.765,16.9852],[121.7671,17.0217],[121.7654,17.0251],[121.7946,17.0379],[121.8049,17.0327],[121.8137,17.0398],[121.8165,17.0386],[121.824,17.0287],[121.8202,17.0268],[121.8188,17.0224],[121.821,17.0196],[121.8207,17.0103],[121.8236,17.0079],[121.8225,17.0031],[121.8242,16.9983],[121.8283,16.9927],[121.8351,16.9906],[121.8371,16.9817],[121.8345,16.9746],[121.8271,16.9746]]]]},"properties":{"ADM3_EN":"Reina Mercedes","name":"Reina Mercedes","ADM3_PCODE":"PH23125000","psgc_code":"23125000","ADM2_EN":"Isabela","ADM2_PCODE":"PH2312","ADM1_EN":"Northern Luzon (Regions I & II)","ADM1_PCODE":"PH01","ADM0_EN":"Philippines (the)","ADM0_PCODE":"PH","region_key":"ilocos_cagayan","province_key":"isabela","type":"Municipality"}},{"type":"Feature","geometry":{"type":"MultiPolygon","coordinates":[[[[121.6394,17.0568],[121.6248,17.0485],[121.6231,17.0487],[121.6211,17.0524],[121.6113,17.0533],[121.6012,17.0481],[121.6005,17.0563],[121.5865,17.055],[121.5555,17.0669],[121.5541,17.0719],[121.5624,17.0951],[121.5605,17.1399],[121.5677,17.1391],[121.5729,17.1464],[121.5751,17.1424],[121.5711,17.138],[121.5745,17.1368],[121.5798,17.1378],[121.5823,17.142],[121.5855,17.14],[121.5842,17.1364],[121.5885,17.139],[121.5913,17.1386],[121.5932,17.1421],[121.5967,17.1438],[121.5988,17.1486],[121.6005,17.1473],[121.5991,17.144],[121.6006,17.1422],[121.6019,17.1459],[121.6089,17.1459],[121.6122,17.1428],[121.613,17.1467],[121.6153,17.1467],[121.6173,17.1427],[121.6186,17.1468],[121.6211,17.1444],[121.6209,17.142],[121.6268,17.1422],[121.6349,17.1457],[121.6368,17.1446],[121.6363,17.1426],[121.6413,17.1431],[121.6409,17.1398],[121.6422,17.139],[121.6526,17.1397],[121.655,17.1317],[121.648,17.1254],[121.6484,17.1241],[121.6519,17.1242],[121.6522,17.1204],[121.6579,17.1184],[121.6628,17.1193],[121.6622,17.1256],[121.664,17.1272],[121.6699,17.1257],[121.6753,17.1219],[121.6832,17.1282],[121.6861,17.1275],[121.6964,17.1105],[121.684,17.0654],[121.6812,17.0633],[121.6757,17.0641],[121.6713,17.062],[121.6644,17.0639],[121.6445,17.0609],[121.6394,17.0568]]]]},"properties":{"ADM3_EN":"Roxas","name":"Roxas","ADM3_PCODE":"PH23126000","psgc_code":"23126000","ADM2_EN":"Isabela","ADM2_PCODE":"PH2312","ADM1_EN":"Northern Luzon (Regions I & II)","ADM1_PCODE":"PH01","ADM0_EN":"Philippines (the)","ADM0_PCODE":"PH","region_key":"ilocos_cagayan","province_key":"isabela","type":"Municipality"}},{"type":"Feature","geometry":{"type":"MultiPolygon","coordinates":[[[[121.7534,16.3929],[121.7057,16.4447],[121.703,16.5132],[121.7055,16.5183],[121.7137,16.5222],[121.7204,16.5206],[121.7262,16.5156],[121.7316,16.5154],[121.7324,16.5179],[121.7293,16.5364],[121.7335,16.5368],[121.74,16.5417],[121.7448,16.5423],[121.7474,16.5406],[121.7623,16.5257],[121.7671,16.5178],[121.7725,16.5159],[121.7731,16.5191],[121.8414,16.5198],[121.9526,16.5259],[122.0786,16.529],[121.968,16.4833],[121.7556,16.3898],[121.7534,16.3929]]]]},"properties":{"ADM3_EN":"San Agustin","name":"San Agustin","ADM3_PCODE":"PH23127000","psgc_code":"23127000","ADM2_EN":"Isabela","ADM2_PCODE":"PH2312","ADM1_EN":"Northern Luzon (Regions I & II)","ADM1_PCODE":"PH01","ADM0_EN":"Philippines (the)","ADM0_PCODE":"PH","region_key":"ilocos_cagayan","province_key":"isabela","type":"Municipality"}},{"type":"Feature","geometry":{"type":"MultiPolygon","coordinates":[[[[122.0985,16.7261],[122.1019,16.7219],[122.1055,16.7243],[122.1063,16.7288],[122.1193,16.7267],[122.1238,16.7226],[122.1239,16.7193],[122.1271,16.7149],[122.1261,16.7106],[122.1287,16.7095],[122.1317,16.7023],[122.1376,16.7027],[122.1422,16.7002],[122.1434,16.6968],[122.1472,16.6954],[122.1512,16.6885],[122.1592,16.6855],[122.1633,16.6802],[122.1632,16.6772],[122.1668,16.6765],[122.1675,16.6714],[122.1699,16.6722],[122.1697,16.6744],[122.172,16.6758],[122.1743,16.6762],[122.1745,16.6742],[122.1605,16.6417],[122.1391,16.624],[122.046,16.6],[122.0199,16.6264],[121.9817,16.6254],[121.9798,16.6267],[121.9804,16.6317],[121.9782,16.6343],[121.9791,16.6378],[121.9783,16.6394],[121.9777,16.6385],[121.9726,16.6412],[121.976,16.6456],[121.9737,16.6542],[121.9707,16.6587],[121.9678,16.6544],[121.9652,16.6558],[121.9658,16.6625],[121.9566,16.6643],[121.9527,16.6678],[121.9266,16.6547],[121.8841,16.6517],[121.8727,16.6542],[121.7914,16.702],[121.788,16.7393],[121.7965,16.7508],[121.8482,16.7547],[121.8696,16.7617],[121.8732,16.7646],[121.8885,16.7686],[121.9074,16.76],[121.9493,16.7879],[121.9787,16.7539],[121.9841,16.7457],[122.0104,16.7412],[122.047,16.7419],[122.0591,16.7439],[122.0662,16.7487],[122.0737,16.7461],[122.0839,16.7488],[122.0883,16.7451],[122.0876,16.7363],[122.0952,16.7367],[122.0969,16.7354],[122.0985,16.7261]]]]},"properties":{"ADM3_EN":"San Guillermo","name":"San Guillermo","ADM3_PCODE":"PH23128000","psgc_code":"23128000","ADM2_EN":"Isabela","ADM2_PCODE":"PH2312","ADM1_EN":"Northern Luzon (Regions I & II)","ADM1_PCODE":"PH01","ADM0_EN":"Philippines (the)","ADM0_PCODE":"PH","region_key":"ilocos_cagayan","province_key":"isabela","type":"Municipality"}},{"type":"Feature","geometry":{"type":"MultiPolygon","coordinates":[[[[121.6409,16.7064],[121.6414,16.6993],[121.6401,16.6982],[121.6219,16.6872],[121.6124,16.6864],[121.6139,16.6992],[121.624,16.6987],[121.5967,16.7368],[121.5937,16.7356],[121.5932,16.739],[121.5687,16.7848],[121.5999,16.7769],[121.6194,16.7739],[121.6424,16.7705],[121.678,16.7683],[121.6783,16.7655],[121.6708,16.7583],[121.6709,16.7521],[121.6724,16.75],[121.6786,16.7516],[121.6757,16.7445],[121.6644,16.7352],[121.653,16.7334],[121.6456,16.7227],[121.6487,16.7121],[121.6463,16.7099],[121.6431,16.71],[121.6409,16.7064]]]]},"properties":{"ADM3_EN":"San Isidro","name":"San Isidro","ADM3_PCODE":"PH23129000","psgc_code":"23129000","ADM2_EN":"Isabela","ADM2_PCODE":"PH2312","ADM1_EN":"Northern Luzon (Regions I & II)","ADM1_PCODE":"PH01","ADM0_EN":"Philippines (the)","ADM0_PCODE":"PH","region_key":"ilocos_cagayan","province_key":"isabela","type":"Municipality"}},{"type":"Feature","geometry":{"type":"MultiPolygon","coordinates":[[[[121.6181,17.0016],[121.576,16.9916],[121.5785,16.9877],[121.5744,16.9921],[121.5682,17.0048],[121.5645,17.0228],[121.556,17.0488],[121.5543,17.0711],[121.5555,17.0669],[121.5865,17.055],[121.6005,17.0563],[121.6012,17.0481],[121.6113,17.0533],[121.6211,17.0524],[121.6231,17.0487],[121.6248,17.0485],[121.6343,17.055],[121.64,17.0569],[121.6445,17.0609],[121.6644,17.0639],[121.6713,17.062],[121.6757,17.0641],[121.6803,17.0631],[121.6843,17.0662],[121.6989,17.0207],[121.6181,17.0016]]]]},"properties":{"ADM3_EN":"San Manuel","name":"San Manuel","ADM3_PCODE":"PH23130000","psgc_code":"23130000","ADM2_EN":"Isabela","ADM2_PCODE":"PH2313","ADM1_EN":"Northern Luzon (Regions I & II)","ADM1_PCODE":"PH01","ADM0_EN":"Philippines (the)","ADM0_PCODE":"PH","region_key":"ilocos_cagayan","province_key":"isabela","type":"Municipality"}},{"type":"Feature","geometry":{"type":"MultiPolygon","coordinates":[[[[122.0247,16.7413],[122.0104,16.7412],[121.9841,16.7457],[121.9659,16.7689],[122.0022,16.8139],[121.9943,16.8971],[121.991,16.9074],[121.9915,16.9163],[121.9882,16.9515],[121.9894,17.0086],[122.0112,17.0154],[122.0272,17.0175],[122.0799,17.012],[122.0886,17.0123],[122.0985,17.0181],[122.1222,17.0243],[122.1593,17.0454],[122.1692,17.043],[122.1938,17.0494],[122.1923,17.0404],[122.187,17.0321],[122.1801,17.0272],[122.1653,17.0239],[122.1575,17.0158],[122.1534,17.0065],[122.1557,16.9967],[122.1648,16.9856],[122.1749,16.9788],[122.1938,16.971],[122.1998,16.9662],[122.2197,16.9459],[122.2457,16.9103],[122.2558,16.9022],[122.2759,16.8939],[122.3033,16.8785],[122.3169,16.8741],[122.3281,16.875],[122.3592,16.8832],[122.4647,16.8861],[122.4583,16.8783],[122.4589,16.8725],[122.4547,16.8686],[122.4519,16.8617],[122.4478,16.8581],[122.4483,16.8531],[122.4406,16.8475],[122.4395,16.8378],[122.4358,16.8328],[122.4334,16.8342],[122.432,16.8331],[122.4292,16.8269],[122.4286,16.8192],[122.4336,16.8158],[122.4337,16.8137],[122.3503,16.8057],[122.2388,16.7985],[122.1773,16.8097],[122.0979,16.7291],[122.0969,16.7354],[122.0952,16.7367],[122.0876,16.7363],[122.0883,16.7451],[122.0839,16.7488],[122.0737,16.7461],[122.0662,16.7487],[122.0546,16.7424],[122.0247,16.7413]]]]},"properties":{"ADM3_EN":"San Mariano","name":"San Mariano","ADM3_PCODE":"PH23131000","psgc_code":"23131000","ADM2_EN":"Isabela","ADM2_PCODE":"PH2313","ADM1_EN":"Northern Luzon (Regions I & II)","ADM1_PCODE":"PH01","ADM0_EN":"Philippines (the)","ADM0_PCODE":"PH","region_key":"ilocos_cagayan","province_key":"isabela","type":"Municipality"}},{"type":"Feature","geometry":{"type":"MultiPolygon","coordinates":[[[[121.5368,16.8385],[121.5303,16.8477],[121.5374,16.8522],[121.5469,16.8554],[121.5472,16.86],[121.5553,16.8631],[121.5554,16.8648],[121.5661,16.8714],[121.5628,16.8758],[121.5654,16.8797],[121.5781,16.889],[121.5806,16.8955],[121.5892,16.9048],[121.5911,16.9168],[121.5888,16.9204],[121.5864,16.9379],[121.6168,16.9453],[121.6273,16.9181],[121.6311,16.9055],[121.6299,16.9043],[121.6732,16.8965],[121.6512,16.8788],[121.6384,16.8563],[121.597,16.8144],[121.5966,16.8245],[121.5476,16.8246],[121.5368,16.8385]]]]},"properties":{"ADM3_EN":"San Mateo","name":"San Mateo","ADM3_PCODE":"PH23132000","psgc_code":"23132000","ADM2_EN":"Isabela","ADM2_PCODE":"PH2313","ADM1_EN":"Northern Luzon (Regions I & II)","ADM1_PCODE":"PH01","ADM0_EN":"Philippines (the)","ADM0_PCODE":"PH","region_key":"ilocos_cagayan","province_key":"isabela","type":"Municipality"}},{"type":"Feature","geometry":{"type":"MultiPolygon","coordinates":[[[[121.7996,17.4187],[121.7975,17.4201],[121.7951,17.4289],[121.7903,17.435],[121.7854,17.434],[121.7829,17.436],[121.7837,17.4447],[121.7801,17.4462],[121.7886,17.4662],[121.7903,17.4751],[121.7969,17.4915],[121.7967,17.5032],[121.7932,17.5178],[121.8211,17.5181],[121.8515,17.535],[122.0099,17.5396],[122.1347,17.5402],[122.1905,17.5481],[122.1875,17.5428],[122.1831,17.54],[122.1869,17.5358],[122.1914,17.5375],[122.1917,17.5344],[122.1892,17.535],[122.1878,17.5336],[122.1875,17.5289],[122.1944,17.5278],[122.195,17.5244],[122.1972,17.5228],[122.1959,17.52],[122.1917,17.5194],[122.1926,17.5081],[122.19,17.5061],[122.1917,17.5061],[122.1917,17.5044],[122.1941,17.5047],[122.205,17.4764],[122.2155,17.4543],[122.2336,17.423],[122.2002,17.4138],[122.1421,17.4037],[122.1104,17.3984],[122.0902,17.3982],[122.0674,17.4028],[122.0436,17.4052],[121.9998,17.4039],[121.9945,17.4081],[121.9885,17.4083],[121.9787,17.4117],[121.9743,17.4107],[121.9697,17.4121],[121.9398,17.4099],[121.881,17.4002],[121.8595,17.4066],[121.847,17.4074],[121.8316,17.4113],[121.8014,17.4155],[121.7996,17.4187]]]]},"properties":{"ADM3_EN":"San Pablo","name":"San Pablo","ADM3_PCODE":"PH23133000","psgc_code":"23133000","ADM2_EN":"Isabela","ADM2_PCODE":"PH2313","ADM1_EN":"Northern Luzon (Regions I & II)","ADM1_PCODE":"PH01","ADM0_EN":"Philippines (the)","ADM0_PCODE":"PH","region_key":"ilocos_cagayan","province_key":"isabela","type":"Municipality"}},{"type":"Feature","geometry":{"type":"MultiPolygon","coordinates":[[[[121.7142,17.4148],[121.7111,17.4179],[121.706,17.416],[121.7059,17.4217],[121.7022,17.4217],[121.7011,17.4244],[121.6941,17.4266],[121.6924,17.429],[121.6897,17.4282],[121.681,17.4304],[121.6744,17.4373],[121.6727,17.4307],[121.6679,17.4298],[121.665,17.4312],[121.6607,17.4287],[121.6599,17.4317],[121.675,17.4448],[121.6679,17.4531],[121.6716,17.4638],[121.6703,17.4903],[121.6561,17.5082],[121.6728,17.5086],[121.7035,17.5125],[121.7577,17.5147],[121.7784,17.5183],[121.7932,17.5178],[121.7967,17.5032],[121.7969,17.4915],[121.7903,17.4751],[121.7886,17.4662],[121.7801,17.4462],[121.7728,17.4419],[121.7649,17.4399],[121.745,17.4394],[121.7354,17.4376],[121.7306,17.4295],[121.7197,17.4195],[121.7176,17.4149],[121.7147,17.4163],[121.7142,17.4148]]]]},"properties":{"ADM3_EN":"Santa Maria","name":"Santa Maria","ADM3_PCODE":"PH23134000","psgc_code":"23134000","ADM2_EN":"Isabela","ADM2_PCODE":"PH2313","ADM1_EN":"Northern Luzon (Regions I & II)","ADM1_PCODE":"PH01","ADM0_EN":"Philippines (the)","ADM0_PCODE":"PH","region_key":"ilocos_cagayan","province_key":"isabela","type":"Municipality"}},{"type":"Feature","geometry":{"type":"MultiPolygon","coordinates":[[[[121.612,16.599],[121.6139,16.6009],[121.615,16.5919],[121.6114,16.5791],[121.6076,16.5725],[121.601,16.569],[121.5878,16.5844],[121.5771,16.6068],[121.558,16.6298],[121.5279,16.6328],[121.5049,16.633],[121.5118,16.6493],[121.5342,16.6723],[121.5257,16.6805],[121.4955,16.7208],[121.4698,16.7422],[121.462,16.7454],[121.4524,16.7468],[121.4365,16.7411],[121.4301,16.7338],[121.4094,16.6976],[121.4005,16.6874],[121.3912,16.6952],[121.3409,16.7479],[121.3388,16.749],[121.335,16.7473],[121.3363,16.7532],[121.3331,16.7558],[121.3307,16.755],[121.3365,16.7584],[121.3453,16.7605],[121.3464,16.7644],[121.3444,16.7695],[121.3375,16.7733],[121.3368,16.7781],[121.3405,16.7815],[121.3439,16.7819],[121.3528,16.7804],[121.3548,16.7764],[121.3547,16.784],[121.3563,16.7885],[121.3714,16.7895],[121.3723,16.7922],[121.3671,16.7967],[121.3667,16.7994],[121.3808,16.796],[121.3906,16.7967],[121.3939,16.805],[121.3971,16.8065],[121.4026,16.8036],[121.4057,16.8037],[121.4124,16.8105],[121.4159,16.8177],[121.4181,16.82],[121.4238,16.8217],[121.4258,16.8249],[121.5063,16.7841],[121.5213,16.7738],[121.5653,16.7507],[121.5932,16.739],[121.5937,16.7356],[121.5967,16.7368],[121.624,16.6987],[121.6139,16.6992],[121.6124,16.6864],[121.6197,16.687],[121.5973,16.6297],[121.5997,16.6259],[121.6024,16.6258],[121.604,16.6231],[121.6034,16.6187],[121.6067,16.6173],[121.6085,16.6128],[121.6069,16.6071],[121.6108,16.599],[121.612,16.599]]]]},"properties":{"ADM3_EN":"Santiago City","name":"Santiago City","ADM3_PCODE":"PH23135000","psgc_code":"23135000","ADM2_EN":"Isabela","ADM2_PCODE":"PH2313","ADM1_EN":"Northern Luzon (Regions I & II)","ADM1_PCODE":"PH01","ADM0_EN":"Philippines (the)","ADM0_PCODE":"PH","region_key":"ilocos_cagayan","province_key":"isabela","type":"City"}},{"type":"Feature","geometry":{"type":"MultiPolygon","coordinates":[[[[121.6841,17.3462],[121.6841,17.3491],[121.731,17.3823],[121.7611,17.3841],[121.7686,17.3957],[121.7729,17.4109],[121.795,17.4066],[121.8049,17.4027],[121.81,17.3976],[121.8174,17.3839],[121.8151,17.3781],[121.8115,17.3741],[121.7838,17.3648],[121.7793,17.3618],[121.7748,17.3545],[121.7761,17.3491],[121.7658,17.3412],[121.7669,17.3395],[121.7642,17.3354],[121.6848,17.3342],[121.6841,17.3462]]]]},"properties":{"ADM3_EN":"Santo Tomas","name":"Santo Tomas","ADM3_PCODE":"PH23136000","psgc_code":"23136000","ADM2_EN":"Isabela","ADM2_PCODE":"PH2313","ADM1_EN":"Northern Luzon (Regions I & II)","ADM1_PCODE":"PH01","ADM0_EN":"Philippines (the)","ADM0_PCODE":"PH","region_key":"ilocos_cagayan","province_key":"isabela","type":"Municipality"}},{"type":"Feature","geometry":{"type":"MultiPolygon","coordinates":[[[[121.8245,17.2158],[121.8123,17.2576],[121.8053,17.269],[121.801,17.2935],[121.8023,17.3067],[121.8013,17.3136],[121.7976,17.3188],[121.7825,17.3308],[121.7826,17.3336],[121.78,17.3362],[121.7748,17.3506],[121.7771,17.3594],[121.7838,17.3648],[121.7876,17.366],[121.8017,17.3538],[121.8137,17.3472],[121.8307,17.3423],[121.849,17.3393],[121.8768,17.3225],[121.9038,17.3118],[121.9174,17.3095],[121.9582,17.3071],[122.0059,17.3066],[122.0094,17.3071],[122.0185,17.3132],[122.0135,17.2796],[122.0082,17.2067],[121.9964,17.2053],[121.9794,17.2082],[121.9724,17.2116],[121.9622,17.2219],[121.9394,17.2305],[121.9136,17.2228],[121.8699,17.2026],[121.8588,17.1956],[121.8481,17.1843],[121.8429,17.1827],[121.8362,17.1857],[121.8327,17.1893],[121.8313,17.2055],[121.8245,17.2158]]]]},"properties":{"ADM3_EN":"Tumauini","name":"Tumauini","ADM3_PCODE":"PH23137000","psgc_code":"23137000","ADM2_EN":"Isabela","ADM2_PCODE":"PH2313","ADM1_EN":"Northern Luzon (Regions I & II)","ADM1_PCODE":"PH01","ADM0_EN":"Philippines (the)","ADM0_PCODE":"PH","region_key":"ilocos_cagayan","province_key":"isabela","type":"Municipality"}},{"type":"Feature","geometry":{"type":"MultiPolygon","coordinates":[[[[120.3901,16.3428],[120.3949,16.3308],[120.3993,16.3291],[120.4044,16.3223],[120.4054,16.3099],[120.3964,16.3111],[120.3826,16.3105],[120.3415,16.3013],[120.3396,16.3089],[120.3397,16.3179],[120.3447,16.344],[120.3441,16.3487],[120.3418,16.3509],[120.3619,16.3597],[120.3888,16.3644],[120.3901,16.3428]]]]},"properties":{"ADM3_EN":"Agoo","name":"Agoo","ADM3_PCODE":"PH13301000","psgc_code":"13301000","ADM2_EN":"La Union","ADM2_PCODE":"PH1330","ADM1_EN":"Northern Luzon (Regions I & II)","ADM1_PCODE":"PH01","ADM0_EN":"Philippines (the)","ADM0_PCODE":"PH","region_key":"ilocos_cagayan","province_key":"la_union","type":"Municipality"}},{"type":"Feature","geometry":{"type":"MultiPolygon","coordinates":[[[[120.3467,16.3539],[120.3418,16.3509],[120.3317,16.3616],[120.3264,16.3828],[120.3223,16.3901],[120.323,16.3925],[120.3342,16.3899],[120.3239,16.3956],[120.3289,16.4021],[120.3383,16.4009],[120.3895,16.4127],[120.395,16.4184],[120.4036,16.4205],[120.4048,16.425],[120.4078,16.427],[120.4372,16.4429],[120.443,16.448],[120.4504,16.4471],[120.4559,16.4491],[120.4596,16.4545],[120.463,16.4539],[120.4661,16.4554],[120.4676,16.4623],[120.4736,16.465],[120.4852,16.4071],[120.4494,16.3923],[120.4222,16.3734],[120.3888,16.3644],[120.3619,16.3597],[120.3467,16.3539]]]]},"properties":{"ADM3_EN":"Aringay","name":"Aringay","ADM3_PCODE":"PH13302000","psgc_code":"13302000","ADM2_EN":"La Union","ADM2_PCODE":"PH1330","ADM1_EN":"Northern Luzon (Regions I & II)","ADM1_PCODE":"PH01","ADM0_EN":"Philippines (the)","ADM0_PCODE":"PH","region_key":"ilocos_cagayan","province_key":"la_union","type":"Municipality"}},{"type":"Feature","geometry":{"type":"MultiPolygon","coordinates":[[[[120.3569,16.6963],[120.3353,16.6947],[120.3347,16.6958],[120.3369,16.7024],[120.3376,16.7129],[120.3433,16.7127],[120.3388,16.7175],[120.341,16.7247],[120.3413,16.7342],[120.3396,16.7394],[120.3353,16.7408],[120.3342,16.7427],[120.3363,16.7465],[120.3353,16.753],[120.3373,16.7608],[120.3313,16.7695],[120.3302,16.7781],[120.3521,16.7826],[120.3705,16.7825],[120.3839,16.7794],[120.4022,16.7712],[120.425,16.7533],[120.439,16.7458],[120.434,16.7369],[120.4069,16.7046],[120.403,16.696],[120.3569,16.6963]]]]},"properties":{"ADM3_EN":"Bacnotan","name":"Bacnotan","ADM3_PCODE":"PH13303000","psgc_code":"13303000","ADM2_EN":"La Union","ADM2_PCODE":"PH1330","ADM1_EN":"Northern Luzon (Regions I & II)","ADM1_PCODE":"PH01","ADM0_EN":"Philippines (the)","ADM0_PCODE":"PH","region_key":"ilocos_cagayan","province_key":"la_union","type":"Municipality"}},{"type":"Feature","geometry":{"type":"MultiPolygon","coordinates":[[[[120.5143,16.5471],[120.5139,16.5497],[120.5167,16.5551],[120.5149,16.5598],[120.5179,16.5662],[120.5168,16.5689],[120.5014,16.575],[120.4847,16.5756],[120.465,16.5679],[120.4616,16.5771],[120.4526,16.5808],[120.4474,16.5851],[120.4435,16.5917],[120.437,16.5949],[120.4367,16.6126],[120.4416,16.6132],[120.4408,16.6355],[120.4424,16.6393],[120.4421,16.6434],[120.4441,16.646],[120.4424,16.6528],[120.4436,16.6556],[120.4521,16.6535],[120.4656,16.6447],[120.4803,16.6397],[120.4895,16.6383],[120.4992,16.6302],[120.5056,16.6311],[120.5133,16.6287],[120.5419,16.6075],[120.5517,16.6026],[120.5588,16.597],[120.5144,16.5469],[120.4966,16.5412],[120.5143,16.5471]]]]},"properties":{"ADM3_EN":"Bagulin","name":"Bagulin","ADM3_PCODE":"PH13304000","psgc_code":"13304000","ADM2_EN":"La Union","ADM2_PCODE":"PH1330","ADM1_EN":"Northern Luzon (Regions I & II)","ADM1_PCODE":"PH01","ADM0_EN":"Philippines (the)","ADM0_PCODE":"PH","region_key":"ilocos_cagayan","province_key":"la_union","type":"Municipality"}},{"type":"Feature","geometry":{"type":"MultiPolygon","coordinates":[[[[120.4022,16.7712],[120.3888,16.7777],[120.3705,16.7825],[120.3503,16.7825],[120.3302,16.7781],[120.3288,16.795],[120.3239,16.8004],[120.3247,16.804],[120.3267,16.8025],[120.3291,16.8062],[120.3276,16.8137],[120.3284,16.8172],[120.3297,16.8183],[120.3436,16.8012],[120.3506,16.7956],[120.3611,16.794],[120.3743,16.7997],[120.3977,16.8255],[120.4226,16.8414],[120.4295,16.8496],[120.4345,16.8438],[120.4353,16.8361],[120.4381,16.8336],[120.4424,16.8343],[120.4468,16.8386],[120.4503,16.8384],[120.4511,16.841],[120.4579,16.8407],[120.4602,16.8377],[120.4503,16.8222],[120.442,16.7927],[120.4265,16.7532],[120.4022,16.7712]]]]},"properties":{"ADM3_EN":"Balaoan","name":"Balaoan","ADM3_PCODE":"PH13305000","psgc_code":"13305000","ADM2_EN":"La Union","ADM2_PCODE":"PH1330","ADM1_EN":"Northern Luzon (Regions I & II)","ADM1_PCODE":"PH01","ADM0_EN":"Philippines (the)","ADM0_PCODE":"PH","region_key":"ilocos_cagayan","province_key":"la_union","type":"Municipality"}},{"type":"Feature","geometry":{"type":"MultiPolygon","coordinates":[[[[120.458,16.8394],[120.456,16.8417],[120.4537,16.8401],[120.4515,16.8411],[120.4503,16.8384],[120.4468,16.8386],[120.4424,16.8343],[120.4381,16.8336],[120.4353,16.8361],[120.4345,16.8438],[120.4308,16.8491],[120.4213,16.8544],[120.4202,16.8536],[120.4153,16.8579],[120.4132,16.8612],[120.413,16.8653],[120.4094,16.8675],[120.4084,16.8719],[120.4039,16.8745],[120.4038,16.8808],[120.4006,16.8829],[120.4033,16.8894],[120.4028,16.9008],[120.4072,16.9006],[120.4078,16.9022],[120.4053,16.9036],[120.4105,16.9084],[120.4027,16.9056],[120.4029,16.9092],[120.4103,16.9206],[120.4166,16.9181],[120.418,16.9169],[120.4159,16.9164],[120.4181,16.9157],[120.4215,16.9159],[120.4249,16.9184],[120.4286,16.9178],[120.4305,16.9155],[120.4247,16.9167],[120.4323,16.9114],[120.4395,16.9122],[120.4457,16.9097],[120.4522,16.905],[120.4569,16.8925],[120.4635,16.8859],[120.4692,16.8727],[120.4703,16.8665],[120.4615,16.8401],[120.4602,16.8377],[120.458,16.8394]]]]},"properties":{"ADM3_EN":"Bangar","name":"Bangar","ADM3_PCODE":"PH13306000","psgc_code":"13306000","ADM2_EN":"La Union","ADM2_PCODE":"PH1330","ADM1_EN":"Northern Luzon (Regions I & II)","ADM1_PCODE":"PH01","ADM0_EN":"Philippines (the)","ADM0_PCODE":"PH","region_key":"ilocos_cagayan","province_key":"la_union","type":"Municipality"}},{"type":"Feature","geometry":{"type":"MultiPolygon","coordinates":[[[[120.3347,16.4552],[120.3318,16.4549],[120.3294,16.4691],[120.3234,16.4834],[120.3234,16.4866],[120.3189,16.4947],[120.3153,16.4981],[120.3097,16.4993],[120.3087,16.4986],[120.3122,16.4969],[120.3119,16.4956],[120.3077,16.4951],[120.3034,16.5017],[120.3078,16.5153],[120.3071,16.5179],[120.3094,16.5203],[120.3297,16.5173],[120.3281,16.5192],[120.3117,16.5224],[120.3097,16.5243],[120.3174,16.5347],[120.3194,16.5466],[120.32,16.5724],[120.3303,16.5635],[120.3548,16.5551],[120.3702,16.5552],[120.3811,16.557],[120.3993,16.4665],[120.3347,16.4552]]]]},"properties":{"ADM3_EN":"Bauang","name":"Bauang","ADM3_PCODE":"PH13307000","psgc_code":"13307000","ADM2_EN":"La Union","ADM2_PCODE":"PH1330","ADM1_EN":"Northern Luzon (Regions I & II)","ADM1_PCODE":"PH01","ADM0_EN":"Philippines (the)","ADM0_PCODE":"PH","region_key":"ilocos_cagayan","province_key":"la_union","type":"Municipality"}},{"type":"Feature","geometry":{"type":"MultiPolygon","coordinates":[[[[120.463,16.4539],[120.4596,16.4545],[120.4552,16.4606],[120.4545,16.4791],[120.4506,16.4867],[120.4474,16.4893],[120.4463,16.4987],[120.4432,16.4995],[120.4449,16.504],[120.4417,16.504],[120.4406,16.5057],[120.4429,16.5086],[120.442,16.5119],[120.4436,16.5131],[120.44,16.5194],[120.4441,16.5192],[120.442,16.5224],[120.4421,16.5285],[120.4442,16.5298],[120.4426,16.5323],[120.4482,16.5351],[120.4441,16.5368],[120.4477,16.5451],[120.4508,16.5473],[120.4502,16.5497],[120.4542,16.5601],[120.4696,16.5705],[120.4847,16.5756],[120.5014,16.575],[120.5088,16.573],[120.5168,16.5689],[120.5179,16.5665],[120.5149,16.5598],[120.5167,16.5551],[120.5139,16.5497],[120.5143,16.5471],[120.4966,16.5412],[120.4933,16.5339],[120.4709,16.5021],[120.4691,16.4944],[120.4736,16.465],[120.4676,16.4623],[120.4661,16.4554],[120.463,16.4539]]]]},"properties":{"ADM3_EN":"Burgos","name":"Burgos","ADM3_PCODE":"PH13308000","psgc_code":"13308000","ADM2_EN":"La Union","ADM2_PCODE":"PH1330","ADM1_EN":"Northern Luzon (Regions I & II)","ADM1_PCODE":"PH01","ADM0_EN":"Philippines (the)","ADM0_PCODE":"PH","region_key":"ilocos_cagayan","province_key":"la_union","type":"Municipality"}},{"type":"Feature","geometry":{"type":"MultiPolygon","coordinates":[[[[120.3668,16.4071],[120.3383,16.4009],[120.3289,16.4021],[120.3318,16.408],[120.3345,16.4201],[120.3344,16.434],[120.3318,16.4549],[120.3814,16.4628],[120.41,16.469],[120.4137,16.4685],[120.4192,16.4647],[120.4205,16.4621],[120.4249,16.4639],[120.4283,16.4623],[120.435,16.4557],[120.44,16.4535],[120.4411,16.4492],[120.443,16.448],[120.4372,16.4429],[120.4276,16.4388],[120.4048,16.425],[120.4036,16.4205],[120.395,16.4184],[120.3895,16.4127],[120.3668,16.4071]]]]},"properties":{"ADM3_EN":"Caba","name":"Caba","ADM3_PCODE":"PH13309000","psgc_code":"13309000","ADM2_EN":"La Union","ADM2_PCODE":"PH1330","ADM1_EN":"Northern Luzon (Regions I & II)","ADM1_PCODE":"PH01","ADM0_EN":"Philippines (the)","ADM0_PCODE":"PH","region_key":"ilocos_cagayan","province_key":"la_union","type":"Municipality"}},{"type":"Feature","geometry":{"type":"MultiPolygon","coordinates":[[[[120.3553,16.794],[120.3506,16.7956],[120.3436,16.8012],[120.3297,16.8172],[120.335,16.8208],[120.3313,16.8275],[120.3353,16.8367],[120.3413,16.8433],[120.3476,16.8475],[120.3602,16.8509],[120.3714,16.8567],[120.3978,16.8789],[120.4006,16.8829],[120.4022,16.8824],[120.4038,16.8808],[120.4039,16.8745],[120.4084,16.8719],[120.4094,16.8675],[120.413,16.8653],[120.4132,16.8612],[120.4153,16.8579],[120.4202,16.8536],[120.4213,16.8544],[120.4274,16.8512],[120.4295,16.8496],[120.429,16.8482],[120.4226,16.8414],[120.3977,16.8255],[120.3743,16.7997],[120.3651,16.7951],[120.3553,16.794]]]]},"properties":{"ADM3_EN":"Luna","name":"Luna","ADM3_PCODE":"PH13310000","psgc_code":"13310000","ADM2_EN":"La Union","ADM2_PCODE":"PH1331","ADM1_EN":"Northern Luzon (Regions I & II)","ADM1_PCODE":"PH01","ADM0_EN":"Philippines (the)","ADM0_PCODE":"PH","region_key":"ilocos_cagayan","province_key":"la_union","type":"Municipality"}},{"type":"Feature","geometry":{"type":"MultiPolygon","coordinates":[[[[120.4205,16.4621],[120.4192,16.4647],[120.4137,16.4685],[120.41,16.469],[120.3993,16.4665],[120.3811,16.557],[120.3889,16.5569],[120.3965,16.559],[120.4036,16.5749],[120.4108,16.5767],[120.4184,16.583],[120.4185,16.5912],[120.42,16.5937],[120.4321,16.5958],[120.4435,16.5917],[120.4474,16.5851],[120.4526,16.5808],[120.4616,16.5771],[120.4644,16.5716],[120.465,16.5679],[120.463,16.5653],[120.4537,16.559],[120.4502,16.5497],[120.4508,16.5473],[120.4477,16.5451],[120.4441,16.5368],[120.4478,16.5356],[120.4479,16.5342],[120.4426,16.5323],[120.4442,16.5298],[120.4421,16.5285],[120.442,16.5224],[120.4441,16.5192],[120.44,16.5194],[120.4436,16.5131],[120.442,16.5119],[120.4429,16.5086],[120.4406,16.5057],[120.4417,16.504],[120.4449,16.504],[120.4432,16.4995],[120.4463,16.4987],[120.4474,16.4893],[120.4506,16.4867],[120.4545,16.4791],[120.4554,16.4723],[120.4542,16.4631],[120.4596,16.4545],[120.4559,16.4491],[120.4504,16.4471],[120.443,16.448],[120.4411,16.4492],[120.44,16.4535],[120.435,16.4557],[120.4283,16.4623],[120.4249,16.4639],[120.4205,16.4621]]]]},"properties":{"ADM3_EN":"Naguilian","name":"Naguilian","ADM3_PCODE":"PH13311000","psgc_code":"13311000","ADM2_EN":"La Union","ADM2_PCODE":"PH1331","ADM1_EN":"Northern Luzon (Regions I & II)","ADM1_PCODE":"PH01","ADM0_EN":"Philippines (the)","ADM0_PCODE":"PH","region_key":"ilocos_cagayan","province_key":"la_union","type":"Municipality"}},{"type":"Feature","geometry":{"type":"MultiPolygon","coordinates":[[[[120.5136,16.2479],[120.5141,16.2395],[120.5125,16.237],[120.5083,16.2369],[120.504,16.239],[120.4825,16.2745],[120.4796,16.286],[120.4737,16.2994],[120.4507,16.2994],[120.4516,16.3058],[120.4471,16.31],[120.4505,16.3288],[120.462,16.3356],[120.4598,16.3849],[120.462,16.3982],[120.4852,16.4071],[120.4874,16.3912],[120.4855,16.3768],[120.4883,16.3592],[120.4962,16.3442],[120.5014,16.3107],[120.5036,16.3062],[120.5098,16.2755],[120.5136,16.2479]]]]},"properties":{"ADM3_EN":"Pugo","name":"Pugo","ADM3_PCODE":"PH13312000","psgc_code":"13312000","ADM2_EN":"La Union","ADM2_PCODE":"PH1331","ADM1_EN":"Northern Luzon (Regions I & II)","ADM1_PCODE":"PH01","ADM0_EN":"Philippines (the)","ADM0_PCODE":"PH","region_key":"ilocos_cagayan","province_key":"la_union","type":"Municipality"}},{"type":"Feature","geometry":{"type":"MultiPolygon","coordinates":[[[[120.4647,16.2126],[120.447,16.212],[120.4345,16.215],[120.4244,16.2095],[120.4154,16.2083],[120.4031,16.2414],[120.4174,16.2488],[120.4417,16.251],[120.4424,16.2628],[120.4467,16.2764],[120.4507,16.2994],[120.4737,16.2994],[120.4796,16.286],[120.4825,16.2745],[120.4921,16.2574],[120.4964,16.2533],[120.504,16.239],[120.5083,16.2369],[120.5125,16.237],[120.5063,16.2291],[120.4975,16.223],[120.5011,16.2181],[120.4995,16.2114],[120.4758,16.2136],[120.4647,16.2126]]]]},"properties":{"ADM3_EN":"Rosario","name":"Rosario","ADM3_PCODE":"PH13313000","psgc_code":"13313000","ADM2_EN":"La Union","ADM2_PCODE":"PH1331","ADM1_EN":"Northern Luzon (Regions I & II)","ADM1_PCODE":"PH01","ADM0_EN":"Philippines (the)","ADM0_PCODE":"PH","region_key":"ilocos_cagayan","province_key":"la_union","type":"Municipality"}},{"type":"Feature","geometry":{"type":"MultiPolygon","coordinates":[[[[120.4376,16.6056],[120.437,16.5949],[120.4321,16.5958],[120.42,16.5937],[120.4185,16.5912],[120.4184,16.583],[120.4108,16.5767],[120.4036,16.5749],[120.3965,16.559],[120.3889,16.5569],[120.357,16.5547],[120.3303,16.5635],[120.32,16.5724],[120.3187,16.5767],[120.3124,16.5813],[120.3071,16.5799],[120.3011,16.5816],[120.2992,16.585],[120.3014,16.592],[120.2997,16.6014],[120.2958,16.6057],[120.2925,16.6068],[120.2887,16.605],[120.2859,16.607],[120.284,16.6113],[120.2777,16.6177],[120.2775,16.6208],[120.2798,16.6249],[120.2834,16.6247],[120.2919,16.6176],[120.2924,16.6112],[120.2969,16.6081],[120.308,16.6126],[120.3123,16.6176],[120.3167,16.6283],[120.3155,16.6305],[120.3107,16.6327],[120.307,16.6386],[120.3078,16.6441],[120.3112,16.6487],[120.3166,16.652],[120.3187,16.6564],[120.3274,16.6502],[120.3385,16.6463],[120.3753,16.6418],[120.3879,16.6433],[120.4062,16.6428],[120.4173,16.6401],[120.423,16.6411],[120.4359,16.6385],[120.4424,16.6393],[120.4408,16.6355],[120.4416,16.6132],[120.4367,16.6126],[120.4376,16.6056]]]]},"properties":{"ADM3_EN":"San Fernando City","name":"San Fernando City","ADM3_PCODE":"PH13314000","psgc_code":"13314000","ADM2_EN":"La Union","ADM2_PCODE":"PH1331","ADM1_EN":"Northern Luzon (Regions I & II)","ADM1_PCODE":"PH01","ADM0_EN":"Philippines (the)","ADM0_PCODE":"PH","region_key":"ilocos_cagayan","province_key":"la_union","type":"City"}},{"type":"Feature","geometry":{"type":"MultiPolygon","coordinates":[[[[120.5277,16.6182],[120.5133,16.6287],[120.5056,16.6311],[120.4992,16.6302],[120.4895,16.6383],[120.4803,16.6397],[120.4656,16.6447],[120.4521,16.6535],[120.4369,16.657],[120.4334,16.6597],[120.4263,16.6599],[120.4206,16.662],[120.4169,16.6616],[120.4137,16.6591],[120.407,16.6615],[120.4044,16.6641],[120.4048,16.6683],[120.4005,16.6868],[120.4042,16.6999],[120.4144,16.7146],[120.434,16.7369],[120.439,16.7458],[120.5028,16.7147],[120.5116,16.7112],[120.5408,16.7058],[120.5432,16.6971],[120.5559,16.6905],[120.5604,16.6865],[120.5617,16.6815],[120.5603,16.6775],[120.5612,16.6713],[120.5623,16.6703],[120.5702,16.6717],[120.5743,16.6646],[120.5804,16.6592],[120.5631,16.6309],[120.5419,16.6075],[120.5277,16.6182]]]]},"properties":{"ADM3_EN":"San Gabriel","name":"San Gabriel","ADM3_PCODE":"PH13315000","psgc_code":"13315000","ADM2_EN":"La Union","ADM2_PCODE":"PH1331","ADM1_EN":"Northern Luzon (Regions I & II)","ADM1_PCODE":"PH01","ADM0_EN":"Philippines (the)","ADM0_PCODE":"PH","region_key":"ilocos_cagayan","province_key":"la_union","type":"Municipality"}},{"type":"Feature","geometry":{"type":"MultiPolygon","coordinates":[[[[120.4359,16.6385],[120.423,16.6411],[120.4142,16.6405],[120.4062,16.6428],[120.3879,16.6433],[120.3753,16.6418],[120.3385,16.6463],[120.3274,16.6502],[120.3187,16.6564],[120.3223,16.6618],[120.3306,16.6669],[120.3352,16.6765],[120.3381,16.6882],[120.3353,16.6947],[120.3541,16.6967],[120.403,16.696],[120.4005,16.6868],[120.4048,16.6683],[120.4044,16.6641],[120.406,16.6624],[120.4137,16.6591],[120.419,16.6621],[120.4327,16.6598],[120.4357,16.6575],[120.4436,16.6556],[120.4424,16.6528],[120.4441,16.646],[120.4421,16.6434],[120.4424,16.6393],[120.4359,16.6385]]]]},"properties":{"ADM3_EN":"San Juan","name":"San Juan","ADM3_PCODE":"PH13316000","psgc_code":"13316000","ADM2_EN":"La Union","ADM2_PCODE":"PH1331","ADM1_EN":"Northern Luzon (Regions I & II)","ADM1_PCODE":"PH01","ADM0_EN":"Philippines (the)","ADM0_PCODE":"PH","region_key":"ilocos_cagayan","province_key":"la_union","type":"Municipality"}},{"type":"Feature","geometry":{"type":"MultiPolygon","coordinates":[[[[120.3662,16.2606],[120.3706,16.2558],[120.3692,16.2533],[120.3711,16.2489],[120.3767,16.2436],[120.3811,16.2419],[120.3803,16.2392],[120.3714,16.2458],[120.3678,16.2544],[120.3611,16.2603],[120.3563,16.2713],[120.3483,16.2809],[120.3415,16.3013],[120.3826,16.3105],[120.3964,16.3111],[120.4231,16.306],[120.4407,16.2998],[120.4507,16.2994],[120.4467,16.2764],[120.4424,16.2628],[120.4417,16.251],[120.4174,16.2488],[120.4031,16.2414],[120.3995,16.2517],[120.3934,16.2564],[120.3842,16.2602],[120.3786,16.2672],[120.375,16.2689],[120.3744,16.2714],[120.3683,16.2733],[120.3641,16.2724],[120.3636,16.27],[120.3672,16.2667],[120.3664,16.2653],[120.3647,16.2663],[120.3639,16.2646],[120.3662,16.2606]]]]},"properties":{"ADM3_EN":"Santo Tomas","name":"Santo Tomas","ADM3_PCODE":"PH13317000","psgc_code":"13317000","ADM2_EN":"La Union","ADM2_PCODE":"PH1331","ADM1_EN":"Northern Luzon (Regions I & II)","ADM1_PCODE":"PH01","ADM0_EN":"Philippines (the)","ADM0_PCODE":"PH","region_key":"ilocos_cagayan","province_key":"la_union","type":"Municipality"}},{"type":"Feature","geometry":{"type":"MultiPolygon","coordinates":[[[[120.5442,16.7347],[120.5426,16.7252],[120.5389,16.7211],[120.532,16.7173],[120.5325,16.7151],[120.5377,16.7121],[120.5408,16.7058],[120.5116,16.7112],[120.5028,16.7147],[120.4551,16.7373],[120.4265,16.7532],[120.442,16.7927],[120.4489,16.8179],[120.535,16.7838],[120.535,16.7787],[120.5371,16.7761],[120.5454,16.7776],[120.5495,16.7696],[120.5427,16.7607],[120.5461,16.7586],[120.5508,16.7509],[120.5491,16.7459],[120.5443,16.7393],[120.5442,16.7347]]]]},"properties":{"ADM3_EN":"Santol","name":"Santol","ADM3_PCODE":"PH13318000","psgc_code":"13318000","ADM2_EN":"La Union","ADM2_PCODE":"PH1331","ADM1_EN":"Northern Luzon (Regions I & II)","ADM1_PCODE":"PH01","ADM0_EN":"Philippines (the)","ADM0_PCODE":"PH","region_key":"ilocos_cagayan","province_key":"la_union","type":"Municipality"}},{"type":"Feature","geometry":{"type":"MultiPolygon","coordinates":[[[[120.5171,16.8289],[120.5265,16.8238],[120.5357,16.814],[120.5357,16.8084],[120.5289,16.8012],[120.5233,16.8006],[120.5222,16.7968],[120.5246,16.7945],[120.5281,16.7949],[120.5343,16.7997],[120.5391,16.7948],[120.5435,16.7928],[120.5436,16.7916],[120.5359,16.7867],[120.535,16.7838],[120.4489,16.8179],[120.4517,16.8253],[120.4615,16.8401],[120.4659,16.8516],[120.4703,16.8665],[120.4694,16.8721],[120.4635,16.8859],[120.4542,16.8972],[120.4522,16.905],[120.4395,16.9122],[120.4323,16.9114],[120.4282,16.9145],[120.4514,16.915],[120.4536,16.907],[120.463,16.9121],[120.474,16.9152],[120.4784,16.9123],[120.4809,16.9015],[120.4867,16.9007],[120.4958,16.9083],[120.5091,16.9114],[120.5173,16.9186],[120.5185,16.9133],[120.5139,16.9026],[120.5131,16.8937],[120.5151,16.8809],[120.5194,16.8746],[120.5142,16.8725],[120.5107,16.869],[120.5077,16.8582],[120.5071,16.8435],[120.5097,16.8344],[120.5171,16.8289]]]]},"properties":{"ADM3_EN":"Sudipen","name":"Sudipen","ADM3_PCODE":"PH13319000","psgc_code":"13319000","ADM2_EN":"La Union","ADM2_PCODE":"PH1331","ADM1_EN":"Northern Luzon (Regions I & II)","ADM1_PCODE":"PH01","ADM0_EN":"Philippines (the)","ADM0_PCODE":"PH","region_key":"ilocos_cagayan","province_key":"la_union","type":"Municipality"}},{"type":"Feature","geometry":{"type":"MultiPolygon","coordinates":[[[[120.4055,16.3169],[120.4047,16.3216],[120.4007,16.3277],[120.3949,16.3308],[120.3925,16.3357],[120.3895,16.3447],[120.3888,16.3644],[120.4244,16.3744],[120.4494,16.3923],[120.462,16.3982],[120.4598,16.3849],[120.462,16.3356],[120.4505,16.3288],[120.4471,16.31],[120.4516,16.3058],[120.4507,16.2994],[120.4407,16.2998],[120.4231,16.306],[120.4054,16.3099],[120.4055,16.3169]]]]},"properties":{"ADM3_EN":"Tubao","name":"Tubao","ADM3_PCODE":"PH13320000","psgc_code":"13320000","ADM2_EN":"La Union","ADM2_PCODE":"PH1332","ADM1_EN":"Northern Luzon (Regions I & II)","ADM1_PCODE":"PH01","ADM0_EN":"Philippines (the)","ADM0_PCODE":"PH","region_key":"ilocos_cagayan","province_key":"la_union","type":"Municipality"}},{"type":"Feature","geometry":{"type":"MultiPolygon","coordinates":[[[[121.3058,15.7867],[121.2817,15.7705],[121.273,15.7901],[121.2354,15.854],[121.2232,15.8776],[121.2432,15.9647],[121.2535,16.0178],[121.3427,16.0215],[121.4676,15.9166],[121.3058,15.7867]]]]},"properties":{"ADM3_EN":"Alfonso Castaneda","name":"Alfonso Castaneda","ADM3_PCODE":"PH25015000","psgc_code":"25015000","ADM2_EN":"Nueva Vizcaya","ADM2_PCODE":"PH2501","ADM1_EN":"Northern Luzon (Regions I & II)","ADM1_PCODE":"PH01","ADM0_EN":"Philippines (the)","ADM0_PCODE":"PH","region_key":"ilocos_cagayan","province_key":"nueva_vizcaya","type":"Municipality"}},{"type":"Feature","geometry":{"type":"MultiPolygon","coordinates":[[[[121.0687,16.6262],[121.1073,16.6313],[121.1111,16.6163],[121.1169,16.5759],[121.1224,16.5645],[121.1291,16.5577],[121.0919,16.5364],[121.0851,16.5296],[121.0748,16.5109],[121.0732,16.4712],[121.0719,16.4549],[121.0697,16.4474],[121.0279,16.4529],[120.9941,16.4979],[120.9932,16.5232],[120.9872,16.5547],[120.9812,16.6104],[121.0687,16.6262]]]]},"properties":{"ADM3_EN":"Ambaguio","name":"Ambaguio","ADM3_PCODE":"PH25001000","psgc_code":"25001000","ADM2_EN":"Nueva Vizcaya","ADM2_PCODE":"PH2500","ADM1_EN":"Northern Luzon (Regions I & II)","ADM1_PCODE":"PH01","ADM0_EN":"Philippines (the)","ADM0_PCODE":"PH","region_key":"ilocos_cagayan","province_key":"nueva_vizcaya","type":"Municipality"}},{"type":"Feature","geometry":{"type":"MultiPolygon","coordinates":[[[[121.0919,16.1091],[121.0749,16.1143],[121.0592,16.1878],[121.0226,16.2046],[120.9782,16.2153],[120.8898,16.2333],[120.9155,16.2479],[120.9273,16.286],[120.9632,16.3165],[120.9667,16.3168],[120.966,16.3239],[120.9709,16.3335],[120.9859,16.3367],[120.9982,16.3489],[121.0129,16.3575],[121.0232,16.3456],[121.0435,16.3274],[121.1053,16.266],[121.1165,16.2214],[121.118,16.2082],[121.1169,16.1973],[121.1202,16.156],[121.1165,16.1067],[121.1098,16.106],[121.0919,16.1091]]]]},"properties":{"ADM3_EN":"Aritao","name":"Aritao","ADM3_PCODE":"PH25002000","psgc_code":"25002000","ADM2_EN":"Nueva Vizcaya","ADM2_PCODE":"PH2500","ADM1_EN":"Northern Luzon (Regions I & II)","ADM1_PCODE":"PH01","ADM0_EN":"Philippines (the)","ADM0_PCODE":"PH","region_key":"ilocos_cagayan","province_key":"nueva_vizcaya","type":"Municipality"}},{"type":"Feature","geometry":{"type":"MultiPolygon","coordinates":[[[[121.2257,16.5417],[121.226,16.5491],[121.2235,16.5558],[121.2237,16.5732],[121.2028,16.6084],[121.2036,16.6372],[121.2078,16.6388],[121.2105,16.6446],[121.2299,16.649],[121.2315,16.6513],[121.2305,16.6535],[121.2339,16.6555],[121.2432,16.6533],[121.2458,16.6548],[121.2507,16.6502],[121.2527,16.6504],[121.2548,16.6544],[121.2607,16.6532],[121.2656,16.6591],[121.2713,16.6603],[121.2783,16.6694],[121.2925,16.6518],[121.3001,16.6508],[121.3014,16.6432],[121.3077,16.643],[121.3065,16.6389],[121.3104,16.6339],[121.3165,16.6075],[121.3192,16.6016],[121.3212,16.585],[121.3329,16.5443],[121.3411,16.5005],[121.2537,16.5305],[121.2257,16.5417]]]]},"properties":{"ADM3_EN":"Bagabag","name":"Bagabag","ADM3_PCODE":"PH25003000","psgc_code":"25003000","ADM2_EN":"Nueva Vizcaya","ADM2_PCODE":"PH2500","ADM1_EN":"Northern Luzon (Regions I & II)","ADM1_PCODE":"PH01","ADM0_EN":"Philippines (the)","ADM0_PCODE":"PH","region_key":"ilocos_cagayan","province_key":"nueva_vizcaya","type":"Municipality"}},{"type":"Feature","geometry":{"type":"MultiPolygon","coordinates":[[[[121.145,16.4381],[121.2259,16.4272],[121.2623,16.424],[121.2907,16.3999],[121.1813,16.3392],[121.0983,16.3323],[121.087,16.3297],[121.051,16.3295],[121.0435,16.3274],[121.0232,16.3456],[121.0129,16.3575],[120.9979,16.3681],[120.9724,16.3929],[121.0011,16.4379],[121.0279,16.4529],[121.145,16.4381]]]]},"properties":{"ADM3_EN":"Bambang","name":"Bambang","ADM3_PCODE":"PH25004000","psgc_code":"25004000","ADM2_EN":"Nueva Vizcaya","ADM2_PCODE":"PH2500","ADM1_EN":"Northern Luzon (Regions I & II)","ADM1_PCODE":"PH01","ADM0_EN":"Philippines (the)","ADM0_PCODE":"PH","region_key":"ilocos_cagayan","province_key":"nueva_vizcaya","type":"Municipality"}},{"type":"Feature","geometry":{"type":"MultiPolygon","coordinates":[[[[121.1613,16.5139],[121.1771,16.5082],[121.1927,16.4865],[121.2343,16.4539],[121.2368,16.4427],[121.2259,16.4272],[121.1822,16.4338],[121.0697,16.4474],[121.0719,16.4549],[121.0732,16.4712],[121.0748,16.5109],[121.0851,16.5296],[121.0919,16.5364],[121.1291,16.5577],[121.1393,16.5386],[121.1455,16.5201],[121.1613,16.5139]]]]},"properties":{"ADM3_EN":"Bayombong","name":"Bayombong","ADM3_PCODE":"PH25005000","psgc_code":"25005000","ADM2_EN":"Nueva Vizcaya","ADM2_PCODE":"PH2500","ADM1_EN":"Northern Luzon (Regions I & II)","ADM1_PCODE":"PH01","ADM0_EN":"Philippines (the)","ADM0_PCODE":"PH","region_key":"ilocos_cagayan","province_key":"nueva_vizcaya","type":"Municipality"}},{"type":"Feature","geometry":{"type":"MultiPolygon","coordinates":[[[[121.3932,16.6935],[121.4005,16.6874],[121.4024,16.6488],[121.4091,16.6415],[121.4074,16.6408],[121.4037,16.6205],[121.3953,16.542],[121.3883,16.516],[121.3411,16.5005],[121.3329,16.5443],[121.3212,16.585],[121.3192,16.6016],[121.3165,16.6075],[121.3104,16.6339],[121.3065,16.6389],[121.3077,16.643],[121.3014,16.6432],[121.3001,16.6508],[121.2925,16.6518],[121.2884,16.6569],[121.2941,16.6601],[121.2972,16.6642],[121.2933,16.6725],[121.2962,16.6812],[121.2905,16.6873],[121.2907,16.6894],[121.296,16.6952],[121.3067,16.6941],[121.3145,16.6989],[121.3161,16.698],[121.3178,16.7024],[121.3168,16.7117],[121.3183,16.719],[121.3229,16.7237],[121.3274,16.7331],[121.3328,16.7366],[121.3355,16.7439],[121.3343,16.7446],[121.335,16.7473],[121.3388,16.749],[121.3932,16.6935]]]]},"properties":{"ADM3_EN":"Diadi","name":"Diadi","ADM3_PCODE":"PH25006000","psgc_code":"25006000","ADM2_EN":"Nueva Vizcaya","ADM2_PCODE":"PH2500","ADM1_EN":"Northern Luzon (Regions I & II)","ADM1_PCODE":"PH01","ADM0_EN":"Philippines (the)","ADM0_PCODE":"PH","region_key":"ilocos_cagayan","province_key":"nueva_vizcaya","type":"Municipality"}},{"type":"Feature","geometry":{"type":"MultiPolygon","coordinates":[[[[121.2479,16.1248],[121.1999,16.2024],[121.1556,16.2792],[121.122,16.2911],[121.0934,16.3099],[121.0638,16.3238],[121.0571,16.3298],[121.087,16.3297],[121.0983,16.3323],[121.1813,16.3392],[121.2105,16.3176],[121.2383,16.2866],[121.2613,16.2673],[121.2937,16.2809],[121.3059,16.1755],[121.3187,16.0879],[121.3221,16.0394],[121.3427,16.0215],[121.2857,16.0192],[121.2479,16.1248]]]]},"properties":{"ADM3_EN":"Dupax Del Norte","name":"Dupax Del Norte","ADM3_PCODE":"PH25007000","psgc_code":"25007000","ADM2_EN":"Nueva Vizcaya","ADM2_PCODE":"PH2500","ADM1_EN":"Northern Luzon (Regions I & II)","ADM1_PCODE":"PH01","ADM0_EN":"Philippines (the)","ADM0_PCODE":"PH","region_key":"ilocos_cagayan","province_key":"nueva_vizcaya","type":"Municipality"}},{"type":"Feature","geometry":{"type":"MultiPolygon","coordinates":[[[[121.1885,16.0485],[121.1862,16.0724],[121.1836,16.0801],[121.1754,16.0908],[121.1355,16.1072],[121.1165,16.1067],[121.1202,16.156],[121.1169,16.1973],[121.118,16.2082],[121.1165,16.2214],[121.1053,16.266],[121.0435,16.3274],[121.0571,16.3298],[121.0638,16.3238],[121.0934,16.3099],[121.122,16.2911],[121.1556,16.2792],[121.1999,16.2024],[121.2479,16.1248],[121.2857,16.0192],[121.2535,16.0178],[121.2432,15.9647],[121.2232,15.8776],[121.2354,15.854],[121.2215,15.8663],[121.198,15.9081],[121.1951,15.9366],[121.197,15.9563],[121.1885,16.0485]]]]},"properties":{"ADM3_EN":"Dupax Del Sur","name":"Dupax Del Sur","ADM3_PCODE":"PH25008000","psgc_code":"25008000","ADM2_EN":"Nueva Vizcaya","ADM2_PCODE":"PH2500","ADM1_EN":"Northern Luzon (Regions I & II)","ADM1_PCODE":"PH01","ADM0_EN":"Philippines (the)","ADM0_PCODE":"PH","region_key":"ilocos_cagayan","province_key":"nueva_vizcaya","type":"Municipality"}},{"type":"Feature","geometry":{"type":"MultiPolygon","coordinates":[[[[121.2301,16.2957],[121.2105,16.3176],[121.1813,16.3392],[121.3795,16.4511],[121.4027,16.4351],[121.4257,16.428],[121.4515,16.4279],[121.4401,16.3859],[121.438,16.3389],[121.3568,16.3044],[121.2613,16.2673],[121.2442,16.2809],[121.2301,16.2957]]]]},"properties":{"ADM3_EN":"Kasibu","name":"Kasibu","ADM3_PCODE":"PH25009000","psgc_code":"25009000","ADM2_EN":"Nueva Vizcaya","ADM2_PCODE":"PH2500","ADM1_EN":"Northern Luzon (Regions I & II)","ADM1_PCODE":"PH01","ADM0_EN":"Philippines (the)","ADM0_PCODE":"PH","region_key":"ilocos_cagayan","province_key":"nueva_vizcaya","type":"Municipality"}},{"type":"Feature","geometry":{"type":"MultiPolygon","coordinates":[[[[120.8388,16.2516],[120.7853,16.2582],[120.7649,16.2539],[120.8059,16.3231],[120.8455,16.3209],[120.8605,16.3545],[120.863,16.3644],[120.8913,16.4339],[120.8838,16.506],[120.8928,16.559],[120.9052,16.5959],[120.9812,16.6104],[120.9872,16.5547],[120.9932,16.5232],[120.9941,16.4979],[121.0279,16.4529],[121.0011,16.4379],[120.9724,16.3929],[120.9979,16.3681],[121.0129,16.3575],[120.9982,16.3489],[120.9859,16.3367],[120.9709,16.3335],[120.966,16.3239],[120.9667,16.3168],[120.9632,16.3165],[120.9273,16.286],[120.9155,16.2479],[120.8898,16.2333],[120.8787,16.2359],[120.8656,16.2442],[120.8388,16.2516]]]]},"properties":{"ADM3_EN":"Kayapa","name":"Kayapa","ADM3_PCODE":"PH25010000","psgc_code":"25010000","ADM2_EN":"Nueva Vizcaya","ADM2_PCODE":"PH2501","ADM1_EN":"Northern Luzon (Regions I & II)","ADM1_PCODE":"PH01","ADM0_EN":"Philippines (the)","ADM0_PCODE":"PH","region_key":"ilocos_cagayan","province_key":"nueva_vizcaya","type":"Municipality"}},{"type":"Feature","geometry":{"type":"MultiPolygon","coordinates":[[[[121.2259,16.4272],[121.2368,16.4427],[121.2343,16.4539],[121.1927,16.4865],[121.2041,16.4955],[121.2082,16.5027],[121.2263,16.5064],[121.2302,16.5084],[121.2376,16.5198],[121.244,16.5199],[121.2537,16.5305],[121.3411,16.5005],[121.3883,16.516],[121.3795,16.4511],[121.2907,16.3999],[121.2623,16.424],[121.2259,16.4272]]]]},"properties":{"ADM3_EN":"Quezon","name":"Quezon","ADM3_PCODE":"PH25011000","psgc_code":"25011000","ADM2_EN":"Nueva Vizcaya","ADM2_PCODE":"PH2501","ADM1_EN":"Northern Luzon (Regions I & II)","ADM1_PCODE":"PH01","ADM0_EN":"Philippines (the)","ADM0_PCODE":"PH","region_key":"ilocos_cagayan","province_key":"nueva_vizcaya","type":"Municipality"}},{"type":"Feature","geometry":{"type":"MultiPolygon","coordinates":[[[[120.88,16.1059],[120.8684,16.1233],[120.8572,16.1329],[120.8414,16.1715],[120.7689,16.2014],[120.759,16.243],[120.7649,16.2539],[120.7853,16.2582],[120.8388,16.2516],[120.8656,16.2442],[120.8787,16.2359],[120.9578,16.2185],[120.9782,16.2153],[121.0226,16.2046],[121.0592,16.1878],[121.0749,16.1143],[121.0433,16.1202],[121.0265,16.1261],[121.0022,16.1257],[120.988,16.1276],[120.9308,16.1202],[120.88,16.1059]]]]},"properties":{"ADM3_EN":"Santa Fe","name":"Santa Fe","ADM3_PCODE":"PH25012000","psgc_code":"25012000","ADM2_EN":"Nueva Vizcaya","ADM2_PCODE":"PH2501","ADM1_EN":"Northern Luzon (Regions I & II)","ADM1_PCODE":"PH01","ADM0_EN":"Philippines (the)","ADM0_PCODE":"PH","region_key":"ilocos_cagayan","province_key":"nueva_vizcaya","type":"Municipality"}},{"type":"Feature","geometry":{"type":"MultiPolygon","coordinates":[[[[121.1771,16.5082],[121.1455,16.5201],[121.1393,16.5386],[121.1291,16.5577],[121.1523,16.5667],[121.1915,16.5626],[121.2237,16.5732],[121.2235,16.5558],[121.226,16.5491],[121.2257,16.5417],[121.2537,16.5305],[121.244,16.5199],[121.2376,16.5198],[121.2302,16.5084],[121.2263,16.5064],[121.2082,16.5027],[121.2041,16.4955],[121.1927,16.4865],[121.1771,16.5082]]]]},"properties":{"ADM3_EN":"Solano","name":"Solano","ADM3_PCODE":"PH25013000","psgc_code":"25013000","ADM2_EN":"Nueva Vizcaya","ADM2_PCODE":"PH2501","ADM1_EN":"Northern Luzon (Regions I & II)","ADM1_PCODE":"PH01","ADM0_EN":"Philippines (the)","ADM0_PCODE":"PH","region_key":"ilocos_cagayan","province_key":"nueva_vizcaya","type":"Municipality"}},{"type":"Feature","geometry":{"type":"MultiPolygon","coordinates":[[[[121.1111,16.6163],[121.1073,16.6313],[121.1765,16.6448],[121.176,16.6403],[121.1776,16.6372],[121.1904,16.6411],[121.1972,16.6414],[121.1983,16.639],[121.2036,16.6372],[121.2028,16.6084],[121.2237,16.5732],[121.1915,16.5626],[121.1523,16.5667],[121.1291,16.5577],[121.1224,16.5645],[121.1169,16.5759],[121.1111,16.6163]]]]},"properties":{"ADM3_EN":"Villaverde","name":"Villaverde","ADM3_PCODE":"PH25014000","psgc_code":"25014000","ADM2_EN":"Nueva Vizcaya","ADM2_PCODE":"PH2501","ADM1_EN":"Northern Luzon (Regions I & II)","ADM1_PCODE":"PH01","ADM0_EN":"Philippines (the)","ADM0_PCODE":"PH","region_key":"ilocos_cagayan","province_key":"nueva_vizcaya","type":"Municipality"}},{"type":"Feature","geometry":{"type":"MultiPolygon","coordinates":[[[[119.7925,16.0309],[119.7783,16.0144],[119.7684,16.0098],[119.7651,16.0102],[119.7603,16.0128],[119.7642,16.0117],[119.7686,16.0181],[119.7733,16.0208],[119.774,16.0247],[119.7719,16.0339],[119.7667,16.0389],[119.7583,16.0402],[119.7555,16.0478],[119.7576,16.057],[119.7648,16.0703],[119.7638,16.0803],[119.7686,16.0867],[119.7675,16.0922],[119.7625,16.0997],[119.762,16.1064],[119.7656,16.1181],[119.7687,16.1154],[119.7733,16.1164],[119.7772,16.1219],[119.7789,16.13],[119.7817,16.1333],[119.7808,16.1342],[119.7775,16.1317],[119.7758,16.1325],[119.7746,16.1423],[119.7706,16.1456],[119.7692,16.1583],[119.7719,16.1608],[119.7714,16.1636],[119.7683,16.1658],[119.7583,16.1661],[119.7553,16.1636],[119.7539,16.1644],[119.7553,16.1686],[119.7533,16.1708],[119.7586,16.1772],[119.76,16.1814],[119.7581,16.1947],[119.7636,16.2022],[119.763,16.2045],[119.7816,16.1979],[119.798,16.1839],[119.8022,16.1767],[119.8256,16.1629],[119.8351,16.1542],[119.8448,16.1556],[119.8739,16.1496],[119.8814,16.1443],[119.8885,16.1348],[119.8884,16.1263],[119.8863,16.1236],[119.8096,16.0505],[119.7925,16.0309]]]]},"properties":{"ADM3_EN":"Agno","name":"Agno","ADM3_PCODE":"PH15501000","psgc_code":"15501000","ADM2_EN":"Pangasinan","ADM2_PCODE":"PH1550","ADM1_EN":"Northern Luzon (Regions I & II)","ADM1_PCODE":"PH01","ADM0_EN":"Philippines (the)","ADM0_PCODE":"PH","region_key":"ilocos_cagayan","province_key":"pangasinan","type":"Municipality"}},{"type":"Feature","geometry":{"type":"MultiPolygon","coordinates":[[[[120.1829,15.7346],[120.1668,15.782],[120.1651,15.7986],[120.1841,15.8113],[120.186,15.8202],[120.1853,15.8402],[120.1919,15.8495],[120.1917,15.8561],[120.1962,15.8603],[120.1955,15.8626],[120.202,15.8725],[120.2029,15.8772],[120.2093,15.8812],[120.2157,15.8893],[120.2246,15.8959],[120.2325,15.8957],[120.2468,15.9059],[120.2516,15.9059],[120.2543,15.9081],[120.2603,15.9019],[120.2614,15.8924],[120.2678,15.8831],[120.2789,15.8716],[120.2929,15.8645],[120.2947,15.8627],[120.2961,15.8548],[120.3044,15.8522],[120.3072,15.8482],[120.2893,15.8387],[120.1829,15.7346]]]]},"properties":{"ADM3_EN":"Aguilar","name":"Aguilar","ADM3_PCODE":"PH15502000","psgc_code":"15502000","ADM2_EN":"Pangasinan","ADM2_PCODE":"PH1550","ADM1_EN":"Northern Luzon (Regions I & II)","ADM1_PCODE":"PH01","ADM0_EN":"Philippines (the)","ADM0_PCODE":"PH","region_key":"ilocos_cagayan","province_key":"pangasinan","type":"Municipality"}},{"type":"Feature","geometry":{"type":"MultiPolygon","coordinates":[[[[119.9587,16.0806],[119.9387,16.0806],[119.9354,16.0868],[119.9333,16.0974],[119.9269,16.1068],[119.9199,16.1119],[119.8992,16.1204],[119.8887,16.1292],[119.8973,16.1378],[119.9408,16.2078],[119.9422,16.2096],[119.9484,16.2113],[119.948,16.2131],[119.9415,16.217],[119.947,16.2252],[119.9465,16.2309],[119.9451,16.2327],[119.9401,16.2315],[119.9309,16.2372],[119.9262,16.2458],[119.9277,16.25],[119.9308,16.2442],[119.9339,16.2444],[119.936,16.24],[119.9433,16.2389],[119.9458,16.2369],[119.9478,16.2381],[119.9544,16.2367],[119.9578,16.2203],[119.9611,16.22],[119.9628,16.2317],[119.9686,16.2294],[119.9669,16.2272],[119.9687,16.2253],[119.97,16.2267],[119.9721,16.2261],[119.9726,16.2242],[119.9789,16.2246],[119.9807,16.2212],[119.9728,16.2147],[119.9711,16.2114],[119.9755,16.21],[119.975,16.2061],[119.9769,16.2106],[119.9794,16.2089],[119.9821,16.2042],[119.9797,16.2014],[119.9839,16.2028],[119.9858,16.1986],[119.9867,16.2017],[119.9894,16.2028],[119.9953,16.1994],[119.9963,16.1958],[120.0,16.1958],[120.0016,16.1934],[120.0037,16.1937],[120.0071,16.1895],[120.0081,16.1836],[120.0105,16.1813],[120.0111,16.1736],[120.0131,16.1711],[120.0181,16.1702],[120.02,16.1683],[120.0269,16.1739],[120.0289,16.1764],[120.0273,16.1813],[120.0294,16.1853],[120.03,16.1919],[120.0306,16.1864],[120.0325,16.1844],[120.0333,16.1856],[120.0314,16.1906],[120.035,16.1889],[120.0369,16.1911],[120.0397,16.1911],[120.0369,16.1894],[120.0364,16.1867],[120.0392,16.1839],[120.0397,16.1858],[120.0433,16.1836],[120.0408,16.1867],[120.0439,16.1853],[120.0456,16.1881],[120.0444,16.1925],[120.0478,16.1906],[120.0492,16.1872],[120.0495,16.1847],[120.0461,16.1797],[120.0475,16.178],[120.0525,16.1806],[120.0538,16.1765],[120.0658,16.1728],[120.0365,16.1423],[119.9948,16.095],[119.9725,16.0726],[119.965,16.0781],[119.9587,16.0806]]],[[[120.0431,16.1956],[120.0436,16.1892],[120.039,16.1874],[120.0425,16.1933],[120.0419,16.1961],[120.0403,16.1967],[120.0408,16.1992],[120.0431,16.1956]]],[[[120.0414,16.1931],[120.04,16.1933],[120.0394,16.1942],[120.0408,16.1944],[120.0414,16.1931]]],[[[120.0344,16.2011],[120.0353,16.2],[120.0342,16.1964],[120.0328,16.1978],[120.0319,16.197],[120.0333,16.1958],[120.0322,16.1944],[120.0342,16.195],[120.035,16.1933],[120.0328,16.1925],[120.0295,16.1955],[120.0317,16.1989],[120.0278,16.2003],[120.0325,16.2019],[120.0336,16.1998],[120.0344,16.2011]]],[[[120.0367,16.2011],[120.0381,16.1989],[120.0375,16.1981],[120.0361,16.1994],[120.0367,16.2011]]],[[[120.0297,16.2033],[120.0303,16.205],[120.0311,16.2056],[120.0303,16.2017],[120.0297,16.2033]]],[[[120.0394,16.1925],[120.0403,16.1919],[120.0356,16.1928],[120.0353,16.1978],[120.0394,16.1925]]],[[[120.0402,16.2067],[120.0383,16.2061],[120.0406,16.2025],[120.0397,16.2017],[120.0364,16.2064],[120.0372,16.2081],[120.0411,16.2083],[120.0402,16.2067]]],[[[120.0433,16.2097],[120.0425,16.2092],[120.0381,16.2108],[120.0417,16.2114],[120.0433,16.2097]]],[[[120.0444,16.2131],[120.0431,16.215],[120.0419,16.2122],[120.0389,16.2125],[120.0389,16.2161],[120.0408,16.2139],[120.0411,16.2164],[120.0433,16.2172],[120.0458,16.2147],[120.0444,16.2131]]],[[[120.0014,16.2092],[119.9975,16.2081],[119.9939,16.2097],[120.0029,16.2112],[120.0014,16.2092]]],[[[120.0364,16.2133],[120.0347,16.2139],[120.038,16.216],[120.0372,16.2106],[120.0364,16.2133]]],[[[120.05,16.2193],[120.0514,16.2203],[120.0503,16.2169],[120.0497,16.2175],[120.05,16.2193]]],[[[120.0503,16.2226],[120.0511,16.2236],[120.0522,16.2236],[120.0495,16.2206],[120.0503,16.2226]]],[[[120.0481,16.2228],[120.0469,16.2211],[120.0456,16.2219],[120.0461,16.2239],[120.0481,16.2228]]]]},"properties":{"ADM3_EN":"Alaminos City","name":"Alaminos City","ADM3_PCODE":"PH15503000","psgc_code":"15503000","ADM2_EN":"Pangasinan","ADM2_PCODE":"PH1550","ADM1_EN":"Northern Luzon (Regions I & II)","ADM1_PCODE":"PH01","ADM0_EN":"Philippines (the)","ADM0_PCODE":"PH","region_key":"ilocos_cagayan","province_key":"pangasinan","type":"City"}},{"type":"Feature","geometry":{"type":"MultiPolygon","coordinates":[[[[120.5209,15.8321],[120.493,15.8318],[120.4947,15.8339],[120.4894,15.8631],[120.5678,15.887],[120.5587,15.8818],[120.553,15.8739],[120.5601,15.8674],[120.5799,15.8577],[120.573,15.8323],[120.5209,15.8321]]]]},"properties":{"ADM3_EN":"Alcala","name":"Alcala","ADM3_PCODE":"PH15504000","psgc_code":"15504000","ADM2_EN":"Pangasinan","ADM2_PCODE":"PH1550","ADM1_EN":"Northern Luzon (Regions I & II)","ADM1_PCODE":"PH01","ADM0_EN":"Philippines (the)","ADM0_PCODE":"PH","region_key":"ilocos_cagayan","province_key":"pangasinan","type":"Municipality"}},{"type":"Feature","geometry":{"type":"MultiPolygon","coordinates":[[[[120.0153,16.2339],[120.0117,16.2309],[120.0037,16.2287],[119.999,16.2237],[119.9923,16.2222],[119.9881,16.2269],[119.9887,16.2366],[119.9794,16.2408],[119.9808,16.2433],[119.9778,16.2456],[119.9797,16.25],[119.9745,16.2519],[119.9621,16.261],[119.9611,16.2637],[119.964,16.265],[119.9643,16.2681],[119.9625,16.2689],[119.9629,16.2664],[119.9585,16.2657],[119.9572,16.2626],[119.9483,16.267],[119.9525,16.2694],[119.9556,16.2678],[119.9572,16.27],[119.9558,16.2766],[119.9511,16.2819],[119.9453,16.2867],[119.9414,16.2842],[119.9375,16.2861],[119.9369,16.2881],[119.9389,16.2911],[119.9364,16.2954],[119.9335,16.2944],[119.9313,16.2911],[119.9227,16.2848],[119.921,16.2879],[119.9225,16.2903],[119.9185,16.293],[119.9178,16.3012],[119.9195,16.3026],[119.9205,16.308],[119.9253,16.3103],[119.9264,16.3078],[119.9292,16.3074],[119.9359,16.3127],[119.9402,16.3086],[119.9433,16.3097],[119.9389,16.3107],[119.9375,16.3228],[119.9392,16.3239],[119.9403,16.3211],[119.9436,16.3261],[119.943,16.3304],[119.9486,16.3328],[119.9519,16.3322],[119.9543,16.3236],[119.9497,16.3208],[119.9499,16.3176],[119.9523,16.3167],[119.9502,16.3166],[119.9467,16.3125],[119.9542,16.3108],[119.9578,16.3069],[119.9625,16.3047],[119.9638,16.307],[119.9592,16.3081],[119.9569,16.3106],[119.9597,16.3174],[119.9586,16.32],[119.9625,16.3228],[119.9656,16.3286],[119.9644,16.3306],[119.9667,16.3369],[119.9656,16.3439],[119.9719,16.35],[119.9811,16.3472],[119.9894,16.3506],[119.9897,16.3456],[119.9875,16.3442],[119.9875,16.3469],[119.9844,16.3442],[119.9847,16.3425],[119.9878,16.3381],[119.9897,16.3431],[120.0006,16.3383],[120.0006,16.3351],[119.9964,16.3289],[119.9994,16.3222],[120.0115,16.3142],[120.0219,16.3136],[120.0117,16.3027],[120.0111,16.2987],[120.0085,16.2968],[119.9982,16.2776],[119.9984,16.2737],[120.0042,16.2683],[120.0075,16.2586],[120.0119,16.2531],[120.0192,16.2522],[120.0173,16.2452],[120.0179,16.2408],[120.0153,16.2339]]],[[[120.0264,16.3189],[120.0257,16.3175],[120.0244,16.3164],[120.0258,16.3209],[120.0264,16.3189]]],[[[119.9386,16.2678],[119.9372,16.2667],[119.9358,16.2683],[119.9369,16.2692],[119.9386,16.2678]]],[[[119.9889,16.3572],[119.987,16.3614],[119.9903,16.3635],[119.9892,16.3597],[119.9903,16.3556],[119.9889,16.3572]]],[[[119.9513,16.3399],[119.9518,16.3374],[119.9497,16.3369],[119.9459,16.3399],[119.9428,16.3403],[119.9436,16.3461],[119.9479,16.3445],[119.9495,16.3403],[119.9513,16.3399]]],[[[119.9437,16.3533],[119.9426,16.352],[119.9408,16.3529],[119.9419,16.3553],[119.9437,16.3533]]],[[[119.9631,16.3655],[119.9649,16.3648],[119.9566,16.3542],[119.9521,16.3512],[119.9473,16.351],[119.9453,16.357],[119.947,16.3628],[119.9505,16.3636],[119.9518,16.3611],[119.9517,16.3639],[119.9536,16.3655],[119.9631,16.3655]]]]},"properties":{"ADM3_EN":"Anda","name":"Anda","ADM3_PCODE":"PH15505000","psgc_code":"15505000","ADM2_EN":"Pangasinan","ADM2_PCODE":"PH1550","ADM1_EN":"Northern Luzon (Regions I & II)","ADM1_PCODE":"PH01","ADM0_EN":"Philippines (the)","ADM0_PCODE":"PH","region_key":"ilocos_cagayan","province_key":"pangasinan","type":"Municipality"}},{"type":"Feature","geometry":{"type":"MultiPolygon","coordinates":[[[[120.6412,15.9603],[120.6468,15.9541],[120.6479,15.949],[120.6433,15.9465],[120.6321,15.9502],[120.6302,15.9495],[120.6313,15.9708],[120.6301,15.9789],[120.6305,16.0054],[120.6293,16.0098],[120.626,16.0125],[120.5949,16.0149],[120.6124,16.0283],[120.6294,16.0376],[120.6316,16.0422],[120.6608,16.0464],[120.7085,16.0494],[120.7094,16.0457],[120.7039,16.0349],[120.7006,16.0319],[120.6989,16.0228],[120.7055,16.014],[120.7108,16.0121],[120.7132,16.005],[120.7086,16.0016],[120.7043,15.9956],[120.6955,15.9979],[120.6902,15.9955],[120.6886,15.9914],[120.689,15.9865],[120.6868,15.9851],[120.6782,15.9842],[120.6673,15.9857],[120.6632,15.9811],[120.6568,15.9796],[120.6452,15.9715],[120.6393,15.9697],[120.6381,15.9652],[120.6412,15.9603]]]]},"properties":{"ADM3_EN":"Asingan","name":"Asingan","ADM3_PCODE":"PH15506000","psgc_code":"15506000","ADM2_EN":"Pangasinan","ADM2_PCODE":"PH1550","ADM1_EN":"Northern Luzon (Regions I & II)","ADM1_PCODE":"PH01","ADM0_EN":"Philippines (the)","ADM0_PCODE":"PH","region_key":"ilocos_cagayan","province_key":"pangasinan","type":"Municipality"}},{"type":"Feature","geometry":{"type":"MultiPolygon","coordinates":[[[[120.7219,15.853],[120.6996,15.8462],[120.6807,15.8457],[120.6781,15.8528],[120.6634,15.8695],[120.6522,15.8986],[120.6439,15.933],[120.6587,15.9405],[120.662,15.9439],[120.659,15.9481],[120.6668,15.9496],[120.6735,15.9489],[120.6792,15.9511],[120.6876,15.9481],[120.6911,15.9446],[120.6997,15.946],[120.7101,15.9433],[120.7171,15.9467],[120.7174,15.9434],[120.7198,15.9434],[120.7237,15.9095],[120.745,15.8539],[120.7357,15.8504],[120.7219,15.853]]]]},"properties":{"ADM3_EN":"Balungao","name":"Balungao","ADM3_PCODE":"PH15507000","psgc_code":"15507000","ADM2_EN":"Pangasinan","ADM2_PCODE":"PH1550","ADM1_EN":"Northern Luzon (Regions I & II)","ADM1_PCODE":"PH01","ADM0_EN":"Philippines (the)","ADM0_PCODE":"PH","region_key":"ilocos_cagayan","province_key":"pangasinan","type":"Municipality"}},{"type":"Feature","geometry":{"type":"MultiPolygon","coordinates":[[[[119.8814,16.1443],[119.8763,16.1484],[119.8708,16.1504],[119.8448,16.1556],[119.8351,16.1542],[119.8256,16.1629],[119.8022,16.1767],[119.798,16.1839],[119.7816,16.1979],[119.763,16.2045],[119.763,16.2094],[119.7678,16.2194],[119.7697,16.22],[119.7742,16.2264],[119.7767,16.235],[119.7833,16.2394],[119.78,16.2442],[119.7727,16.2482],[119.7747,16.2533],[119.7725,16.2558],[119.774,16.2644],[119.7937,16.2723],[119.8037,16.2726],[119.8536,16.2499],[119.8989,16.2513],[119.8985,16.2498],[119.9052,16.2516],[119.9139,16.2515],[119.9193,16.25],[119.9175,16.245],[119.9144,16.2422],[119.9181,16.2405],[119.9214,16.2464],[119.9208,16.2438],[119.9224,16.2426],[119.9227,16.2463],[119.9245,16.2461],[119.9256,16.2483],[119.9277,16.25],[119.9262,16.2458],[119.9309,16.2372],[119.9401,16.2315],[119.9451,16.2327],[119.947,16.2252],[119.9415,16.217],[119.948,16.2131],[119.9484,16.2113],[119.9422,16.2096],[119.9408,16.2078],[119.8973,16.1378],[119.8887,16.1292],[119.8885,16.1348],[119.8814,16.1443]]]]},"properties":{"ADM3_EN":"Bani","name":"Bani","ADM3_PCODE":"PH15508000","psgc_code":"15508000","ADM2_EN":"Pangasinan","ADM2_PCODE":"PH1550","ADM1_EN":"Northern Luzon (Regions I & II)","ADM1_PCODE":"PH01","ADM0_EN":"Philippines (the)","ADM0_PCODE":"PH","region_key":"ilocos_cagayan","province_key":"pangasinan","type":"Municipality"}},{"type":"Feature","geometry":{"type":"MultiPolygon","coordinates":[[[[120.43,15.8703],[120.4348,15.8662],[120.4401,15.8515],[120.3931,15.8414],[120.3889,15.8614],[120.3813,15.8838],[120.392,15.8907],[120.4065,15.8915],[120.43,15.8703]]]]},"properties":{"ADM3_EN":"Basista","name":"Basista","ADM3_PCODE":"PH15509000","psgc_code":"15509000","ADM2_EN":"Pangasinan","ADM2_PCODE":"PH1550","ADM1_EN":"Northern Luzon (Regions I & II)","ADM1_PCODE":"PH01","ADM0_EN":"Philippines (the)","ADM0_PCODE":"PH","region_key":"ilocos_cagayan","province_key":"pangasinan","type":"Municipality"}},{"type":"Feature","geometry":{"type":"MultiPolygon","coordinates":[[[[120.5525,15.7814],[120.55,15.773],[120.5479,15.7707],[120.5306,15.7602],[120.4884,15.7997],[120.4688,15.8011],[120.4683,15.8107],[120.4656,15.8161],[120.466,15.8207],[120.4723,15.8243],[120.4748,15.8235],[120.4773,15.8166],[120.4799,15.8163],[120.4865,15.8215],[120.489,15.8255],[120.4847,15.8313],[120.4867,15.832],[120.573,15.8323],[120.5693,15.8176],[120.5525,15.7814]]]]},"properties":{"ADM3_EN":"Bautista","name":"Bautista","ADM3_PCODE":"PH15510000","psgc_code":"15510000","ADM2_EN":"Pangasinan","ADM2_PCODE":"PH1551","ADM1_EN":"Northern Luzon (Regions I & II)","ADM1_PCODE":"PH01","ADM0_EN":"Philippines (the)","ADM0_PCODE":"PH","region_key":"ilocos_cagayan","province_key":"pangasinan","type":"Municipality"}},{"type":"Feature","geometry":{"type":"MultiPolygon","coordinates":[[[[120.4586,15.7453],[120.3997,15.7661],[120.3987,15.7731],[120.406,15.7781],[120.3931,15.8414],[120.4894,15.8631],[120.4947,15.8339],[120.493,15.8318],[120.4847,15.8313],[120.489,15.8255],[120.4865,15.8215],[120.4799,15.8163],[120.4773,15.8166],[120.4748,15.8235],[120.4723,15.8243],[120.466,15.8207],[120.4656,15.8161],[120.4683,15.8107],[120.4684,15.8018],[120.4884,15.7997],[120.5306,15.7602],[120.4811,15.7298],[120.4586,15.7453]]]]},"properties":{"ADM3_EN":"Bayambang","name":"Bayambang","ADM3_PCODE":"PH15511000","psgc_code":"15511000","ADM2_EN":"Pangasinan","ADM2_PCODE":"PH1551","ADM1_EN":"Northern Luzon (Regions I & II)","ADM1_PCODE":"PH01","ADM0_EN":"Philippines (the)","ADM0_PCODE":"PH","region_key":"ilocos_cagayan","province_key":"pangasinan","type":"Municipality"}},{"type":"Feature","geometry":{"type":"MultiPolygon","coordinates":[[[[120.5712,16.0198],[120.5657,16.0507],[120.5596,16.0733],[120.5547,16.0836],[120.5794,16.1147],[120.6294,16.1255],[120.6293,16.1244],[120.6335,16.1236],[120.6349,16.1224],[120.6347,16.1137],[120.6383,16.1025],[120.6366,16.0972],[120.6385,16.0906],[120.6323,16.0711],[120.6316,16.0422],[120.6294,16.0376],[120.6124,16.0283],[120.593,16.0135],[120.5716,16.0159],[120.5712,16.0198]]]]},"properties":{"ADM3_EN":"Binalonan","name":"Binalonan","ADM3_PCODE":"PH15512000","psgc_code":"15512000","ADM2_EN":"Pangasinan","ADM2_PCODE":"PH1551","ADM1_EN":"Northern Luzon (Regions I & II)","ADM1_PCODE":"PH01","ADM0_EN":"Philippines (the)","ADM0_PCODE":"PH","region_key":"ilocos_cagayan","province_key":"pangasinan","type":"Municipality"}},{"type":"Feature","geometry":{"type":"MultiPolygon","coordinates":[[[[120.2942,15.9513],[120.2837,15.9441],[120.2821,15.9579],[120.2719,15.98],[120.252,16.0404],[120.2758,16.0469],[120.2985,16.0561],[120.3098,16.0361],[120.325,16.0209],[120.3286,15.974],[120.328,15.9658],[120.3163,15.9657],[120.2942,15.9513]]]]},"properties":{"ADM3_EN":"Binmaley","name":"Binmaley","ADM3_PCODE":"PH15513000","psgc_code":"15513000","ADM2_EN":"Pangasinan","ADM2_PCODE":"PH1551","ADM1_EN":"Northern Luzon (Regions I & II)","ADM1_PCODE":"PH01","ADM0_EN":"Philippines (the)","ADM0_PCODE":"PH","region_key":"ilocos_cagayan","province_key":"pangasinan","type":"Municipality"}},{"type":"Feature","geometry":{"type":"MultiPolygon","coordinates":[[[[119.9169,16.3058],[119.9156,16.3003],[119.9132,16.2989],[119.912,16.295],[119.9168,16.2922],[119.9172,16.2831],[119.9142,16.2803],[119.9201,16.2815],[119.9218,16.2792],[119.9211,16.2723],[119.9136,16.2633],[119.9239,16.255],[119.9195,16.2484],[119.9175,16.2508],[119.9093,16.2517],[119.8985,16.2498],[119.8989,16.2513],[119.8536,16.2499],[119.8037,16.2726],[119.7937,16.2723],[119.774,16.2644],[119.7733,16.2656],[119.7731,16.275],[119.7717,16.2763],[119.7733,16.2778],[119.7747,16.2869],[119.7794,16.2931],[119.7811,16.3022],[119.7789,16.3089],[119.7814,16.3122],[119.7825,16.3192],[119.7867,16.3289],[119.7936,16.3389],[119.8197,16.3617],[119.8372,16.3636],[119.855,16.3581],[119.8569,16.3622],[119.8558,16.3681],[119.8661,16.3789],[119.8728,16.3831],[119.8822,16.3936],[119.8836,16.3897],[119.8875,16.3889],[119.8928,16.3925],[119.9014,16.3922],[119.9044,16.3886],[119.9072,16.3806],[119.9119,16.3783],[119.9158,16.3819],[119.9178,16.3817],[119.9194,16.3847],[119.9256,16.3823],[119.9242,16.3731],[119.9176,16.3709],[119.9203,16.3675],[119.9231,16.3678],[119.9253,16.3655],[119.9241,16.3633],[119.9263,16.3594],[119.9239,16.3556],[119.9258,16.3481],[119.9247,16.343],[119.9283,16.3369],[119.9287,16.333],[119.9261,16.3235],[119.9231,16.3225],[119.9246,16.3194],[119.9196,16.3137],[119.9194,16.3098],[119.9169,16.3058]]],[[[119.9236,16.2677],[119.9247,16.2674],[119.9247,16.2664],[119.923,16.2665],[119.9236,16.2677]]],[[[119.9225,16.282],[119.923,16.2806],[119.9219,16.2803],[119.9208,16.2821],[119.9225,16.282]]],[[[119.9148,16.2974],[119.916,16.2988],[119.9159,16.2949],[119.9152,16.2952],[119.9148,16.2974]]],[[[119.9239,16.3125],[119.9222,16.3107],[119.9208,16.3108],[119.9222,16.3147],[119.9242,16.3139],[119.9239,16.3125]]],[[[119.9278,16.3892],[119.9176,16.3883],[119.9117,16.3849],[119.9118,16.3931],[119.9089,16.4035],[119.9098,16.4108],[119.9125,16.4133],[119.9118,16.4188],[119.9139,16.4227],[119.9177,16.4252],[119.925,16.4219],[119.9312,16.4232],[119.9333,16.425],[119.9308,16.4269],[119.9314,16.4292],[119.9374,16.4259],[119.9355,16.4233],[119.9378,16.4211],[119.9403,16.4214],[119.9439,16.4156],[119.944,16.4118],[119.9465,16.4093],[119.9499,16.4104],[119.9507,16.406],[119.9531,16.4061],[119.9522,16.405],[119.9544,16.4029],[119.9555,16.3951],[119.9572,16.3953],[119.9574,16.3988],[119.9587,16.3969],[119.958,16.3925],[119.9617,16.3939],[119.9637,16.383],[119.9612,16.381],[119.9595,16.3819],[119.959,16.3799],[119.9613,16.3782],[119.9616,16.3743],[119.9641,16.373],[119.964,16.3706],[119.9616,16.3695],[119.9518,16.3729],[119.9489,16.3768],[119.9444,16.3792],[119.9358,16.3778],[119.936,16.3804],[119.9325,16.3772],[119.931,16.3866],[119.9278,16.3892]]],[[[119.9286,16.3622],[119.929,16.3657],[119.93,16.3669],[119.9303,16.3648],[119.9286,16.3617],[119.9267,16.3598],[119.9286,16.3622]]],[[[119.9298,16.3727],[119.9304,16.3717],[119.9302,16.3712],[119.9289,16.372],[119.9298,16.3727]]],[[[119.9605,16.4062],[119.9619,16.4085],[119.9652,16.4066],[119.9627,16.4047],[119.9605,16.4062]]],[[[119.925,16.4425],[119.923,16.4397],[119.9213,16.4414],[119.923,16.4439],[119.925,16.4425]]]]},"properties":{"ADM3_EN":"Bolinao","name":"Bolinao","ADM3_PCODE":"PH15514000","psgc_code":"15514000","ADM2_EN":"Pangasinan","ADM2_PCODE":"PH1551","ADM1_EN":"Northern Luzon (Regions I & II)","ADM1_PCODE":"PH01","ADM0_EN":"Philippines (the)","ADM0_PCODE":"PH","region_key":"ilocos_cagayan","province_key":"pangasinan","type":"Municipality"}},{"type":"Feature","geometry":{"type":"MultiPolygon","coordinates":[[[[120.2501,15.9055],[120.2485,15.9067],[120.2468,15.9059],[120.2325,15.8957],[120.2246,15.8959],[120.2157,15.8893],[120.2093,15.8812],[120.2029,15.8772],[120.202,15.8725],[120.1955,15.8626],[120.1962,15.8603],[120.1917,15.8561],[120.1919,15.8495],[120.1853,15.8402],[120.186,15.8202],[120.1849,15.813],[120.182,15.8092],[120.1651,15.7986],[120.1625,15.8114],[120.1582,15.8172],[120.143,15.8262],[120.1312,15.8266],[120.1352,15.8487],[120.1645,15.9607],[120.1801,15.9731],[120.1995,16.0025],[120.2034,15.9954],[120.2067,15.9938],[120.2121,15.9951],[120.2118,16.0007],[120.2156,16.0063],[120.2185,16.007],[120.2221,16.0042],[120.2243,15.9957],[120.2166,15.9881],[120.2141,15.9826],[120.2153,15.9778],[120.2191,15.975],[120.223,15.975],[120.2262,15.9787],[120.2265,15.9903],[120.2281,15.9934],[120.2313,15.9946],[120.2387,15.9927],[120.2424,15.9886],[120.2449,15.9811],[120.2435,15.9746],[120.2391,15.9684],[120.2393,15.9645],[120.2424,15.9623],[120.258,15.9593],[120.26,15.9564],[120.2512,15.9484],[120.2494,15.9395],[120.2501,15.9355],[120.2684,15.9369],[120.2757,15.9325],[120.2767,15.9271],[120.2741,15.9229],[120.2627,15.9137],[120.2534,15.9114],[120.2543,15.9081],[120.2501,15.9055]]]]},"properties":{"ADM3_EN":"Bugallon","name":"Bugallon","ADM3_PCODE":"PH15515000","psgc_code":"15515000","ADM2_EN":"Pangasinan","ADM2_PCODE":"PH1551","ADM1_EN":"Northern Luzon (Regions I & II)","ADM1_PCODE":"PH01","ADM0_EN":"Philippines (the)","ADM0_PCODE":"PH","region_key":"ilocos_cagayan","province_key":"pangasinan","type":"Municipality"}},{"type":"Feature","geometry":{"type":"MultiPolygon","coordinates":[[[[119.7614,15.9428],[119.7586,15.9417],[119.7563,15.9505],[119.7495,15.9651],[119.7513,15.9742],[119.7571,15.9792],[119.7625,15.9867],[119.7628,15.9928],[119.7583,15.9966],[119.7608,16.0025],[119.7595,16.0117],[119.7603,16.0128],[119.7684,16.0098],[119.7783,16.0144],[119.8096,16.0505],[119.8581,16.096],[119.8619,16.0901],[119.8648,16.0885],[119.8889,16.08],[119.8947,16.0715],[119.9194,16.0589],[119.9285,16.0488],[119.9321,16.0363],[119.9292,16.0219],[119.9318,16.0113],[119.898,16.0177],[119.8581,16.0225],[119.8457,16.0235],[119.8326,16.0219],[119.8255,16.0187],[119.8144,16.0096],[119.7763,15.9584],[119.7614,15.9428]]]]},"properties":{"ADM3_EN":"Burgos","name":"Burgos","ADM3_PCODE":"PH15516000","psgc_code":"15516000","ADM2_EN":"Pangasinan","ADM2_PCODE":"PH1551","ADM1_EN":"Northern Luzon (Regions I & II)","ADM1_PCODE":"PH01","ADM0_EN":"Philippines (the)","ADM0_PCODE":"PH","region_key":"ilocos_cagayan","province_key":"pangasinan","type":"Municipality"}},{"type":"Feature","geometry":{"type":"MultiPolygon","coordinates":[[[[120.3726,15.9604],[120.3577,15.9654],[120.328,15.9658],[120.3286,15.976],[120.3252,16.0144],[120.3847,16.0348],[120.3871,16.0318],[120.3866,16.0287],[120.3911,16.0272],[120.3933,16.0042],[120.3888,15.9841],[120.3963,15.9611],[120.3989,15.9563],[120.4061,15.9509],[120.3726,15.9604]]]]},"properties":{"ADM3_EN":"Calasiao","name":"Calasiao","ADM3_PCODE":"PH15517000","psgc_code":"15517000","ADM2_EN":"Pangasinan","ADM2_PCODE":"PH1551","ADM1_EN":"Northern Luzon (Regions I & II)","ADM1_PCODE":"PH01","ADM0_EN":"Philippines (the)","ADM0_PCODE":"PH","region_key":"ilocos_cagayan","province_key":"pangasinan","type":"Municipality"}},{"type":"Feature","geometry":{"type":"MultiPolygon","coordinates":[[[[120.3098,16.0361],[120.2985,16.0561],[120.325,16.0678],[120.3286,16.0669],[120.3264,16.06],[120.3278,16.0583],[120.3322,16.0681],[120.3317,16.0725],[120.3339,16.0761],[120.3628,16.0948],[120.3704,16.1021],[120.375,16.1119],[120.3775,16.1128],[120.3858,16.1106],[120.3838,16.1065],[120.3879,16.1026],[120.38,16.0902],[120.375,16.0862],[120.3706,16.0882],[120.3677,16.0864],[120.3759,16.0771],[120.3722,16.0713],[120.3629,16.064],[120.364,16.0623],[120.3669,16.0628],[120.3707,16.0571],[120.3718,16.0514],[120.3762,16.0491],[120.3767,16.0455],[120.3852,16.0421],[120.3847,16.0348],[120.3252,16.0144],[120.325,16.0209],[120.3098,16.0361]]],[[[120.3845,16.1122],[120.3792,16.1142],[120.3775,16.1155],[120.3834,16.1191],[120.3832,16.1176],[120.3873,16.1135],[120.3865,16.1116],[120.3845,16.1122]]]]},"properties":{"ADM3_EN":"Dagupan City","name":"Dagupan City","ADM3_PCODE":"PH15518000","psgc_code":"15518000","ADM2_EN":"Pangasinan","ADM2_PCODE":"PH1551","ADM1_EN":"Northern Luzon (Regions I & II)","ADM1_PCODE":"PH01","ADM0_EN":"Philippines (the)","ADM0_PCODE":"PH","region_key":"ilocos_cagayan","province_key":"pangasinan","type":"City"}},{"type":"Feature","geometry":{"type":"MultiPolygon","coordinates":[[[[119.9958,15.9004],[119.9817,15.8908],[119.9796,15.8882],[119.9799,15.8853],[119.9768,15.884],[119.9746,15.8807],[119.9686,15.8783],[119.967,15.8759],[119.9572,15.8727],[119.9506,15.873],[119.9505,15.8693],[119.9488,15.8712],[119.9482,15.8687],[119.944,15.8695],[119.9442,15.8665],[119.942,15.8678],[119.9429,15.8654],[119.9328,15.8708],[119.9286,15.8689],[119.9243,15.8742],[119.918,15.8776],[119.9112,15.8747],[119.9099,15.8723],[119.9069,15.8722],[119.9,15.8667],[119.895,15.8722],[119.8925,15.878],[119.8933,15.8819],[119.8913,15.8925],[119.8811,15.9064],[119.8769,15.9216],[119.8728,15.9261],[119.8648,15.9418],[119.8614,15.9522],[119.8625,15.955],[119.856,15.9614],[119.8486,15.9625],[119.8469,15.9706],[119.845,15.9633],[119.8469,15.9611],[119.8444,15.9589],[119.8383,15.9592],[119.8356,15.9567],[119.8236,15.9592],[119.8222,15.9575],[119.8125,15.9555],[119.8105,15.9423],[119.8046,15.922],[119.8004,15.9227],[119.7976,15.9203],[119.7925,15.928],[119.785,15.9314],[119.7744,15.9237],[119.7744,15.9153],[119.7722,15.9139],[119.7691,15.9187],[119.7686,15.923],[119.7658,15.925],[119.762,15.9321],[119.7642,15.9347],[119.7611,15.9419],[119.7594,15.9414],[119.7763,15.9584],[119.8144,16.0096],[119.8255,16.0187],[119.8326,16.0219],[119.8457,16.0235],[119.898,16.0177],[119.9318,16.0113],[119.953,15.9895],[119.9809,15.9752],[119.9963,15.9634],[120.0071,15.952],[120.0118,15.9123],[119.9958,15.9004]]],[[[119.7775,15.8803],[119.7764,15.8817],[119.7783,15.8825],[119.7789,15.8808],[119.7775,15.8803]]],[[[119.7742,15.9136],[119.7756,15.9144],[119.7764,15.9128],[119.7753,15.9122],[119.7742,15.9136]]]]},"properties":{"ADM3_EN":"Dasol","name":"Dasol","ADM3_PCODE":"PH15519000","psgc_code":"15519000","ADM2_EN":"Pangasinan","ADM2_PCODE":"PH1551","ADM1_EN":"Northern Luzon (Regions I & II)","ADM1_PCODE":"PH01","ADM0_EN":"Philippines (the)","ADM0_PCODE":"PH","region_key":"ilocos_cagayan","province_key":"pangasinan","type":"Municipality"}},{"type":"Feature","geometry":{"type":"MultiPolygon","coordinates":[[[[119.9861,15.7943],[119.9787,15.7977],[119.9734,15.7923],[119.9592,15.7923],[119.9599,15.8066],[119.9522,15.8064],[119.9493,15.8106],[119.9458,15.8099],[119.94,15.8044],[119.9367,15.806],[119.9244,15.8066],[119.9128,15.7944],[119.9049,15.8079],[119.8989,15.806],[119.8926,15.8077],[119.8883,15.8067],[119.8867,15.8094],[119.8875,15.8106],[119.8961,15.8094],[119.8947,15.8117],[119.8922,15.8108],[119.8872,15.8133],[119.8828,15.8125],[119.8817,15.8139],[119.8831,15.8161],[119.8856,15.8175],[119.8842,15.8147],[119.8853,15.8144],[119.8903,15.8175],[119.8944,15.8233],[119.8982,15.8256],[119.904,15.8262],[119.9084,15.8297],[119.9139,15.838],[119.9111,15.8481],[119.9056,15.8536],[119.9086,15.8553],[119.9089,15.8578],[119.9054,15.8598],[119.9058,15.8619],[119.9021,15.8677],[119.9069,15.8722],[119.9099,15.8723],[119.9112,15.8747],[119.918,15.8776],[119.9243,15.8742],[119.9286,15.8689],[119.9328,15.8708],[119.9429,15.8654],[119.942,15.8678],[119.9442,15.8665],[119.944,15.8695],[119.9482,15.8687],[119.9488,15.8712],[119.9505,15.8693],[119.9506,15.873],[119.9572,15.8727],[119.967,15.8759],[119.9686,15.8783],[119.9746,15.8807],[119.9768,15.884],[119.9799,15.8853],[119.9796,15.8882],[119.9817,15.8908],[120.0118,15.9123],[120.0152,15.9006],[120.0201,15.8941],[120.026,15.8932],[120.0902,15.8998],[120.1533,15.9176],[120.1352,15.8487],[120.1312,15.8266],[120.1028,15.812],[120.091,15.81],[120.0854,15.8109],[120.0658,15.8217],[120.0367,15.8425],[120.0288,15.8453],[120.0135,15.8365],[119.9992,15.8072],[119.9989,15.8033],[119.9908,15.7923],[119.9915,15.7944],[119.9861,15.7943]],[[119.9246,15.8071],[119.9246,15.8072],[119.924,15.8071],[119.9244,15.8066],[119.9246,15.8071]]],[[[119.8641,15.8123],[119.8647,15.8146],[119.8668,15.8152],[119.8662,15.8123],[119.8641,15.8123]]]]},"properties":{"ADM3_EN":"Infanta","name":"Infanta","ADM3_PCODE":"PH15520000","psgc_code":"15520000","ADM2_EN":"Pangasinan","ADM2_PCODE":"PH1552","ADM1_EN":"Northern Luzon (Regions I & II)","ADM1_PCODE":"PH01","ADM0_EN":"Philippines (the)","ADM0_PCODE":"PH","region_key":"ilocos_cagayan","province_key":"pangasinan","type":"Municipality"}},{"type":"Feature","geometry":{"type":"MultiPolygon","coordinates":[[[[120.1645,15.9607],[120.1533,15.9176],[120.0859,15.9846],[120.1032,16.0544],[120.1045,16.0614],[120.1028,16.0625],[120.1076,16.064],[120.1126,16.0622],[120.1125,16.0608],[120.1106,16.0614],[120.1097,16.06],[120.1134,16.0555],[120.1271,16.0491],[120.134,16.0434],[120.1408,16.0403],[120.1556,16.0129],[120.1478,16.0311],[120.1523,16.0272],[120.1639,16.0103],[120.1678,16.0086],[120.1792,16.0095],[120.1995,16.0025],[120.1801,15.9731],[120.1645,15.9607]]]]},"properties":{"ADM3_EN":"Labrador","name":"Labrador","ADM3_PCODE":"PH15521000","psgc_code":"15521000","ADM2_EN":"Pangasinan","ADM2_PCODE":"PH1552","ADM1_EN":"Northern Luzon (Regions I & II)","ADM1_PCODE":"PH01","ADM0_EN":"Philippines (the)","ADM0_PCODE":"PH","region_key":"ilocos_cagayan","province_key":"pangasinan","type":"Municipality"}},{"type":"Feature","geometry":{"type":"MultiPolygon","coordinates":[[[[120.5664,16.0132],[120.5546,16.0057],[120.5496,16.0058],[120.5385,16.009],[120.5374,16.0109],[120.5413,16.0129],[120.5344,16.017],[120.5347,16.0314],[120.5225,16.0331],[120.5184,16.031],[120.5133,16.031],[120.5115,16.0278],[120.5064,16.0279],[120.5078,16.0334],[120.5052,16.036],[120.5053,16.0414],[120.5012,16.0418],[120.5013,16.048],[120.503,16.0518],[120.514,16.0557],[120.511,16.0615],[120.5128,16.0668],[120.5194,16.0654],[120.5231,16.0703],[120.5248,16.0698],[120.5289,16.0828],[120.5318,16.0823],[120.5378,16.0856],[120.5429,16.0833],[120.5529,16.085],[120.5559,16.0822],[120.5657,16.0507],[120.5712,16.0198],[120.5716,16.0159],[120.5664,16.0132]]]]},"properties":{"ADM3_EN":"Laoac","name":"Laoac","ADM3_PCODE":"PH15548000","psgc_code":"15548000","ADM2_EN":"Pangasinan","ADM2_PCODE":"PH1554","ADM1_EN":"Northern Luzon (Regions I & II)","ADM1_PCODE":"PH01","ADM0_EN":"Philippines (the)","ADM0_PCODE":"PH","region_key":"ilocos_cagayan","province_key":"pangasinan","type":"Municipality"}},{"type":"Feature","geometry":{"type":"MultiPolygon","coordinates":[[[[120.284,15.9473],[120.2837,15.9441],[120.2722,15.9349],[120.2684,15.9369],[120.2501,15.9355],[120.2494,15.9395],[120.2512,15.9484],[120.26,15.9564],[120.258,15.9593],[120.2424,15.9623],[120.2393,15.9645],[120.2391,15.9684],[120.2435,15.9746],[120.2449,15.9811],[120.2424,15.9886],[120.2387,15.9927],[120.2313,15.9946],[120.2281,15.9934],[120.2265,15.9903],[120.2262,15.9787],[120.223,15.975],[120.2191,15.975],[120.2153,15.9778],[120.2141,15.9826],[120.2166,15.9881],[120.2238,15.9944],[120.2247,15.9972],[120.2221,16.0042],[120.2197,16.0064],[120.2156,16.0063],[120.2126,16.0032],[120.2121,15.9951],[120.2058,15.9938],[120.1995,16.0025],[120.1939,16.0051],[120.1792,16.0095],[120.1678,16.0086],[120.1607,16.0134],[120.1523,16.0272],[120.1478,16.0311],[120.1458,16.0364],[120.1431,16.0386],[120.1636,16.035],[120.1778,16.0367],[120.1916,16.0451],[120.1954,16.0428],[120.2027,16.0426],[120.2044,16.0386],[120.2117,16.0361],[120.2236,16.0347],[120.252,16.0404],[120.2719,15.98],[120.2821,15.9579],[120.284,15.9473]]]]},"properties":{"ADM3_EN":"Lingayen","name":"Lingayen","ADM3_PCODE":"PH15522000","psgc_code":"15522000","ADM2_EN":"Pangasinan","ADM2_PCODE":"PH1552","ADM1_EN":"Northern Luzon (Regions I & II)","ADM1_PCODE":"PH01","ADM0_EN":"Philippines (the)","ADM0_PCODE":"PH","region_key":"ilocos_cagayan","province_key":"pangasinan","type":"Municipality"}},{"type":"Feature","geometry":{"type":"MultiPolygon","coordinates":[[[[120.002,15.9576],[119.9809,15.9752],[119.953,15.9895],[119.9318,16.0113],[119.9292,16.0219],[119.9316,16.0395],[119.9285,16.0488],[119.9231,16.0559],[119.9127,16.0632],[119.8947,16.0715],[119.8889,16.08],[119.8648,16.0885],[119.8601,16.0927],[119.8581,16.096],[119.8863,16.1236],[119.8887,16.1292],[119.8992,16.1204],[119.9199,16.1119],[119.9269,16.1068],[119.9333,16.0974],[119.9354,16.0868],[119.9387,16.0806],[119.9587,16.0806],[119.965,16.0781],[120.09,15.9815],[120.1533,15.9176],[120.0902,15.8998],[120.0221,15.8931],[120.0201,15.8941],[120.0134,15.9045],[120.0071,15.952],[120.002,15.9576]]]]},"properties":{"ADM3_EN":"Mabini","name":"Mabini","ADM3_PCODE":"PH15523000","psgc_code":"15523000","ADM2_EN":"Pangasinan","ADM2_PCODE":"PH1552","ADM1_EN":"Northern Luzon (Regions I & II)","ADM1_PCODE":"PH01","ADM0_EN":"Philippines (the)","ADM0_PCODE":"PH","region_key":"ilocos_cagayan","province_key":"pangasinan","type":"Municipality"}},{"type":"Feature","geometry":{"type":"MultiPolygon","coordinates":[[[[120.4229,15.8766],[120.4065,15.8915],[120.3992,15.9318],[120.4061,15.9509],[120.4948,15.973],[120.4984,15.9656],[120.5002,15.9417],[120.5101,15.9184],[120.5189,15.9047],[120.5303,15.8746],[120.5018,15.8662],[120.4401,15.8515],[120.4348,15.8662],[120.4229,15.8766]]]]},"properties":{"ADM3_EN":"Malasiqui","name":"Malasiqui","ADM3_PCODE":"PH15524000","psgc_code":"15524000","ADM2_EN":"Pangasinan","ADM2_PCODE":"PH1552","ADM1_EN":"Northern Luzon (Regions I & II)","ADM1_PCODE":"PH01","ADM0_EN":"Philippines (the)","ADM0_PCODE":"PH","region_key":"ilocos_cagayan","province_key":"pangasinan","type":"Municipality"}},{"type":"Feature","geometry":{"type":"MultiPolygon","coordinates":[[[[120.5074,16.01],[120.5007,16.0097],[120.4955,16.0073],[120.4809,16.024],[120.4796,16.0287],[120.4719,16.0376],[120.4685,16.0389],[120.4664,16.0428],[120.4598,16.0434],[120.4534,16.0463],[120.4498,16.0505],[120.4555,16.058],[120.4907,16.087],[120.5182,16.082],[120.5289,16.0828],[120.5248,16.0698],[120.5231,16.0703],[120.5194,16.0654],[120.5128,16.0668],[120.511,16.0615],[120.514,16.0557],[120.503,16.0518],[120.5009,16.0464],[120.5012,16.0418],[120.5053,16.0414],[120.5052,16.036],[120.5078,16.0334],[120.5064,16.0279],[120.5115,16.0278],[120.5133,16.031],[120.5184,16.031],[120.5225,16.0331],[120.5347,16.0314],[120.5344,16.017],[120.5413,16.0129],[120.5362,16.0095],[120.5292,16.0076],[120.5144,16.0103],[120.5074,16.01]]]]},"properties":{"ADM3_EN":"Manaoag","name":"Manaoag","ADM3_PCODE":"PH15525000","psgc_code":"15525000","ADM2_EN":"Pangasinan","ADM2_PCODE":"PH1552","ADM1_EN":"Northern Luzon (Regions I & II)","ADM1_PCODE":"PH01","ADM0_EN":"Philippines (the)","ADM0_PCODE":"PH","region_key":"ilocos_cagayan","province_key":"pangasinan","type":"Municipality"}},{"type":"Feature","geometry":{"type":"MultiPolygon","coordinates":[[[[120.4127,16.0938],[120.4164,16.0952],[120.4287,16.0717],[120.4321,16.0698],[120.431,16.0658],[120.4332,16.0606],[120.4298,16.0546],[120.4301,16.0523],[120.448,16.0489],[120.4443,16.0477],[120.4339,16.0367],[120.4151,16.0271],[120.3965,16.0305],[120.3911,16.0272],[120.3866,16.0287],[120.3871,16.0318],[120.3847,16.0348],[120.386,16.041],[120.3832,16.0438],[120.3767,16.0455],[120.3762,16.0491],[120.3718,16.0514],[120.3707,16.0571],[120.3669,16.0628],[120.364,16.0623],[120.3629,16.064],[120.3722,16.0713],[120.3759,16.0771],[120.3677,16.0864],[120.3706,16.0882],[120.375,16.0862],[120.38,16.0902],[120.3881,16.1029],[120.4051,16.0942],[120.4127,16.0938]]]]},"properties":{"ADM3_EN":"Mangaldan","name":"Mangaldan","ADM3_PCODE":"PH15526000","psgc_code":"15526000","ADM2_EN":"Pangasinan","ADM2_PCODE":"PH1552","ADM1_EN":"Northern Luzon (Regions I & II)","ADM1_PCODE":"PH01","ADM0_EN":"Philippines (the)","ADM0_PCODE":"PH","region_key":"ilocos_cagayan","province_key":"pangasinan","type":"Municipality"}},{"type":"Feature","geometry":{"type":"MultiPolygon","coordinates":[[[[120.2539,15.6185],[120.2488,15.6311],[120.2177,15.6751],[120.1949,15.7104],[120.1829,15.7346],[120.2893,15.8387],[120.3072,15.8482],[120.311,15.8448],[120.316,15.8441],[120.3097,15.8366],[120.3088,15.8318],[120.3105,15.8281],[120.3144,15.8258],[120.3234,15.8282],[120.3274,15.8271],[120.3314,15.8159],[120.3385,15.8149],[120.341,15.8121],[120.3341,15.8052],[120.3339,15.801],[120.343,15.8016],[120.352,15.7899],[120.3598,15.7868],[120.3681,15.7913],[120.3702,15.791],[120.3875,15.7765],[120.3951,15.7763],[120.3987,15.7731],[120.3997,15.7661],[120.3926,15.7655],[120.3884,15.7611],[120.3844,15.7597],[120.376,15.7506],[120.3639,15.7322],[120.3586,15.7299],[120.3592,15.7249],[120.3572,15.7191],[120.3612,15.7102],[120.3533,15.7051],[120.3515,15.7022],[120.3518,15.6976],[120.3388,15.6827],[120.3252,15.6769],[120.3231,15.6714],[120.3167,15.6681],[120.3239,15.65],[120.3073,15.6473],[120.2943,15.6387],[120.2769,15.6324],[120.2539,15.6185]]]]},"properties":{"ADM3_EN":"Mangatarem","name":"Mangatarem","ADM3_PCODE":"PH15527000","psgc_code":"15527000","ADM2_EN":"Pangasinan","ADM2_PCODE":"PH1552","ADM1_EN":"Northern Luzon (Regions I & II)","ADM1_PCODE":"PH01","ADM0_EN":"Philippines (the)","ADM0_PCODE":"PH","region_key":"ilocos_cagayan","province_key":"pangasinan","type":"Municipality"}},{"type":"Feature","geometry":{"type":"MultiPolygon","coordinates":[[[[120.4878,16.0167],[120.4955,16.0073],[120.4958,16.0051],[120.4853,15.9952],[120.4766,15.9983],[120.4745,15.9975],[120.4686,16.0092],[120.4385,16.021],[120.4151,16.0271],[120.4339,16.0367],[120.4443,16.0477],[120.4498,16.0505],[120.4534,16.0463],[120.4598,16.0434],[120.4664,16.0428],[120.4685,16.0389],[120.4719,16.0376],[120.4796,16.0287],[120.4809,16.024],[120.4878,16.0167]]]]},"properties":{"ADM3_EN":"Mapandan","name":"Mapandan","ADM3_PCODE":"PH15528000","psgc_code":"15528000","ADM2_EN":"Pangasinan","ADM2_PCODE":"PH1552","ADM1_EN":"Northern Luzon (Regions I & II)","ADM1_PCODE":"PH01","ADM0_EN":"Philippines (the)","ADM0_PCODE":"PH","region_key":"ilocos_cagayan","province_key":"pangasinan","type":"Municipality"}},{"type":"Feature","geometry":{"type":"MultiPolygon","coordinates":[[[[120.7824,16.0036],[120.7788,16.0138],[120.7685,16.0321],[120.7628,16.0476],[120.8067,16.0715],[120.88,16.1059],[120.8797,16.0793],[120.8902,16.054],[120.7973,16.0088],[120.7828,16.0023],[120.7824,16.0036]]]]},"properties":{"ADM3_EN":"Natividad","name":"Natividad","ADM3_PCODE":"PH15529000","psgc_code":"15529000","ADM2_EN":"Pangasinan","ADM2_PCODE":"PH1552","ADM1_EN":"Northern Luzon (Regions I & II)","ADM1_PCODE":"PH01","ADM0_EN":"Philippines (the)","ADM0_PCODE":"PH","region_key":"ilocos_cagayan","province_key":"pangasinan","type":"Municipality"}},{"type":"Feature","geometry":{"type":"MultiPolygon","coordinates":[[[[120.4908,16.0915],[120.4789,16.103],[120.4635,16.1273],[120.4645,16.1453],[120.4719,16.1463],[120.4739,16.1481],[120.5508,16.1599],[120.5509,16.1528],[120.5558,16.1438],[120.5646,16.1339],[120.5684,16.1186],[120.5742,16.1125],[120.5726,16.1064],[120.5547,16.0836],[120.5529,16.085],[120.5429,16.0833],[120.5378,16.0856],[120.5305,16.0819],[120.5182,16.082],[120.4907,16.087],[120.4933,16.0896],[120.4908,16.0915]]]]},"properties":{"ADM3_EN":"Pozzorubio","name":"Pozzorubio","ADM3_PCODE":"PH15530000","psgc_code":"15530000","ADM2_EN":"Pangasinan","ADM2_PCODE":"PH1553","ADM1_EN":"Northern Luzon (Regions I & II)","ADM1_PCODE":"PH01","ADM0_EN":"Philippines (the)","ADM0_PCODE":"PH","region_key":"ilocos_cagayan","province_key":"pangasinan","type":"Municipality"}},{"type":"Feature","geometry":{"type":"MultiPolygon","coordinates":[[[[120.6217,15.8308],[120.6128,15.8321],[120.6149,15.846],[120.609,15.8614],[120.5861,15.8908],[120.595,15.8975],[120.6149,15.9038],[120.6207,15.9089],[120.6221,15.9108],[120.6189,15.9202],[120.6201,15.9242],[120.6247,15.9254],[120.6308,15.924],[120.6375,15.9312],[120.6421,15.931],[120.6439,15.933],[120.6522,15.8986],[120.6609,15.8746],[120.6662,15.8659],[120.6781,15.8528],[120.6807,15.8457],[120.6668,15.841],[120.6569,15.8398],[120.6519,15.8299],[120.6217,15.8308]]]]},"properties":{"ADM3_EN":"Rosales","name":"Rosales","ADM3_PCODE":"PH15531000","psgc_code":"15531000","ADM2_EN":"Pangasinan","ADM2_PCODE":"PH1553","ADM1_EN":"Northern Luzon (Regions I & II)","ADM1_PCODE":"PH01","ADM0_EN":"Philippines (the)","ADM0_PCODE":"PH","region_key":"ilocos_cagayan","province_key":"pangasinan","type":"Municipality"}},{"type":"Feature","geometry":{"type":"MultiPolygon","coordinates":[[[[120.2961,15.8548],[120.2947,15.8627],[120.2789,15.8716],[120.2639,15.8875],[120.2614,15.8924],[120.2603,15.9019],[120.2534,15.9091],[120.2534,15.9114],[120.2627,15.9137],[120.2741,15.9229],[120.2767,15.9271],[120.2766,15.93],[120.2746,15.9338],[120.2722,15.9349],[120.3163,15.9657],[120.3577,15.9654],[120.3818,15.9569],[120.4061,15.9509],[120.3992,15.9318],[120.4065,15.8915],[120.392,15.8907],[120.3813,15.8838],[120.3875,15.865],[120.335,15.8559],[120.3089,15.8463],[120.3044,15.8522],[120.2961,15.8548]]]]},"properties":{"ADM3_EN":"San Carlos City","name":"San Carlos City","ADM3_PCODE":"PH15532000","psgc_code":"15532000","ADM2_EN":"Pangasinan","ADM2_PCODE":"PH1553","ADM1_EN":"Northern Luzon (Regions I & II)","ADM1_PCODE":"PH01","ADM0_EN":"Philippines (the)","ADM0_PCODE":"PH","region_key":"ilocos_cagayan","province_key":"pangasinan","type":"City"}},{"type":"Feature","geometry":{"type":"MultiPolygon","coordinates":[[[[120.3957,16.0988],[120.387,16.1031],[120.3838,16.1065],[120.3858,16.1106],[120.3919,16.1094],[120.3958,16.1111],[120.3867,16.1114],[120.3873,16.1135],[120.383,16.1193],[120.3952,16.1287],[120.4163,16.1516],[120.4214,16.159],[120.4251,16.1682],[120.4252,16.1717],[120.4195,16.1892],[120.4175,16.2045],[120.4154,16.2083],[120.4244,16.2095],[120.4345,16.215],[120.447,16.212],[120.4505,16.2001],[120.4564,16.1946],[120.4608,16.1819],[120.4705,16.1639],[120.4707,16.1595],[120.4755,16.1512],[120.4745,16.148],[120.4719,16.1463],[120.4668,16.1465],[120.4634,16.1437],[120.4635,16.1273],[120.4593,16.1263],[120.4519,16.1154],[120.4527,16.1051],[120.4108,16.0933],[120.4051,16.0942],[120.3957,16.0988]]]]},"properties":{"ADM3_EN":"San Fabian","name":"San Fabian","ADM3_PCODE":"PH15533000","psgc_code":"15533000","ADM2_EN":"Pangasinan","ADM2_PCODE":"PH1553","ADM1_EN":"Northern Luzon (Regions I & II)","ADM1_PCODE":"PH01","ADM0_EN":"Philippines (the)","ADM0_PCODE":"PH","region_key":"ilocos_cagayan","province_key":"pangasinan","type":"Municipality"}},{"type":"Feature","geometry":{"type":"MultiPolygon","coordinates":[[[[120.4331,16.0604],[120.431,16.0658],[120.4314,16.0713],[120.4287,16.0717],[120.4164,16.0952],[120.4527,16.1051],[120.4519,16.1154],[120.4593,16.1263],[120.4635,16.1273],[120.4789,16.103],[120.4933,16.0896],[120.4555,16.058],[120.448,16.0489],[120.4301,16.0523],[120.4298,16.0546],[120.4331,16.0604]]]]},"properties":{"ADM3_EN":"San Jacinto","name":"San Jacinto","ADM3_PCODE":"PH15534000","psgc_code":"15534000","ADM2_EN":"Pangasinan","ADM2_PCODE":"PH1553","ADM1_EN":"Northern Luzon (Regions I & II)","ADM1_PCODE":"PH01","ADM0_EN":"Philippines (the)","ADM0_PCODE":"PH","region_key":"ilocos_cagayan","province_key":"pangasinan","type":"Municipality"}},{"type":"Feature","geometry":{"type":"MultiPolygon","coordinates":[[[[120.6608,16.0464],[120.6316,16.0422],[120.6323,16.0711],[120.6385,16.0906],[120.6366,16.0972],[120.6383,16.1025],[120.6347,16.1137],[120.6349,16.1224],[120.6293,16.1244],[120.6326,16.1344],[120.6327,16.151],[120.6347,16.1571],[120.6246,16.172],[120.6184,16.1776],[120.6179,16.1827],[120.6225,16.1876],[120.6223,16.1931],[120.6203,16.1966],[120.6112,16.2046],[120.626,16.2018],[120.6553,16.1877],[120.6973,16.1915],[120.7006,16.1898],[120.6954,16.1842],[120.6911,16.1843],[120.6886,16.1773],[120.6807,16.1745],[120.6827,16.1719],[120.6879,16.1706],[120.6826,16.1593],[120.693,16.1594],[120.697,16.1552],[120.6899,16.1514],[120.6872,16.1476],[120.6821,16.1483],[120.6775,16.1412],[120.6736,16.1383],[120.6816,16.136],[120.6878,16.1249],[120.6955,16.1187],[120.698,16.1098],[120.7069,16.103],[120.7221,16.0863],[120.7204,16.0772],[120.7245,16.0569],[120.7202,16.0519],[120.7111,16.0576],[120.7085,16.0494],[120.6608,16.0464]]]]},"properties":{"ADM3_EN":"San Manuel","name":"San Manuel","ADM3_PCODE":"PH15535000","psgc_code":"15535000","ADM2_EN":"Pangasinan","ADM2_PCODE":"PH1553","ADM1_EN":"Northern Luzon (Regions I & II)","ADM1_PCODE":"PH01","ADM0_EN":"Philippines (the)","ADM0_PCODE":"PH","region_key":"ilocos_cagayan","province_key":"pangasinan","type":"Municipality"}},{"type":"Feature","geometry":{"type":"MultiPolygon","coordinates":[[[[120.7553,16.0537],[120.7475,16.0527],[120.7235,16.055],[120.7242,16.0624],[120.7204,16.0772],[120.7221,16.0863],[120.7069,16.103],[120.698,16.1098],[120.6955,16.1187],[120.6878,16.1249],[120.6816,16.136],[120.6736,16.1383],[120.6775,16.1412],[120.6821,16.1483],[120.6872,16.1476],[120.6899,16.1514],[120.697,16.1552],[120.693,16.1594],[120.6826,16.1593],[120.6879,16.1706],[120.6827,16.1719],[120.6807,16.1745],[120.6886,16.1773],[120.6911,16.1843],[120.6954,16.1842],[120.7001,16.1884],[120.7006,16.1898],[120.6973,16.1915],[120.7689,16.2014],[120.8414,16.1715],[120.8572,16.1329],[120.8684,16.1233],[120.88,16.1059],[120.8067,16.0715],[120.7628,16.0476],[120.7573,16.054],[120.7553,16.0537]]]]},"properties":{"ADM3_EN":"San Nicolas","name":"San Nicolas","ADM3_PCODE":"PH15536000","psgc_code":"15536000","ADM2_EN":"Pangasinan","ADM2_PCODE":"PH1553","ADM1_EN":"Northern Luzon (Regions I & II)","ADM1_PCODE":"PH01","ADM0_EN":"Philippines (the)","ADM0_PCODE":"PH","region_key":"ilocos_cagayan","province_key":"pangasinan","type":"Municipality"}},{"type":"Feature","geometry":{"type":"MultiPolygon","coordinates":[[[[120.7175,15.9465],[120.7225,15.9586],[120.7295,15.9672],[120.7385,15.967],[120.741,15.969],[120.7504,15.9701],[120.7635,15.9768],[120.7686,15.9786],[120.7719,15.978],[120.7775,15.9808],[120.7825,15.9899],[120.7837,15.9968],[120.7828,16.0023],[120.8902,16.054],[120.8958,16.0464],[120.9028,16.0298],[120.9099,16.0194],[120.9166,15.9926],[120.8534,15.9644],[120.8443,15.9587],[120.8365,15.9586],[120.8322,15.9563],[120.7591,15.9463],[120.7479,15.9472],[120.7179,15.943],[120.7175,15.9465]]]]},"properties":{"ADM3_EN":"San Quintin","name":"San Quintin","ADM3_PCODE":"PH15537000","psgc_code":"15537000","ADM2_EN":"Pangasinan","ADM2_PCODE":"PH1553","ADM1_EN":"Northern Luzon (Regions I & II)","ADM1_PCODE":"PH01","ADM0_EN":"Philippines (the)","ADM0_PCODE":"PH","region_key":"ilocos_cagayan","province_key":"pangasinan","type":"Municipality"}},{"type":"Feature","geometry":{"type":"MultiPolygon","coordinates":[[[[120.4559,15.9636],[120.4063,15.9509],[120.3989,15.9563],[120.3888,15.9841],[120.3933,16.0042],[120.3911,16.0272],[120.3965,16.0305],[120.4217,16.0257],[120.4385,16.021],[120.4698,16.0084],[120.4704,16.0044],[120.4745,15.9975],[120.4853,15.9901],[120.4927,15.9799],[120.4948,15.973],[120.4559,15.9636]]]]},"properties":{"ADM3_EN":"Santa Barbara","name":"Santa Barbara","ADM3_PCODE":"PH15538000","psgc_code":"15538000","ADM2_EN":"Pangasinan","ADM2_PCODE":"PH1553","ADM1_EN":"Northern Luzon (Regions I & II)","ADM1_PCODE":"PH01","ADM0_EN":"Philippines (the)","ADM0_PCODE":"PH","region_key":"ilocos_cagayan","province_key":"pangasinan","type":"Municipality"}},{"type":"Feature","geometry":{"type":"MultiPolygon","coordinates":[[[[120.6351,15.949],[120.6433,15.9465],[120.6457,15.9469],[120.6483,15.9506],[120.6394,15.9622],[120.6381,15.9652],[120.6393,15.9697],[120.6452,15.9715],[120.6568,15.9796],[120.6632,15.9811],[120.6673,15.9857],[120.6782,15.9842],[120.6868,15.9851],[120.689,15.9865],[120.6886,15.9914],[120.6902,15.9955],[120.6955,15.9979],[120.7043,15.9956],[120.709,16.002],[120.7256,16.0011],[120.753,15.9818],[120.76,15.9741],[120.7504,15.9701],[120.741,15.969],[120.7385,15.967],[120.7295,15.9672],[120.7225,15.9586],[120.7175,15.9465],[120.7101,15.9433],[120.6997,15.946],[120.6911,15.9446],[120.6876,15.9481],[120.6792,15.9511],[120.6735,15.9489],[120.6668,15.9496],[120.659,15.9481],[120.662,15.9439],[120.6576,15.9395],[120.6513,15.9377],[120.6421,15.931],[120.6407,15.932],[120.635,15.9294],[120.6394,15.9385],[120.6302,15.9495],[120.6351,15.949]]]]},"properties":{"ADM3_EN":"Santa Maria","name":"Santa Maria","ADM3_PCODE":"PH15539000","psgc_code":"15539000","ADM2_EN":"Pangasinan","ADM2_PCODE":"PH1553","ADM1_EN":"Northern Luzon (Regions I & II)","ADM1_PCODE":"PH01","ADM0_EN":"Philippines (the)","ADM0_PCODE":"PH","region_key":"ilocos_cagayan","province_key":"pangasinan","type":"Municipality"}},{"type":"Feature","geometry":{"type":"MultiPolygon","coordinates":[[[[120.556,15.8786],[120.5678,15.887],[120.5717,15.8837],[120.575,15.8833],[120.5818,15.8852],[120.5861,15.8908],[120.588,15.8891],[120.5799,15.8577],[120.5693,15.8621],[120.5549,15.8714],[120.553,15.8739],[120.556,15.8786]]]]},"properties":{"ADM3_EN":"Santo Tomas","name":"Santo Tomas","ADM3_PCODE":"PH15540000","psgc_code":"15540000","ADM2_EN":"Pangasinan","ADM2_PCODE":"PH1554","ADM1_EN":"Northern Luzon (Regions I & II)","ADM1_PCODE":"PH01","ADM0_EN":"Philippines (the)","ADM0_PCODE":"PH","region_key":"ilocos_cagayan","province_key":"pangasinan","type":"Municipality"}},{"type":"Feature","geometry":{"type":"MultiPolygon","coordinates":[[[[120.574,16.1105],[120.5742,16.1125],[120.5684,16.1186],[120.5646,16.1339],[120.5558,16.1438],[120.5509,16.1528],[120.5508,16.1599],[120.4745,16.148],[120.4755,16.1512],[120.4707,16.1595],[120.4705,16.1639],[120.4608,16.1819],[120.4564,16.1946],[120.4505,16.2001],[120.447,16.212],[120.4758,16.2136],[120.4995,16.2114],[120.5011,16.2181],[120.4975,16.223],[120.5063,16.2291],[120.5125,16.237],[120.5474,16.2217],[120.6112,16.2046],[120.6203,16.1966],[120.6223,16.1931],[120.6225,16.1876],[120.6179,16.1827],[120.6184,16.1776],[120.6246,16.172],[120.6347,16.1571],[120.6327,16.151],[120.6332,16.1391],[120.6311,16.1285],[120.6294,16.1255],[120.5794,16.1147],[120.5726,16.1064],[120.574,16.1105]]]]},"properties":{"ADM3_EN":"Sison","name":"Sison","ADM3_PCODE":"PH15541000","psgc_code":"15541000","ADM2_EN":"Pangasinan","ADM2_PCODE":"PH1554","ADM1_EN":"Northern Luzon (Regions I & II)","ADM1_PCODE":"PH01","ADM0_EN":"Philippines (the)","ADM0_PCODE":"PH","region_key":"ilocos_cagayan","province_key":"pangasinan","type":"Municipality"}},{"type":"Feature","geometry":{"type":"MultiPolygon","coordinates":[[[[120.0859,15.9846],[119.9725,16.0726],[119.9948,16.095],[120.0365,16.1423],[120.0714,16.1789],[120.0739,16.1758],[120.0695,16.1732],[120.0689,16.1675],[120.0722,16.1634],[120.0803,16.1623],[120.0875,16.1706],[120.0882,16.1673],[120.0865,16.1641],[120.0915,16.1599],[120.0922,16.1569],[120.0944,16.1578],[120.1003,16.1537],[120.1036,16.1465],[120.1071,16.147],[120.1111,16.1452],[120.107,16.1411],[120.1058,16.135],[120.1028,16.1406],[120.0966,16.1412],[120.0966,16.1446],[120.0919,16.1493],[120.0897,16.1442],[120.0872,16.145],[120.0896,16.1389],[120.0981,16.1358],[120.1058,16.1257],[120.1055,16.1227],[120.1015,16.1209],[120.0931,16.1242],[120.0936,16.1204],[120.0889,16.1164],[120.0888,16.1076],[120.093,16.1025],[120.0945,16.0945],[120.1004,16.091],[120.1053,16.0936],[120.1069,16.0911],[120.1056,16.0886],[120.1064,16.0866],[120.1142,16.0789],[120.1128,16.0736],[120.1097,16.0747],[120.1098,16.0798],[120.1049,16.0835],[120.0989,16.0804],[120.0969,16.0768],[120.0987,16.0738],[120.0971,16.0691],[120.1003,16.0642],[120.1045,16.0614],[120.0859,15.9846]]],[[[120.1015,16.0955],[120.1014,16.0962],[120.1027,16.0982],[120.1039,16.0962],[120.1015,16.0955]]],[[[120.1236,16.1165],[120.1229,16.1139],[120.1256,16.11],[120.1204,16.1118],[120.1162,16.1078],[120.1104,16.1094],[120.1096,16.1125],[120.1113,16.1159],[120.1095,16.1184],[120.1126,16.1181],[120.1131,16.1209],[120.1157,16.1226],[120.1227,16.1193],[120.1236,16.1165]]],[[[120.116,16.1422],[120.1145,16.1426],[120.1151,16.1436],[120.1186,16.1449],[120.1187,16.1435],[120.116,16.1422]]]]},"properties":{"ADM3_EN":"Sual","name":"Sual","ADM3_PCODE":"PH15542000","psgc_code":"15542000","ADM2_EN":"Pangasinan","ADM2_PCODE":"PH1554","ADM1_EN":"Northern Luzon (Regions I & II)","ADM1_PCODE":"PH01","ADM0_EN":"Philippines (the)","ADM0_PCODE":"PH","region_key":"ilocos_cagayan","province_key":"pangasinan","type":"Municipality"}},{"type":"Feature","geometry":{"type":"MultiPolygon","coordinates":[[[[120.7765,15.9806],[120.7719,15.978],[120.7686,15.9786],[120.7635,15.9768],[120.76,15.9741],[120.753,15.9818],[120.7256,16.0011],[120.709,16.002],[120.7132,16.005],[120.7127,16.0091],[120.7095,16.0131],[120.7043,16.0152],[120.6989,16.0239],[120.7011,16.0294],[120.7006,16.0319],[120.7039,16.0349],[120.7094,16.0457],[120.7086,16.0509],[120.7106,16.0572],[120.7202,16.0519],[120.7235,16.055],[120.7475,16.0527],[120.7573,16.054],[120.7628,16.0476],[120.7685,16.0321],[120.7788,16.0138],[120.7824,16.0036],[120.7837,15.9968],[120.7825,15.9899],[120.7765,15.9806]]]]},"properties":{"ADM3_EN":"Tayug","name":"Tayug","ADM3_PCODE":"PH15543000","psgc_code":"15543000","ADM2_EN":"Pangasinan","ADM2_PCODE":"PH1554","ADM1_EN":"Northern Luzon (Regions I & II)","ADM1_PCODE":"PH01","ADM0_EN":"Philippines (the)","ADM0_PCODE":"PH","region_key":"ilocos_cagayan","province_key":"pangasinan","type":"Municipality"}},{"type":"Feature","geometry":{"type":"MultiPolygon","coordinates":[[[[120.8085,15.8069],[120.7958,15.8199],[120.7751,15.8333],[120.7575,15.8496],[120.7476,15.8506],[120.7436,15.8526],[120.745,15.8539],[120.7237,15.9095],[120.7198,15.9434],[120.7479,15.9472],[120.7591,15.9463],[120.8322,15.9563],[120.8365,15.9586],[120.8443,15.9587],[120.8534,15.9644],[120.9166,15.9926],[120.9223,15.9789],[120.9185,15.9702],[120.9063,15.9191],[120.9032,15.9112],[120.8893,15.9027],[120.8834,15.8908],[120.8778,15.888],[120.8771,15.8751],[120.8756,15.8704],[120.8693,15.8658],[120.8688,15.8583],[120.8666,15.8545],[120.8665,15.845],[120.8592,15.8308],[120.861,15.8266],[120.8595,15.8228],[120.8568,15.8201],[120.8386,15.8137],[120.8348,15.8109],[120.8227,15.7928],[120.8195,15.7931],[120.8085,15.8069]]]]},"properties":{"ADM3_EN":"Umingan","name":"Umingan","ADM3_PCODE":"PH15544000","psgc_code":"15544000","ADM2_EN":"Pangasinan","ADM2_PCODE":"PH1554","ADM1_EN":"Northern Luzon (Regions I & II)","ADM1_PCODE":"PH01","ADM0_EN":"Philippines (the)","ADM0_PCODE":"PH","region_key":"ilocos_cagayan","province_key":"pangasinan","type":"Municipality"}},{"type":"Feature","geometry":{"type":"MultiPolygon","coordinates":[[[[120.3987,15.7731],[120.3951,15.7763],[120.3875,15.7765],[120.3702,15.791],[120.3681,15.7913],[120.3598,15.7868],[120.352,15.7899],[120.343,15.8016],[120.3339,15.801],[120.3341,15.8052],[120.341,15.8121],[120.3385,15.8149],[120.3314,15.8159],[120.3274,15.8271],[120.3234,15.8282],[120.3144,15.8258],[120.3105,15.8281],[120.3088,15.8318],[120.3097,15.8366],[120.3161,15.8429],[120.316,15.8441],[120.3089,15.8463],[120.335,15.8559],[120.3875,15.865],[120.3923,15.8475],[120.406,15.7781],[120.3987,15.7731]]]]},"properties":{"ADM3_EN":"Urbiztondo","name":"Urbiztondo","ADM3_PCODE":"PH15545000","psgc_code":"15545000","ADM2_EN":"Pangasinan","ADM2_PCODE":"PH1554","ADM1_EN":"Northern Luzon (Regions I & II)","ADM1_PCODE":"PH01","ADM0_EN":"Philippines (the)","ADM0_PCODE":"PH","region_key":"ilocos_cagayan","province_key":"pangasinan","type":"Municipality"}},{"type":"Feature","geometry":{"type":"MultiPolygon","coordinates":[[[[120.5487,15.9442],[120.5223,15.9333],[120.5079,15.9253],[120.5002,15.9417],[120.4984,15.9656],[120.4927,15.9799],[120.4853,15.9901],[120.4745,15.9975],[120.4766,15.9983],[120.4853,15.9952],[120.494,16.003],[120.4968,16.0087],[120.5007,16.0097],[120.5144,16.0103],[120.5292,16.0076],[120.5374,16.0109],[120.5385,16.009],[120.5546,16.0057],[120.5716,16.0159],[120.626,16.0125],[120.6293,16.0098],[120.6305,16.0054],[120.6301,15.9789],[120.6313,15.9708],[120.6298,15.9548],[120.5969,15.9524],[120.5487,15.9442]]]]},"properties":{"ADM3_EN":"Urdaneta City","name":"Urdaneta City","ADM3_PCODE":"PH15546000","psgc_code":"15546000","ADM2_EN":"Pangasinan","ADM2_PCODE":"PH1554","ADM1_EN":"Northern Luzon (Regions I & II)","ADM1_PCODE":"PH01","ADM0_EN":"Philippines (the)","ADM0_PCODE":"PH","region_key":"ilocos_cagayan","province_key":"pangasinan","type":"City"}},{"type":"Feature","geometry":{"type":"MultiPolygon","coordinates":[[[[120.521,15.8982],[120.5079,15.9253],[120.5446,15.9432],[120.5969,15.9524],[120.6298,15.9548],[120.6302,15.9495],[120.6325,15.9452],[120.6394,15.9385],[120.6326,15.9249],[120.6225,15.9251],[120.6188,15.9225],[120.6221,15.9108],[120.6185,15.9068],[120.6084,15.9007],[120.5974,15.8983],[120.5904,15.8951],[120.5797,15.8843],[120.5733,15.8833],[120.566,15.8869],[120.5303,15.8746],[120.521,15.8982]]]]},"properties":{"ADM3_EN":"Villasis","name":"Villasis","ADM3_PCODE":"PH15547000","psgc_code":"15547000","ADM2_EN":"Pangasinan","ADM2_PCODE":"PH1554","ADM1_EN":"Northern Luzon (Regions I & II)","ADM1_PCODE":"PH01","ADM0_EN":"Philippines (the)","ADM0_PCODE":"PH","region_key":"ilocos_cagayan","province_key":"pangasinan","type":"Municipality"}},{"type":"Feature","geometry":{"type":"MultiPolygon","coordinates":[[[[121.5606,16.4126],[121.5801,16.4568],[121.5581,16.4612],[121.5529,16.4786],[121.5605,16.4869],[121.5705,16.4886],[121.5795,16.4927],[121.5783,16.5146],[121.5975,16.5183],[121.6414,16.525],[121.673,16.4842],[121.7111,16.4393],[121.7016,16.4349],[121.6852,16.3939],[121.6254,16.3557],[121.5276,16.3573],[121.5606,16.4126]]]]},"properties":{"ADM3_EN":"Aglipay","name":"Aglipay","ADM3_PCODE":"PH25701000","psgc_code":"25701000","ADM2_EN":"Quirino","ADM2_PCODE":"PH2570","ADM1_EN":"Northern Luzon (Regions I & II)","ADM1_PCODE":"PH01","ADM0_EN":"Philippines (the)","ADM0_PCODE":"PH","region_key":"ilocos_cagayan","province_key":"quirino","type":"Municipality"}},{"type":"Feature","geometry":{"type":"MultiPolygon","coordinates":[[[[121.4813,16.3499],[121.438,16.3389],[121.4401,16.3859],[121.4515,16.4279],[121.4257,16.428],[121.4535,16.4515],[121.4643,16.4629],[121.4962,16.5248],[121.5032,16.5427],[121.5029,16.5508],[121.5289,16.5418],[121.5503,16.5109],[121.5783,16.5146],[121.5795,16.4927],[121.5705,16.4886],[121.5605,16.4869],[121.5529,16.4786],[121.5581,16.4612],[121.5801,16.4568],[121.5606,16.4126],[121.5276,16.3573],[121.5017,16.3557],[121.4813,16.3499]]]]},"properties":{"ADM3_EN":"Cabarroguis","name":"Cabarroguis","ADM3_PCODE":"PH25702000","psgc_code":"25702000","ADM2_EN":"Quirino","ADM2_PCODE":"PH2570","ADM1_EN":"Northern Luzon (Regions I & II)","ADM1_PCODE":"PH01","ADM0_EN":"Philippines (the)","ADM0_PCODE":"PH","region_key":"ilocos_cagayan","province_key":"quirino","type":"Municipality"}},{"type":"Feature","geometry":{"type":"MultiPolygon","coordinates":[[[[121.3821,16.4702],[121.3883,16.516],[121.3953,16.542],[121.4037,16.6205],[121.4074,16.6408],[121.5576,16.6301],[121.5771,16.6068],[121.5818,16.5992],[121.5602,16.5739],[121.5548,16.5709],[121.5494,16.5614],[121.5453,16.5597],[121.5289,16.5418],[121.5029,16.5508],[121.5032,16.5427],[121.4962,16.5248],[121.4643,16.4629],[121.4535,16.4515],[121.4257,16.428],[121.4027,16.4351],[121.3795,16.4511],[121.3821,16.4702]]]]},"properties":{"ADM3_EN":"Diffun","name":"Diffun","ADM3_PCODE":"PH25703000","psgc_code":"25703000","ADM2_EN":"Quirino","ADM2_PCODE":"PH2570","ADM1_EN":"Northern Luzon (Regions I & II)","ADM1_PCODE":"PH01","ADM0_EN":"Philippines (the)","ADM0_PCODE":"PH","region_key":"ilocos_cagayan","province_key":"quirino","type":"Municipality"}},{"type":"Feature","geometry":{"type":"MultiPolygon","coordinates":[[[[121.6751,16.2726],[121.662,16.2633],[121.6578,16.265],[121.6562,16.2629],[121.6503,16.2653],[121.645,16.272],[121.6372,16.2702],[121.6225,16.2751],[121.6075,16.2696],[121.6027,16.2746],[121.5959,16.2748],[121.5919,16.2771],[121.5847,16.2782],[121.5764,16.2771],[121.5273,16.2583],[121.5232,16.2596],[121.5196,16.2666],[121.5137,16.269],[121.5111,16.2719],[121.5107,16.2756],[121.5122,16.2791],[121.508,16.287],[121.5,16.2961],[121.504,16.309],[121.5128,16.3117],[121.5219,16.3203],[121.5211,16.3277],[121.5251,16.331],[121.5273,16.336],[121.5288,16.3532],[121.5276,16.3573],[121.6254,16.3557],[121.6852,16.3939],[121.7016,16.4349],[121.7111,16.4393],[121.7556,16.3898],[121.968,16.4833],[122.0789,16.5291],[122.0823,16.5336],[122.1292,16.5323],[122.1317,16.5301],[122.065,16.4879],[121.8929,16.2907],[121.8353,16.2279],[121.787,16.263],[121.7793,16.2635],[121.7762,16.2654],[121.7673,16.274],[121.7554,16.2746],[121.7499,16.2722],[121.7381,16.2734],[121.7251,16.2824],[121.7215,16.2831],[121.6792,16.2759],[121.6751,16.2726]]]]},"properties":{"ADM3_EN":"Maddela","name":"Maddela","ADM3_PCODE":"PH25704000","psgc_code":"25704000","ADM2_EN":"Quirino","ADM2_PCODE":"PH2570","ADM1_EN":"Northern Luzon (Regions I & II)","ADM1_PCODE":"PH01","ADM0_EN":"Philippines (the)","ADM0_PCODE":"PH","region_key":"ilocos_cagayan","province_key":"quirino","type":"Municipality"}},{"type":"Feature","geometry":{"type":"MultiPolygon","coordinates":[[[[121.4651,15.9177],[121.4535,15.9291],[121.3221,16.0394],[121.3187,16.0879],[121.3059,16.1755],[121.2937,16.2809],[121.3568,16.3044],[121.438,16.3389],[121.5017,16.3557],[121.5276,16.3573],[121.5288,16.3532],[121.5273,16.336],[121.5251,16.331],[121.5211,16.3277],[121.5219,16.3203],[121.5128,16.3117],[121.504,16.309],[121.5,16.2961],[121.508,16.287],[121.5122,16.2791],[121.5107,16.2756],[121.5111,16.2719],[121.5137,16.269],[121.5196,16.2666],[121.5232,16.2596],[121.5273,16.2583],[121.5764,16.2771],[121.5871,16.2784],[121.5959,16.2748],[121.6027,16.2746],[121.6075,16.2696],[121.6225,16.2751],[121.6372,16.2702],[121.645,16.272],[121.6522,16.2641],[121.6562,16.2629],[121.6596,16.265],[121.6613,16.2632],[121.6792,16.2759],[121.7215,16.2831],[121.7251,16.2824],[121.7381,16.2734],[121.7499,16.2722],[121.7554,16.2746],[121.7673,16.274],[121.7762,16.2654],[121.7793,16.2635],[121.787,16.263],[121.8353,16.2279],[121.6338,16.0606],[121.5422,15.9788],[121.4676,15.9166],[121.4651,15.9177]]]]},"properties":{"ADM3_EN":"Nagtipunan","name":"Nagtipunan","ADM3_PCODE":"PH25706000","psgc_code":"25706000","ADM2_EN":"Quirino","ADM2_PCODE":"PH2570","ADM1_EN":"Northern Luzon (Regions I & II)","ADM1_PCODE":"PH01","ADM0_EN":"Philippines (the)","ADM0_PCODE":"PH","region_key":"ilocos_cagayan","province_key":"quirino","type":"Municipality"}},{"type":"Feature","geometry":{"type":"MultiPolygon","coordinates":[[[[121.5445,16.5182],[121.5289,16.5418],[121.5453,16.5597],[121.5494,16.5614],[121.5548,16.5709],[121.5602,16.5739],[121.5818,16.5992],[121.5878,16.5844],[121.6192,16.5477],[121.6414,16.525],[121.5503,16.5109],[121.5445,16.5182]]]]},"properties":{"ADM3_EN":"Saguday","name":"Saguday","ADM3_PCODE":"PH25705000","psgc_code":"25705000","ADM2_EN":"Quirino","ADM2_PCODE":"PH2570","ADM1_EN":"Northern Luzon (Regions I & II)","ADM1_PCODE":"PH01","ADM0_EN":"Philippines (the)","ADM0_PCODE":"PH","region_key":"ilocos_cagayan","province_key":"quirino","type":"Municipality"}}]}