{"type":"FeatureCollection","name":"mindanao_south_municipalities","crs":{"type":"name","properties":{"name":"urn:ogc:def:crs:OGC:1.3:CRS84"}},"features":[{"type":"Feature","geometry":{"type":"MultiPolygon","coordinates":[[[[126.071,7.6069],[126.0476,7.5985],[126.0334,7.6473],[126.0714,7.7064],[126.0747,7.7105],[126.0981,7.727],[126.2049,7.7981],[126.2369,7.664],[126.071,7.6069]]]]},"properties":{"ADM3_EN":"Compostela","name":"Compostela","ADM3_PCODE":"PH118201000","psgc_code":"118201000","ADM2_EN":"Davao de Oro","ADM2_PCODE":"PH1182","ADM1_EN":"Regions XI & XII (Davao & SOCCSKSARGEN)","ADM1_PCODE":"PH11","ADM0_EN":"Philippines (the)","ADM0_PCODE":"PH","region_key":"mindanao_south","province_key":"davao_de_oro","type":"Municipality"}},{"type":"Feature","geometry":{"type":"MultiPolygon","coordinates":[[[[125.7678,7.7208],[125.7685,7.7267],[125.7609,7.7289],[125.7577,7.7333],[125.7559,7.7394],[125.7525,7.7414],[125.7413,7.7397],[125.7387,7.7408],[125.7315,7.7544],[125.7279,7.7738],[125.7181,7.7711],[125.7166,7.7823],[125.7034,7.7826],[125.7021,7.8048],[125.6959,7.8443],[125.6901,7.8976],[125.6881,7.9015],[125.6858,7.9154],[125.6861,7.9234],[125.6752,7.9982],[125.6827,7.9962],[125.7219,7.9988],[125.7266,7.9975],[125.8006,7.9956],[125.8275,7.998],[125.9378,7.9977],[125.9408,7.9202],[125.9458,7.862],[125.9465,7.8327],[125.9199,7.8262],[125.8985,7.8068],[125.8897,7.796],[125.8669,7.7667],[125.8272,7.7062],[125.8169,7.6824],[125.8038,7.6653],[125.8009,7.6549],[125.7779,7.6569],[125.7822,7.6704],[125.7794,7.6829],[125.7824,7.6914],[125.7809,7.6961],[125.7713,7.7061],[125.7698,7.7195],[125.7678,7.7208]]]]},"properties":{"ADM3_EN":"Laak","name":"Laak","ADM3_PCODE":"PH118202000","psgc_code":"118202000","ADM2_EN":"Davao de Oro","ADM2_PCODE":"PH1182","ADM1_EN":"Regions XI & XII (Davao & SOCCSKSARGEN)","ADM1_PCODE":"PH11","ADM0_EN":"Philippines (the)","ADM0_PCODE":"PH","region_key":"mindanao_south","province_key":"davao_de_oro","type":"Municipality"}},{"type":"Feature","geometry":{"type":"MultiPolygon","coordinates":[[[[125.8693,7.2521],[125.8504,7.2513],[125.8393,7.2492],[125.8379,7.253],[125.8408,7.2691],[125.8394,7.2741],[125.8411,7.2809],[125.8403,7.2861],[125.8475,7.2925],[125.8458,7.2972],[125.8478,7.3011],[125.8453,7.3098],[125.8453,7.3202],[125.8478,7.3233],[125.8469,7.3289],[125.8494,7.3311],[125.8517,7.34],[125.8544,7.3428],[125.8537,7.3454],[125.9136,7.3469],[125.9515,7.3643],[126.1018,7.4235],[126.0898,7.4029],[126.0418,7.3401],[126.0367,7.3213],[126.0355,7.2816],[126.0365,7.2711],[125.8693,7.2521]]],[[[125.8314,7.2689],[125.8285,7.2734],[125.8308,7.2858],[125.8344,7.2836],[125.8347,7.2792],[125.8332,7.2702],[125.8314,7.2689]]],[[[125.8396,7.2874],[125.8398,7.2918],[125.8413,7.2929],[125.8439,7.2919],[125.8396,7.2874]]]]},"properties":{"ADM3_EN":"Mabini","name":"Mabini","ADM3_PCODE":"PH118203000","psgc_code":"118203000","ADM2_EN":"Davao de Oro","ADM2_PCODE":"PH1182","ADM1_EN":"Regions XI & XII (Davao & SOCCSKSARGEN)","ADM1_PCODE":"PH11","ADM0_EN":"Philippines (the)","ADM0_PCODE":"PH","region_key":"mindanao_south","province_key":"davao_de_oro","type":"Municipality"}},{"type":"Feature","geometry":{"type":"MultiPolygon","coordinates":[[[[125.9053,7.347],[125.8537,7.3454],[125.8556,7.3483],[125.8515,7.353],[125.8508,7.3618],[125.8481,7.3612],[125.8428,7.3639],[125.8394,7.3606],[125.8372,7.3619],[125.8348,7.3608],[125.8307,7.3635],[125.8305,7.3654],[125.8333,7.366],[125.8317,7.37],[125.8347,7.3762],[125.832,7.378],[125.8311,7.382],[125.8312,7.386],[125.8331,7.3882],[125.8309,7.3884],[125.8346,7.3906],[125.8347,7.394],[125.8382,7.3983],[125.8384,7.4033],[125.8417,7.4043],[125.843,7.4065],[125.8397,7.408],[125.8419,7.412],[125.8392,7.413],[125.8385,7.4165],[125.8411,7.4225],[125.8385,7.4213],[125.8338,7.4251],[125.8347,7.428],[125.8306,7.4264],[125.8304,7.4309],[125.8283,7.4295],[125.8269,7.4314],[125.8295,7.4343],[125.8295,7.4443],[125.8313,7.4511],[125.8361,7.4569],[125.8342,7.4614],[125.8375,7.461],[125.843,7.4707],[125.8462,7.4711],[125.8467,7.4743],[125.8497,7.4679],[125.854,7.4743],[125.8529,7.4768],[125.8595,7.4811],[125.8626,7.4822],[125.8639,7.4758],[125.8969,7.4678],[125.9357,7.4602],[125.9537,7.4544],[126.0363,7.439],[126.1018,7.4235],[125.9515,7.3643],[125.9136,7.3469],[125.9053,7.347]]]]},"properties":{"ADM3_EN":"Maco","name":"Maco","ADM3_PCODE":"PH118204000","psgc_code":"118204000","ADM2_EN":"Davao de Oro","ADM2_PCODE":"PH1182","ADM1_EN":"Regions XI & XII (Davao & SOCCSKSARGEN)","ADM1_PCODE":"PH11","ADM0_EN":"Philippines (the)","ADM0_PCODE":"PH","region_key":"mindanao_south","province_key":"davao_de_oro","type":"Municipality"}},{"type":"Feature","geometry":{"type":"MultiPolygon","coordinates":[[[[126.0367,7.2997],[126.0367,7.3213],[126.0418,7.3401],[126.0898,7.4029],[126.1018,7.4235],[126.1169,7.4168],[126.1349,7.4155],[126.2002,7.3996],[126.2188,7.3972],[126.2893,7.3818],[126.2937,7.344],[126.2944,7.3011],[126.0365,7.2711],[126.0355,7.2816],[126.0367,7.2997]]]]},"properties":{"ADM3_EN":"Maragusan","name":"Maragusan","ADM3_PCODE":"PH118205000","psgc_code":"118205000","ADM2_EN":"Davao de Oro","ADM2_PCODE":"PH1182","ADM1_EN":"Regions XI & XII (Davao & SOCCSKSARGEN)","ADM1_PCODE":"PH11","ADM0_EN":"Philippines (the)","ADM0_PCODE":"PH","region_key":"mindanao_south","province_key":"davao_de_oro","type":"Municipality"}},{"type":"Feature","geometry":{"type":"MultiPolygon","coordinates":[[[[125.9262,7.4612],[125.8639,7.4758],[125.8626,7.4822],[125.8739,7.4778],[125.8776,7.4824],[125.8815,7.4826],[125.886,7.4884],[125.8831,7.4921],[125.8785,7.4908],[125.8693,7.4958],[125.8525,7.5281],[125.9194,7.5426],[125.9403,7.5438],[125.9605,7.57],[125.988,7.5712],[125.9955,7.4702],[125.9953,7.4527],[125.9936,7.451],[125.9933,7.4465],[125.9537,7.4544],[125.9357,7.4602],[125.9262,7.4612]]]]},"properties":{"ADM3_EN":"Mawab","name":"Mawab","ADM3_PCODE":"PH118206000","psgc_code":"118206000","ADM2_EN":"Davao de Oro","ADM2_PCODE":"PH1182","ADM1_EN":"Regions XI & XII (Davao & SOCCSKSARGEN)","ADM1_PCODE":"PH11","ADM0_EN":"Philippines (the)","ADM0_PCODE":"PH","region_key":"mindanao_south","province_key":"davao_de_oro","type":"Municipality"}},{"type":"Feature","geometry":{"type":"MultiPolygon","coordinates":[[[[126.0499,7.672],[126.0334,7.6473],[126.0415,7.7113],[126.0419,7.725],[126.0374,7.7529],[126.0111,7.7516],[125.9816,7.7728],[125.9218,7.8091],[125.9199,7.8262],[125.9465,7.8327],[125.9458,7.862],[125.9408,7.9202],[125.9378,7.9977],[125.9548,7.9968],[125.9808,7.9982],[125.9863,7.9953],[125.9888,7.9817],[125.9981,7.9625],[126.0254,7.9441],[126.0457,7.935],[126.0521,7.9363],[126.0673,7.9537],[126.0684,7.959],[126.0707,7.9574],[126.0814,7.9619],[126.1125,7.9822],[126.131,7.9883],[126.1499,7.9981],[126.1629,8.0],[126.1473,7.9711],[126.1548,7.9521],[126.1724,7.8963],[126.1739,7.8844],[126.1758,7.8792],[126.1819,7.8727],[126.2049,7.7981],[126.0747,7.7105],[126.0499,7.672]]]]},"properties":{"ADM3_EN":"Monkayo","name":"Monkayo","ADM3_PCODE":"PH118207000","psgc_code":"118207000","ADM2_EN":"Davao de Oro","ADM2_PCODE":"PH1182","ADM1_EN":"Regions XI & XII (Davao & SOCCSKSARGEN)","ADM1_PCODE":"PH11","ADM0_EN":"Philippines (the)","ADM0_PCODE":"PH","region_key":"mindanao_south","province_key":"davao_de_oro","type":"Municipality"}},{"type":"Feature","geometry":{"type":"MultiPolygon","coordinates":[[[[125.9901,7.6465],[125.9382,7.6467],[125.9064,7.685],[125.9032,7.6908],[125.9063,7.6926],[125.9202,7.7086],[125.9242,7.7163],[125.9292,7.7192],[125.9379,7.7495],[125.9438,7.7565],[125.9443,7.7596],[125.9411,7.7682],[125.9218,7.8091],[125.9816,7.7728],[126.0111,7.7516],[126.0374,7.7529],[126.0419,7.725],[126.0415,7.7113],[126.0335,7.6479],[125.9901,7.6465]]]]},"properties":{"ADM3_EN":"Montevista","name":"Montevista","ADM3_PCODE":"PH118208000","psgc_code":"118208000","ADM2_EN":"Davao de Oro","ADM2_PCODE":"PH1182","ADM1_EN":"Regions XI & XII (Davao & SOCCSKSARGEN)","ADM1_PCODE":"PH11","ADM0_EN":"Philippines (the)","ADM0_PCODE":"PH","region_key":"mindanao_south","province_key":"davao_de_oro","type":"Municipality"}},{"type":"Feature","geometry":{"type":"MultiPolygon","coordinates":[[[[125.9936,7.451],[125.9953,7.4527],[125.9955,7.4702],[125.988,7.5712],[125.9605,7.57],[125.9407,7.544],[125.9194,7.5426],[125.9382,7.6467],[126.0192,7.6466],[126.0335,7.6479],[126.0484,7.5988],[126.0368,7.5932],[126.038,7.5878],[126.042,7.5823],[126.0426,7.5774],[126.0455,7.5732],[126.0448,7.5696],[126.0466,7.5659],[126.0454,7.5616],[126.0478,7.5597],[126.0539,7.5608],[126.0593,7.5375],[126.0647,7.5324],[126.0882,7.4562],[126.1018,7.4235],[126.0363,7.439],[125.9933,7.4465],[125.9936,7.451]]]]},"properties":{"ADM3_EN":"Nabunturan","name":"Nabunturan","ADM3_PCODE":"PH118209000","psgc_code":"118209000","ADM2_EN":"Davao de Oro","ADM2_PCODE":"PH1182","ADM1_EN":"Regions XI & XII (Davao & SOCCSKSARGEN)","ADM1_PCODE":"PH11","ADM0_EN":"Philippines (the)","ADM0_PCODE":"PH","region_key":"mindanao_south","province_key":"davao_de_oro","type":"Municipality"}},{"type":"Feature","geometry":{"type":"MultiPolygon","coordinates":[[[[126.2002,7.3996],[126.1349,7.4155],[126.1169,7.4168],[126.1018,7.4235],[126.0882,7.4562],[126.0647,7.5324],[126.0593,7.5375],[126.0539,7.5608],[126.0478,7.5597],[126.0454,7.5616],[126.0466,7.5659],[126.0448,7.5696],[126.0455,7.5732],[126.0426,7.5774],[126.042,7.5823],[126.038,7.5878],[126.0368,7.5932],[126.0613,7.6036],[126.2369,7.664],[126.2468,7.6447],[126.2633,7.5836],[126.269,7.5557],[126.2713,7.538],[126.2901,7.4455],[126.2906,7.3856],[126.2893,7.3818],[126.2188,7.3972],[126.2002,7.3996]]]]},"properties":{"ADM3_EN":"New Bataan","name":"New Bataan","ADM3_PCODE":"PH118210000","psgc_code":"118210000","ADM2_EN":"Davao de Oro","ADM2_PCODE":"PH1182","ADM1_EN":"Regions XI & XII (Davao & SOCCSKSARGEN)","ADM1_PCODE":"PH11","ADM0_EN":"Philippines (the)","ADM0_PCODE":"PH","region_key":"mindanao_south","province_key":"davao_de_oro","type":"Municipality"}},{"type":"Feature","geometry":{"type":"MultiPolygon","coordinates":[[[[125.9372,7.0797],[125.9283,7.0877],[125.9089,7.0928],[125.903,7.0984],[125.8963,7.1119],[125.8867,7.1206],[125.8841,7.1262],[125.8883,7.1314],[125.8864,7.1389],[125.8925,7.1656],[125.8897,7.1694],[125.8848,7.1712],[125.8781,7.1772],[125.8739,7.1829],[125.8738,7.1872],[125.8708,7.1925],[125.8704,7.1993],[125.873,7.205],[125.8708,7.2097],[125.8655,7.2142],[125.8617,7.2242],[125.8589,7.2267],[125.8528,7.2283],[125.8486,7.2331],[125.8393,7.2492],[125.9734,7.2646],[126.0091,7.2672],[126.2944,7.3011],[126.2957,7.2707],[126.0934,7.1618],[126.0506,7.1424],[125.9648,7.0968],[125.9598,7.0951],[125.9594,7.0967],[125.9561,7.0947],[125.9523,7.0951],[125.9539,7.0893],[125.953,7.0864],[125.9475,7.0793],[125.9478,7.0777],[125.9436,7.0744],[125.9372,7.0797]]]]},"properties":{"ADM3_EN":"Pantukan","name":"Pantukan","ADM3_PCODE":"PH118211000","psgc_code":"118211000","ADM2_EN":"Davao de Oro","ADM2_PCODE":"PH1182","ADM1_EN":"Regions XI & XII (Davao & SOCCSKSARGEN)","ADM1_PCODE":"PH11","ADM0_EN":"Philippines (the)","ADM0_PCODE":"PH","region_key":"mindanao_south","province_key":"davao_de_oro","type":"Municipality"}},{"type":"Feature","geometry":{"type":"MultiPolygon","coordinates":[[[[125.7509,7.4935],[125.7363,7.4873],[125.733,7.4891],[125.7281,7.4958],[125.7308,7.4988],[125.7274,7.5045],[125.7319,7.5075],[125.728,7.5076],[125.7234,7.5109],[125.7243,7.5167],[125.729,7.5172],[125.7313,7.5225],[125.7248,7.5522],[125.7252,7.5624],[125.7311,7.5908],[125.732,7.6137],[125.7309,7.633],[125.7201,7.6658],[125.7166,7.6884],[125.7425,7.6939],[125.7455,7.6744],[125.7536,7.6527],[125.7589,7.6535],[125.7623,7.6582],[125.7565,7.6644],[125.7558,7.6705],[125.7523,7.6769],[125.7561,7.6751],[125.7672,7.6789],[125.7737,7.6793],[125.7813,7.6756],[125.7822,7.6704],[125.7779,7.6569],[125.8009,7.6549],[125.7887,7.6378],[125.7879,7.6035],[125.7897,7.5969],[125.7884,7.5696],[125.7802,7.5562],[125.7766,7.5042],[125.7509,7.4935]]],[[[125.8272,7.7062],[125.871,7.7723],[125.8985,7.8068],[125.9199,7.8262],[125.9218,7.8091],[125.9443,7.7596],[125.9438,7.7565],[125.9379,7.7495],[125.9361,7.745],[125.9292,7.7192],[125.9242,7.7163],[125.9202,7.7086],[125.9063,7.6926],[125.9032,7.6908],[125.8957,7.6807],[125.8906,7.6845],[125.8746,7.6859],[125.8682,7.6931],[125.8649,7.6941],[125.8619,7.6916],[125.8579,7.6828],[125.853,7.6812],[125.8429,7.683],[125.8398,7.6871],[125.8361,7.6868],[125.8316,7.6851],[125.819,7.674],[125.8009,7.6549],[125.8038,7.6653],[125.8169,7.6824],[125.8272,7.7062]]]]},"properties":{"ADM3_EN":"Asuncion","name":"Asuncion","ADM3_PCODE":"PH112301000","psgc_code":"112301000","ADM2_EN":"Davao del Norte","ADM2_PCODE":"PH1123","ADM1_EN":"Regions XI & XII (Davao & SOCCSKSARGEN)","ADM1_PCODE":"PH11","ADM0_EN":"Philippines (the)","ADM0_PCODE":"PH","region_key":"mindanao_south","province_key":"davao_del_norte","type":"Municipality"}},{"type":"Feature","geometry":{"type":"MultiPolygon","coordinates":[[[[125.6271,7.4137],[125.6318,7.4109],[125.5833,7.4125],[125.6122,7.3883],[125.5851,7.3935],[125.5788,7.3923],[125.5603,7.396],[125.5587,7.455],[125.6357,7.4562],[125.6974,7.4771],[125.7363,7.4873],[125.7458,7.4915],[125.7435,7.483],[125.7367,7.4789],[125.7377,7.4762],[125.7435,7.48],[125.7462,7.4763],[125.7454,7.4729],[125.7473,7.4699],[125.7531,7.4738],[125.7568,7.4731],[125.7574,7.4691],[125.7636,7.4647],[125.7598,7.4545],[125.7567,7.4531],[125.7565,7.45],[125.7594,7.4455],[125.7583,7.4414],[125.7547,7.4402],[125.7554,7.4345],[125.6983,7.4272],[125.6857,7.4272],[125.6772,7.4301],[125.6694,7.4275],[125.6556,7.4264],[125.6551,7.4137],[125.6271,7.4137]]]]},"properties":{"ADM3_EN":"Braulio E. Dujali","name":"Braulio E. Dujali","ADM3_PCODE":"PH112323000","psgc_code":"112323000","ADM2_EN":"Davao del Norte","ADM2_PCODE":"PH1123","ADM1_EN":"Regions XI & XII (Davao & SOCCSKSARGEN)","ADM1_PCODE":"PH11","ADM0_EN":"Philippines (the)","ADM0_PCODE":"PH","region_key":"mindanao_south","province_key":"davao_del_norte","type":"Municipality"}},{"type":"Feature","geometry":{"type":"MultiPolygon","coordinates":[[[[125.7194,7.3044],[125.7167,7.3022],[125.6985,7.3161],[125.5833,7.4125],[125.6264,7.4106],[125.6318,7.4109],[125.6271,7.4137],[125.6551,7.4137],[125.6556,7.4264],[125.6694,7.4275],[125.6772,7.4301],[125.6857,7.4272],[125.6983,7.4272],[125.7554,7.4345],[125.765,7.4313],[125.7633,7.4291],[125.7572,7.4275],[125.7554,7.4226],[125.7581,7.4156],[125.7618,7.4123],[125.7654,7.4161],[125.7637,7.4068],[125.7602,7.3993],[125.7534,7.3967],[125.7516,7.3903],[125.748,7.3901],[125.751,7.3845],[125.7454,7.3804],[125.7456,7.3777],[125.7521,7.3812],[125.7524,7.3772],[125.7441,7.3689],[125.7457,7.3595],[125.7438,7.3583],[125.7472,7.3532],[125.7483,7.3479],[125.7445,7.346],[125.7457,7.3404],[125.743,7.3357],[125.7371,7.337],[125.7345,7.3287],[125.7415,7.3289],[125.7397,7.3217],[125.7367,7.3183],[125.7383,7.3161],[125.7356,7.3153],[125.7344,7.3189],[125.733,7.3092],[125.7256,7.3083],[125.7194,7.3044]]]]},"properties":{"ADM3_EN":"Carmen","name":"Carmen","ADM3_PCODE":"PH112303000","psgc_code":"112303000","ADM2_EN":"Davao del Norte","ADM2_PCODE":"PH1123","ADM1_EN":"Regions XI & XII (Davao & SOCCSKSARGEN)","ADM1_PCODE":"PH11","ADM0_EN":"Philippines (the)","ADM0_PCODE":"PH","region_key":"mindanao_south","province_key":"davao_del_norte","type":"Municipality"}},{"type":"Feature","geometry":{"type":"MultiPolygon","coordinates":[[[[125.6771,7.5623],[125.6113,7.5615],[125.6102,7.5808],[125.607,7.5923],[125.625,7.6036],[125.6209,7.6189],[125.6172,7.6454],[125.6274,7.6747],[125.6736,7.7261],[125.6799,7.7578],[125.6919,7.7267],[125.6939,7.7285],[125.7123,7.7287],[125.7142,7.7218],[125.7166,7.6884],[125.7201,7.6658],[125.7309,7.633],[125.7318,7.5977],[125.7252,7.5624],[125.6771,7.5623]]],[[[125.614,7.7554],[125.5978,7.7597],[125.6002,7.7785],[125.5487,7.7754],[125.4728,7.774],[125.4411,7.7715],[125.4281,7.8012],[125.4174,7.8173],[125.4178,7.8345],[125.4158,7.8541],[125.4204,7.8928],[125.4209,7.9119],[125.41,7.9265],[125.4043,7.9293],[125.4005,7.9339],[125.4001,7.9362],[125.4037,7.9452],[125.4018,7.9532],[125.4027,7.9601],[125.3994,7.9689],[125.396,7.9746],[125.3817,7.9855],[125.6752,7.9982],[125.6797,7.9734],[125.6864,7.9123],[125.6419,7.8975],[125.6477,7.8794],[125.6818,7.8518],[125.647,7.8051],[125.6399,7.7778],[125.633,7.7591],[125.614,7.7554]]]]},"properties":{"ADM3_EN":"Kapalong","name":"Kapalong","ADM3_PCODE":"PH112305000","psgc_code":"112305000","ADM2_EN":"Davao del Norte","ADM2_PCODE":"PH1123","ADM1_EN":"Regions XI & XII (Davao & SOCCSKSARGEN)","ADM1_PCODE":"PH11","ADM0_EN":"Philippines (the)","ADM0_PCODE":"PH","region_key":"mindanao_south","province_key":"davao_del_norte","type":"Municipality"}},{"type":"Feature","geometry":{"type":"MultiPolygon","coordinates":[[[[125.7775,7.5212],[125.7802,7.5562],[125.7884,7.5696],[125.7897,7.5969],[125.7879,7.6035],[125.7884,7.6329],[125.7903,7.6411],[125.8009,7.6549],[125.8316,7.6851],[125.8398,7.6871],[125.8429,7.683],[125.853,7.6812],[125.8579,7.6828],[125.8619,7.6916],[125.8649,7.6941],[125.8682,7.6931],[125.8746,7.6859],[125.8906,7.6845],[125.8957,7.6807],[125.9032,7.6908],[125.9064,7.685],[125.9382,7.6467],[125.9194,7.5426],[125.8525,7.5281],[125.7766,7.504],[125.7775,7.5212]]]]},"properties":{"ADM3_EN":"New Corella","name":"New Corella","ADM3_PCODE":"PH112314000","psgc_code":"112314000","ADM2_EN":"Davao del Norte","ADM2_PCODE":"PH1123","ADM1_EN":"Regions XI & XII (Davao & SOCCSKSARGEN)","ADM1_PCODE":"PH11","ADM0_EN":"Philippines (the)","ADM0_PCODE":"PH","region_key":"mindanao_south","province_key":"davao_del_norte","type":"Municipality"}},{"type":"Feature","geometry":{"type":"MultiPolygon","coordinates":[[[[125.6848,7.3276],[125.7167,7.3019],[125.7092,7.2987],[125.7006,7.3011],[125.6837,7.3021],[125.6736,7.3021],[125.6698,7.3005],[125.6686,7.2993],[125.6708,7.2984],[125.6612,7.2909],[125.6619,7.2895],[125.6588,7.2824],[125.6203,7.254],[125.6142,7.2442],[125.6034,7.2427],[125.5757,7.2443],[125.5378,7.2442],[125.5092,7.2392],[125.5116,7.3879],[125.5098,7.4097],[125.5063,7.4279],[125.508,7.4352],[125.5069,7.4543],[125.5587,7.455],[125.5603,7.396],[125.5788,7.3923],[125.5851,7.3935],[125.6122,7.3883],[125.6848,7.3276]]]]},"properties":{"ADM3_EN":"Panabo City","name":"Panabo City","ADM3_PCODE":"PH112315000","psgc_code":"112315000","ADM2_EN":"Davao del Norte","ADM2_PCODE":"PH1123","ADM1_EN":"Regions XI & XII (Davao & SOCCSKSARGEN)","ADM1_PCODE":"PH11","ADM0_EN":"Philippines (the)","ADM0_PCODE":"PH","region_key":"mindanao_south","province_key":"davao_del_norte","type":"City"}},{"type":"Feature","geometry":{"type":"MultiPolygon","coordinates":[[[[125.7856,6.9907],[125.7878,6.9826],[125.7864,6.9744],[125.7872,6.9658],[125.7933,6.9384],[125.7887,6.9344],[125.7878,6.9286],[125.7849,6.9272],[125.7824,6.9218],[125.7779,6.9214],[125.7753,6.919],[125.7727,6.9047],[125.7699,6.9014],[125.7683,6.8943],[125.765,6.8923],[125.7606,6.8977],[125.75,6.9013],[125.7486,6.9064],[125.7486,6.9201],[125.7405,6.9349],[125.7335,6.9423],[125.7231,6.9645],[125.7236,6.9741],[125.7282,6.9806],[125.7269,6.9943],[125.7253,6.9977],[125.7265,7.0053],[125.725,7.0136],[125.7192,7.019],[125.719,7.0215],[125.7225,7.0265],[125.7188,7.0304],[125.7184,7.0343],[125.7219,7.0431],[125.7178,7.0507],[125.7169,7.057],[125.7119,7.0689],[125.7037,7.0757],[125.6955,7.0764],[125.6876,7.0656],[125.6797,7.0631],[125.6715,7.0711],[125.6704,7.0779],[125.6643,7.092],[125.6637,7.1082],[125.6729,7.1211],[125.6824,7.1285],[125.6863,7.1365],[125.687,7.1524],[125.6924,7.1736],[125.6942,7.1884],[125.6964,7.1932],[125.7009,7.1966],[125.7124,7.1972],[125.721,7.193],[125.7263,7.1828],[125.7281,7.1744],[125.733,7.1689],[125.7356,7.1681],[125.7381,7.1706],[125.7408,7.1708],[125.7608,7.1638],[125.7688,7.1524],[125.7763,7.1487],[125.786,7.1391],[125.7898,7.1328],[125.7898,7.1289],[125.7925,7.1227],[125.7974,7.1172],[125.7973,7.1134],[125.7912,7.1063],[125.7922,7.0985],[125.783,7.0878],[125.7838,7.0744],[125.7803,7.0572],[125.782,7.0539],[125.7781,7.0503],[125.7791,7.0438],[125.7762,7.0352],[125.7767,7.0233],[125.7815,7.011],[125.7809,7.008],[125.7836,7.0],[125.7875,6.9943],[125.7856,6.9907]]],[[[125.7246,6.921],[125.721,6.9135],[125.7215,6.9088],[125.714,6.901],[125.7135,6.8974],[125.6988,6.9024],[125.6943,6.9021],[125.6871,6.9068],[125.684,6.9129],[125.6846,6.919],[125.6824,6.9251],[125.6685,6.947],[125.6762,6.9567],[125.6789,6.9575],[125.6821,6.9614],[125.6888,6.9596],[125.6935,6.9613],[125.7033,6.9596],[125.7086,6.9553],[125.7168,6.9378],[125.7197,6.9368],[125.7246,6.921]]],[[[125.7208,7.0072],[125.719,7.0042],[125.7176,7.0044],[125.7189,7.0072],[125.7164,7.01],[125.7206,7.0092],[125.7208,7.0072]]],[[[125.78,7.1747],[125.7814,7.1733],[125.7808,7.1708],[125.7853,7.1594],[125.7803,7.1678],[125.7781,7.1786],[125.78,7.1781],[125.78,7.1747]]],[[[125.7726,7.1907],[125.7719,7.1933],[125.7722,7.1939],[125.7739,7.1928],[125.7744,7.1892],[125.7726,7.1907]]],[[[125.6817,7.1553],[125.6811,7.1578],[125.6822,7.16],[125.682,7.1553],[125.6817,7.1553]]]]},"properties":{"ADM3_EN":"Island Garden City of Samal","name":"Island Garden City of Samal","ADM3_PCODE":"PH112317000","psgc_code":"112317000","ADM2_EN":"Davao del Norte","ADM2_PCODE":"PH1123","ADM1_EN":"Regions XI & XII (Davao & SOCCSKSARGEN)","ADM1_PCODE":"PH11","ADM0_EN":"Philippines (the)","ADM0_PCODE":"PH","region_key":"mindanao_south","province_key":"davao_del_norte","type":"City"}},{"type":"Feature","geometry":{"type":"MultiPolygon","coordinates":[[[[125.7523,7.6769],[125.7558,7.6705],[125.7565,7.6644],[125.7623,7.6582],[125.7589,7.6535],[125.7536,7.6527],[125.7448,7.677],[125.7434,7.6938],[125.7166,7.6884],[125.7158,7.7089],[125.7123,7.7287],[125.6939,7.7285],[125.6919,7.7267],[125.6799,7.7578],[125.6736,7.7261],[125.6274,7.6747],[125.6172,7.6454],[125.5942,7.7007],[125.5976,7.74],[125.5978,7.7597],[125.614,7.7554],[125.633,7.7591],[125.6399,7.7778],[125.647,7.8051],[125.6818,7.8518],[125.6477,7.8794],[125.6419,7.8975],[125.6864,7.9123],[125.6901,7.8976],[125.6959,7.8443],[125.7021,7.8048],[125.7034,7.7826],[125.7166,7.7823],[125.7181,7.7711],[125.7279,7.7738],[125.7315,7.7544],[125.7387,7.7408],[125.7413,7.7397],[125.7525,7.7414],[125.7559,7.7394],[125.7577,7.7333],[125.7609,7.7289],[125.7685,7.7267],[125.7678,7.7208],[125.7698,7.7195],[125.7713,7.7061],[125.7809,7.6961],[125.7824,7.6914],[125.7794,7.6829],[125.7813,7.6756],[125.7737,7.6793],[125.7672,7.6789],[125.7561,7.6751],[125.7523,7.6769]]]]},"properties":{"ADM3_EN":"San Isidro","name":"San Isidro","ADM3_PCODE":"PH112324000","psgc_code":"112324000","ADM2_EN":"Davao del Norte","ADM2_PCODE":"PH1123","ADM1_EN":"Regions XI & XII (Davao & SOCCSKSARGEN)","ADM1_PCODE":"PH11","ADM0_EN":"Philippines (the)","ADM0_PCODE":"PH","region_key":"mindanao_south","province_key":"davao_del_norte","type":"Municipality"}},{"type":"Feature","geometry":{"type":"MultiPolygon","coordinates":[[[[125.6328,7.4561],[125.5069,7.4543],[125.5076,7.4773],[125.5058,7.506],[125.5054,7.5584],[125.5736,7.5589],[125.6594,7.5628],[125.7252,7.5624],[125.7248,7.5522],[125.7313,7.5225],[125.729,7.5172],[125.7243,7.5167],[125.7234,7.5109],[125.728,7.5076],[125.7319,7.5075],[125.7311,7.5061],[125.7275,7.5057],[125.7308,7.4988],[125.7281,7.4958],[125.733,7.4891],[125.7363,7.4873],[125.7182,7.4835],[125.6328,7.4561]]]]},"properties":{"ADM3_EN":"Santo Tomas","name":"Santo Tomas","ADM3_PCODE":"PH112318000","psgc_code":"112318000","ADM2_EN":"Davao del Norte","ADM2_PCODE":"PH1123","ADM1_EN":"Regions XI & XII (Davao & SOCCSKSARGEN)","ADM1_PCODE":"PH11","ADM0_EN":"Philippines (the)","ADM0_PCODE":"PH","region_key":"mindanao_south","province_key":"davao_del_norte","type":"Municipality"}},{"type":"Feature","geometry":{"type":"MultiPolygon","coordinates":[[[[125.7389,7.3289],[125.7345,7.3287],[125.7371,7.337],[125.743,7.3357],[125.7457,7.3404],[125.7445,7.346],[125.7483,7.3479],[125.7472,7.3532],[125.7438,7.3583],[125.7457,7.3595],[125.7441,7.3689],[125.7524,7.3772],[125.7521,7.3812],[125.7456,7.3777],[125.7454,7.3804],[125.751,7.3845],[125.748,7.3901],[125.7516,7.3903],[125.7534,7.3967],[125.7602,7.3993],[125.7654,7.4114],[125.7654,7.4161],[125.7618,7.4123],[125.7581,7.4156],[125.7554,7.4226],[125.7572,7.4275],[125.7633,7.4291],[125.765,7.4313],[125.7615,7.4334],[125.7555,7.4341],[125.7545,7.4378],[125.7547,7.4402],[125.7583,7.4414],[125.7594,7.4455],[125.7565,7.45],[125.7567,7.4531],[125.7598,7.4545],[125.7636,7.4647],[125.7574,7.4691],[125.7568,7.4731],[125.7531,7.4738],[125.7473,7.4699],[125.7454,7.4729],[125.7462,7.4763],[125.7435,7.48],[125.7377,7.4762],[125.7367,7.4789],[125.7435,7.483],[125.7458,7.4913],[125.7766,7.5042],[125.8525,7.5281],[125.8693,7.4958],[125.8785,7.4908],[125.8831,7.4921],[125.8848,7.4912],[125.8859,7.4868],[125.8815,7.4826],[125.8776,7.4824],[125.8739,7.4778],[125.8653,7.4803],[125.8646,7.482],[125.8564,7.4797],[125.8529,7.4768],[125.854,7.4743],[125.8497,7.4679],[125.8467,7.4743],[125.8462,7.4711],[125.843,7.4707],[125.8375,7.461],[125.8342,7.4614],[125.8361,7.4569],[125.8313,7.4511],[125.8286,7.4369],[125.8295,7.4343],[125.8266,7.4323],[125.8283,7.4295],[125.8304,7.4309],[125.8306,7.4264],[125.8347,7.428],[125.8338,7.4251],[125.8385,7.4213],[125.8411,7.4225],[125.8385,7.4165],[125.8392,7.413],[125.8419,7.412],[125.8397,7.408],[125.843,7.4065],[125.8417,7.4043],[125.8384,7.4033],[125.8382,7.3983],[125.8347,7.394],[125.8346,7.3906],[125.8309,7.3884],[125.8331,7.3882],[125.8312,7.386],[125.8311,7.382],[125.832,7.378],[125.8347,7.3762],[125.8317,7.37],[125.8333,7.366],[125.8305,7.3654],[125.8319,7.3619],[125.8211,7.3664],[125.8117,7.3653],[125.8103,7.3623],[125.7894,7.3458],[125.7839,7.3442],[125.7783,7.34],[125.7725,7.3392],[125.7551,7.332],[125.7385,7.32],[125.7418,7.3264],[125.7415,7.3289],[125.7389,7.3289]]],[[[125.8189,7.3617],[125.8169,7.3631],[125.8172,7.3644],[125.82,7.3625],[125.8189,7.3617]]]]},"properties":{"ADM3_EN":"Tagum City","name":"Tagum City","ADM3_PCODE":"PH112319000","psgc_code":"112319000","ADM2_EN":"Davao del Norte","ADM2_PCODE":"PH1123","ADM1_EN":"Regions XI & XII (Davao & SOCCSKSARGEN)","ADM1_PCODE":"PH11","ADM0_EN":"Philippines (the)","ADM0_PCODE":"PH","region_key":"mindanao_south","province_key":"davao_del_norte","type":"City"}},{"type":"Feature","geometry":{"type":"MultiPolygon","coordinates":[[[[125.2547,7.6012],[125.2565,7.6054],[125.2559,7.6141],[125.2501,7.6324],[125.2524,7.6437],[125.2804,7.6407],[125.2807,7.6474],[125.3009,7.6489],[125.302,7.6347],[125.3084,7.6365],[125.3155,7.6305],[125.3226,7.6274],[125.3298,7.6278],[125.3327,7.6336],[125.3412,7.6316],[125.3506,7.6382],[125.3555,7.6368],[125.3684,7.6382],[125.377,7.6326],[125.3858,7.6295],[125.3914,7.6216],[125.3959,7.6214],[125.4022,7.6238],[125.4117,7.6296],[125.4188,7.6385],[125.4236,7.641],[125.4307,7.6556],[125.4292,7.6734],[125.4258,7.6818],[125.4306,7.6943],[125.4393,7.7068],[125.4429,7.7165],[125.4419,7.7233],[125.4392,7.7281],[125.4425,7.7369],[125.4441,7.7556],[125.4411,7.7715],[125.4728,7.774],[125.5487,7.7754],[125.6002,7.7785],[125.5942,7.7007],[125.6172,7.6454],[125.6209,7.6189],[125.625,7.6036],[125.607,7.5923],[125.6102,7.5808],[125.6113,7.5615],[125.5736,7.5589],[125.5054,7.5584],[125.4485,7.5672],[125.3883,7.5688],[125.3249,7.5681],[125.2536,7.5648],[125.2504,7.5794],[125.252,7.5798],[125.2518,7.5921],[125.2547,7.6012]]]]},"properties":{"ADM3_EN":"Talaingod","name":"Talaingod","ADM3_PCODE":"PH112322000","psgc_code":"112322000","ADM2_EN":"Davao del Norte","ADM2_PCODE":"PH1123","ADM1_EN":"Regions XI & XII (Davao & SOCCSKSARGEN)","ADM1_PCODE":"PH11","ADM0_EN":"Philippines (the)","ADM0_PCODE":"PH","region_key":"mindanao_south","province_key":"davao_del_norte","type":"Municipality"}},{"type":"Feature","geometry":{"type":"MultiPolygon","coordinates":[[[[125.2055,6.7337],[125.2013,6.7384],[125.1987,6.7511],[125.196,6.7543],[125.1972,6.7578],[125.192,6.7885],[125.1918,6.8022],[125.1746,6.8337],[125.1773,6.8408],[125.1768,6.8474],[125.185,6.8576],[125.1777,6.8734],[125.1649,6.8815],[125.187,6.8913],[125.1908,6.8991],[125.1985,6.9053],[125.1995,6.9102],[125.2103,6.9153],[125.2144,6.9232],[125.2228,6.9291],[125.227,6.9295],[125.255,6.9567],[125.25,6.8514],[125.2504,6.8088],[125.2175,6.7314],[125.215,6.7273],[125.2055,6.7337]]]]},"properties":{"ADM3_EN":"Bansalan","name":"Bansalan","ADM3_PCODE":"PH112401000","psgc_code":"112401000","ADM2_EN":"Davao del Sur","ADM2_PCODE":"PH1124","ADM1_EN":"Regions XI & XII (Davao & SOCCSKSARGEN)","ADM1_PCODE":"PH11","ADM0_EN":"Philippines (the)","ADM0_PCODE":"PH","region_key":"mindanao_south","province_key":"davao_del_sur","type":"Municipality"}},{"type":"Feature","geometry":{"type":"MultiPolygon","coordinates":[[[[125.516,7.0174],[125.5171,7.0148],[125.5075,7.0078],[125.5069,7.0031],[125.5044,6.9992],[125.4891,6.9844],[125.4861,6.9781],[125.4847,6.9689],[125.4367,6.9683],[125.4058,6.9655],[125.3861,6.9671],[125.2972,6.9662],[125.2583,6.9622],[125.2592,6.9756],[125.2631,6.9852],[125.2643,6.9947],[125.2719,7.0003],[125.2657,7.0029],[125.264,7.0052],[125.2698,7.0095],[125.2767,7.021],[125.3123,7.0203],[125.3134,7.0249],[125.3099,7.0376],[125.3003,7.0456],[125.2986,7.052],[125.2892,7.0603],[125.2894,7.084],[125.2875,7.088],[125.2928,7.1022],[125.2842,7.1229],[125.2412,7.1584],[125.2397,7.1645],[125.2312,7.1749],[125.2262,7.1919],[125.2268,7.2042],[125.2414,7.2373],[125.2452,7.252],[125.2385,7.2935],[125.2368,7.3141],[125.234,7.3265],[125.2257,7.3444],[125.2268,7.3523],[125.2472,7.3782],[125.2459,7.4036],[125.2425,7.424],[125.2445,7.4464],[125.2419,7.4635],[125.2429,7.4683],[125.2505,7.4729],[125.256,7.4925],[125.2622,7.4985],[125.2647,7.5037],[125.2627,7.513],[125.2606,7.546],[125.2524,7.5581],[125.2536,7.5648],[125.3249,7.5681],[125.3883,7.5688],[125.4485,7.5672],[125.5054,7.5584],[125.508,7.4352],[125.5063,7.4279],[125.5098,7.4097],[125.5116,7.3879],[125.5092,7.2392],[125.5378,7.2442],[125.5757,7.2443],[125.6034,7.2427],[125.6142,7.2442],[125.6203,7.254],[125.6588,7.2824],[125.6619,7.2895],[125.6612,7.2909],[125.6708,7.2984],[125.6686,7.2993],[125.6698,7.3005],[125.6793,7.3022],[125.7006,7.3011],[125.7092,7.2987],[125.7146,7.3002],[125.7136,7.2972],[125.7169,7.2931],[125.7147,7.2919],[125.7136,7.2931],[125.7122,7.2892],[125.7106,7.2906],[125.705,7.29],[125.7019,7.2925],[125.697,7.2925],[125.6792,7.2698],[125.6786,7.2669],[125.6814,7.2661],[125.6814,7.2597],[125.6811,7.255],[125.6792,7.2522],[125.6725,7.2519],[125.6694,7.2497],[125.6594,7.2508],[125.6561,7.2472],[125.6536,7.2469],[125.6484,7.2377],[125.6492,7.2333],[125.6522,7.2294],[125.6472,7.2258],[125.6456,7.2159],[125.6472,7.2138],[125.6484,7.1994],[125.6517,7.1848],[125.6558,7.1803],[125.6573,7.1682],[125.6601,7.1577],[125.6628,7.1537],[125.662,7.1498],[125.6638,7.1334],[125.6626,7.1313],[125.6642,7.1258],[125.662,7.1181],[125.6519,7.1061],[125.6493,7.0956],[125.6429,7.0943],[125.6413,7.0898],[125.6278,7.0827],[125.6261,7.0708],[125.6126,7.0578],[125.6091,7.0469],[125.6044,7.0578],[125.6061,7.0494],[125.605,7.0467],[125.58,7.0405],[125.5767,7.0347],[125.5764,7.0242],[125.5739,7.0253],[125.5731,7.0286],[125.5746,7.0379],[125.5633,7.0461],[125.5531,7.0464],[125.5378,7.0402],[125.5324,7.032],[125.5258,7.0289],[125.516,7.0174]]]]},"properties":{"ADM3_EN":"Davao City","name":"Davao City","ADM3_PCODE":"PH112402000","psgc_code":"112402000","ADM2_EN":"Davao del Sur","ADM2_PCODE":"PH1124","ADM1_EN":"Regions XI & XII (Davao & SOCCSKSARGEN)","ADM1_PCODE":"PH11","ADM0_EN":"Philippines (the)","ADM0_PCODE":"PH","region_key":"mindanao_south","province_key":"davao_del_sur","type":"City"}},{"type":"Feature","geometry":{"type":"MultiPolygon","coordinates":[[[[125.3778,6.7323],[125.3733,6.7272],[125.3492,6.7313],[125.3433,6.7279],[125.3346,6.7264],[125.3229,6.7317],[125.3128,6.7331],[125.3134,6.7351],[125.2973,6.7414],[125.2948,6.7439],[125.2884,6.7588],[125.2762,6.7778],[125.2542,6.7917],[125.2501,6.8168],[125.25,6.8514],[125.255,6.9567],[125.2583,6.9622],[125.2972,6.9662],[125.2966,6.9372],[125.302,6.9152],[125.328,6.8627],[125.3495,6.8285],[125.3724,6.7877],[125.3777,6.7815],[125.3872,6.7792],[125.3842,6.7761],[125.3847,6.7689],[125.3836,6.7675],[125.3875,6.765],[125.3913,6.7547],[125.39,6.7525],[125.3874,6.7525],[125.3856,6.7507],[125.3849,6.7468],[125.3864,6.7406],[125.3778,6.7323]]]]},"properties":{"ADM3_EN":"Digos City","name":"Digos City","ADM3_PCODE":"PH112403000","psgc_code":"112403000","ADM2_EN":"Davao del Sur","ADM2_PCODE":"PH1124","ADM1_EN":"Regions XI & XII (Davao & SOCCSKSARGEN)","ADM1_PCODE":"PH11","ADM0_EN":"Philippines (the)","ADM0_PCODE":"PH","region_key":"mindanao_south","province_key":"davao_del_sur","type":"City"}},{"type":"Feature","geometry":{"type":"MultiPolygon","coordinates":[[[[125.7007,6.0503],[125.7,6.0439],[125.703,6.0356],[125.6854,6.0336],[125.6163,6.0324],[125.5624,6.04],[125.528,6.0422],[125.5282,6.0493],[125.5341,6.0575],[125.5326,6.0631],[125.5373,6.0746],[125.5322,6.0927],[125.5367,6.1017],[125.5376,6.1074],[125.5918,6.1351],[125.5856,6.1672],[125.5866,6.1772],[125.599,6.2043],[125.6376,6.2414],[125.6378,6.2459],[125.6554,6.2988],[125.6608,6.293],[125.6677,6.2768],[125.6712,6.2744],[125.6693,6.2672],[125.6723,6.2584],[125.6793,6.2565],[125.685,6.2523],[125.6998,6.2174],[125.7029,6.2144],[125.7017,6.2022],[125.7039,6.1978],[125.7045,6.1848],[125.7094,6.1763],[125.7117,6.175],[125.7127,6.171],[125.7114,6.1672],[125.7122,6.1603],[125.7031,6.1267],[125.7046,6.1183],[125.7098,6.1125],[125.7131,6.1127],[125.7128,6.1074],[125.7151,6.1028],[125.7138,6.0973],[125.7077,6.0954],[125.7031,6.0835],[125.7003,6.0646],[125.7018,6.0518],[125.7007,6.0503]]]]},"properties":{"ADM3_EN":"Don Marcelino","name":"Don Marcelino","ADM3_PCODE":"PH112416000","psgc_code":"112416000","ADM2_EN":"Davao Occidental","ADM2_PCODE":"PH1186","ADM1_EN":"Regions XI & XII (Davao & SOCCSKSARGEN)","ADM1_PCODE":"PH11","ADM0_EN":"Philippines (the)","ADM0_PCODE":"PH","region_key":"mindanao_south","province_key":"davao_occidental","type":"Municipality"}},{"type":"Feature","geometry":{"type":"MultiPolygon","coordinates":[[[[125.2514,6.6696],[125.2454,6.6695],[125.2452,6.722],[125.3159,6.7224],[125.3358,6.7277],[125.3433,6.7279],[125.3492,6.7313],[125.3734,6.7277],[125.375,6.7054],[125.3808,6.6925],[125.3803,6.6878],[125.3838,6.6785],[125.3831,6.6716],[125.3456,6.6733],[125.3101,6.6714],[125.2618,6.6718],[125.2514,6.6696]]]]},"properties":{"ADM3_EN":"Hagonoy","name":"Hagonoy","ADM3_PCODE":"PH112404000","psgc_code":"112404000","ADM2_EN":"Davao del Sur","ADM2_PCODE":"PH1124","ADM1_EN":"Regions XI & XII (Davao & SOCCSKSARGEN)","ADM1_PCODE":"PH11","ADM0_EN":"Philippines (the)","ADM0_PCODE":"PH","region_key":"mindanao_south","province_key":"davao_del_sur","type":"Municipality"}},{"type":"Feature","geometry":{"type":"MultiPolygon","coordinates":[[[[125.3478,5.5647],[125.338,5.5626],[125.3378,5.5605],[125.3323,5.5543],[125.3281,5.5557],[125.3297,5.5657],[125.3276,5.5682],[125.322,5.569],[125.3231,5.5694],[125.3177,5.5802],[125.3078,5.588],[125.3187,5.5976],[125.3529,5.6169],[125.3837,5.6403],[125.3946,5.6535],[125.3935,5.6633],[125.3947,5.6682],[125.4047,5.6926],[125.4232,5.7212],[125.4357,5.7455],[125.4385,5.754],[125.4555,5.785],[125.4589,5.7869],[125.4593,5.792],[125.4688,5.8106],[125.4701,5.8385],[125.4726,5.8414],[125.4802,5.8397],[125.4876,5.8506],[125.4896,5.8563],[125.4874,5.8603],[125.4898,5.8705],[125.4854,5.8825],[125.4851,5.8903],[125.4887,5.9004],[125.4808,5.9021],[125.4796,5.9057],[125.4805,5.9094],[125.4863,5.9164],[125.4859,5.9238],[125.4893,5.929],[125.4849,5.9328],[125.4977,5.9441],[125.4994,5.9524],[125.4985,5.9687],[125.5084,5.9914],[125.5072,5.9978],[125.508,6.0055],[125.5133,6.0123],[125.5188,6.0277],[125.528,6.0422],[125.5624,6.04],[125.6163,6.0324],[125.6854,6.0336],[125.703,6.0356],[125.7008,6.0333],[125.7018,6.0239],[125.6949,6.0209],[125.6929,6.0156],[125.6935,6.0027],[125.6904,6.0003],[125.6908,5.9861],[125.6881,5.9817],[125.6864,5.9714],[125.6792,5.9608],[125.6755,5.9604],[125.6731,5.9542],[125.6642,5.9472],[125.6619,5.9344],[125.6633,5.9297],[125.6619,5.9208],[125.6589,5.9189],[125.65,5.9197],[125.6444,5.9103],[125.6428,5.9006],[125.6403,5.8983],[125.6345,5.8975],[125.6311,5.8939],[125.6294,5.8894],[125.6297,5.8831],[125.6261,5.8786],[125.6253,5.8711],[125.612,5.8689],[125.6067,5.8625],[125.6028,5.8603],[125.5993,5.8522],[125.5989,5.8456],[125.5955,5.8449],[125.5869,5.8391],[125.5831,5.8339],[125.5828,5.8303],[125.5782,5.8246],[125.5775,5.821],[125.5703,5.8181],[125.5646,5.8114],[125.5651,5.8002],[125.5605,5.8],[125.5589,5.7964],[125.553,5.7939],[125.5517,5.7914],[125.5481,5.7911],[125.5433,5.7869],[125.5425,5.7833],[125.5353,5.7761],[125.5317,5.7669],[125.5254,5.7619],[125.5228,5.7542],[125.52,5.7517],[125.5152,5.752],[125.5132,5.7503],[125.5064,5.7367],[125.5069,5.7331],[125.5042,5.7308],[125.502,5.7225],[125.4994,5.7197],[125.4978,5.703],[125.4915,5.7016],[125.4841,5.6961],[125.482,5.6919],[125.4824,5.6843],[125.4744,5.6669],[125.4672,5.6611],[125.4678,5.6578],[125.4578,5.6421],[125.4533,5.6394],[125.4533,5.6369],[125.4486,5.63],[125.4427,5.6304],[125.4408,5.6291],[125.4407,5.6255],[125.4443,5.6185],[125.4373,5.6113],[125.4333,5.6134],[125.4311,5.6122],[125.4305,5.5995],[125.4196,5.5858],[125.4201,5.5837],[125.4156,5.582],[125.4144,5.5734],[125.4068,5.5687],[125.4029,5.5691],[125.3994,5.5642],[125.397,5.565],[125.392,5.5635],[125.3856,5.5589],[125.38,5.56],[125.3758,5.5586],[125.3715,5.5601],[125.3664,5.5672],[125.3628,5.5637],[125.3558,5.5683],[125.3478,5.5647]]]]},"properties":{"ADM3_EN":"Jose Abad Santos","name":"Jose Abad Santos","ADM3_PCODE":"PH112405000","psgc_code":"112405000","ADM2_EN":"Davao Occidental","ADM2_PCODE":"PH1186","ADM1_EN":"Regions XI & XII (Davao & SOCCSKSARGEN)","ADM1_PCODE":"PH11","ADM0_EN":"Philippines (the)","ADM0_PCODE":"PH","region_key":"mindanao_south","province_key":"davao_occidental","type":"Municipality"}},{"type":"Feature","geometry":{"type":"MultiPolygon","coordinates":[[[[125.2544,6.5961],[125.1929,6.5933],[125.175,6.6348],[125.1577,6.6564],[125.1532,6.6591],[125.1461,6.6692],[125.2123,6.6693],[125.2215,6.6589],[125.2851,6.6474],[125.2779,6.6472],[125.2707,6.6399],[125.2716,6.6364],[125.2697,6.6336],[125.2714,6.6277],[125.2682,6.6182],[125.2719,6.6112],[125.2724,6.6066],[125.2708,6.6029],[125.2722,6.5965],[125.2544,6.5961]]]]},"properties":{"ADM3_EN":"Kiblawan","name":"Kiblawan","ADM3_PCODE":"PH112406000","psgc_code":"112406000","ADM2_EN":"Davao del Sur","ADM2_PCODE":"PH1124","ADM1_EN":"Regions XI & XII (Davao & SOCCSKSARGEN)","ADM1_PCODE":"PH11","ADM0_EN":"Philippines (the)","ADM0_PCODE":"PH","region_key":"mindanao_south","province_key":"davao_del_sur","type":"Municipality"}},{"type":"Feature","geometry":{"type":"MultiPolygon","coordinates":[[[[125.1749,6.7185],[125.1323,6.7196],[125.1325,6.7238],[125.1432,6.7248],[125.152,6.7325],[125.1431,6.743],[125.1347,6.7496],[125.1289,6.7501],[125.1208,6.7563],[125.114,6.7836],[125.1141,6.7926],[125.1032,6.8077],[125.1006,6.8187],[125.1022,6.8208],[125.1079,6.8201],[125.1203,6.8247],[125.1247,6.8335],[125.1292,6.8326],[125.1357,6.8233],[125.144,6.8214],[125.1601,6.8394],[125.1614,6.8454],[125.1606,6.8532],[125.1577,6.8586],[125.1586,6.8647],[125.1643,6.8758],[125.1649,6.8815],[125.1777,6.8734],[125.185,6.8576],[125.1768,6.8474],[125.1773,6.8408],[125.1746,6.8337],[125.1918,6.8022],[125.192,6.7885],[125.1972,6.7578],[125.196,6.7543],[125.1987,6.7511],[125.2013,6.7384],[125.2078,6.7312],[125.215,6.7273],[125.2104,6.7193],[125.1749,6.7185]]]]},"properties":{"ADM3_EN":"Magsaysay","name":"Magsaysay","ADM3_PCODE":"PH112407000","psgc_code":"112407000","ADM2_EN":"Davao del Sur","ADM2_PCODE":"PH1124","ADM1_EN":"Regions XI & XII (Davao & SOCCSKSARGEN)","ADM1_PCODE":"PH11","ADM0_EN":"Philippines (the)","ADM0_PCODE":"PH","region_key":"mindanao_south","province_key":"davao_del_sur","type":"Municipality"}},{"type":"Feature","geometry":{"type":"MultiPolygon","coordinates":[[[[125.3809,6.5071],[125.3783,6.4778],[125.3703,6.4565],[125.3666,6.418],[125.3148,6.4183],[125.1809,6.4242],[125.1736,6.437],[125.1673,6.4528],[125.1717,6.4695],[125.1893,6.4858],[125.1987,6.5102],[125.1964,6.5492],[125.194,6.5612],[125.1929,6.5933],[125.2722,6.5965],[125.3518,6.5952],[125.3614,6.5975],[125.3706,6.5931],[125.3722,6.5942],[125.375,6.5933],[125.3789,6.5989],[125.3817,6.5981],[125.3853,6.6],[125.3805,6.6053],[125.3817,6.6061],[125.385,6.6028],[125.3864,6.6039],[125.3817,6.615],[125.3828,6.6161],[125.3889,6.6078],[125.3875,6.605],[125.39,6.6014],[125.3869,6.6017],[125.3875,6.5997],[125.3928,6.5997],[125.3942,6.6008],[125.3936,6.6028],[125.4001,6.6039],[125.4024,6.6035],[125.4049,6.6],[125.4117,6.5986],[125.4145,6.5907],[125.4211,6.588],[125.4306,6.5802],[125.4421,6.5782],[125.4467,6.5789],[125.451,6.5659],[125.3831,6.53],[125.3809,6.5071]]]]},"properties":{"ADM3_EN":"Malalag","name":"Malalag","ADM3_PCODE":"PH112408000","psgc_code":"112408000","ADM2_EN":"Davao del Sur","ADM2_PCODE":"PH1124","ADM1_EN":"Regions XI & XII (Davao & SOCCSKSARGEN)","ADM1_PCODE":"PH11","ADM0_EN":"Philippines (the)","ADM0_PCODE":"PH","region_key":"mindanao_south","province_key":"davao_del_sur","type":"Municipality"}},{"type":"Feature","geometry":{"type":"MultiPolygon","coordinates":[[[[125.5376,6.1074],[125.5311,6.1104],[125.5155,6.1285],[125.5097,6.1383],[125.5063,6.16],[125.5096,6.1674],[125.5039,6.1834],[125.5048,6.2308],[125.5037,6.2343],[125.4938,6.2436],[125.4858,6.261],[125.4776,6.2687],[125.4763,6.2808],[125.4684,6.301],[125.4575,6.3052],[125.45,6.3107],[125.4477,6.3144],[125.4467,6.3226],[125.4437,6.3246],[125.4375,6.3222],[125.4301,6.3239],[125.427,6.326],[125.4247,6.3317],[125.4219,6.3327],[125.4066,6.3214],[125.3996,6.3199],[125.385,6.3307],[125.3684,6.3256],[125.3618,6.3262],[125.358,6.3287],[125.3515,6.33],[125.3253,6.3324],[125.3081,6.3299],[125.2888,6.3346],[125.2714,6.3359],[125.2614,6.3343],[125.2386,6.3535],[125.2051,6.3962],[125.1935,6.3971],[125.1823,6.404],[125.1791,6.4102],[125.1809,6.4242],[125.3148,6.4183],[125.4797,6.4188],[125.5151,6.4661],[125.544,6.5016],[125.5679,6.5108],[125.5679,6.5082],[125.564,6.5061],[125.5653,6.5018],[125.5734,6.4958],[125.5773,6.497],[125.5799,6.4906],[125.5817,6.4902],[125.5878,6.4925],[125.5873,6.4956],[125.5891,6.4971],[125.5881,6.5021],[125.5934,6.5016],[125.5956,6.4968],[125.5898,6.4898],[125.5869,6.4807],[125.5869,6.4737],[125.5822,6.4617],[125.5817,6.4468],[125.5833,6.4411],[125.5806,6.4369],[125.5808,6.428],[125.5834,6.4262],[125.5889,6.4272],[125.5944,6.4217],[125.5961,6.4233],[125.5992,6.422],[125.6019,6.4231],[125.6025,6.4217],[125.5979,6.4198],[125.6007,6.416],[125.6066,6.4193],[125.5984,6.4309],[125.5885,6.4331],[125.5839,6.4359],[125.5839,6.4392],[125.5994,6.4311],[125.6087,6.4187],[125.6178,6.4111],[125.6206,6.4047],[125.6195,6.3875],[125.6394,6.3608],[125.6375,6.3502],[125.6385,6.3477],[125.6451,6.3426],[125.6542,6.3247],[125.6534,6.3178],[125.6557,6.3157],[125.6579,6.3049],[125.6378,6.2459],[125.6376,6.2414],[125.599,6.2043],[125.5866,6.1772],[125.5856,6.1672],[125.5918,6.1351],[125.5376,6.1074]]]]},"properties":{"ADM3_EN":"Malita","name":"Malita","ADM3_PCODE":"PH112409000","psgc_code":"112409000","ADM2_EN":"Davao Occidental","ADM2_PCODE":"PH1186","ADM1_EN":"Regions XI & XII (Davao & SOCCSKSARGEN)","ADM1_PCODE":"PH11","ADM0_EN":"Philippines (the)","ADM0_PCODE":"PH","region_key":"mindanao_south","province_key":"davao_occidental","type":"Municipality"}},{"type":"Feature","geometry":{"type":"MultiPolygon","coordinates":[[[[125.1461,6.6692],[125.1333,6.6808],[125.1314,6.6932],[125.133,6.7047],[125.1323,6.7196],[125.2104,6.7193],[125.2259,6.7489],[125.2509,6.8118],[125.2542,6.7917],[125.2789,6.7748],[125.2812,6.7681],[125.2884,6.7588],[125.2948,6.7439],[125.2973,6.7414],[125.3134,6.7351],[125.3128,6.7331],[125.3229,6.7317],[125.3346,6.7264],[125.3159,6.7224],[125.2452,6.722],[125.2454,6.6695],[125.1461,6.6692]]]]},"properties":{"ADM3_EN":"Matanao","name":"Matanao","ADM3_PCODE":"PH112410000","psgc_code":"112410000","ADM2_EN":"Davao del Sur","ADM2_PCODE":"PH1124","ADM1_EN":"Regions XI & XII (Davao & SOCCSKSARGEN)","ADM1_PCODE":"PH11","ADM0_EN":"Philippines (the)","ADM0_PCODE":"PH","region_key":"mindanao_south","province_key":"davao_del_sur","type":"Municipality"}},{"type":"Feature","geometry":{"type":"MultiPolygon","coordinates":[[[[125.3146,6.6717],[125.3456,6.6733],[125.384,6.6723],[125.3814,6.6681],[125.3807,6.6627],[125.3813,6.6518],[125.3853,6.6428],[125.3815,6.6378],[125.3847,6.6364],[125.3847,6.6344],[125.3817,6.6347],[125.3814,6.6296],[125.3361,6.6344],[125.2852,6.6474],[125.2215,6.6589],[125.2123,6.6693],[125.2534,6.669],[125.2618,6.6718],[125.3146,6.6717]]]]},"properties":{"ADM3_EN":"Padada","name":"Padada","ADM3_PCODE":"PH112411000","psgc_code":"112411000","ADM2_EN":"Davao del Sur","ADM2_PCODE":"PH1124","ADM1_EN":"Regions XI & XII (Davao & SOCCSKSARGEN)","ADM1_PCODE":"PH11","ADM0_EN":"Philippines (the)","ADM0_PCODE":"PH","region_key":"mindanao_south","province_key":"davao_del_sur","type":"Municipality"}},{"type":"Feature","geometry":{"type":"MultiPolygon","coordinates":[[[[125.3953,6.7859],[125.3953,6.787],[125.396,6.787],[125.3963,6.7858],[125.3953,6.7859]]],[[[125.395,6.8045],[125.3957,6.8059],[125.396,6.8062],[125.3946,6.8031],[125.395,6.8045]]],[[[125.4099,6.8259],[125.4093,6.8217],[125.4052,6.8204],[125.398,6.8121],[125.3962,6.8133],[125.3953,6.8117],[125.3933,6.8142],[125.3914,6.81],[125.3874,6.8093],[125.3874,6.8076],[125.3905,6.8055],[125.3935,6.8085],[125.395,6.8061],[125.3922,6.8031],[125.3835,6.8054],[125.3808,6.8097],[125.3792,6.8075],[125.377,6.8091],[125.3792,6.803],[125.3811,6.8042],[125.3851,6.7983],[125.3928,6.7936],[125.3906,6.7806],[125.3875,6.7792],[125.3777,6.7815],[125.3724,6.7877],[125.3495,6.8285],[125.328,6.8627],[125.302,6.9152],[125.2966,6.9372],[125.2972,6.9662],[125.3861,6.9671],[125.4058,6.9655],[125.4367,6.9683],[125.4847,6.9689],[125.4853,6.9522],[125.4905,6.9347],[125.4889,6.9298],[125.4901,6.9213],[125.4822,6.9114],[125.4764,6.9081],[125.4736,6.9039],[125.4668,6.9003],[125.4621,6.9003],[125.457,6.8967],[125.4556,6.8931],[125.4574,6.8816],[125.4523,6.8709],[125.448,6.8684],[125.4431,6.8689],[125.4393,6.8671],[125.4363,6.8603],[125.4215,6.8501],[125.4185,6.8444],[125.4211,6.8383],[125.4223,6.838],[125.4229,6.8401],[125.4231,6.8383],[125.4222,6.8372],[125.4193,6.838],[125.419,6.8327],[125.413,6.8311],[125.4099,6.8259]]]]},"properties":{"ADM3_EN":"Santa Cruz","name":"Santa Cruz","ADM3_PCODE":"PH112412000","psgc_code":"112412000","ADM2_EN":"Davao del Sur","ADM2_PCODE":"PH1124","ADM1_EN":"Regions XI & XII (Davao & SOCCSKSARGEN)","ADM1_PCODE":"PH11","ADM0_EN":"Philippines (the)","ADM0_PCODE":"PH","region_key":"mindanao_south","province_key":"davao_del_sur","type":"Municipality"}},{"type":"Feature","geometry":{"type":"MultiPolygon","coordinates":[[[[125.451,6.5659],[125.4467,6.5789],[125.4447,6.5792],[125.4455,6.5851],[125.443,6.5889],[125.4436,6.59],[125.449,6.5894],[125.4477,6.5953],[125.4332,6.6108],[125.4242,6.6123],[125.4249,6.6193],[125.4208,6.6219],[125.4232,6.626],[125.4208,6.6295],[125.426,6.6304],[125.4297,6.6339],[125.4292,6.6272],[125.4387,6.6205],[125.4463,6.6091],[125.4514,6.6078],[125.4558,6.6097],[125.4586,6.6056],[125.4605,6.5978],[125.4638,6.5945],[125.469,6.5925],[125.4727,6.5941],[125.4778,6.5936],[125.4845,6.5987],[125.4858,6.595],[125.4789,6.5828],[125.4824,6.5714],[125.4918,6.5664],[125.5,6.5667],[125.5011,6.56],[125.5076,6.5552],[125.5142,6.5577],[125.5197,6.5551],[125.5204,6.5529],[125.5167,6.5531],[125.5139,6.5486],[125.5145,6.543],[125.5186,6.5354],[125.5183,6.5308],[125.5172,6.5319],[125.5158,6.53],[125.5183,6.5253],[125.5175,6.5225],[125.5189,6.5194],[125.5192,6.5256],[125.5203,6.5258],[125.5222,6.5189],[125.5254,6.5165],[125.529,6.5167],[125.5351,6.5242],[125.5333,6.5304],[125.5372,6.5276],[125.5479,6.5267],[125.5519,6.532],[125.5503,6.5342],[125.5514,6.535],[125.5555,6.5327],[125.566,6.5311],[125.5666,6.5275],[125.5688,6.5258],[125.5661,6.5218],[125.5667,6.5197],[125.5759,6.5197],[125.5823,6.5148],[125.5798,6.5129],[125.5701,6.513],[125.5679,6.5108],[125.544,6.5016],[125.5151,6.4661],[125.4797,6.4188],[125.3666,6.418],[125.3703,6.4565],[125.3783,6.4778],[125.3831,6.53],[125.451,6.5659]]]]},"properties":{"ADM3_EN":"Santa Maria","name":"Santa Maria","ADM3_PCODE":"PH112413000","psgc_code":"112413000","ADM2_EN":"Davao Occidental","ADM2_PCODE":"PH1186","ADM1_EN":"Regions XI & XII (Davao & SOCCSKSARGEN)","ADM1_PCODE":"PH11","ADM0_EN":"Philippines (the)","ADM0_PCODE":"PH","region_key":"mindanao_south","province_key":"davao_occidental","type":"Municipality"}},{"type":"Feature","geometry":{"type":"MultiPolygon","coordinates":[[[[125.3901,5.3748],[125.3856,5.3742],[125.3828,5.3708],[125.3786,5.3706],[125.3739,5.3667],[125.3704,5.3678],[125.3625,5.3669],[125.3606,5.3692],[125.3539,5.3711],[125.35,5.3675],[125.3491,5.3718],[125.3535,5.3783],[125.3513,5.3794],[125.3474,5.3868],[125.3385,5.3835],[125.3283,5.3903],[125.3306,5.3931],[125.3375,5.3903],[125.3453,5.3936],[125.3483,5.3975],[125.3461,5.4006],[125.3481,5.4044],[125.3511,5.4056],[125.3528,5.4113],[125.3575,5.4148],[125.3602,5.4206],[125.3697,5.4292],[125.3794,5.4316],[125.3831,5.435],[125.3901,5.4339],[125.3917,5.4364],[125.3956,5.4356],[125.3964,5.4386],[125.3983,5.4344],[125.4058,5.4319],[125.4092,5.4333],[125.4106,5.4286],[125.4133,5.4264],[125.4158,5.4275],[125.4198,5.4244],[125.4248,5.4241],[125.4253,5.4214],[125.4276,5.422],[125.4286,5.4201],[125.4291,5.4171],[125.4259,5.4162],[125.4269,5.4089],[125.4213,5.4037],[125.4247,5.3963],[125.4269,5.3947],[125.4267,5.3889],[125.4247,5.3867],[125.4258,5.3831],[125.4242,5.3803],[125.4267,5.3748],[125.4241,5.3732],[125.4242,5.3694],[125.4194,5.3653],[125.4122,5.3672],[125.4115,5.3712],[125.407,5.3772],[125.4024,5.374],[125.3975,5.3755],[125.3901,5.3748]]],[[[125.4875,5.4293],[125.4884,5.4271],[125.4922,5.4297],[125.4926,5.4217],[125.4862,5.4097],[125.4839,5.4082],[125.48,5.3953],[125.4715,5.3892],[125.4677,5.3899],[125.4642,5.3928],[125.4631,5.3968],[125.463,5.3993],[125.4649,5.4006],[125.464,5.4083],[125.4674,5.4117],[125.4624,5.4191],[125.4648,5.4196],[125.4623,5.4206],[125.4634,5.4225],[125.4624,5.4236],[125.4556,5.4231],[125.4576,5.4257],[125.454,5.4271],[125.4551,5.4283],[125.4592,5.4273],[125.4626,5.4244],[125.4635,5.4251],[125.4611,5.428],[125.4628,5.4288],[125.4536,5.4301],[125.4511,5.4356],[125.4528,5.4367],[125.4583,5.435],[125.4594,5.4364],[125.4586,5.4429],[125.4538,5.444],[125.454,5.4453],[125.4569,5.4456],[125.4542,5.4475],[125.4558,5.4506],[125.4633,5.4497],[125.4676,5.4531],[125.4728,5.4538],[125.4733,5.4561],[125.4681,5.4605],[125.4657,5.4568],[125.4582,5.4563],[125.4558,5.4636],[125.4537,5.4642],[125.4558,5.4672],[125.4585,5.4668],[125.4585,5.4687],[125.4609,5.4693],[125.4667,5.4764],[125.4731,5.4747],[125.4725,5.4711],[125.4747,5.4671],[125.4723,5.4639],[125.4757,5.464],[125.4789,5.4666],[125.4799,5.4655],[125.4825,5.4679],[125.4816,5.471],[125.4755,5.4711],[125.4771,5.4791],[125.4732,5.4772],[125.4695,5.4782],[125.4697,5.4803],[125.4679,5.4807],[125.4677,5.4821],[125.4707,5.4844],[125.4728,5.4939],[125.4769,5.4961],[125.4853,5.4917],[125.49,5.4869],[125.4927,5.4869],[125.4969,5.4821],[125.4958,5.4772],[125.4992,5.4756],[125.4982,5.4739],[125.4997,5.4681],[125.4979,5.4667],[125.4982,5.4639],[125.4967,5.4622],[125.4964,5.4518],[125.4942,5.4461],[125.495,5.4436],[125.49,5.4367],[125.4875,5.4293]]],[[[125.4911,5.5136],[125.4884,5.5105],[125.4865,5.5129],[125.488,5.5152],[125.4911,5.5136]]]]},"properties":{"ADM3_EN":"Sarangani","name":"Sarangani","ADM3_PCODE":"PH112415000","psgc_code":"112415000","ADM2_EN":"Davao Occidental","ADM2_PCODE":"PH1186","ADM1_EN":"Regions XI & XII (Davao & SOCCSKSARGEN)","ADM1_PCODE":"PH11","ADM0_EN":"Philippines (the)","ADM0_PCODE":"PH","region_key":"mindanao_south","province_key":"davao_occidental","type":"Municipality"}},{"type":"Feature","geometry":{"type":"MultiPolygon","coordinates":[[[[125.3593,6.6316],[125.3814,6.6296],[125.3744,6.6281],[125.3722,6.6236],[125.373,6.6214],[125.3695,6.6178],[125.3734,6.6098],[125.3706,6.6117],[125.3631,6.61],[125.3625,6.6056],[125.3594,6.6011],[125.3614,6.5975],[125.3518,6.5952],[125.2722,6.5965],[125.2708,6.6029],[125.2724,6.6066],[125.2719,6.6112],[125.2682,6.6182],[125.2714,6.6277],[125.2697,6.6336],[125.2716,6.6364],[125.2707,6.6399],[125.2779,6.6472],[125.2852,6.6474],[125.3361,6.6344],[125.3593,6.6316]]]]},"properties":{"ADM3_EN":"Sulop","name":"Sulop","ADM3_PCODE":"PH112414000","psgc_code":"112414000","ADM2_EN":"Davao del Sur","ADM2_PCODE":"PH1124","ADM1_EN":"Regions XI & XII (Davao & SOCCSKSARGEN)","ADM1_PCODE":"PH11","ADM0_EN":"Philippines (the)","ADM0_PCODE":"PH","region_key":"mindanao_south","province_key":"davao_del_sur","type":"Municipality"}},{"type":"Feature","geometry":{"type":"MultiPolygon","coordinates":[[[[126.5951,7.4783],[126.5982,7.4756],[126.5984,7.4714],[126.5947,7.4644],[126.5972,7.4597],[126.595,7.4489],[126.5833,7.4478],[126.5791,7.445],[126.5731,7.4475],[126.5692,7.4464],[126.4591,7.4493],[126.4086,7.4443],[126.2901,7.4455],[126.2633,7.5836],[126.2468,7.6447],[126.2369,7.664],[126.2143,7.7606],[126.2628,7.7603],[126.3205,7.7502],[126.4731,7.7337],[126.5551,7.7274],[126.5563,7.7245],[126.5597,7.7231],[126.5575,7.7206],[126.5599,7.7144],[126.5608,7.7206],[126.5661,7.7231],[126.5703,7.7183],[126.568,7.7167],[126.5683,7.7142],[126.5646,7.7122],[126.5636,7.7178],[126.5621,7.7158],[126.5637,7.7109],[126.5614,7.7094],[126.5594,7.7111],[126.5564,7.7094],[126.5592,7.7044],[126.5547,7.702],[126.5511,7.6953],[126.5542,7.6856],[126.5581,7.6825],[126.5525,7.6833],[126.5509,7.6779],[126.5533,7.6755],[126.5585,7.6751],[126.5592,7.6726],[126.5611,7.6731],[126.557,7.665],[126.5527,7.6636],[126.5592,7.6528],[126.5586,7.6458],[126.557,7.6419],[126.5533,7.6406],[126.5525,7.6364],[126.5556,7.6297],[126.5603,7.6256],[126.5614,7.6214],[126.5649,7.618],[126.5698,7.617],[126.5736,7.6194],[126.5747,7.6186],[126.5769,7.6139],[126.5775,7.6058],[126.5764,7.6039],[126.5728,7.6049],[126.5671,7.6096],[126.562,7.6061],[126.5609,7.6027],[126.5624,7.5994],[126.5623,7.5895],[126.5586,7.5872],[126.5578,7.5779],[126.5582,7.5766],[126.56,7.5776],[126.5661,7.5719],[126.5694,7.5717],[126.5731,7.5747],[126.5803,7.5711],[126.5825,7.5681],[126.5789,7.5631],[126.5808,7.5597],[126.5797,7.5572],[126.5843,7.5504],[126.5867,7.5362],[126.5964,7.5157],[126.5986,7.507],[126.5991,7.4832],[126.5977,7.4801],[126.5942,7.4789],[126.5951,7.4783]]],[[[126.5581,7.6631],[126.5589,7.665],[126.5625,7.6644],[126.5619,7.6629],[126.5581,7.6631]]],[[[126.5664,7.7019],[126.5622,7.7008],[126.5622,7.6986],[126.5589,7.7006],[126.5617,7.7039],[126.5669,7.7042],[126.5664,7.7019]]]]},"properties":{"ADM3_EN":"Baganga","name":"Baganga","ADM3_PCODE":"PH112501000","psgc_code":"112501000","ADM2_EN":"Davao Oriental","ADM2_PCODE":"PH1125","ADM1_EN":"Regions XI & XII (Davao & SOCCSKSARGEN)","ADM1_PCODE":"PH11","ADM0_EN":"Philippines (the)","ADM0_PCODE":"PH","region_key":"mindanao_south","province_key":"davao_oriental","type":"Municipality"}},{"type":"Feature","geometry":{"type":"MultiPolygon","coordinates":[[[[125.9836,6.9219],[125.9767,6.9286],[125.9778,6.9397],[125.9719,6.9514],[125.9719,6.9542],[125.9772,6.9656],[125.9789,6.9778],[125.9856,6.9886],[125.9861,6.9938],[125.9839,6.9947],[125.9839,6.9969],[125.9881,7.0],[125.9833,7.0086],[125.99,7.0125],[125.9814,7.0197],[125.9811,7.0242],[125.9833,7.0261],[125.9807,7.0302],[125.9678,7.038],[125.9609,7.0461],[125.9501,7.0477],[125.9471,7.0577],[125.9512,7.0581],[125.9529,7.0615],[125.9569,7.0603],[125.9583,7.0622],[125.9517,7.0697],[125.9424,7.0743],[125.9478,7.0777],[125.9475,7.0793],[125.953,7.0864],[125.9539,7.0893],[125.9523,7.0951],[125.9561,7.0947],[125.9594,7.0967],[125.9598,7.0951],[125.9648,7.0968],[126.0506,7.1424],[126.0934,7.1618],[126.2957,7.2707],[126.296,7.1899],[126.2149,7.1517],[126.0715,7.0877],[126.062,7.0657],[126.0446,7.0159],[126.0337,6.9669],[125.9842,6.9208],[125.9836,6.9219]]]]},"properties":{"ADM3_EN":"Banaybanay","name":"Banaybanay","ADM3_PCODE":"PH112502000","psgc_code":"112502000","ADM2_EN":"Davao Oriental","ADM2_PCODE":"PH1125","ADM1_EN":"Regions XI & XII (Davao & SOCCSKSARGEN)","ADM1_PCODE":"PH11","ADM0_EN":"Philippines (the)","ADM0_PCODE":"PH","region_key":"mindanao_south","province_key":"davao_oriental","type":"Municipality"}},{"type":"Feature","geometry":{"type":"MultiPolygon","coordinates":[[[[126.3836,7.8297],[126.4163,7.8277],[126.4187,7.8262],[126.4236,7.8288],[126.4258,7.8272],[126.4227,7.8226],[126.4166,7.8224],[126.3307,7.8281],[126.1904,7.8475],[126.1819,7.8727],[126.1758,7.8792],[126.1739,7.8844],[126.1724,7.8963],[126.1548,7.9521],[126.1473,7.9711],[126.1629,8.0],[126.3512,8.0009],[126.3514,7.9619],[126.3497,7.9304],[126.3561,7.9149],[126.3607,7.9102],[126.359,7.9047],[126.3602,7.8978],[126.3619,7.8957],[126.3651,7.8959],[126.3651,7.8918],[126.3632,7.89],[126.3631,7.8875],[126.3598,7.8864],[126.3602,7.8835],[126.3644,7.8786],[126.3761,7.8722],[126.3783,7.8667],[126.3819,7.8686],[126.3845,7.8675],[126.3831,7.8656],[126.3831,7.8581],[126.3738,7.8522],[126.3756,7.8418],[126.3842,7.8354],[126.3825,7.8322],[126.3836,7.8297]]],[[[126.384,7.879],[126.3833,7.8764],[126.378,7.8748],[126.3822,7.8778],[126.3792,7.8767],[126.3805,7.8792],[126.384,7.879]]]]},"properties":{"ADM3_EN":"Boston","name":"Boston","ADM3_PCODE":"PH112503000","psgc_code":"112503000","ADM2_EN":"Davao Oriental","ADM2_PCODE":"PH1125","ADM1_EN":"Regions XI & XII (Davao & SOCCSKSARGEN)","ADM1_PCODE":"PH11","ADM0_EN":"Philippines (the)","ADM0_PCODE":"PH","region_key":"mindanao_south","province_key":"davao_oriental","type":"Municipality"}},{"type":"Feature","geometry":{"type":"MultiPolygon","coordinates":[[[[126.551,7.3134],[126.5537,7.3032],[126.5569,7.301],[126.5584,7.2959],[126.5627,7.2935],[126.5666,7.2878],[126.5703,7.2881],[126.5722,7.2919],[126.5803,7.2925],[126.5836,7.2886],[126.5958,7.2956],[126.6022,7.2947],[126.6053,7.2896],[126.6014,7.2759],[126.558,7.2765],[126.5221,7.2733],[126.4603,7.2748],[126.4535,7.2819],[126.4498,7.2894],[126.4222,7.2739],[126.2957,7.2707],[126.2937,7.344],[126.2893,7.3818],[126.2906,7.3856],[126.2901,7.4455],[126.4086,7.4443],[126.4591,7.4493],[126.5577,7.4472],[126.5524,7.439],[126.5486,7.4261],[126.55,7.4079],[126.5529,7.4022],[126.5561,7.4001],[126.5605,7.4025],[126.5642,7.4004],[126.573,7.4017],[126.5753,7.4011],[126.5786,7.3949],[126.5776,7.3922],[126.5747,7.3907],[126.5649,7.388],[126.5598,7.3763],[126.5564,7.3738],[126.5577,7.358],[126.5542,7.3505],[126.5557,7.348],[126.5627,7.3458],[126.5675,7.3417],[126.5704,7.3341],[126.5701,7.3265],[126.5629,7.3279],[126.5615,7.3247],[126.5556,7.3241],[126.5578,7.3219],[126.554,7.3201],[126.551,7.3134]]]]},"properties":{"ADM3_EN":"Caraga","name":"Caraga","ADM3_PCODE":"PH112504000","psgc_code":"112504000","ADM2_EN":"Davao Oriental","ADM2_PCODE":"PH1125","ADM1_EN":"Regions XI & XII (Davao & SOCCSKSARGEN)","ADM1_PCODE":"PH11","ADM0_EN":"Philippines (the)","ADM0_PCODE":"PH","region_key":"mindanao_south","province_key":"davao_oriental","type":"Municipality"}},{"type":"Feature","geometry":{"type":"MultiPolygon","coordinates":[[[[126.521,7.7297],[126.3203,7.7502],[126.2628,7.7603],[126.2143,7.7606],[126.1904,7.8475],[126.3307,7.8281],[126.4227,7.8226],[126.4196,7.8192],[126.4194,7.8159],[126.424,7.8108],[126.4347,7.8103],[126.4381,7.8125],[126.4475,7.8119],[126.4519,7.8053],[126.4497,7.8025],[126.4561,7.7919],[126.4511,7.7867],[126.4517,7.7839],[126.4531,7.7825],[126.4544,7.7853],[126.4564,7.7847],[126.4606,7.7783],[126.46,7.7717],[126.4567,7.7658],[126.4575,7.7639],[126.4631,7.7781],[126.4608,7.7831],[126.4565,7.7872],[126.4583,7.7886],[126.4833,7.7542],[126.5011,7.7378],[126.5061,7.7361],[126.5181,7.7397],[126.5194,7.7381],[126.519,7.7325],[126.5331,7.7411],[126.5342,7.7388],[126.5454,7.7338],[126.5488,7.7307],[126.5569,7.7302],[126.5572,7.7333],[126.5614,7.7292],[126.5585,7.7253],[126.5551,7.7274],[126.521,7.7297]]]]},"properties":{"ADM3_EN":"Cateel","name":"Cateel","ADM3_PCODE":"PH112505000","psgc_code":"112505000","ADM2_EN":"Davao Oriental","ADM2_PCODE":"PH1125","ADM1_EN":"Regions XI & XII (Davao & SOCCSKSARGEN)","ADM1_PCODE":"PH11","ADM0_EN":"Philippines (the)","ADM0_PCODE":"PH","region_key":"mindanao_south","province_key":"davao_oriental","type":"Municipality"}},{"type":"Feature","geometry":{"type":"MultiPolygon","coordinates":[[[[126.1922,6.2695],[126.1865,6.2855],[126.188,6.2892],[126.1871,6.2942],[126.1833,6.2997],[126.1844,6.3011],[126.1861,6.2997],[126.1886,6.3014],[126.1913,6.301],[126.19,6.3074],[126.1908,6.3119],[126.1892,6.3145],[126.1903,6.3211],[126.1919,6.3225],[126.1872,6.325],[126.1886,6.3316],[126.1869,6.3364],[126.1794,6.3478],[126.1725,6.3511],[126.1732,6.3561],[126.1689,6.3591],[126.1662,6.3661],[126.1666,6.3704],[126.1635,6.3722],[126.1597,6.37],[126.1531,6.3731],[126.1433,6.3744],[126.1425,6.3791],[126.1359,6.387],[126.1358,6.3891],[126.1421,6.3901],[126.1452,6.3941],[126.1456,6.4045],[126.1502,6.4187],[126.1472,6.4263],[126.1415,6.4292],[126.1403,6.4342],[126.1373,6.4373],[126.1344,6.437],[126.1272,6.44],[126.1278,6.4422],[126.1173,6.4554],[126.1194,6.4624],[126.1186,6.4651],[126.1162,6.4664],[126.1108,6.4653],[126.1122,6.4674],[126.1117,6.4713],[126.1028,6.4804],[126.1003,6.4846],[126.0997,6.4927],[126.0938,6.4975],[126.0951,6.501],[126.0935,6.5064],[126.0893,6.5136],[126.0836,6.5311],[126.0842,6.5404],[126.0897,6.5537],[126.0869,6.5597],[126.0894,6.5661],[126.0861,6.5724],[126.0913,6.5842],[126.0874,6.5915],[126.0927,6.5982],[126.0911,6.5994],[126.0861,6.5981],[126.0836,6.6009],[126.0827,6.6091],[126.0784,6.6194],[126.0771,6.628],[126.072,6.6353],[126.0689,6.6492],[126.0703,6.6539],[126.0686,6.656],[126.0702,6.6573],[126.0697,6.6617],[126.0753,6.6714],[126.0786,6.6744],[126.0862,6.6756],[126.0899,6.6778],[126.0927,6.6836],[126.092,6.687],[126.166,6.6864],[126.1587,6.6782],[126.1559,6.6699],[126.1551,6.66],[126.1573,6.645],[126.155,6.6343],[126.1676,6.615],[126.171,6.6031],[126.1687,6.5689],[126.1778,6.5354],[126.1728,6.4957],[126.1785,6.4682],[126.1801,6.3986],[126.1894,6.3674],[126.1899,6.3576],[126.1986,6.3219],[126.1922,6.2695]]],[[[126.068,6.6273],[126.0655,6.6276],[126.0653,6.6282],[126.0683,6.6284],[126.068,6.6273]]]]},"properties":{"ADM3_EN":"Governor Generoso","name":"Governor Generoso","ADM3_PCODE":"PH112506000","psgc_code":"112506000","ADM2_EN":"Davao Oriental","ADM2_PCODE":"PH1125","ADM1_EN":"Regions XI & XII (Davao & SOCCSKSARGEN)","ADM1_PCODE":"PH11","ADM0_EN":"Philippines (the)","ADM0_PCODE":"PH","region_key":"mindanao_south","province_key":"davao_oriental","type":"Municipality"}},{"type":"Feature","geometry":{"type":"MultiPolygon","coordinates":[[[[126.0325,6.8708],[126.0231,6.875],[126.0172,6.8833],[125.9989,6.896],[125.9853,6.9156],[125.9842,6.9208],[126.0337,6.9669],[126.0446,7.0159],[126.062,7.0657],[126.0715,7.0877],[126.2149,7.1517],[126.296,7.1899],[126.2958,7.0839],[126.258,7.0816],[126.2551,7.0799],[126.1833,7.0693],[126.1599,7.064],[126.1158,7.0484],[126.0907,6.9955],[126.095,6.9718],[126.0959,6.9529],[126.1066,6.9337],[126.1038,6.927],[126.1021,6.9268],[126.0984,6.9191],[126.0959,6.9184],[126.0948,6.9127],[126.0912,6.9115],[126.0878,6.9078],[126.0874,6.9038],[126.0845,6.8997],[126.0796,6.8991],[126.0781,6.8929],[126.0755,6.8916],[126.0739,6.8877],[126.0621,6.882],[126.0581,6.8774],[126.0543,6.876],[126.0583,6.8729],[126.0581,6.8706],[126.0623,6.866],[126.0599,6.8649],[126.0492,6.8675],[126.0383,6.8658],[126.0325,6.8708]]]]},"properties":{"ADM3_EN":"Lupon","name":"Lupon","ADM3_PCODE":"PH112507000","psgc_code":"112507000","ADM2_EN":"Davao Oriental","ADM2_PCODE":"PH1125","ADM1_EN":"Regions XI & XII (Davao & SOCCSKSARGEN)","ADM1_PCODE":"PH11","ADM0_EN":"Philippines (the)","ADM0_PCODE":"PH","region_key":"mindanao_south","province_key":"davao_oriental","type":"Municipality"}},{"type":"Feature","geometry":{"type":"MultiPolygon","coordinates":[[[[126.5171,7.1262],[126.5152,7.1234],[126.5058,7.1239],[126.5008,7.1178],[126.5011,7.1128],[126.4923,7.1185],[126.4885,7.1175],[126.4836,7.1133],[126.4778,7.1035],[126.4797,7.099],[126.4782,7.0922],[126.4719,7.0917],[126.4678,7.088],[126.46,7.0956],[126.4518,7.1068],[126.4538,7.1329],[126.3956,7.1539],[126.3902,7.1553],[126.3856,7.1524],[126.3845,7.1557],[126.3828,7.1557],[126.3838,7.1582],[126.3767,7.1592],[126.3497,7.1459],[126.3461,7.1495],[126.344,7.1489],[126.3397,7.1537],[126.3341,7.1538],[126.3273,7.1568],[126.3161,7.1585],[126.3112,7.1569],[126.3055,7.1512],[126.2966,7.1459],[126.2957,7.2707],[126.4222,7.2739],[126.4498,7.2894],[126.4535,7.2819],[126.4603,7.2748],[126.5221,7.2733],[126.558,7.2765],[126.6014,7.2759],[126.5986,7.2703],[126.5947,7.2686],[126.5908,7.2588],[126.5818,7.246],[126.5758,7.2437],[126.5741,7.2394],[126.5655,7.2337],[126.5657,7.2314],[126.57,7.2288],[126.572,7.2228],[126.5641,7.2123],[126.5617,7.2028],[126.5483,7.2107],[126.5364,7.2088],[126.5341,7.207],[126.5347,7.2013],[126.533,7.197],[126.5378,7.1852],[126.535,7.1837],[126.5299,7.1846],[126.5285,7.1835],[126.5238,7.1695],[126.5253,7.1593],[126.532,7.1471],[126.5308,7.1448],[126.5285,7.1444],[126.5196,7.1463],[126.5162,7.1431],[126.5156,7.1328],[126.5171,7.1262]]]]},"properties":{"ADM3_EN":"Manay","name":"Manay","ADM3_PCODE":"PH112508000","psgc_code":"112508000","ADM2_EN":"Davao Oriental","ADM2_PCODE":"PH1125","ADM1_EN":"Regions XI & XII (Davao & SOCCSKSARGEN)","ADM1_PCODE":"PH11","ADM0_EN":"Philippines (the)","ADM0_PCODE":"PH","region_key":"mindanao_south","province_key":"davao_oriental","type":"Municipality"}},{"type":"Feature","geometry":{"type":"MultiPolygon","coordinates":[[[[126.1963,6.2986],[126.1986,6.3219],[126.1899,6.3576],[126.1894,6.3674],[126.1801,6.3986],[126.1785,6.4682],[126.1728,6.4957],[126.1778,6.5354],[126.1687,6.5689],[126.171,6.6031],[126.1676,6.615],[126.155,6.6343],[126.1573,6.645],[126.155,6.6643],[126.1574,6.6753],[126.1833,6.7094],[126.1832,6.7135],[126.1877,6.7151],[126.1899,6.7182],[126.19,6.7229],[126.189,6.7282],[126.1833,6.7373],[126.1805,6.7483],[126.1797,6.7838],[126.1494,6.8487],[126.1476,6.8507],[126.1344,6.8553],[126.1304,6.8597],[126.1144,6.9132],[126.1066,6.9337],[126.0959,6.9529],[126.095,6.9718],[126.0907,6.9955],[126.1158,7.0484],[126.1599,7.064],[126.1833,7.0693],[126.2551,7.0799],[126.258,7.0816],[126.2958,7.0839],[126.2979,7.0787],[126.2984,7.0651],[126.2971,7.0585],[126.288,7.0495],[126.2869,7.0451],[126.2924,7.0312],[126.3503,7.0307],[126.3499,7.0036],[126.3408,7.0064],[126.3358,7.0042],[126.3192,6.9827],[126.3134,6.9707],[126.3092,6.9572],[126.308,6.9482],[126.3097,6.9389],[126.303,6.9342],[126.296,6.9317],[126.2835,6.9299],[126.281,6.9246],[126.2836,6.9192],[126.2894,6.9144],[126.2928,6.9089],[126.2906,6.9044],[126.3068,6.8893],[126.323,6.8811],[126.3334,6.8678],[126.3454,6.8578],[126.3475,6.8519],[126.3475,6.8333],[126.3459,6.8224],[126.3503,6.8167],[126.3488,6.8133],[126.3531,6.8075],[126.3503,6.8024],[126.3394,6.7979],[126.3333,6.7975],[126.3311,6.7997],[126.3271,6.7989],[126.3224,6.8014],[126.3124,6.8028],[126.3006,6.8078],[126.2979,6.8109],[126.2963,6.8172],[126.288,6.822],[126.2867,6.8278],[126.29,6.8311],[126.2904,6.8337],[126.2853,6.8405],[126.2852,6.8452],[126.2944,6.8463],[126.2999,6.8543],[126.3005,6.8627],[126.2771,6.8841],[126.2749,6.8918],[126.269,6.9025],[126.2694,6.9122],[126.2677,6.9174],[126.2627,6.9201],[126.26,6.9272],[126.2642,6.9228],[126.2647,6.9247],[126.2603,6.93],[126.257,6.9268],[126.257,6.9244],[126.2581,6.9215],[126.2655,6.9156],[126.2636,6.9116],[126.2586,6.9139],[126.2524,6.9255],[126.2424,6.9355],[126.2392,6.9361],[126.2408,6.9317],[126.2372,6.9364],[126.2315,6.9377],[126.2255,6.9414],[126.2225,6.9472],[126.2102,6.9533],[126.2042,6.953],[126.2007,6.9506],[126.1971,6.9513],[126.1919,6.9461],[126.1896,6.9387],[126.1857,6.9375],[126.1853,6.9333],[126.1885,6.9299],[126.1892,6.9244],[126.1869,6.9219],[126.186,6.913],[126.1804,6.9077],[126.1786,6.9047],[126.1797,6.9022],[126.1775,6.8998],[126.1801,6.8932],[126.1822,6.8953],[126.1852,6.8912],[126.1875,6.8953],[126.1902,6.8942],[126.1904,6.89],[126.195,6.8844],[126.1897,6.8864],[126.1881,6.8833],[126.19,6.8792],[126.1859,6.88],[126.1821,6.876],[126.1764,6.8814],[126.1784,6.8849],[126.1756,6.8872],[126.1769,6.8892],[126.1714,6.8933],[126.1721,6.896],[126.1656,6.9021],[126.1641,6.906],[126.16,6.9086],[126.1553,6.9056],[126.1596,6.8976],[126.159,6.8918],[126.1639,6.8869],[126.1653,6.8878],[126.1653,6.8906],[126.1683,6.8869],[126.1732,6.8733],[126.1808,6.8613],[126.1831,6.854],[126.1934,6.8382],[126.2008,6.8319],[126.2019,6.8336],[126.2044,6.8314],[126.2069,6.8258],[126.2066,6.8196],[126.2127,6.8132],[126.2186,6.8097],[126.2225,6.8028],[126.2299,6.7977],[126.2322,6.7908],[126.2372,6.7861],[126.249,6.7688],[126.2526,6.7674],[126.2611,6.754],[126.2601,6.748],[126.2536,6.7392],[126.2523,6.7302],[126.2459,6.7245],[126.2454,6.7187],[126.248,6.7149],[126.2474,6.71],[126.2506,6.7031],[126.2481,6.7008],[126.2429,6.6996],[126.2414,6.6949],[126.2444,6.6897],[126.242,6.6865],[126.2375,6.6849],[126.2368,6.676],[126.2303,6.6706],[126.2322,6.6603],[126.2306,6.6592],[126.2286,6.6512],[126.2227,6.6479],[126.2227,6.641],[126.2198,6.6347],[126.2275,6.6169],[126.2244,6.6107],[126.2242,6.5932],[126.2278,6.5804],[126.2295,6.5792],[126.2283,6.5764],[126.2297,6.5736],[126.2269,6.5698],[126.2263,6.5597],[126.2272,6.5554],[126.2322,6.5511],[126.2299,6.5497],[126.2286,6.5461],[126.2278,6.5377],[126.2293,6.5299],[126.2261,6.5224],[126.221,6.5184],[126.2151,6.5172],[126.2129,6.5136],[126.2126,6.5086],[126.2148,6.5004],[126.2136,6.4885],[126.215,6.4825],[126.2136,6.4777],[126.2214,6.4492],[126.225,6.4444],[126.2281,6.4356],[126.2258,6.4328],[126.2278,6.4292],[126.225,6.4258],[126.2131,6.4245],[126.2049,6.4009],[126.2009,6.3963],[126.1981,6.3894],[126.2005,6.3833],[126.1977,6.3758],[126.1981,6.3681],[126.2003,6.3628],[126.1997,6.355],[126.1981,6.3525],[126.1992,6.3461],[126.1981,6.3436],[126.1994,6.3381],[126.2047,6.3342],[126.2033,6.3322],[126.2081,6.3211],[126.2051,6.3178],[126.2061,6.3122],[126.2039,6.3089],[126.2061,6.3061],[126.2036,6.2925],[126.205,6.2894],[126.2031,6.2864],[126.197,6.2828],[126.1927,6.2692],[126.1963,6.2986]]],[[[126.265,6.7953],[126.2711,6.7914],[126.2709,6.7884],[126.276,6.7837],[126.2758,6.7806],[126.2781,6.7797],[126.2767,6.7778],[126.2677,6.7821],[126.2622,6.7869],[126.2571,6.7947],[126.2614,6.7963],[126.265,6.7953]]],[[[126.2728,6.8314],[126.2731,6.8331],[126.2742,6.8339],[126.2753,6.8319],[126.2739,6.8303],[126.2728,6.8314]]]]},"properties":{"ADM3_EN":"Mati City","name":"Mati City","ADM3_PCODE":"PH112509000","psgc_code":"112509000","ADM2_EN":"Davao Oriental","ADM2_PCODE":"PH1125","ADM1_EN":"Regions XI & XII (Davao & SOCCSKSARGEN)","ADM1_PCODE":"PH11","ADM0_EN":"Philippines (the)","ADM0_PCODE":"PH","region_key":"mindanao_south","province_key":"davao_oriental","type":"City"}},{"type":"Feature","geometry":{"type":"MultiPolygon","coordinates":[[[[126.0919,6.6881],[126.0904,6.6918],[126.0865,6.6934],[126.0831,6.6986],[126.0858,6.7019],[126.0895,6.7205],[126.0921,6.7255],[126.0895,6.7305],[126.0956,6.7314],[126.0969,6.7375],[126.0899,6.7483],[126.083,6.7487],[126.0792,6.7513],[126.0785,6.7572],[126.0751,6.7619],[126.0763,6.7701],[126.0754,6.7735],[126.0814,6.7799],[126.0858,6.8047],[126.0833,6.8206],[126.0779,6.8246],[126.0742,6.8226],[126.0733,6.8236],[126.0771,6.8312],[126.0799,6.844],[126.0772,6.8475],[126.0775,6.8508],[126.0738,6.8527],[126.0746,6.855],[126.0599,6.8649],[126.0623,6.866],[126.0581,6.8706],[126.0583,6.8729],[126.0543,6.876],[126.0581,6.8774],[126.0621,6.882],[126.0739,6.8877],[126.0755,6.8916],[126.0781,6.8929],[126.0796,6.8991],[126.0845,6.8997],[126.0874,6.9038],[126.0878,6.9078],[126.0912,6.9115],[126.0948,6.9127],[126.0959,6.9184],[126.0984,6.9191],[126.1066,6.9337],[126.1229,6.888],[126.1304,6.8597],[126.1344,6.8553],[126.1476,6.8507],[126.1494,6.8487],[126.1755,6.7949],[126.1805,6.7794],[126.1805,6.7483],[126.1833,6.7373],[126.189,6.7282],[126.1899,6.7182],[126.1877,6.7151],[126.1832,6.7135],[126.1833,6.7094],[126.166,6.6864],[126.092,6.687],[126.0919,6.6881]]]]},"properties":{"ADM3_EN":"San Isidro","name":"San Isidro","ADM3_PCODE":"PH112510000","psgc_code":"112510000","ADM2_EN":"Davao Oriental","ADM2_PCODE":"PH1125","ADM1_EN":"Regions XI & XII (Davao & SOCCSKSARGEN)","ADM1_PCODE":"PH11","ADM0_EN":"Philippines (the)","ADM0_PCODE":"PH","region_key":"mindanao_south","province_key":"davao_oriental","type":"Municipality"}},{"type":"Feature","geometry":{"type":"MultiPolygon","coordinates":[[[[126.3281,7.031],[126.2924,7.0312],[126.2869,7.0451],[126.288,7.0495],[126.2971,7.0585],[126.2984,7.0651],[126.2979,7.0787],[126.2958,7.0839],[126.2966,7.1459],[126.3055,7.1512],[126.3112,7.1569],[126.3161,7.1585],[126.3273,7.1568],[126.3341,7.1538],[126.3397,7.1537],[126.344,7.1489],[126.3461,7.1495],[126.3497,7.1459],[126.3767,7.1592],[126.3838,7.1582],[126.3828,7.1557],[126.3845,7.1557],[126.3856,7.1524],[126.3902,7.1553],[126.3956,7.1539],[126.4538,7.1329],[126.4518,7.1068],[126.46,7.0956],[126.4685,7.0883],[126.4664,7.0843],[126.4676,7.0764],[126.4691,7.0699],[126.4718,7.0686],[126.474,7.0648],[126.4683,7.0603],[126.4592,7.0612],[126.4557,7.0578],[126.4529,7.0579],[126.4515,7.0552],[126.4509,7.049],[126.4535,7.0453],[126.4511,7.044],[126.4535,7.0427],[126.4541,7.0399],[126.4504,7.0311],[126.4482,7.0299],[126.4482,7.0217],[126.4457,7.0189],[126.4487,7.0093],[126.4551,7.0071],[126.4583,7.0033],[126.4596,6.9962],[126.4582,6.9941],[126.4569,6.9936],[126.4546,6.9958],[126.4482,6.9958],[126.4419,7.0007],[126.4353,6.9981],[126.4258,7.0033],[126.4142,7.0039],[126.4058,6.9968],[126.4036,6.9921],[126.4004,6.9922],[126.3986,6.9905],[126.3844,6.9944],[126.366,6.9923],[126.3553,7.0031],[126.3499,7.0036],[126.3503,7.0307],[126.3281,7.031]]]]},"properties":{"ADM3_EN":"Tarragona","name":"Tarragona","ADM3_PCODE":"PH112511000","psgc_code":"112511000","ADM2_EN":"Davao Oriental","ADM2_PCODE":"PH1125","ADM1_EN":"Regions XI & XII (Davao & SOCCSKSARGEN)","ADM1_PCODE":"PH11","ADM0_EN":"Philippines (the)","ADM0_PCODE":"PH","region_key":"mindanao_south","province_key":"davao_oriental","type":"Municipality"}},{"type":"Feature","geometry":{"type":"MultiPolygon","coordinates":[[[[124.5513,7.3369],[124.548,7.3456],[124.5516,7.3546],[124.5503,7.3631],[124.5554,7.3617],[124.5552,7.368],[124.5415,7.3769],[124.5398,7.391],[124.5417,7.3955],[124.5402,7.3984],[124.5261,7.4029],[124.5196,7.4174],[124.5041,7.4165],[124.4807,7.452],[124.4606,7.4746],[124.4512,7.5009],[124.4337,7.5202],[124.4389,7.5501],[124.4366,7.6069],[124.4406,7.652],[124.464,7.6572],[124.4961,7.6786],[124.5108,7.681],[124.538,7.6819],[124.5586,7.6781],[124.5684,7.6731],[124.5888,7.6505],[124.6038,7.6381],[124.6036,7.6247],[124.6081,7.6224],[124.618,7.621],[124.6266,7.6225],[124.6294,7.6196],[124.6329,7.6213],[124.637,7.6209],[124.6397,7.6166],[124.6428,7.6158],[124.6441,7.6128],[124.6436,7.6013],[124.6537,7.5882],[124.6565,7.5796],[124.6528,7.5659],[124.6529,7.5602],[124.6566,7.5577],[124.658,7.5543],[124.6591,7.5396],[124.6623,7.5248],[124.673,7.5038],[124.6745,7.4865],[124.6795,7.47],[124.6805,7.4589],[124.6863,7.4491],[124.6843,7.4413],[124.6842,7.433],[124.6764,7.4275],[124.6682,7.4123],[124.6628,7.4086],[124.6579,7.4014],[124.6561,7.394],[124.6485,7.3974],[124.6479,7.3964],[124.6483,7.3808],[124.6458,7.3727],[124.6494,7.3678],[124.6486,7.3622],[124.6423,7.362],[124.6383,7.3569],[124.6377,7.3535],[124.6441,7.3386],[124.6406,7.3348],[124.6418,7.3291],[124.6369,7.326],[124.5586,7.3252],[124.5513,7.3369]]]]},"properties":{"ADM3_EN":"Alamada","name":"Alamada","ADM3_PCODE":"PH124701000","psgc_code":"124701000","ADM2_EN":"Cotabato","ADM2_PCODE":"PH1247","ADM1_EN":"Regions XI & XII (Davao & SOCCSKSARGEN)","ADM1_PCODE":"PH11","ADM0_EN":"Philippines (the)","ADM0_PCODE":"PH","region_key":"mindanao_south","province_key":"cotabato","type":"Municipality"}},{"type":"Feature","geometry":{"type":"MultiPolygon","coordinates":[[[[124.5593,7.1073],[124.5524,7.1068],[124.5517,7.1429],[124.5547,7.1961],[124.6028,7.1943],[124.5996,7.247],[124.641,7.2505],[124.6468,7.2399],[124.6522,7.2384],[124.6562,7.2409],[124.6606,7.2355],[124.6595,7.2339],[124.6612,7.2324],[124.6637,7.2327],[124.6729,7.2247],[124.6758,7.2244],[124.6783,7.2179],[124.6873,7.2177],[124.6898,7.2156],[124.6928,7.2164],[124.6917,7.214],[124.6942,7.2139],[124.6933,7.2102],[124.6987,7.2076],[124.7046,7.198],[124.7027,7.1967],[124.7045,7.1948],[124.7035,7.1929],[124.6967,7.1899],[124.6855,7.1864],[124.6558,7.1435],[124.6475,7.1465],[124.6406,7.1407],[124.6264,7.1436],[124.6107,7.116],[124.5829,7.1068],[124.5593,7.1073]]]]},"properties":{"ADM3_EN":"Aleosan","name":"Aleosan","ADM3_PCODE":"PH124717000","psgc_code":"124717000","ADM2_EN":"Cotabato","ADM2_PCODE":"PH1247","ADM1_EN":"Regions XI & XII (Davao & SOCCSKSARGEN)","ADM1_PCODE":"PH11","ADM0_EN":"Philippines (the)","ADM0_PCODE":"PH","region_key":"mindanao_south","province_key":"cotabato","type":"Municipality"}},{"type":"Feature","geometry":{"type":"MultiPolygon","coordinates":[[[[124.9291,7.2393],[124.9318,7.2488],[124.9294,7.2781],[124.9288,7.3258],[124.9265,7.3335],[124.9317,7.3383],[124.9312,7.3502],[124.9329,7.3593],[124.9396,7.3601],[124.9411,7.3625],[124.9401,7.3668],[124.9473,7.3695],[124.9468,7.3766],[124.9505,7.382],[124.9588,7.3855],[124.9588,7.3798],[124.9619,7.3762],[124.9651,7.3804],[124.9686,7.3762],[124.9767,7.3867],[124.979,7.3869],[124.9823,7.3799],[124.9884,7.3759],[124.9954,7.3739],[124.9986,7.3303],[125.0022,7.3278],[125.0056,7.3288],[125.0082,7.3247],[125.0124,7.3252],[125.0163,7.3294],[125.0225,7.3236],[125.0266,7.327],[125.0295,7.3246],[125.0335,7.3259],[125.0335,7.3205],[125.0378,7.3213],[125.042,7.318],[125.045,7.3183],[125.0465,7.3208],[125.0488,7.3184],[125.0512,7.3214],[125.0589,7.3211],[125.0643,7.324],[125.0662,7.3228],[125.071,7.3233],[125.0728,7.3254],[125.0761,7.324],[125.0774,7.3185],[125.0843,7.3208],[125.0845,7.3152],[125.0879,7.3107],[125.0931,7.3377],[125.0907,7.3446],[125.093,7.3465],[125.0968,7.3468],[125.1016,7.3427],[125.1057,7.3416],[125.1052,7.3376],[125.1115,7.3366],[125.1141,7.3315],[125.116,7.3325],[125.1137,7.251],[125.0754,7.249],[125.0463,7.2502],[125.0412,7.2412],[125.0309,7.2334],[125.0205,7.2153],[124.9806,7.216],[124.9325,7.2142],[124.9291,7.2393]]]]},"properties":{"ADM3_EN":"Antipas","name":"Antipas","ADM3_PCODE":"PH124715000","psgc_code":"124715000","ADM2_EN":"Cotabato","ADM2_PCODE":"PH1247","ADM1_EN":"Regions XI & XII (Davao & SOCCSKSARGEN)","ADM1_PCODE":"PH11","ADM0_EN":"Philippines (the)","ADM0_PCODE":"PH","region_key":"mindanao_south","province_key":"cotabato","type":"Municipality"}},{"type":"Feature","geometry":{"type":"MultiPolygon","coordinates":[[[[125.2047,7.1747],[125.1679,7.1757],[125.169,7.1932],[125.1685,7.2629],[125.1646,7.2652],[125.162,7.2748],[125.1581,7.2762],[125.148,7.239],[125.1322,7.2385],[125.1306,7.246],[125.1318,7.2504],[125.1137,7.251],[125.1162,7.369],[125.1205,7.4357],[125.1197,7.4531],[125.1255,7.4541],[125.1326,7.4641],[125.1553,7.4654],[125.1568,7.4851],[125.1663,7.5241],[125.1744,7.5321],[125.1777,7.5429],[125.1884,7.5603],[125.1895,7.5666],[125.1933,7.5721],[125.2026,7.5732],[125.2097,7.569],[125.2166,7.5705],[125.2167,7.5852],[125.2189,7.592],[125.2269,7.5886],[125.2395,7.5872],[125.2504,7.5794],[125.2536,7.5648],[125.2524,7.5581],[125.2606,7.546],[125.2627,7.513],[125.2647,7.5037],[125.2622,7.4985],[125.256,7.4925],[125.2505,7.4729],[125.2429,7.4683],[125.2419,7.4635],[125.2445,7.4464],[125.2425,7.424],[125.2459,7.4036],[125.2472,7.3782],[125.2268,7.3523],[125.2257,7.3444],[125.234,7.3265],[125.2368,7.3141],[125.2385,7.2935],[125.2452,7.252],[125.2414,7.2373],[125.2268,7.2042],[125.2262,7.1919],[125.2312,7.1749],[125.2047,7.1747]]]]},"properties":{"ADM3_EN":"Arakan","name":"Arakan","ADM3_PCODE":"PH124718000","psgc_code":"124718000","ADM2_EN":"Cotabato","ADM2_PCODE":"PH1247","ADM1_EN":"Regions XI & XII (Davao & SOCCSKSARGEN)","ADM1_PCODE":"PH11","ADM0_EN":"Philippines (the)","ADM0_PCODE":"PH","region_key":"mindanao_south","province_key":"cotabato","type":"Municipality"}},{"type":"Feature","geometry":{"type":"MultiPolygon","coordinates":[[[[124.6472,7.3702],[124.6458,7.3727],[124.6483,7.3808],[124.6479,7.3964],[124.6485,7.3974],[124.6561,7.394],[124.6579,7.4014],[124.6628,7.4086],[124.6682,7.4123],[124.6764,7.4275],[124.6842,7.433],[124.6843,7.4413],[124.6863,7.4491],[124.6805,7.4589],[124.6795,7.47],[124.6745,7.4865],[124.673,7.5038],[124.6623,7.5248],[124.6591,7.5396],[124.658,7.5543],[124.6566,7.5577],[124.6529,7.5602],[124.6528,7.5659],[124.6565,7.5796],[124.6537,7.5882],[124.6436,7.6013],[124.6441,7.6128],[124.6486,7.6131],[124.6716,7.624],[124.6752,7.6272],[124.676,7.6261],[124.676,7.6284],[124.6801,7.6331],[124.6921,7.6338],[124.7003,7.6398],[124.7066,7.6361],[124.7098,7.6365],[124.7184,7.6336],[124.7254,7.6292],[124.7348,7.6275],[124.7448,7.6204],[124.7493,7.6205],[124.7586,7.6171],[124.7671,7.6203],[124.7751,7.6197],[124.7815,7.6117],[124.7861,7.6085],[124.7991,7.6055],[124.8025,7.6074],[124.8067,7.6036],[124.8044,7.5993],[124.807,7.5954],[124.812,7.5987],[124.815,7.5958],[124.8131,7.592],[124.8179,7.5923],[124.8117,7.5847],[124.816,7.5782],[124.8123,7.5775],[124.8117,7.5757],[124.8143,7.5723],[124.8205,7.573],[124.8198,7.5709],[124.8153,7.5705],[124.8143,7.5681],[124.825,7.5583],[124.8226,7.5498],[124.8251,7.5415],[124.817,7.5326],[124.8107,7.5306],[124.8045,7.5187],[124.7998,7.5173],[124.7988,7.5126],[124.8016,7.5071],[124.7949,7.5026],[124.7964,7.4947],[124.791,7.4936],[124.7913,7.4885],[124.7892,7.4867],[124.7882,7.4802],[124.7709,7.4679],[124.7689,7.465],[124.7679,7.4582],[124.7632,7.4488],[124.7649,7.4265],[124.7608,7.4214],[124.7593,7.4101],[124.7545,7.4021],[124.7511,7.3903],[124.7482,7.3875],[124.7334,7.3824],[124.7273,7.3786],[124.7244,7.3735],[124.6306,7.3119],[124.6345,7.3162],[124.6314,7.3187],[124.6369,7.326],[124.6418,7.3291],[124.6406,7.3348],[124.6441,7.3386],[124.6377,7.3535],[124.6383,7.3569],[124.6423,7.362],[124.6486,7.3622],[124.6494,7.3678],[124.6472,7.3702]]]]},"properties":{"ADM3_EN":"Banisilan","name":"Banisilan","ADM3_PCODE":"PH124716000","psgc_code":"124716000","ADM2_EN":"Cotabato","ADM2_PCODE":"PH1247","ADM1_EN":"Regions XI & XII (Davao & SOCCSKSARGEN)","ADM1_PCODE":"PH11","ADM0_EN":"Philippines (the)","ADM0_PCODE":"PH","region_key":"mindanao_south","province_key":"cotabato","type":"Municipality"}},{"type":"Feature","geometry":{"type":"MultiPolygon","coordinates":[[[[124.7662,7.1626],[124.709,7.1905],[124.7049,7.1881],[124.7035,7.1929],[124.7045,7.1948],[124.7027,7.1967],[124.7046,7.198],[124.6987,7.2076],[124.6933,7.2102],[124.6942,7.2139],[124.6917,7.214],[124.6928,7.2164],[124.6898,7.2156],[124.6873,7.2177],[124.6783,7.2179],[124.6758,7.2244],[124.6729,7.2247],[124.6637,7.2327],[124.6612,7.2324],[124.6595,7.2339],[124.6606,7.2355],[124.6562,7.2409],[124.6522,7.2384],[124.6468,7.2399],[124.64,7.2519],[124.6351,7.2541],[124.6344,7.2646],[124.6294,7.2664],[124.6299,7.2733],[124.628,7.2778],[124.6299,7.2811],[124.6299,7.2859],[124.6323,7.2882],[124.6312,7.2949],[124.633,7.3022],[124.6306,7.3119],[124.7244,7.3735],[124.7273,7.3786],[124.7334,7.3824],[124.7482,7.3875],[124.7511,7.3903],[124.7545,7.4021],[124.7593,7.4101],[124.7608,7.4214],[124.7649,7.4265],[124.7632,7.4488],[124.7679,7.4582],[124.7689,7.465],[124.7709,7.4679],[124.7882,7.4802],[124.793,7.4797],[124.8013,7.4825],[124.8113,7.4945],[124.8173,7.4958],[124.8397,7.4795],[124.8416,7.4702],[124.8413,7.4624],[124.8387,7.4564],[124.8402,7.451],[124.8646,7.432],[124.8784,7.4326],[124.8805,7.4286],[124.8791,7.4191],[124.8802,7.4155],[124.8877,7.4172],[124.894,7.4145],[124.8983,7.4165],[124.8985,7.4138],[124.8997,7.4136],[124.904,7.4188],[124.9193,7.425],[124.9238,7.4318],[124.9256,7.4306],[124.9288,7.4321],[124.9292,7.4303],[124.9332,7.4313],[124.9337,7.4284],[124.9398,7.4226],[124.9439,7.4076],[124.9473,7.3695],[124.9401,7.3668],[124.9411,7.3625],[124.9396,7.3601],[124.9329,7.3593],[124.9312,7.3502],[124.9317,7.3383],[124.9265,7.3335],[124.9094,7.3378],[124.9057,7.332],[124.8932,7.3224],[124.8883,7.3166],[124.8917,7.3105],[124.8914,7.3077],[124.8876,7.3054],[124.8721,7.3073],[124.8677,7.2998],[124.8618,7.2985],[124.8638,7.2918],[124.8627,7.2885],[124.8573,7.289],[124.8562,7.2921],[124.8483,7.2944],[124.8462,7.2915],[124.8533,7.2891],[124.8538,7.2833],[124.8484,7.2798],[124.8351,7.279],[124.8361,7.272],[124.8399,7.2667],[124.8486,7.263],[124.848,7.2556],[124.8493,7.2528],[124.8451,7.249],[124.8389,7.2514],[124.835,7.2504],[124.8338,7.2443],[124.8282,7.2359],[124.8352,7.2285],[124.8252,7.223],[124.8188,7.2162],[124.8113,7.2023],[124.8046,7.1977],[124.805,7.1957],[124.8136,7.1939],[124.8186,7.1849],[124.8112,7.1636],[124.8022,7.1461],[124.7662,7.1626]]]]},"properties":{"ADM3_EN":"Carmen","name":"Carmen","ADM3_PCODE":"PH124702000","psgc_code":"124702000","ADM2_EN":"Cotabato","ADM2_PCODE":"PH1247","ADM1_EN":"Regions XI & XII (Davao & SOCCSKSARGEN)","ADM1_PCODE":"PH11","ADM0_EN":"Philippines (the)","ADM0_PCODE":"PH","region_key":"mindanao_south","province_key":"cotabato","type":"Municipality"}},{"type":"Feature","geometry":{"type":"MultiPolygon","coordinates":[[[[124.8202,7.0723],[124.8224,7.0837],[124.7937,7.0849],[124.7943,7.1095],[124.709,7.1905],[124.8022,7.1461],[124.8112,7.1636],[124.8186,7.1849],[124.8136,7.1939],[124.805,7.1957],[124.8046,7.1977],[124.8113,7.2023],[124.8188,7.2162],[124.8252,7.223],[124.8352,7.2285],[124.8282,7.2359],[124.8338,7.2443],[124.835,7.2504],[124.8389,7.2514],[124.8451,7.249],[124.8493,7.2528],[124.8634,7.2288],[124.8664,7.2156],[124.8924,7.1581],[124.8894,7.1404],[124.8758,7.0879],[124.8633,7.048],[124.8517,6.999],[124.7897,7.0003],[124.7935,7.0592],[124.8203,7.058],[124.8202,7.0723]]]]},"properties":{"ADM3_EN":"Kabacan","name":"Kabacan","ADM3_PCODE":"PH124703000","psgc_code":"124703000","ADM2_EN":"Cotabato","ADM2_PCODE":"PH1247","ADM1_EN":"Regions XI & XII (Davao & SOCCSKSARGEN)","ADM1_PCODE":"PH11","ADM0_EN":"Philippines (the)","ADM0_PCODE":"PH","region_key":"mindanao_south","province_key":"cotabato","type":"Municipality"}},{"type":"Feature","geometry":{"type":"MultiPolygon","coordinates":[[[[125.0217,6.9876],[125.015,6.9855],[125.0043,6.9776],[124.9958,6.9753],[124.9946,6.9866],[124.9751,7.0354],[124.9848,7.1109],[124.9988,7.1057],[125.0082,7.1055],[125.0313,7.0995],[125.0399,7.0958],[125.0405,7.0929],[125.0449,7.089],[125.0536,7.0858],[125.0615,7.0792],[125.0667,7.0788],[125.065,7.0893],[125.0706,7.0907],[125.0853,7.0861],[125.0953,7.0795],[125.0992,7.0799],[125.1051,7.0771],[125.1238,7.0744],[125.1273,7.0707],[125.1373,7.0667],[125.1409,7.0616],[125.1578,7.0554],[125.1672,7.0536],[125.1768,7.0497],[125.1938,7.0508],[125.1996,7.0488],[125.2137,7.0409],[125.2179,7.0362],[125.223,7.0253],[125.2307,7.0183],[125.2229,7.0058],[125.221,6.9991],[125.1742,7.0001],[125.1686,7.002],[125.1471,7.0008],[125.1361,7.0062],[125.1332,7.0028],[125.1223,6.9988],[125.1021,6.9994],[125.0765,6.9941],[125.0701,6.9943],[125.0541,6.9878],[125.0442,6.9893],[125.0248,6.9873],[125.0225,6.9889],[125.0217,6.9876]]]]},"properties":{"ADM3_EN":"Kidapawan City","name":"Kidapawan City","ADM3_PCODE":"PH124704000","psgc_code":"124704000","ADM2_EN":"Cotabato","ADM2_PCODE":"PH1247","ADM1_EN":"Regions XI & XII (Davao & SOCCSKSARGEN)","ADM1_PCODE":"PH11","ADM0_EN":"Philippines (the)","ADM0_PCODE":"PH","region_key":"mindanao_south","province_key":"cotabato","type":"City"}},{"type":"Feature","geometry":{"type":"MultiPolygon","coordinates":[[[[124.5551,7.2458],[124.5545,7.2481],[124.5498,7.2458],[124.5475,7.2475],[124.5454,7.247],[124.5445,7.2419],[124.539,7.2389],[124.5357,7.239],[124.5386,7.2406],[124.5367,7.2414],[124.5321,7.2409],[124.5282,7.2376],[124.5238,7.2372],[124.521,7.2331],[124.5188,7.2359],[124.5101,7.2306],[124.5087,7.2324],[124.503,7.2301],[124.4968,7.2316],[124.4917,7.2388],[124.4694,7.2427],[124.4799,7.3834],[124.4865,7.444],[124.5041,7.4165],[124.5196,7.4174],[124.5261,7.4029],[124.5402,7.3984],[124.5417,7.3955],[124.5398,7.391],[124.5415,7.3769],[124.5552,7.368],[124.5554,7.3617],[124.5503,7.3631],[124.5516,7.3546],[124.548,7.3456],[124.5502,7.3385],[124.5586,7.3252],[124.6369,7.326],[124.6314,7.3187],[124.6345,7.3162],[124.6306,7.3119],[124.633,7.3022],[124.6312,7.2949],[124.6323,7.2882],[124.6299,7.2859],[124.6299,7.2811],[124.628,7.2778],[124.6299,7.2733],[124.6294,7.2664],[124.6344,7.2646],[124.6351,7.2541],[124.641,7.2505],[124.5695,7.2451],[124.5551,7.2458]]]]},"properties":{"ADM3_EN":"Libungan","name":"Libungan","ADM3_PCODE":"PH124705000","psgc_code":"124705000","ADM2_EN":"Cotabato","ADM2_PCODE":"PH1247","ADM1_EN":"Regions XI & XII (Davao & SOCCSKSARGEN)","ADM1_PCODE":"PH11","ADM0_EN":"Philippines (the)","ADM0_PCODE":"PH","region_key":"mindanao_south","province_key":"cotabato","type":"Municipality"}},{"type":"Feature","geometry":{"type":"MultiPolygon","coordinates":[[[[124.8841,6.8667],[124.8677,6.8688],[124.8501,6.8851],[124.8116,6.912],[124.8078,6.9568],[124.8077,7.0004],[124.8517,6.999],[124.8614,7.0396],[124.9679,7.0368],[124.9751,7.0354],[124.9946,6.9866],[124.9958,6.9753],[125.0123,6.9228],[125.0185,6.9031],[125.0224,6.8982],[125.012,6.8906],[125.0025,6.8879],[124.9899,6.8797],[124.9593,6.868],[124.9508,6.8665],[124.8841,6.8667]]]]},"properties":{"ADM3_EN":"M'lang","name":"M'lang","ADM3_PCODE":"PH124710000","psgc_code":"124710000","ADM2_EN":"Cotabato","ADM2_PCODE":"PH1247","ADM1_EN":"Regions XI & XII (Davao & SOCCSKSARGEN)","ADM1_PCODE":"PH11","ADM0_EN":"Philippines (the)","ADM0_PCODE":"PH","region_key":"mindanao_south","province_key":"cotabato","type":"Municipality"}},{"type":"Feature","geometry":{"type":"MultiPolygon","coordinates":[[[[125.0829,7.0869],[125.0706,7.0907],[125.0622,7.0878],[125.0571,7.0934],[125.0571,7.1044],[125.0629,7.1477],[125.0716,7.1487],[125.0828,7.1388],[125.0884,7.1407],[125.0927,7.1469],[125.0964,7.1594],[125.0965,7.1673],[125.094,7.1764],[125.0882,7.184],[125.076,7.1934],[125.0688,7.2034],[125.0693,7.215],[125.076,7.2214],[125.092,7.2269],[125.1004,7.239],[125.1127,7.2462],[125.1137,7.251],[125.1318,7.2504],[125.1306,7.246],[125.1322,7.2385],[125.148,7.239],[125.1581,7.2762],[125.162,7.2748],[125.1646,7.2652],[125.1685,7.2629],[125.169,7.1932],[125.1679,7.1757],[125.1792,7.1744],[125.2312,7.1749],[125.2397,7.1645],[125.2412,7.1584],[125.2842,7.1229],[125.2928,7.1022],[125.2875,7.088],[125.2894,7.084],[125.2892,7.0603],[125.2986,7.052],[125.3003,7.0456],[125.3099,7.0376],[125.3125,7.0314],[125.3123,7.0203],[125.2785,7.0219],[125.2698,7.0095],[125.264,7.0052],[125.2657,7.0029],[125.2719,7.0003],[125.2667,6.9967],[125.221,6.9991],[125.2229,7.0058],[125.2307,7.0183],[125.223,7.0253],[125.2179,7.0362],[125.2137,7.0409],[125.1938,7.0508],[125.1768,7.0497],[125.1458,7.0593],[125.1409,7.0616],[125.1373,7.0667],[125.1273,7.0707],[125.1238,7.0744],[125.1051,7.0771],[125.0992,7.0799],[125.0953,7.0795],[125.0829,7.0869]]]]},"properties":{"ADM3_EN":"Magpet","name":"Magpet","ADM3_PCODE":"PH124706000","psgc_code":"124706000","ADM2_EN":"Cotabato","ADM2_PCODE":"PH1247","ADM1_EN":"Regions XI & XII (Davao & SOCCSKSARGEN)","ADM1_PCODE":"PH11","ADM0_EN":"Philippines (the)","ADM0_PCODE":"PH","region_key":"mindanao_south","province_key":"cotabato","type":"Municipality"}},{"type":"Feature","geometry":{"type":"MultiPolygon","coordinates":[[[[125.0545,6.8738],[125.0302,6.8913],[125.0185,6.9031],[124.9958,6.9753],[125.0043,6.9776],[125.0101,6.9826],[125.015,6.9855],[125.0204,6.9864],[125.0225,6.9889],[125.0248,6.9873],[125.0442,6.9893],[125.0541,6.9878],[125.0701,6.9943],[125.0765,6.9941],[125.1021,6.9994],[125.1223,6.9988],[125.1332,7.0028],[125.1361,7.0062],[125.1471,7.0008],[125.1686,7.002],[125.1742,7.0001],[125.2667,6.9967],[125.2643,6.9947],[125.2631,6.9852],[125.2592,6.9756],[125.2583,6.9622],[125.255,6.9567],[125.227,6.9295],[125.2228,6.9291],[125.2144,6.9232],[125.2103,6.9153],[125.1995,6.9102],[125.1985,6.9053],[125.1908,6.8991],[125.187,6.8913],[125.1649,6.8815],[125.1643,6.8758],[125.1586,6.8647],[125.1577,6.8586],[125.1606,6.8532],[125.1614,6.8454],[125.1601,6.8394],[125.144,6.8214],[125.1357,6.8233],[125.1292,6.8326],[125.1247,6.8335],[125.1203,6.8247],[125.0545,6.8738]]]]},"properties":{"ADM3_EN":"Makilala","name":"Makilala","ADM3_PCODE":"PH124707000","psgc_code":"124707000","ADM2_EN":"Cotabato","ADM2_PCODE":"PH1247","ADM1_EN":"Regions XI & XII (Davao & SOCCSKSARGEN)","ADM1_PCODE":"PH11","ADM0_EN":"Philippines (the)","ADM0_PCODE":"PH","region_key":"mindanao_south","province_key":"cotabato","type":"Municipality"}},{"type":"Feature","geometry":{"type":"MultiPolygon","coordinates":[[[[124.9016,7.0379],[124.8614,7.0396],[124.8758,7.0879],[124.8894,7.1404],[124.8924,7.1581],[124.8664,7.2156],[124.8634,7.2288],[124.848,7.2556],[124.8486,7.263],[124.8399,7.2667],[124.8361,7.272],[124.835,7.2772],[124.8351,7.279],[124.8484,7.2798],[124.8538,7.2833],[124.8533,7.2891],[124.8462,7.2915],[124.8483,7.2944],[124.8562,7.2921],[124.8573,7.289],[124.8627,7.2885],[124.8638,7.2918],[124.8618,7.2985],[124.8677,7.2998],[124.8721,7.3073],[124.8876,7.3054],[124.8914,7.3077],[124.8917,7.3105],[124.8883,7.3166],[124.8932,7.3224],[124.9057,7.332],[124.9094,7.3378],[124.9265,7.3335],[124.9288,7.3258],[124.9294,7.2781],[124.9318,7.2488],[124.9291,7.2393],[124.9325,7.2142],[124.9806,7.216],[125.0205,7.2153],[125.0027,7.1716],[124.9871,7.1431],[124.9848,7.1109],[124.9751,7.0354],[124.9679,7.0368],[124.9016,7.0379]]]]},"properties":{"ADM3_EN":"Matalam","name":"Matalam","ADM3_PCODE":"PH124708000","psgc_code":"124708000","ADM2_EN":"Cotabato","ADM2_PCODE":"PH1247","ADM1_EN":"Regions XI & XII (Davao & SOCCSKSARGEN)","ADM1_PCODE":"PH11","ADM0_EN":"Philippines (the)","ADM0_PCODE":"PH","region_key":"mindanao_south","province_key":"cotabato","type":"Municipality"}},{"type":"Feature","geometry":{"type":"MultiPolygon","coordinates":[[[[124.4653,7.0512],[124.4557,7.0567],[124.4532,7.0631],[124.4538,7.0743],[124.4473,7.0827],[124.4368,7.0894],[124.4347,7.0895],[124.4309,7.0864],[124.4284,7.0867],[124.4544,7.129],[124.4854,7.1907],[124.5087,7.2324],[124.5101,7.2306],[124.5188,7.2359],[124.521,7.2331],[124.5238,7.2372],[124.5282,7.2376],[124.5321,7.2409],[124.5367,7.2414],[124.5386,7.2406],[124.5357,7.239],[124.539,7.2389],[124.5439,7.241],[124.5454,7.247],[124.5475,7.2475],[124.5498,7.2458],[124.5545,7.2481],[124.5551,7.2458],[124.5586,7.2448],[124.5996,7.247],[124.6028,7.1943],[124.5547,7.1961],[124.5517,7.1429],[124.5518,7.0817],[124.549,7.021],[124.5406,7.0195],[124.5364,7.0252],[124.5289,7.0304],[124.5301,7.034],[124.5331,7.0367],[124.5311,7.0391],[124.5237,7.0352],[124.5193,7.0286],[124.5142,7.0295],[124.5044,7.0278],[124.498,7.0303],[124.4874,7.0389],[124.4686,7.0468],[124.4653,7.0512]]]]},"properties":{"ADM3_EN":"Midsayap","name":"Midsayap","ADM3_PCODE":"PH124709000","psgc_code":"124709000","ADM2_EN":"Cotabato","ADM2_PCODE":"PH1247","ADM1_EN":"Regions XI & XII (Davao & SOCCSKSARGEN)","ADM1_PCODE":"PH11","ADM0_EN":"Philippines (the)","ADM0_PCODE":"PH","region_key":"mindanao_south","province_key":"cotabato","type":"Municipality"}},{"type":"Feature","geometry":{"type":"MultiPolygon","coordinates":[[[[124.3616,7.1638],[124.3484,7.163],[124.3436,7.1652],[124.3375,7.1647],[124.3354,7.1669],[124.3357,7.1692],[124.3287,7.1719],[124.3609,7.2228],[124.3681,7.2378],[124.4074,7.3028],[124.4213,7.2961],[124.4246,7.3091],[124.4248,7.3251],[124.4865,7.444],[124.4799,7.3834],[124.4694,7.2427],[124.4444,7.2351],[124.4315,7.2224],[124.4231,7.2218],[124.4201,7.2259],[124.4129,7.2245],[124.413,7.2177],[124.403,7.2143],[124.4089,7.2065],[124.4063,7.2019],[124.3985,7.196],[124.3917,7.1932],[124.389,7.1864],[124.3848,7.1835],[124.3748,7.1668],[124.3616,7.1638]]]]},"properties":{"ADM3_EN":"Pigkawayan","name":"Pigkawayan","ADM3_PCODE":"PH124711000","psgc_code":"124711000","ADM2_EN":"Cotabato","ADM2_PCODE":"PH1247","ADM1_EN":"Regions XI & XII (Davao & SOCCSKSARGEN)","ADM1_PCODE":"PH11","ADM0_EN":"Philippines (the)","ADM0_PCODE":"PH","region_key":"mindanao_south","province_key":"cotabato","type":"Municipality"}},{"type":"Feature","geometry":{"type":"MultiPolygon","coordinates":[[[[124.6489,6.9553],[124.6453,6.9562],[124.6399,6.9629],[124.6305,6.9651],[124.6294,6.9692],[124.6254,6.9734],[124.6155,6.9747],[124.6083,6.9692],[124.6031,6.9682],[124.5861,6.9696],[124.5799,6.9799],[124.5676,6.995],[124.5593,7.0003],[124.5547,7.0053],[124.5533,7.0099],[124.5551,7.0174],[124.5541,7.0202],[124.549,7.021],[124.5524,7.1068],[124.5829,7.1068],[124.6107,7.116],[124.6264,7.1436],[124.6406,7.1407],[124.6475,7.1465],[124.6558,7.1435],[124.6855,7.1864],[124.7035,7.1929],[124.7049,7.1881],[124.709,7.1905],[124.7132,7.1794],[124.7066,7.1787],[124.7031,7.1739],[124.7013,7.1742],[124.6973,7.1805],[124.6927,7.1753],[124.6916,7.1729],[124.6968,7.1644],[124.6921,7.162],[124.6918,7.159],[124.6946,7.157],[124.6971,7.1485],[124.6964,7.1467],[124.693,7.1468],[124.6929,7.1451],[124.6959,7.1421],[124.7074,7.1412],[124.7058,7.1375],[124.7105,7.1373],[124.7089,7.134],[124.7115,7.1344],[124.7128,7.1369],[124.7158,7.135],[124.7181,7.1354],[124.7131,7.129],[124.7176,7.1289],[124.7178,7.1267],[124.7231,7.1293],[124.7252,7.1258],[124.7288,7.1274],[124.7272,7.1228],[124.7314,7.1204],[124.7272,7.119],[124.7267,7.1161],[124.7344,7.1128],[124.7352,7.1152],[124.7361,7.1148],[124.7354,7.1068],[124.7388,7.1084],[124.7387,7.1135],[124.7397,7.1128],[124.7402,7.1056],[124.7432,7.1048],[124.7445,7.1023],[124.7424,7.1005],[124.7306,7.1065],[124.7259,7.1033],[124.7272,7.0992],[124.7358,7.0936],[124.7354,7.0905],[124.7307,7.0858],[124.7329,7.0797],[124.7321,7.0777],[124.7203,7.081],[124.7165,7.0847],[124.7152,7.0944],[124.713,7.0969],[124.708,7.0963],[124.707,7.0906],[124.7094,7.0788],[124.7014,7.0673],[124.6972,7.0673],[124.6959,7.0702],[124.6981,7.0821],[124.684,7.0796],[124.689,7.0678],[124.6867,7.0629],[124.6776,7.0624],[124.6778,7.0603],[124.6807,7.0573],[124.6894,7.0533],[124.6923,7.0492],[124.6992,7.0489],[124.6994,7.0381],[124.7074,7.0307],[124.7069,7.0217],[124.7137,7.0154],[124.7131,7.0114],[124.7063,7.0079],[124.7047,7.0045],[124.7076,7.002],[124.7165,7.0002],[124.7183,6.9968],[124.7141,6.9926],[124.7019,6.9902],[124.7007,6.9876],[124.7052,6.9805],[124.6972,6.9788],[124.692,6.9725],[124.6849,6.9706],[124.6837,6.9686],[124.6882,6.9633],[124.6887,6.9521],[124.6797,6.952],[124.6779,6.9508],[124.6768,6.9457],[124.6703,6.9469],[124.664,6.9461],[124.6621,6.9519],[124.6558,6.9582],[124.6489,6.9553]]]]},"properties":{"ADM3_EN":"Pikit","name":"Pikit","ADM3_PCODE":"PH124712000","psgc_code":"124712000","ADM2_EN":"Cotabato","ADM2_PCODE":"PH1247","ADM1_EN":"Regions XI & XII (Davao & SOCCSKSARGEN)","ADM1_PCODE":"PH11","ADM0_EN":"Philippines (the)","ADM0_PCODE":"PH","region_key":"mindanao_south","province_key":"cotabato","type":"Municipality"}},{"type":"Feature","geometry":{"type":"MultiPolygon","coordinates":[[[[124.9857,7.1097],[124.9854,7.1267],[124.9871,7.1431],[125.0027,7.1716],[125.0205,7.2153],[125.0309,7.2334],[125.0412,7.2412],[125.0463,7.2502],[125.0754,7.249],[125.1137,7.251],[125.1127,7.2462],[125.1004,7.239],[125.092,7.2269],[125.076,7.2214],[125.0693,7.215],[125.0688,7.2034],[125.076,7.1934],[125.0882,7.184],[125.094,7.1764],[125.0965,7.1673],[125.0964,7.1594],[125.0927,7.1469],[125.0884,7.1407],[125.0828,7.1388],[125.0716,7.1487],[125.0629,7.1477],[125.0619,7.1451],[125.0571,7.1044],[125.0571,7.0934],[125.0622,7.0878],[125.065,7.0893],[125.0667,7.0788],[125.0615,7.0792],[125.0536,7.0858],[125.0449,7.089],[125.0405,7.0929],[125.0399,7.0958],[125.0313,7.0995],[125.0082,7.1055],[124.9988,7.1057],[124.9857,7.1097]]],[[[125.0105,7.4025],[125.0339,7.4015],[125.0491,7.4056],[125.058,7.416],[125.0622,7.4246],[125.0664,7.4356],[125.0678,7.4518],[125.0994,7.4514],[125.1197,7.4531],[125.1205,7.4357],[125.1162,7.369],[125.116,7.3325],[125.1141,7.3315],[125.1115,7.3366],[125.1052,7.3376],[125.1057,7.3416],[125.1016,7.3427],[125.0968,7.3468],[125.093,7.3465],[125.0907,7.3446],[125.0931,7.3377],[125.0879,7.3107],[125.0845,7.3152],[125.0843,7.3208],[125.0774,7.3185],[125.0761,7.324],[125.0728,7.3254],[125.071,7.3233],[125.0662,7.3228],[125.0643,7.324],[125.0589,7.3211],[125.0512,7.3214],[125.0488,7.3184],[125.0465,7.3208],[125.045,7.3183],[125.042,7.318],[125.0378,7.3213],[125.0335,7.3205],[125.0335,7.3259],[125.0295,7.3246],[125.0266,7.327],[125.0225,7.3236],[125.0163,7.3294],[125.0124,7.3252],[125.0082,7.3247],[125.0056,7.3288],[125.0022,7.3278],[124.9986,7.3303],[124.9954,7.3739],[124.9884,7.3759],[124.9823,7.3799],[124.979,7.3869],[124.9767,7.3867],[124.9686,7.3762],[124.9651,7.3804],[124.9619,7.3762],[124.9588,7.3798],[124.9588,7.3855],[124.9505,7.382],[124.9468,7.3766],[124.9439,7.4076],[124.9412,7.4155],[124.9439,7.4152],[124.9465,7.4113],[124.9499,7.4122],[124.9574,7.4063],[124.96,7.4078],[124.9661,7.4061],[124.9733,7.4004],[124.9775,7.4014],[124.9809,7.4061],[124.9881,7.3999],[125.0053,7.4032],[125.0105,7.4025]]]]},"properties":{"ADM3_EN":"President Roxas","name":"President Roxas","ADM3_PCODE":"PH124713000","psgc_code":"124713000","ADM2_EN":"Cotabato","ADM2_PCODE":"PH1247","ADM1_EN":"Regions XI & XII (Davao & SOCCSKSARGEN)","ADM1_PCODE":"PH11","ADM0_EN":"Philippines (the)","ADM0_PCODE":"PH","region_key":"mindanao_south","province_key":"cotabato","type":"Municipality"}},{"type":"Feature","geometry":{"type":"MultiPolygon","coordinates":[[[[124.9749,6.7354],[124.9737,6.7348],[124.9729,6.7379],[124.971,6.739],[124.9686,6.7392],[124.9678,6.7367],[124.9601,6.7368],[124.9605,6.7401],[124.9566,6.7432],[124.9538,6.7507],[124.9525,6.7497],[124.9518,6.7528],[124.9481,6.7573],[124.9447,6.7568],[124.9402,6.7587],[124.9352,6.7634],[124.9327,6.763],[124.9317,6.7658],[124.9035,6.777],[124.8975,6.7832],[124.8946,6.7831],[124.8856,6.7776],[124.8767,6.7772],[124.8693,6.7725],[124.8564,6.7751],[124.8428,6.7682],[124.8347,6.7695],[124.8281,6.7751],[124.8244,6.7749],[124.8143,6.7809],[124.811,6.799],[124.8106,6.8235],[124.8083,6.8406],[124.8096,6.8459],[124.8116,6.912],[124.8501,6.8851],[124.8677,6.8688],[124.8741,6.867],[124.9214,6.866],[124.9508,6.8665],[124.9593,6.868],[124.9899,6.8797],[125.0025,6.8879],[125.012,6.8906],[125.0224,6.8982],[125.1203,6.8247],[125.1079,6.8201],[125.1022,6.8208],[125.1006,6.8187],[125.1032,6.8077],[125.1141,6.7926],[125.114,6.7836],[125.1208,6.7563],[125.0991,6.7541],[125.0131,6.7257],[125.0037,6.7206],[124.9961,6.729],[124.9919,6.7298],[124.9884,6.7248],[124.9798,6.7315],[124.976,6.7318],[124.9774,6.7334],[124.9749,6.7354]]]]},"properties":{"ADM3_EN":"Tulunan","name":"Tulunan","ADM3_PCODE":"PH124714000","psgc_code":"124714000","ADM2_EN":"Cotabato","ADM2_PCODE":"PH1247","ADM1_EN":"Regions XI & XII (Davao & SOCCSKSARGEN)","ADM1_PCODE":"PH11","ADM0_EN":"Philippines (the)","ADM0_PCODE":"PH","region_key":"mindanao_south","province_key":"cotabato","type":"Municipality"}},{"type":"Feature","geometry":{"type":"MultiPolygon","coordinates":[[[[125.2797,6.0381],[125.2783,6.0467],[125.2744,6.0503],[125.2761,6.0525],[125.2706,6.0558],[125.2717,6.0583],[125.2736,6.0581],[125.2722,6.0569],[125.2733,6.0558],[125.2769,6.0575],[125.275,6.059],[125.2783,6.0647],[125.2714,6.0811],[125.2719,6.0839],[125.2628,6.0894],[125.26,6.0892],[125.2567,6.0928],[125.2432,6.0968],[125.2442,6.0976],[125.2432,6.0982],[125.2398,6.0973],[125.2369,6.1033],[125.237,6.1135],[125.2344,6.1193],[125.2356,6.1226],[125.2338,6.128],[125.2371,6.1343],[125.2315,6.1359],[125.2347,6.1432],[125.2329,6.145],[125.2383,6.1575],[125.2368,6.1589],[125.2364,6.1668],[125.234,6.1682],[125.2372,6.1792],[125.2397,6.1814],[125.2385,6.1845],[125.2399,6.1876],[125.2471,6.1929],[125.2503,6.1975],[125.2535,6.2099],[125.2567,6.2135],[125.2578,6.2123],[125.2619,6.216],[125.26,6.2197],[125.2673,6.2275],[125.2651,6.2313],[125.2726,6.2398],[125.2706,6.2426],[125.2723,6.2475],[125.2663,6.2488],[125.2659,6.2526],[125.2719,6.2661],[125.2696,6.2741],[125.2805,6.269],[125.2999,6.2637],[125.3584,6.2403],[125.4595,6.1939],[125.5034,6.1945],[125.5039,6.1834],[125.5096,6.1674],[125.5063,6.16],[125.5097,6.1383],[125.5155,6.1285],[125.5311,6.1104],[125.5376,6.1074],[125.5367,6.1017],[125.5322,6.0927],[125.5373,6.0746],[125.5326,6.0631],[125.5207,6.0711],[125.5179,6.0704],[125.5119,6.0763],[125.5063,6.0891],[125.493,6.0861],[125.4857,6.0915],[125.4845,6.0942],[125.4819,6.0948],[125.4805,6.0928],[125.4787,6.0946],[125.4771,6.0929],[125.4723,6.094],[125.4715,6.0889],[125.4661,6.0853],[125.4555,6.0838],[125.4524,6.0891],[125.4484,6.0912],[125.4467,6.0899],[125.4392,6.0895],[125.4365,6.0911],[125.4316,6.0985],[125.4283,6.1],[125.4231,6.0964],[125.4199,6.0996],[125.4132,6.0984],[125.4138,6.104],[125.4116,6.1038],[125.4081,6.1103],[125.4016,6.1136],[125.3989,6.1167],[125.3977,6.1151],[125.3932,6.1147],[125.3921,6.1115],[125.3893,6.1132],[125.3858,6.112],[125.3823,6.1057],[125.38,6.1057],[125.3797,6.1013],[125.3769,6.1017],[125.3746,6.0978],[125.3733,6.0979],[125.3653,6.0833],[125.3615,6.0821],[125.3598,6.0865],[125.3583,6.0861],[125.3543,6.0763],[125.3484,6.0748],[125.3455,6.0774],[125.3445,6.075],[125.3417,6.0778],[125.3407,6.0754],[125.3391,6.0753],[125.3354,6.0786],[125.3338,6.084],[125.3318,6.0844],[125.3284,6.0792],[125.3253,6.0813],[125.3206,6.0752],[125.316,6.0764],[125.3098,6.0756],[125.31,6.0695],[125.3034,6.0646],[125.3005,6.0599],[125.3,6.0617],[125.2988,6.0609],[125.2985,6.058],[125.2969,6.0571],[125.2962,6.0526],[125.2979,6.0479],[125.2923,6.0431],[125.2898,6.044],[125.2873,6.0373],[125.286,6.0377],[125.2846,6.0351],[125.2835,6.0357],[125.283,6.0338],[125.2796,6.0354],[125.2797,6.0381]]]]},"properties":{"ADM3_EN":"Alabel","name":"Alabel","ADM3_PCODE":"PH128001000","psgc_code":"128001000","ADM2_EN":"Sarangani","ADM2_PCODE":"PH1280","ADM1_EN":"Regions XI & XII (Davao & SOCCSKSARGEN)","ADM1_PCODE":"PH11","ADM0_EN":"Philippines (the)","ADM0_PCODE":"PH","region_key":"mindanao_south","province_key":"sarangani","type":"Municipality"}},{"type":"Feature","geometry":{"type":"MultiPolygon","coordinates":[[[[125.3202,5.5758],[125.3231,5.5694],[125.3191,5.5666],[125.3122,5.5761],[125.3075,5.5772],[125.3009,5.5823],[125.294,5.5825],[125.2928,5.5955],[125.2969,5.6019],[125.2989,5.61],[125.3014,5.6119],[125.3011,5.6181],[125.3078,5.6256],[125.3089,5.6307],[125.3049,5.6491],[125.2993,5.657],[125.3,5.6599],[125.2976,5.6618],[125.298,5.6652],[125.295,5.6669],[125.293,5.6792],[125.2872,5.6923],[125.2783,5.7053],[125.2723,5.7103],[125.2693,5.7112],[125.2641,5.7082],[125.2505,5.7122],[125.2467,5.7108],[125.2383,5.7181],[125.2332,5.7255],[125.2279,5.7298],[125.2297,5.7362],[125.2253,5.751],[125.2202,5.763],[125.2121,5.7733],[125.199,5.7738],[125.196,5.7689],[125.1823,5.7745],[125.1834,5.7765],[125.1871,5.7746],[125.1875,5.778],[125.1896,5.7782],[125.1895,5.7869],[125.1873,5.7911],[125.1812,5.7948],[125.1772,5.7941],[125.1742,5.7986],[125.1742,5.8078],[125.1723,5.8122],[125.1767,5.8203],[125.1733,5.8253],[125.1755,5.8301],[125.1789,5.8331],[125.18,5.8378],[125.1814,5.8383],[125.1929,5.828],[125.2022,5.8256],[125.2046,5.8278],[125.2072,5.8255],[125.2054,5.8305],[125.2057,5.8373],[125.2101,5.8445],[125.2146,5.847],[125.2159,5.8549],[125.2187,5.8562],[125.2214,5.8614],[125.22,5.8772],[125.2127,5.8832],[125.2148,5.8867],[125.2203,5.8908],[125.2305,5.8919],[125.2372,5.8961],[125.2382,5.899],[125.2363,5.9067],[125.2578,5.9188],[125.2684,5.9167],[125.2673,5.9074],[125.2695,5.8933],[125.2683,5.8786],[125.2705,5.8779],[125.2715,5.8737],[125.2736,5.8744],[125.2764,5.8722],[125.2812,5.8729],[125.2868,5.8767],[125.2896,5.8773],[125.2919,5.8749],[125.2997,5.8775],[125.3018,5.8802],[125.3069,5.8823],[125.3097,5.887],[125.313,5.8851],[125.3158,5.8801],[125.321,5.8773],[125.3251,5.8787],[125.3281,5.8839],[125.3355,5.8874],[125.3479,5.8812],[125.3515,5.8765],[125.3541,5.8761],[125.3589,5.8857],[125.3627,5.8854],[125.3678,5.8913],[125.374,5.8947],[125.3808,5.9119],[125.3848,5.9106],[125.3877,5.9075],[125.4006,5.9158],[125.4097,5.9187],[125.4162,5.9328],[125.4849,5.9328],[125.4893,5.929],[125.4859,5.9238],[125.4863,5.9164],[125.4805,5.9094],[125.4796,5.9057],[125.4808,5.9021],[125.4887,5.9004],[125.4851,5.8903],[125.4854,5.8825],[125.4898,5.8705],[125.4874,5.8603],[125.4896,5.8563],[125.4815,5.8408],[125.4802,5.8397],[125.4726,5.8414],[125.4701,5.8385],[125.4688,5.8106],[125.4593,5.792],[125.4589,5.7869],[125.4555,5.785],[125.4385,5.754],[125.4357,5.7455],[125.4232,5.7212],[125.4047,5.6926],[125.3947,5.6682],[125.3935,5.6633],[125.3946,5.6535],[125.3837,5.6403],[125.3529,5.6169],[125.3187,5.5976],[125.3082,5.5888],[125.3177,5.5802],[125.3202,5.5758]]]]},"properties":{"ADM3_EN":"Glan","name":"Glan","ADM3_PCODE":"PH128002000","psgc_code":"128002000","ADM2_EN":"Sarangani","ADM2_PCODE":"PH1280","ADM1_EN":"Regions XI & XII (Davao & SOCCSKSARGEN)","ADM1_PCODE":"PH11","ADM0_EN":"Philippines (the)","ADM0_PCODE":"PH","region_key":"mindanao_south","province_key":"sarangani","type":"Municipality"}},{"type":"Feature","geometry":{"type":"MultiPolygon","coordinates":[[[[124.78,5.9153],[124.7614,5.9256],[124.7312,5.9307],[124.7047,5.9453],[124.6942,5.9533],[124.6711,5.9592],[124.6542,5.9686],[124.6494,5.9769],[124.6406,5.9842],[124.6322,5.9861],[124.6152,5.9855],[124.6125,5.9867],[124.6103,5.9847],[124.6032,5.9858],[124.5969,5.9917],[124.5922,6.0039],[124.5792,6.0147],[124.566,6.0177],[124.5455,6.0164],[124.5264,6.0206],[124.5313,6.0227],[124.5326,6.0272],[124.5381,6.0293],[124.5437,6.0377],[124.5514,6.041],[124.5547,6.0555],[124.5586,6.0614],[124.5634,6.0646],[124.5672,6.0631],[124.5803,6.0626],[124.5832,6.0656],[124.596,6.0824],[124.5939,6.0866],[124.5971,6.0951],[124.6011,6.1008],[124.6616,6.0805],[124.7927,6.0099],[124.8651,6.0071],[124.8673,5.9987],[124.8624,5.9938],[124.8552,5.9898],[124.8531,5.9808],[124.8487,5.9773],[124.8465,5.9792],[124.8452,5.9777],[124.8451,5.9733],[124.85,5.967],[124.8498,5.96],[124.8461,5.9501],[124.8458,5.937],[124.8441,5.9309],[124.8388,5.9248],[124.8435,5.9133],[124.8394,5.9057],[124.8342,5.903],[124.8362,5.8861],[124.8261,5.8894],[124.8231,5.8889],[124.8133,5.8997],[124.8022,5.9081],[124.78,5.9153]]]]},"properties":{"ADM3_EN":"Kiamba","name":"Kiamba","ADM3_PCODE":"PH128003000","psgc_code":"128003000","ADM2_EN":"Sarangani","ADM2_PCODE":"PH1280","ADM1_EN":"Regions XI & XII (Davao & SOCCSKSARGEN)","ADM1_PCODE":"PH11","ADM0_EN":"Philippines (the)","ADM0_PCODE":"PH","region_key":"mindanao_south","province_key":"sarangani","type":"Municipality"}},{"type":"Feature","geometry":{"type":"MultiPolygon","coordinates":[[[[125.0117,5.8556],[125.0067,5.8552],[124.9945,5.8603],[124.9903,5.8597],[124.9794,5.8619],[124.9703,5.8608],[124.9567,5.8547],[124.9511,5.8558],[124.9442,5.8606],[124.9392,5.8619],[124.9286,5.8622],[124.9239,5.8589],[124.9136,5.8669],[124.8923,5.8713],[124.885,5.8767],[124.8755,5.8808],[124.8586,5.8817],[124.8433,5.8864],[124.8362,5.8861],[124.8342,5.903],[124.8394,5.9057],[124.8435,5.9133],[124.8388,5.9248],[124.8441,5.9309],[124.8458,5.937],[124.8461,5.9501],[124.8498,5.96],[124.85,5.967],[124.8451,5.9733],[124.8452,5.9777],[124.8465,5.9792],[124.8487,5.9773],[124.8531,5.9808],[124.8552,5.9898],[124.8624,5.9938],[124.8673,5.9987],[124.8651,6.0071],[125.0154,6.0021],[125.0514,6.057],[125.0513,5.9595],[125.0548,5.9569],[125.0609,5.9599],[125.0705,5.9586],[125.074,5.9563],[125.0758,5.9587],[125.0804,5.9598],[125.0877,5.958],[125.091,5.9548],[125.1016,5.9548],[125.0981,5.9489],[125.0962,5.9361],[125.0936,5.9352],[125.0936,5.9337],[125.0979,5.9218],[125.1004,5.9197],[125.0963,5.9114],[125.0884,5.9056],[125.0843,5.9054],[125.0766,5.8951],[125.0755,5.8896],[125.0777,5.8846],[125.0879,5.8732],[125.0834,5.8702],[125.0823,5.8665],[125.076,5.8599],[125.0674,5.8557],[125.0539,5.8555],[125.0396,5.8509],[125.0332,5.8512],[125.0257,5.8539],[125.0135,5.8541],[125.0117,5.8556]]]]},"properties":{"ADM3_EN":"Maasim","name":"Maasim","ADM3_PCODE":"PH128004000","psgc_code":"128004000","ADM2_EN":"Sarangani","ADM2_PCODE":"PH1280","ADM1_EN":"Regions XI & XII (Davao & SOCCSKSARGEN)","ADM1_PCODE":"PH11","ADM0_EN":"Philippines (the)","ADM0_PCODE":"PH","region_key":"mindanao_south","province_key":"sarangani","type":"Municipality"}},{"type":"Feature","geometry":{"type":"MultiPolygon","coordinates":[[[[124.5313,6.0227],[124.5258,6.0206],[124.5172,6.0233],[124.5103,6.0294],[124.4861,6.0442],[124.4761,6.0522],[124.4572,6.0594],[124.4569,6.0614],[124.4547,6.0617],[124.4491,6.0683],[124.4242,6.0881],[124.4035,6.0936],[124.3995,6.0928],[124.3988,6.0899],[124.3964,6.0903],[124.393,6.0917],[124.3869,6.1003],[124.3803,6.1011],[124.3719,6.1106],[124.3608,6.1167],[124.3521,6.1184],[124.3539,6.1258],[124.3574,6.1303],[124.3575,6.1364],[124.3561,6.1387],[124.3589,6.1455],[124.3613,6.1468],[124.3619,6.1543],[124.3674,6.1627],[124.3781,6.1737],[124.3812,6.181],[124.3922,6.1922],[124.3886,6.2062],[124.396,6.2093],[124.3964,6.213],[124.4655,6.1842],[124.5444,6.1485],[124.5823,6.1069],[124.6011,6.1008],[124.5971,6.0951],[124.5939,6.0866],[124.596,6.0824],[124.5832,6.0656],[124.5803,6.0626],[124.5672,6.0631],[124.5634,6.0646],[124.5586,6.0614],[124.5547,6.0555],[124.5514,6.041],[124.5437,6.0377],[124.5381,6.0293],[124.5326,6.0272],[124.5313,6.0227]]]]},"properties":{"ADM3_EN":"Maitum","name":"Maitum","ADM3_PCODE":"PH128005000","psgc_code":"128005000","ADM2_EN":"Sarangani","ADM2_PCODE":"PH1280","ADM1_EN":"Regions XI & XII (Davao & SOCCSKSARGEN)","ADM1_PCODE":"PH11","ADM0_EN":"Philippines (the)","ADM0_PCODE":"PH","region_key":"mindanao_south","province_key":"sarangani","type":"Municipality"}},{"type":"Feature","geometry":{"type":"MultiPolygon","coordinates":[[[[125.2691,5.8963],[125.2673,5.9074],[125.2679,5.915],[125.2684,5.9167],[125.2721,5.9174],[125.273,5.9206],[125.2716,5.9241],[125.2662,5.9277],[125.2652,5.9351],[125.2684,5.9434],[125.2797,5.9545],[125.2838,5.9634],[125.2834,5.9678],[125.2886,5.9734],[125.291,5.9787],[125.2897,5.9806],[125.2917,5.9819],[125.29,5.9883],[125.2917,5.9907],[125.2881,5.9972],[125.2892,6.0],[125.2873,6.0042],[125.2894,6.0097],[125.2825,6.0197],[125.2823,6.0225],[125.28,6.022],[125.2764,6.0278],[125.2778,6.0306],[125.2767,6.0347],[125.2797,6.0373],[125.2796,6.0354],[125.283,6.0338],[125.2835,6.0357],[125.2846,6.0351],[125.286,6.0377],[125.2873,6.0373],[125.2898,6.044],[125.2923,6.0431],[125.2979,6.0479],[125.2962,6.0526],[125.2969,6.0571],[125.2985,6.058],[125.2988,6.0609],[125.3,6.0617],[125.3005,6.0599],[125.3034,6.0646],[125.31,6.0695],[125.3098,6.0756],[125.316,6.0764],[125.3206,6.0752],[125.3253,6.0813],[125.3284,6.0792],[125.3318,6.0844],[125.3338,6.084],[125.3354,6.0786],[125.3391,6.0753],[125.3407,6.0754],[125.3417,6.0778],[125.3445,6.075],[125.3455,6.0774],[125.3484,6.0748],[125.3543,6.0763],[125.3583,6.0861],[125.3598,6.0865],[125.3615,6.0821],[125.3653,6.0833],[125.3733,6.0979],[125.3746,6.0978],[125.3769,6.1017],[125.3797,6.1013],[125.38,6.1057],[125.3823,6.1057],[125.3858,6.112],[125.3893,6.1132],[125.3921,6.1115],[125.3932,6.1147],[125.3977,6.1151],[125.3989,6.1167],[125.4016,6.1136],[125.4081,6.1103],[125.4116,6.1038],[125.4138,6.104],[125.4132,6.0984],[125.4199,6.0996],[125.4231,6.0964],[125.4283,6.1],[125.4316,6.0985],[125.4365,6.0911],[125.4392,6.0895],[125.4467,6.0899],[125.4484,6.0912],[125.4524,6.0891],[125.4555,6.0838],[125.4661,6.0853],[125.4715,6.0889],[125.4723,6.094],[125.4771,6.0929],[125.4787,6.0946],[125.4805,6.0928],[125.4819,6.0948],[125.4845,6.0942],[125.4857,6.0915],[125.493,6.0861],[125.5063,6.0891],[125.5119,6.0763],[125.5179,6.0704],[125.5207,6.0711],[125.5326,6.0631],[125.5341,6.0575],[125.5282,6.0493],[125.528,6.0422],[125.5188,6.0277],[125.5133,6.0123],[125.508,6.0055],[125.5072,5.9978],[125.5084,5.9914],[125.4985,5.9687],[125.4994,5.9524],[125.4977,5.9441],[125.4849,5.9328],[125.4162,5.9328],[125.4097,5.9187],[125.4006,5.9158],[125.3877,5.9075],[125.3848,5.9106],[125.3808,5.9119],[125.374,5.8947],[125.3678,5.8913],[125.3627,5.8854],[125.3589,5.8857],[125.3541,5.8761],[125.3515,5.8765],[125.3479,5.8812],[125.3355,5.8874],[125.3281,5.8839],[125.3251,5.8787],[125.321,5.8773],[125.3158,5.8801],[125.313,5.8851],[125.3097,5.887],[125.3069,5.8823],[125.3018,5.8802],[125.2997,5.8775],[125.2919,5.8749],[125.2896,5.8773],[125.2868,5.8767],[125.2812,5.8729],[125.2764,5.8722],[125.2736,5.8744],[125.2715,5.8737],[125.2705,5.8779],[125.2683,5.8786],[125.2691,5.8963]]]]},"properties":{"ADM3_EN":"Malapatan","name":"Malapatan","ADM3_PCODE":"PH128006000","psgc_code":"128006000","ADM2_EN":"Sarangani","ADM2_PCODE":"PH1280","ADM1_EN":"Regions XI & XII (Davao & SOCCSKSARGEN)","ADM1_PCODE":"PH11","ADM0_EN":"Philippines (the)","ADM0_PCODE":"PH","region_key":"mindanao_south","province_key":"sarangani","type":"Municipality"}},{"type":"Feature","geometry":{"type":"MultiPolygon","coordinates":[[[[125.3649,6.326],[125.3714,6.3263],[125.385,6.3307],[125.3996,6.3199],[125.4037,6.32],[125.4219,6.3327],[125.4247,6.3317],[125.427,6.326],[125.4301,6.3239],[125.4375,6.3222],[125.4437,6.3246],[125.4467,6.3226],[125.4477,6.3144],[125.45,6.3107],[125.4575,6.3052],[125.4684,6.301],[125.4763,6.2808],[125.4776,6.2687],[125.4858,6.261],[125.4938,6.2436],[125.5037,6.2343],[125.5048,6.2308],[125.5034,6.1945],[125.4595,6.1939],[125.4014,6.2215],[125.2999,6.2637],[125.2805,6.269],[125.1819,6.3056],[125.0754,6.3425],[125.1145,6.4222],[125.136,6.4204],[125.1421,6.4223],[125.1492,6.4373],[125.1503,6.4447],[125.157,6.4637],[125.1717,6.4695],[125.1673,6.4528],[125.1736,6.437],[125.1809,6.4242],[125.1791,6.4102],[125.1823,6.404],[125.1935,6.3971],[125.2051,6.3962],[125.2386,6.3535],[125.2614,6.3343],[125.2714,6.3359],[125.2888,6.3346],[125.3081,6.3299],[125.3253,6.3324],[125.3515,6.33],[125.3649,6.326]]]]},"properties":{"ADM3_EN":"Malungon","name":"Malungon","ADM3_PCODE":"PH128007000","psgc_code":"128007000","ADM2_EN":"Sarangani","ADM2_PCODE":"PH1280","ADM1_EN":"Regions XI & XII (Davao & SOCCSKSARGEN)","ADM1_PCODE":"PH11","ADM0_EN":"Philippines (the)","ADM0_PCODE":"PH","region_key":"mindanao_south","province_key":"sarangani","type":"Municipality"}},{"type":"Feature","geometry":{"type":"MultiPolygon","coordinates":[[[[124.8984,6.3016],[124.9028,6.2946],[124.9156,6.2856],[124.8562,6.2718],[124.8478,6.2952],[124.8531,6.298],[124.8398,6.3261],[124.8366,6.3256],[124.8338,6.3276],[124.8258,6.3244],[124.8248,6.3258],[124.8212,6.3249],[124.8169,6.3325],[124.8125,6.3306],[124.8121,6.3335],[124.788,6.3488],[124.7824,6.34],[124.7566,6.3543],[124.7643,6.3665],[124.739,6.3826],[124.7356,6.3766],[124.7224,6.3984],[124.716,6.4273],[124.7141,6.4313],[124.7104,6.4343],[124.7302,6.4672],[124.7457,6.4968],[124.7509,6.4971],[124.753,6.4953],[124.7591,6.4949],[124.7719,6.484],[124.77,6.4756],[124.7722,6.4729],[124.7716,6.4686],[124.7731,6.4646],[124.7798,6.4604],[124.7803,6.4567],[124.7869,6.455],[124.7885,6.4534],[124.7881,6.4517],[124.7926,6.4516],[124.8142,6.4372],[124.8156,6.4309],[124.8201,6.4238],[124.8241,6.4222],[124.8284,6.424],[124.8316,6.4233],[124.8339,6.4257],[124.8375,6.4212],[124.844,6.4189],[124.8468,6.4198],[124.85,6.4175],[124.8502,6.4111],[124.8539,6.4077],[124.857,6.3999],[124.8558,6.3972],[124.8508,6.3934],[124.8543,6.3853],[124.8585,6.3798],[124.87,6.3721],[124.8713,6.3681],[124.873,6.36],[124.8694,6.3556],[124.8691,6.348],[124.8705,6.3446],[124.874,6.3414],[124.8796,6.3316],[124.8833,6.3314],[124.8848,6.3296],[124.8831,6.3254],[124.8852,6.3198],[124.8845,6.3175],[124.8898,6.3073],[124.8922,6.3037],[124.8984,6.3016]]]]},"properties":{"ADM3_EN":"Banga","name":"Banga","ADM3_PCODE":"PH126302000","psgc_code":"126302000","ADM2_EN":"South Cotabato","ADM2_PCODE":"PH1263","ADM1_EN":"Regions XI & XII (Davao & SOCCSKSARGEN)","ADM1_PCODE":"PH11","ADM0_EN":"Philippines (the)","ADM0_PCODE":"PH","region_key":"mindanao_south","province_key":"south_cotabato","type":"Municipality"}},{"type":"Feature","geometry":{"type":"MultiPolygon","coordinates":[[[[125.1551,6.0712],[125.1559,6.0658],[125.1501,6.06],[125.1519,6.0567],[125.15,6.0563],[125.1481,6.0514],[125.149,6.0487],[125.1436,6.0414],[125.1436,6.0324],[125.145,6.03],[125.1417,6.02],[125.1321,6.0125],[125.1286,6.0],[125.1235,5.9956],[125.1209,5.9906],[125.1207,5.983],[125.1143,5.9786],[125.1135,5.9669],[125.1086,5.961],[125.1016,5.9548],[125.091,5.9548],[125.0877,5.958],[125.0804,5.9598],[125.0758,5.9587],[125.074,5.9563],[125.0705,5.9586],[125.0609,5.9599],[125.0548,5.9569],[125.0513,5.9595],[125.0514,6.146],[125.1403,6.1463],[125.1383,6.1633],[125.1396,6.1734],[125.133,6.1857],[125.1295,6.196],[125.127,6.1989],[125.1241,6.2195],[125.1302,6.224],[125.1324,6.2292],[125.1338,6.2417],[125.1318,6.2549],[125.1422,6.2777],[125.1393,6.2805],[125.1388,6.2837],[125.1448,6.2918],[125.1433,6.2999],[125.1454,6.2996],[125.1508,6.3044],[125.1516,6.3069],[125.1554,6.3088],[125.166,6.3106],[125.2333,6.2856],[125.2696,6.2741],[125.2719,6.2661],[125.2659,6.2526],[125.2663,6.2488],[125.2723,6.2475],[125.2706,6.2426],[125.2726,6.2398],[125.2651,6.2313],[125.2673,6.2275],[125.26,6.2197],[125.2619,6.216],[125.2578,6.2123],[125.2567,6.2135],[125.2535,6.2099],[125.2503,6.1975],[125.2471,6.1929],[125.2399,6.1876],[125.2385,6.1845],[125.2397,6.1814],[125.2372,6.1792],[125.2347,6.1724],[125.234,6.1682],[125.2364,6.1668],[125.2368,6.1589],[125.2383,6.1575],[125.2329,6.145],[125.2347,6.1432],[125.2315,6.1359],[125.2371,6.1343],[125.2338,6.128],[125.2356,6.1226],[125.2344,6.1193],[125.237,6.1135],[125.2369,6.1033],[125.2399,6.0971],[125.2232,6.0951],[125.216,6.1021],[125.2086,6.1006],[125.2128,6.1025],[125.2111,6.1039],[125.2038,6.1018],[125.2033,6.1033],[125.2003,6.1025],[125.1956,6.1047],[125.1958,6.1019],[125.205,6.1],[125.2017,6.0988],[125.1945,6.1008],[125.1896,6.1041],[125.1771,6.1063],[125.1709,6.1062],[125.1661,6.104],[125.1642,6.1054],[125.1641,6.1021],[125.1585,6.0971],[125.1606,6.0946],[125.1539,6.0907],[125.1546,6.0827],[125.1587,6.0802],[125.1583,6.0789],[125.1575,6.0806],[125.1558,6.0797],[125.1535,6.0734],[125.1551,6.0712]]]]},"properties":{"ADM3_EN":"General Santos City","name":"General Santos City","ADM3_PCODE":"PH126303000","psgc_code":"126303000","ADM2_EN":"South Cotabato","ADM2_PCODE":"PH1263","ADM1_EN":"Regions XI & XII (Davao & SOCCSKSARGEN)","ADM1_PCODE":"PH11","ADM0_EN":"Philippines (the)","ADM0_PCODE":"PH","region_key":"mindanao_south","province_key":"south_cotabato","type":"City"}},{"type":"Feature","geometry":{"type":"MultiPolygon","coordinates":[[[[124.8543,6.3853],[124.8508,6.3934],[124.8558,6.3972],[124.857,6.3999],[124.8539,6.4077],[124.8502,6.4111],[124.8489,6.419],[124.844,6.4189],[124.8375,6.4212],[124.8339,6.4257],[124.8316,6.4233],[124.8284,6.424],[124.8241,6.4222],[124.8201,6.4238],[124.8156,6.4309],[124.8142,6.4372],[124.7926,6.4516],[124.7881,6.4517],[124.7885,6.4534],[124.7869,6.455],[124.7803,6.4567],[124.7798,6.4604],[124.7731,6.4646],[124.7716,6.4686],[124.7722,6.4729],[124.77,6.4756],[124.7717,6.481],[124.778,6.4772],[124.7776,6.4728],[124.7912,6.4667],[124.792,6.4721],[124.7935,6.4721],[124.795,6.4769],[124.8072,6.4939],[124.8098,6.4926],[124.8197,6.5036],[124.845,6.5164],[124.848,6.5327],[125.0198,6.5354],[124.9947,6.4932],[124.9965,6.4838],[124.989,6.4741],[124.9793,6.4746],[124.9715,6.4673],[124.9694,6.4625],[124.9607,6.4591],[124.9536,6.4516],[124.947,6.4509],[124.9441,6.4533],[124.9327,6.4522],[124.9296,6.4548],[124.9216,6.455],[124.928,6.4411],[124.9185,6.4365],[124.9205,6.4314],[124.9192,6.4306],[124.9253,6.4231],[124.8985,6.4123],[124.8972,6.4076],[124.9025,6.4014],[124.903,6.3977],[124.9087,6.393],[124.9078,6.389],[124.9109,6.3816],[124.9093,6.3735],[124.9054,6.3743],[124.9008,6.3714],[124.8967,6.3741],[124.8979,6.3787],[124.8931,6.3816],[124.8835,6.3729],[124.882,6.3692],[124.8776,6.3685],[124.8723,6.3623],[124.87,6.3721],[124.8585,6.3798],[124.8543,6.3853]]]]},"properties":{"ADM3_EN":"Koronadal City","name":"Koronadal City","ADM3_PCODE":"PH126306000","psgc_code":"126306000","ADM2_EN":"South Cotabato","ADM2_PCODE":"PH1263","ADM1_EN":"Regions XI & XII (Davao & SOCCSKSARGEN)","ADM1_PCODE":"PH11","ADM0_EN":"Philippines (the)","ADM0_PCODE":"PH","region_key":"mindanao_south","province_key":"south_cotabato","type":"City"}},{"type":"Feature","geometry":{"type":"MultiPolygon","coordinates":[[[[124.7917,6.1227],[124.7997,6.1052],[124.798,6.101],[124.793,6.096],[124.7907,6.0896],[124.7786,6.0823],[124.7714,6.0755],[124.7671,6.0633],[124.7601,6.0508],[124.7175,6.0506],[124.6962,6.0608],[124.6616,6.0805],[124.5823,6.1069],[124.5444,6.1485],[124.4655,6.1842],[124.3964,6.213],[124.3595,6.2277],[124.3468,6.2298],[124.3179,6.2406],[124.2814,6.307],[124.2809,6.327],[124.5443,6.3344],[124.5539,6.3242],[124.5608,6.325],[124.5661,6.3286],[124.5734,6.3307],[124.5958,6.316],[124.6346,6.2849],[124.6406,6.2833],[124.6442,6.2836],[124.6475,6.2863],[124.6486,6.2932],[124.6505,6.2928],[124.6497,6.2951],[124.6517,6.2958],[124.6501,6.2972],[124.6559,6.3009],[124.6558,6.3033],[124.6592,6.3068],[124.6653,6.3004],[124.6654,6.2983],[124.6687,6.2982],[124.6691,6.2952],[124.6716,6.2928],[124.6696,6.2901],[124.6727,6.288],[124.6728,6.2832],[124.677,6.2794],[124.677,6.2747],[124.6802,6.2756],[124.6903,6.2714],[124.6905,6.2691],[124.6938,6.267],[124.6985,6.2664],[124.704,6.2619],[124.7076,6.2611],[124.7124,6.2554],[124.7141,6.2472],[124.7249,6.2386],[124.7263,6.2324],[124.7347,6.2334],[124.7375,6.2256],[124.7412,6.2218],[124.743,6.2174],[124.7429,6.2117],[124.7511,6.199],[124.7501,6.1947],[124.7545,6.1987],[124.7596,6.2135],[124.7571,6.2196],[124.7561,6.2298],[124.7581,6.2358],[124.7575,6.2466],[124.7601,6.2489],[124.7674,6.2488],[124.7709,6.2473],[124.7745,6.2493],[124.787,6.2454],[124.791,6.248],[124.7934,6.2521],[124.7944,6.225],[124.7992,6.2108],[124.8022,6.2091],[124.7981,6.196],[124.7936,6.1881],[124.793,6.1834],[124.7868,6.1769],[124.7811,6.1611],[124.7834,6.1519],[124.7826,6.1458],[124.7862,6.1389],[124.7876,6.1286],[124.7917,6.1227]]]]},"properties":{"ADM3_EN":"Lake Sebu","name":"Lake Sebu","ADM3_PCODE":"PH126319000","psgc_code":"126319000","ADM2_EN":"South Cotabato","ADM2_PCODE":"PH1263","ADM1_EN":"Regions XI & XII (Davao & SOCCSKSARGEN)","ADM1_PCODE":"PH11","ADM0_EN":"Philippines (the)","ADM0_PCODE":"PH","region_key":"mindanao_south","province_key":"south_cotabato","type":"Municipality"}},{"type":"Feature","geometry":{"type":"MultiPolygon","coordinates":[[[[124.6405,6.4818],[124.641,6.4908],[124.6176,6.4899],[124.6108,6.4876],[124.6098,6.4895],[124.6124,6.5013],[124.6119,6.5078],[124.6111,6.5104],[124.6036,6.5139],[124.6044,6.5263],[124.6131,6.5384],[124.6237,6.5653],[124.6317,6.578],[124.6399,6.5887],[124.6843,6.5802],[124.6882,6.5665],[124.6945,6.5709],[124.7068,6.5726],[124.7109,6.576],[124.7153,6.572],[124.7182,6.5604],[124.7171,6.5589],[124.7223,6.5474],[124.7218,6.5431],[124.7257,6.5429],[124.7274,6.5375],[124.7293,6.5381],[124.7315,6.5318],[124.7361,6.5275],[124.7403,6.5146],[124.7446,6.5121],[124.7468,6.5075],[124.7506,6.5047],[124.7506,6.5025],[124.7532,6.5017],[124.7509,6.4971],[124.7457,6.4968],[124.7424,6.4924],[124.7421,6.4896],[124.728,6.4638],[124.6899,6.464],[124.6899,6.4682],[124.6644,6.4683],[124.6645,6.4817],[124.6405,6.4818]]]]},"properties":{"ADM3_EN":"Norala","name":"Norala","ADM3_PCODE":"PH126311000","psgc_code":"126311000","ADM2_EN":"South Cotabato","ADM2_PCODE":"PH1263","ADM1_EN":"Regions XI & XII (Davao & SOCCSKSARGEN)","ADM1_PCODE":"PH11","ADM0_EN":"Philippines (the)","ADM0_PCODE":"PH","region_key":"mindanao_south","province_key":"south_cotabato","type":"Municipality"}},{"type":"Feature","geometry":{"type":"MultiPolygon","coordinates":[[[[125.0951,6.3362],[125.166,6.3106],[125.1554,6.3088],[125.1516,6.3069],[125.1508,6.3044],[125.1454,6.2996],[125.1433,6.2999],[125.1448,6.2918],[125.1388,6.2837],[125.1393,6.2805],[125.1422,6.2777],[125.1318,6.2549],[125.1338,6.2417],[125.1324,6.2292],[125.1302,6.224],[125.1241,6.2195],[125.127,6.1989],[125.1295,6.196],[125.133,6.1857],[125.1396,6.1734],[125.1383,6.1633],[125.1403,6.1463],[125.0514,6.146],[124.9736,6.235],[124.9809,6.2496],[124.9878,6.2555],[124.9832,6.2625],[125.0334,6.3079],[125.0396,6.32],[125.0421,6.3197],[125.0425,6.3164],[125.0754,6.3425],[125.0951,6.3362]]]]},"properties":{"ADM3_EN":"Polomolok","name":"Polomolok","ADM3_PCODE":"PH126312000","psgc_code":"126312000","ADM2_EN":"South Cotabato","ADM2_PCODE":"PH1263","ADM1_EN":"Regions XI & XII (Davao & SOCCSKSARGEN)","ADM1_PCODE":"PH11","ADM0_EN":"Philippines (the)","ADM0_PCODE":"PH","region_key":"mindanao_south","province_key":"south_cotabato","type":"Municipality"}},{"type":"Feature","geometry":{"type":"MultiPolygon","coordinates":[[[[124.7104,6.4343],[124.7141,6.4313],[124.716,6.4273],[124.7224,6.3984],[124.706,6.3919],[124.6965,6.383],[124.698,6.3892],[124.6962,6.3897],[124.6942,6.3941],[124.6916,6.3911],[124.6916,6.3949],[124.6856,6.3953],[124.6868,6.399],[124.6824,6.4],[124.6806,6.398],[124.6762,6.3997],[124.6761,6.4039],[124.6778,6.4072],[124.6767,6.4089],[124.6723,6.4086],[124.6736,6.4148],[124.6651,6.4157],[124.665,6.4186],[124.6588,6.4205],[124.6592,6.423],[124.6551,6.4261],[124.652,6.4222],[124.6489,6.4242],[124.6468,6.4236],[124.6449,6.4284],[124.6425,6.4287],[124.6414,6.4275],[124.6423,6.4213],[124.637,6.4276],[124.6345,6.4321],[124.6421,6.4355],[124.6424,6.4411],[124.6413,6.4443],[124.6366,6.4441],[124.6345,6.4519],[124.6363,6.4532],[124.634,6.4558],[124.6302,6.4572],[124.6239,6.455],[124.6212,6.4566],[124.6204,6.4598],[124.624,6.4659],[124.618,6.4705],[124.6153,6.477],[124.6159,6.48],[124.6225,6.4855],[124.6227,6.4883],[124.6189,6.49],[124.641,6.4908],[124.6405,6.4818],[124.6645,6.4817],[124.6644,6.4683],[124.6899,6.4682],[124.6899,6.464],[124.728,6.4638],[124.7104,6.4343]]]]},"properties":{"ADM3_EN":"Santo Niño","name":"Santo Niño","ADM3_PCODE":"PH126318000","psgc_code":"126318000","ADM2_EN":"South Cotabato","ADM2_PCODE":"PH1263","ADM1_EN":"Regions XI & XII (Davao & SOCCSKSARGEN)","ADM1_PCODE":"PH11","ADM0_EN":"Philippines (the)","ADM0_PCODE":"PH","region_key":"mindanao_south","province_key":"south_cotabato","type":"Municipality"}},{"type":"Feature","geometry":{"type":"MultiPolygon","coordinates":[[[[124.7571,6.2196],[124.7596,6.2135],[124.7587,6.2105],[124.7545,6.1987],[124.7501,6.1947],[124.7511,6.199],[124.7429,6.2117],[124.743,6.2174],[124.7412,6.2218],[124.7375,6.2256],[124.7347,6.2334],[124.7263,6.2324],[124.7249,6.2386],[124.7141,6.2472],[124.7124,6.2554],[124.7076,6.2611],[124.704,6.2619],[124.6985,6.2664],[124.6938,6.267],[124.6905,6.2691],[124.6903,6.2714],[124.6802,6.2756],[124.677,6.2747],[124.677,6.2794],[124.6728,6.2832],[124.6727,6.288],[124.6696,6.2901],[124.6716,6.2928],[124.6691,6.2952],[124.6687,6.2982],[124.6654,6.2983],[124.6653,6.3004],[124.6592,6.3068],[124.6558,6.3033],[124.6559,6.3009],[124.6501,6.2972],[124.6517,6.2958],[124.6497,6.2951],[124.6505,6.2928],[124.6486,6.2932],[124.6475,6.2863],[124.6442,6.2836],[124.6406,6.2833],[124.6346,6.2849],[124.5958,6.316],[124.5997,6.3191],[124.6007,6.3285],[124.6058,6.3317],[124.6121,6.332],[124.6148,6.3348],[124.6153,6.3433],[124.6191,6.3455],[124.6219,6.3499],[124.6225,6.3551],[124.6209,6.3579],[124.6284,6.3634],[124.6301,6.3682],[124.6282,6.3756],[124.6311,6.3801],[124.6366,6.3831],[124.6364,6.386],[124.6322,6.3874],[124.6317,6.3924],[124.6359,6.3947],[124.6357,6.3966],[124.6381,6.3994],[124.6412,6.3964],[124.6455,6.3995],[124.6431,6.4021],[124.6457,6.4062],[124.6441,6.4144],[124.6423,6.4159],[124.6414,6.4275],[124.6425,6.4287],[124.6449,6.4284],[124.6468,6.4236],[124.6489,6.4242],[124.652,6.4222],[124.6551,6.4261],[124.6592,6.423],[124.6588,6.4205],[124.665,6.4186],[124.6651,6.4157],[124.6736,6.4148],[124.6723,6.4086],[124.6767,6.4089],[124.6778,6.4072],[124.6761,6.4039],[124.6762,6.3997],[124.6806,6.398],[124.6824,6.4],[124.6868,6.399],[124.6856,6.3953],[124.6916,6.3949],[124.6916,6.3911],[124.6942,6.3941],[124.6962,6.3897],[124.698,6.3892],[124.6965,6.383],[124.706,6.3919],[124.7224,6.3984],[124.7356,6.3766],[124.739,6.3826],[124.7643,6.3665],[124.7566,6.3543],[124.7824,6.34],[124.788,6.3488],[124.8121,6.3335],[124.8125,6.3306],[124.8169,6.3325],[124.8212,6.3249],[124.8248,6.3258],[124.8258,6.3244],[124.8338,6.3276],[124.8366,6.3256],[124.8398,6.3261],[124.8531,6.298],[124.8478,6.2952],[124.8562,6.2718],[124.8406,6.2685],[124.7945,6.2411],[124.7934,6.2521],[124.791,6.248],[124.787,6.2454],[124.7745,6.2493],[124.7709,6.2473],[124.7674,6.2488],[124.7601,6.2489],[124.7566,6.2445],[124.7581,6.2358],[124.7561,6.2298],[124.7571,6.2196]]]]},"properties":{"ADM3_EN":"Surallah","name":"Surallah","ADM3_PCODE":"PH126313000","psgc_code":"126313000","ADM2_EN":"South Cotabato","ADM2_PCODE":"PH1263","ADM1_EN":"Regions XI & XII (Davao & SOCCSKSARGEN)","ADM1_PCODE":"PH11","ADM0_EN":"Philippines (the)","ADM0_PCODE":"PH","region_key":"mindanao_south","province_key":"south_cotabato","type":"Municipality"}},{"type":"Feature","geometry":{"type":"MultiPolygon","coordinates":[[[[124.764,6.0597],[124.7671,6.0633],[124.7714,6.0755],[124.7786,6.0823],[124.7907,6.0896],[124.793,6.096],[124.7967,6.0985],[124.7997,6.1052],[124.7866,6.1313],[124.7862,6.1389],[124.7826,6.1458],[124.7834,6.1519],[124.7811,6.1611],[124.7868,6.1769],[124.793,6.1834],[124.7936,6.1881],[124.7981,6.196],[124.8022,6.2091],[124.7992,6.2108],[124.7944,6.225],[124.7932,6.238],[124.7945,6.2411],[124.8406,6.2685],[124.9274,6.2888],[124.9404,6.2732],[124.938,6.2666],[124.9402,6.264],[124.9386,6.2518],[124.9528,6.2473],[124.9575,6.2486],[124.9616,6.2453],[124.9632,6.2477],[124.982,6.2245],[125.0514,6.146],[125.0514,6.057],[125.0154,6.0021],[124.7927,6.0099],[124.7175,6.0506],[124.7601,6.0508],[124.764,6.0597]]]]},"properties":{"ADM3_EN":"T'Boli","name":"T'Boli","ADM3_PCODE":"PH126316000","psgc_code":"126316000","ADM2_EN":"South Cotabato","ADM2_PCODE":"PH1263","ADM1_EN":"Regions XI & XII (Davao & SOCCSKSARGEN)","ADM1_PCODE":"PH11","ADM0_EN":"Philippines (the)","ADM0_PCODE":"PH","region_key":"mindanao_south","province_key":"south_cotabato","type":"Municipality"}},{"type":"Feature","geometry":{"type":"MultiPolygon","coordinates":[[[[125.0269,6.3934],[125.0181,6.3949],[125.0053,6.3893],[125.0016,6.3924],[124.997,6.3922],[124.991,6.3845],[124.9846,6.3824],[124.9778,6.3838],[124.9722,6.3827],[124.971,6.384],[124.9602,6.3821],[124.9568,6.3782],[124.9518,6.3822],[124.9465,6.38],[124.939,6.3797],[124.9318,6.3824],[124.9228,6.3776],[124.9222,6.3805],[124.917,6.3846],[124.9119,6.3862],[124.9118,6.3889],[124.9084,6.3903],[124.9087,6.393],[124.903,6.3977],[124.9025,6.4014],[124.8972,6.4076],[124.8985,6.4123],[124.9253,6.4231],[124.9192,6.4306],[124.9205,6.4314],[124.9185,6.4365],[124.928,6.4411],[124.9216,6.455],[124.9296,6.4548],[124.9327,6.4522],[124.9441,6.4533],[124.947,6.4509],[124.9536,6.4516],[124.9607,6.4591],[124.9694,6.4625],[124.9715,6.4673],[124.9793,6.4746],[124.989,6.4741],[124.9949,6.4802],[124.9966,6.4869],[124.9947,6.4932],[125.02,6.5357],[125.1131,6.5333],[125.1968,6.5361],[125.1987,6.5102],[125.1893,6.4858],[125.1717,6.4695],[125.157,6.4637],[125.1503,6.4447],[125.1492,6.4373],[125.1421,6.4223],[125.136,6.4204],[125.1145,6.4222],[125.112,6.4169],[125.0269,6.3934]]]]},"properties":{"ADM3_EN":"Tampakan","name":"Tampakan","ADM3_PCODE":"PH126314000","psgc_code":"126314000","ADM2_EN":"South Cotabato","ADM2_PCODE":"PH1263","ADM1_EN":"Regions XI & XII (Davao & SOCCSKSARGEN)","ADM1_PCODE":"PH11","ADM0_EN":"Philippines (the)","ADM0_PCODE":"PH","region_key":"mindanao_south","province_key":"south_cotabato","type":"Municipality"}},{"type":"Feature","geometry":{"type":"MultiPolygon","coordinates":[[[[124.7912,6.4667],[124.7776,6.4728],[124.778,6.4772],[124.7717,6.481],[124.7719,6.484],[124.7591,6.4949],[124.753,6.4953],[124.7509,6.4971],[124.7532,6.5017],[124.7506,6.5025],[124.7506,6.5047],[124.7468,6.5075],[124.7446,6.5121],[124.7403,6.5146],[124.7361,6.5275],[124.7315,6.5318],[124.7293,6.5381],[124.7274,6.5375],[124.7257,6.5429],[124.7218,6.5431],[124.7223,6.5474],[124.7171,6.5589],[124.7182,6.5604],[124.7153,6.572],[124.7109,6.576],[124.7068,6.5726],[124.6945,6.5709],[124.6882,6.5665],[124.6843,6.5802],[124.6399,6.5887],[124.642,6.6029],[124.6401,6.6093],[124.6434,6.6162],[124.6426,6.6209],[124.6563,6.6279],[124.6735,6.5994],[124.7503,6.671],[124.834,6.5321],[124.848,6.5327],[124.845,6.5164],[124.8197,6.5036],[124.8098,6.4926],[124.8072,6.4939],[124.795,6.4769],[124.7935,6.4721],[124.792,6.4721],[124.7912,6.4667]]]]},"properties":{"ADM3_EN":"Tantangan","name":"Tantangan","ADM3_PCODE":"PH126315000","psgc_code":"126315000","ADM2_EN":"South Cotabato","ADM2_PCODE":"PH1263","ADM1_EN":"Regions XI & XII (Davao & SOCCSKSARGEN)","ADM1_PCODE":"PH11","ADM0_EN":"Philippines (the)","ADM0_PCODE":"PH","region_key":"mindanao_south","province_key":"south_cotabato","type":"Municipality"}},{"type":"Feature","geometry":{"type":"MultiPolygon","coordinates":[[[[124.974,6.2372],[124.9736,6.235],[124.9632,6.2477],[124.9616,6.2453],[124.9575,6.2486],[124.9528,6.2473],[124.9386,6.2518],[124.9402,6.264],[124.938,6.2666],[124.9404,6.2732],[124.9274,6.2888],[124.9156,6.2856],[124.912,6.2871],[124.9028,6.2946],[124.8984,6.3016],[124.8922,6.3037],[124.8851,6.3147],[124.8852,6.3198],[124.8831,6.3254],[124.8848,6.3296],[124.8833,6.3314],[124.8796,6.3316],[124.8691,6.348],[124.8694,6.3556],[124.873,6.36],[124.8723,6.3623],[124.8776,6.3685],[124.882,6.3692],[124.8835,6.3729],[124.8931,6.3816],[124.8979,6.3787],[124.8967,6.3741],[124.9008,6.3714],[124.9054,6.3743],[124.9093,6.3735],[124.9109,6.3816],[124.9084,6.3903],[124.9118,6.3889],[124.9119,6.3862],[124.917,6.3846],[124.9222,6.3805],[124.9228,6.3776],[124.9318,6.3824],[124.939,6.3797],[124.9465,6.38],[124.9518,6.3822],[124.9568,6.3782],[124.9602,6.3821],[124.9679,6.3836],[124.9887,6.3833],[124.997,6.3922],[125.0016,6.3924],[125.0053,6.3893],[125.0181,6.3949],[125.0269,6.3934],[125.112,6.4169],[125.0754,6.3425],[125.0425,6.3164],[125.0421,6.3197],[125.0396,6.32],[125.0334,6.3079],[124.9832,6.2625],[124.9878,6.2555],[124.9809,6.2496],[124.974,6.2372]]]]},"properties":{"ADM3_EN":"Tupi","name":"Tupi","ADM3_PCODE":"PH126317000","psgc_code":"126317000","ADM2_EN":"South Cotabato","ADM2_PCODE":"PH1263","ADM1_EN":"Regions XI & XII (Davao & SOCCSKSARGEN)","ADM1_PCODE":"PH11","ADM0_EN":"Philippines (the)","ADM0_PCODE":"PH","region_key":"mindanao_south","province_key":"south_cotabato","type":"Municipality"}},{"type":"Feature","geometry":{"type":"MultiPolygon","coordinates":[[[[124.5608,6.325],[124.5539,6.3242],[124.5443,6.3344],[124.4518,6.3314],[124.4606,6.3538],[124.4632,6.3659],[124.4601,6.381],[124.4532,6.3935],[124.4526,6.4017],[124.4414,6.4113],[124.4261,6.4071],[124.3693,6.5153],[124.4183,6.5584],[124.48,6.6171],[124.5834,6.6184],[124.5859,6.6144],[124.5855,6.6065],[124.5878,6.5921],[124.5945,6.581],[124.5922,6.575],[124.5931,6.5696],[124.5965,6.569],[124.599,6.5655],[124.6029,6.5431],[124.6057,6.5387],[124.6036,6.5139],[124.6111,6.5104],[124.6119,6.5078],[124.6124,6.5013],[124.6098,6.4895],[124.6108,6.4876],[124.6176,6.4899],[124.6227,6.4883],[124.6225,6.4855],[124.6159,6.48],[124.6153,6.477],[124.618,6.4705],[124.624,6.4659],[124.6204,6.4598],[124.6212,6.4566],[124.6239,6.455],[124.6302,6.4572],[124.634,6.4558],[124.6363,6.4532],[124.6345,6.4519],[124.6366,6.4441],[124.6413,6.4443],[124.6424,6.4411],[124.6421,6.4355],[124.6345,6.4321],[124.6423,6.4213],[124.6423,6.4159],[124.6441,6.4144],[124.6457,6.4062],[124.6431,6.4021],[124.6455,6.3995],[124.6412,6.3964],[124.6381,6.3994],[124.6357,6.3966],[124.6359,6.3947],[124.6317,6.3924],[124.6322,6.3874],[124.6364,6.386],[124.6366,6.3831],[124.6311,6.3801],[124.6282,6.3756],[124.6301,6.3682],[124.6265,6.3608],[124.6209,6.3579],[124.6225,6.3551],[124.6219,6.3499],[124.6191,6.3455],[124.6153,6.3433],[124.6148,6.3348],[124.6121,6.332],[124.6058,6.3317],[124.6007,6.3285],[124.5997,6.3191],[124.5958,6.316],[124.5734,6.3307],[124.5661,6.3286],[124.5608,6.325]]]]},"properties":{"ADM3_EN":"Bagumbayan","name":"Bagumbayan","ADM3_PCODE":"PH126501000","psgc_code":"126501000","ADM2_EN":"Sultan Kudarat","ADM2_PCODE":"PH1265","ADM1_EN":"Regions XI & XII (Davao & SOCCSKSARGEN)","ADM1_PCODE":"PH11","ADM0_EN":"Philippines (the)","ADM0_PCODE":"PH","region_key":"mindanao_south","province_key":"sultan_kudarat","type":"Municipality"}},{"type":"Feature","geometry":{"type":"MultiPolygon","coordinates":[[[[124.9481,6.5616],[124.8958,6.6607],[124.9022,6.6672],[124.9149,6.6733],[124.9291,6.6863],[124.942,6.6905],[124.9578,6.6982],[124.9679,6.7071],[125.0037,6.7206],[125.0131,6.7257],[125.0991,6.7541],[125.1208,6.7563],[125.1289,6.7501],[125.1347,6.7496],[125.1481,6.7376],[125.1518,6.7315],[125.1432,6.7248],[125.1321,6.7234],[125.133,6.7047],[125.1314,6.6932],[125.1333,6.6808],[125.1461,6.6692],[125.1532,6.6591],[125.1577,6.6564],[125.175,6.6348],[125.1813,6.622],[125.1929,6.5933],[125.194,6.5612],[125.1964,6.5492],[125.1968,6.5361],[125.1131,6.5333],[125.02,6.5357],[124.9621,6.5349],[124.9481,6.5616]]]]},"properties":{"ADM3_EN":"Columbio","name":"Columbio","ADM3_PCODE":"PH126502000","psgc_code":"126502000","ADM2_EN":"Sultan Kudarat","ADM2_PCODE":"PH1265","ADM1_EN":"Regions XI & XII (Davao & SOCCSKSARGEN)","ADM1_PCODE":"PH11","ADM0_EN":"Philippines (the)","ADM0_PCODE":"PH","region_key":"mindanao_south","province_key":"sultan_kudarat","type":"Municipality"}},{"type":"Feature","geometry":{"type":"MultiPolygon","coordinates":[[[[124.4926,6.6574],[124.4475,6.6549],[124.283,6.6547],[124.2825,6.724],[124.5109,6.7232],[124.5758,6.784],[124.5827,6.7782],[124.5856,6.7682],[124.5934,6.7653],[124.5867,6.7584],[124.5848,6.7501],[124.5871,6.7442],[124.5922,6.7378],[124.5944,6.7281],[124.5902,6.7212],[124.5926,6.7168],[124.59,6.7096],[124.5875,6.7085],[124.5883,6.7024],[124.5857,6.6996],[124.5802,6.6985],[124.5775,6.6961],[124.5789,6.6912],[124.5748,6.6877],[124.5779,6.6841],[124.5719,6.6807],[124.5677,6.6752],[124.5681,6.67],[124.5639,6.6625],[124.5671,6.6603],[124.5668,6.6563],[124.4926,6.6574]]]]},"properties":{"ADM3_EN":"Esperanza","name":"Esperanza","ADM3_PCODE":"PH126503000","psgc_code":"126503000","ADM2_EN":"Sultan Kudarat","ADM2_PCODE":"PH1265","ADM1_EN":"Regions XI & XII (Davao & SOCCSKSARGEN)","ADM1_PCODE":"PH11","ADM0_EN":"Philippines (the)","ADM0_PCODE":"PH","region_key":"mindanao_south","province_key":"sultan_kudarat","type":"Municipality"}},{"type":"Feature","geometry":{"type":"MultiPolygon","coordinates":[[[[124.6062,6.5354],[124.6029,6.5431],[124.599,6.5655],[124.5965,6.569],[124.5931,6.5696],[124.5922,6.575],[124.5945,6.581],[124.5878,6.5921],[124.5855,6.6065],[124.5859,6.6144],[124.5834,6.6184],[124.48,6.6171],[124.4183,6.5584],[124.3693,6.5153],[124.2832,6.519],[124.2852,6.61],[124.283,6.6547],[124.4475,6.6549],[124.4926,6.6574],[124.5668,6.6563],[124.5671,6.6603],[124.5639,6.6625],[124.564,6.664],[124.5681,6.67],[124.5683,6.6762],[124.5719,6.6807],[124.5779,6.6841],[124.5748,6.6877],[124.5789,6.6912],[124.5775,6.6961],[124.5874,6.7008],[124.5875,6.7085],[124.5934,6.7096],[124.5983,6.7077],[124.6003,6.6966],[124.604,6.6932],[124.6063,6.693],[124.6042,6.6906],[124.6069,6.6914],[124.6073,6.6893],[124.6089,6.6907],[124.6078,6.6864],[124.6121,6.6776],[124.6236,6.6775],[124.6278,6.6709],[124.6282,6.6594],[124.6302,6.6529],[124.6253,6.6451],[124.6325,6.6371],[124.6438,6.6183],[124.6401,6.6093],[124.642,6.6029],[124.6386,6.5856],[124.6272,6.5716],[124.6131,6.5384],[124.6044,6.5263],[124.6062,6.5354]]]]},"properties":{"ADM3_EN":"Isulan","name":"Isulan","ADM3_PCODE":"PH126504000","psgc_code":"126504000","ADM2_EN":"Sultan Kudarat","ADM2_PCODE":"PH1265","ADM1_EN":"Regions XI & XII (Davao & SOCCSKSARGEN)","ADM1_PCODE":"PH11","ADM0_EN":"Philippines (the)","ADM0_PCODE":"PH","region_key":"mindanao_south","province_key":"sultan_kudarat","type":"Municipality"}},{"type":"Feature","geometry":{"type":"MultiPolygon","coordinates":[[[[124.2729,6.4326],[124.2023,6.4342],[124.0436,6.4332],[124.0439,6.4381],[124.0417,6.4442],[124.0366,6.4483],[124.0301,6.4485],[124.03,6.4525],[124.0272,6.4567],[124.0297,6.4594],[124.0333,6.4588],[124.0364,6.4544],[124.0417,6.4525],[124.0394,6.4717],[124.0358,6.47],[124.0322,6.475],[124.0372,6.4761],[124.0389,6.4786],[124.0381,6.4819],[124.0394,6.4858],[124.0353,6.4906],[124.0372,6.4953],[124.0342,6.5003],[124.0289,6.4978],[124.0242,6.5075],[124.0261,6.5111],[124.0311,6.5128],[124.0328,6.5175],[124.0247,6.5222],[124.02,6.5228],[124.0211,6.5253],[124.0203,6.5306],[124.025,6.5319],[124.0247,6.5372],[124.0269,6.5356],[124.0294,6.5381],[124.0394,6.533],[124.0394,6.5311],[124.0425,6.5292],[124.0475,6.5361],[124.0492,6.5333],[124.0511,6.5336],[124.0575,6.54],[124.0603,6.5403],[124.0633,6.5431],[124.0636,6.5461],[124.0489,6.5514],[124.0419,6.5574],[124.0356,6.5528],[124.0381,6.5603],[124.0364,6.5603],[124.0347,6.5628],[124.0364,6.5681],[124.0339,6.5717],[124.0353,6.5728],[124.0383,6.5711],[124.0417,6.5742],[124.0453,6.5864],[124.0509,6.5907],[124.2845,6.5888],[124.2819,6.4328],[124.2729,6.4326]]]]},"properties":{"ADM3_EN":"Kalamansig","name":"Kalamansig","ADM3_PCODE":"PH126505000","psgc_code":"126505000","ADM2_EN":"Sultan Kudarat","ADM2_PCODE":"PH1265","ADM1_EN":"Regions XI & XII (Davao & SOCCSKSARGEN)","ADM1_PCODE":"PH11","ADM0_EN":"Philippines (the)","ADM0_PCODE":"PH","region_key":"mindanao_south","province_key":"sultan_kudarat","type":"Municipality"}},{"type":"Feature","geometry":{"type":"MultiPolygon","coordinates":[[[[124.6236,6.6775],[124.6121,6.6776],[124.6078,6.6864],[124.6089,6.6907],[124.6073,6.6893],[124.6069,6.6914],[124.6042,6.6906],[124.6063,6.693],[124.604,6.6932],[124.6003,6.6966],[124.5983,6.7077],[124.59,6.7096],[124.5926,6.7168],[124.5902,6.7212],[124.594,6.726],[124.5942,6.7305],[124.5919,6.7386],[124.5855,6.7478],[124.5849,6.7526],[124.5867,6.7584],[124.5934,6.7653],[124.5856,6.7682],[124.5827,6.7782],[124.5758,6.784],[124.5764,6.7903],[124.5798,6.7956],[124.5735,6.8064],[124.5765,6.8177],[124.5739,6.8214],[124.5629,6.8272],[124.5624,6.8325],[124.5648,6.8441],[124.5577,6.8553],[124.5563,6.8617],[124.6583,6.8834],[124.6556,6.8704],[124.6958,6.8682],[124.6784,6.816],[124.6538,6.75],[124.6346,6.7118],[124.6363,6.7002],[124.6342,6.6957],[124.6345,6.6877],[124.628,6.67],[124.6236,6.6775]]]]},"properties":{"ADM3_EN":"Lambayong","name":"Lambayong","ADM3_PCODE":"PH126508000","psgc_code":"126508000","ADM2_EN":"Sultan Kudarat","ADM2_PCODE":"PH1265","ADM1_EN":"Regions XI & XII (Davao & SOCCSKSARGEN)","ADM1_PCODE":"PH11","ADM0_EN":"Philippines (the)","ADM0_PCODE":"PH","region_key":"mindanao_south","province_key":"sultan_kudarat","type":"Municipality"}},{"type":"Feature","geometry":{"type":"MultiPolygon","coordinates":[[[[124.0514,6.5923],[124.0553,6.6017],[124.0522,6.6142],[124.0522,6.6272],[124.0506,6.6339],[124.0347,6.6711],[124.0356,6.6786],[124.03,6.6839],[124.0247,6.6936],[124.0181,6.7081],[124.0153,6.7183],[124.0169,6.7217],[124.0161,6.725],[124.0186,6.7267],[124.0189,6.7289],[124.0322,6.7408],[124.0361,6.7467],[124.0383,6.7458],[124.0411,6.7508],[124.2075,6.7506],[124.2653,6.7535],[124.2825,6.724],[124.283,6.6547],[124.285,6.6262],[124.2845,6.5888],[124.0499,6.5906],[124.0514,6.5923]]]]},"properties":{"ADM3_EN":"Lebak","name":"Lebak","ADM3_PCODE":"PH126506000","psgc_code":"126506000","ADM2_EN":"Sultan Kudarat","ADM2_PCODE":"PH1265","ADM1_EN":"Regions XI & XII (Davao & SOCCSKSARGEN)","ADM1_PCODE":"PH11","ADM0_EN":"Philippines (the)","ADM0_PCODE":"PH","region_key":"mindanao_south","province_key":"sultan_kudarat","type":"Municipality"}},{"type":"Feature","geometry":{"type":"MultiPolygon","coordinates":[[[[124.8242,6.5489],[124.7886,6.6091],[124.7971,6.6187],[124.798,6.6159],[124.8173,6.6101],[124.8263,6.6054],[124.8283,6.6069],[124.8313,6.606],[124.8381,6.6072],[124.8453,6.6191],[124.8475,6.6267],[124.8533,6.6335],[124.8779,6.6337],[124.8781,6.6366],[124.8637,6.6537],[124.883,6.6557],[124.8935,6.6615],[124.8958,6.6607],[124.9007,6.6517],[124.9621,6.5349],[124.834,6.5321],[124.8242,6.5489]]]]},"properties":{"ADM3_EN":"Lutayan","name":"Lutayan","ADM3_PCODE":"PH126507000","psgc_code":"126507000","ADM2_EN":"Sultan Kudarat","ADM2_PCODE":"PH1265","ADM1_EN":"Regions XI & XII (Davao & SOCCSKSARGEN)","ADM1_PCODE":"PH11","ADM0_EN":"Philippines (the)","ADM0_PCODE":"PH","region_key":"mindanao_south","province_key":"sultan_kudarat","type":"Municipality"}},{"type":"Feature","geometry":{"type":"MultiPolygon","coordinates":[[[[124.3964,6.213],[124.396,6.2093],[124.3886,6.2062],[124.3922,6.1922],[124.3812,6.181],[124.3781,6.1737],[124.3674,6.1627],[124.3619,6.1543],[124.3613,6.1468],[124.3589,6.1455],[124.3561,6.1387],[124.3575,6.1364],[124.3574,6.1303],[124.3539,6.1258],[124.3521,6.1184],[124.3372,6.1144],[124.3251,6.1136],[124.2964,6.1417],[124.2872,6.1464],[124.2858,6.1503],[124.2783,6.1564],[124.2753,6.1578],[124.2667,6.1547],[124.2651,6.1523],[124.261,6.1528],[124.2592,6.1553],[124.2468,6.1619],[124.215,6.1936],[124.2092,6.1957],[124.1967,6.2044],[124.19,6.2064],[124.1844,6.2108],[124.1797,6.2214],[124.1808,6.2325],[124.1705,6.2511],[124.1714,6.2608],[124.1681,6.2669],[124.1678,6.2722],[124.1608,6.275],[124.1553,6.2717],[124.1508,6.2811],[124.1458,6.285],[124.1397,6.2861],[124.1367,6.2931],[124.1244,6.3061],[124.1111,6.3186],[124.1078,6.3194],[124.1075,6.3231],[124.0992,6.3325],[124.0925,6.3517],[124.0831,6.3644],[124.0808,6.3708],[124.0825,6.3739],[124.0825,6.3814],[124.0769,6.39],[124.0692,6.3958],[124.0665,6.3952],[124.0653,6.3903],[124.0626,6.3886],[124.0647,6.3801],[124.0583,6.3792],[124.0564,6.3762],[124.0554,6.3792],[124.057,6.3833],[124.0528,6.3875],[124.0517,6.3936],[124.0467,6.4006],[124.0467,6.4028],[124.0497,6.4056],[124.0492,6.4125],[124.0438,6.414],[124.0444,6.4181],[124.0425,6.4216],[124.0406,6.4236],[124.0358,6.4236],[124.0355,6.4258],[124.0422,6.4306],[124.0436,6.4332],[124.2023,6.4342],[124.2819,6.4328],[124.2814,6.307],[124.3179,6.2406],[124.3468,6.2298],[124.3595,6.2277],[124.3964,6.213]]]]},"properties":{"ADM3_EN":"Palimbang","name":"Palimbang","ADM3_PCODE":"PH126509000","psgc_code":"126509000","ADM2_EN":"Sultan Kudarat","ADM2_PCODE":"PH1265","ADM1_EN":"Regions XI & XII (Davao & SOCCSKSARGEN)","ADM1_PCODE":"PH11","ADM0_EN":"Philippines (the)","ADM0_PCODE":"PH","region_key":"mindanao_south","province_key":"sultan_kudarat","type":"Municipality"}},{"type":"Feature","geometry":{"type":"MultiPolygon","coordinates":[[[[124.7994,6.6494],[124.7931,6.6455],[124.7874,6.6367],[124.7866,6.6283],[124.7878,6.6245],[124.7905,6.6212],[124.7971,6.6187],[124.7886,6.6091],[124.7441,6.6807],[124.7221,6.7119],[124.681,6.7817],[124.7459,6.782],[124.7486,6.7481],[124.7551,6.7349],[124.7723,6.7164],[124.7747,6.6844],[124.7783,6.6729],[124.789,6.6569],[124.7994,6.6494]]],[[[124.7932,6.6416],[124.7928,6.6418],[124.7925,6.6429],[124.7936,6.6426],[124.7932,6.6416]]]]},"properties":{"ADM3_EN":"President Quirino","name":"President Quirino","ADM3_PCODE":"PH126510000","psgc_code":"126510000","ADM2_EN":"Sultan Kudarat","ADM2_PCODE":"PH1265","ADM1_EN":"Regions XI & XII (Davao & SOCCSKSARGEN)","ADM1_PCODE":"PH11","ADM0_EN":"Philippines (the)","ADM0_PCODE":"PH","region_key":"mindanao_south","province_key":"sultan_kudarat","type":"Municipality"}},{"type":"Feature","geometry":{"type":"MultiPolygon","coordinates":[[[[124.4287,6.4082],[124.4414,6.4113],[124.4501,6.405],[124.4526,6.4017],[124.4537,6.3922],[124.4619,6.3758],[124.4632,6.3659],[124.4621,6.3585],[124.4518,6.3314],[124.2809,6.327],[124.2832,6.519],[124.3693,6.5153],[124.4261,6.4071],[124.4287,6.4082]]]]},"properties":{"ADM3_EN":"Senator Ninoy Aquino","name":"Senator Ninoy Aquino","ADM3_PCODE":"PH126512000","psgc_code":"126512000","ADM2_EN":"Sultan Kudarat","ADM2_PCODE":"PH1265","ADM1_EN":"Regions XI & XII (Davao & SOCCSKSARGEN)","ADM1_PCODE":"PH11","ADM0_EN":"Philippines (the)","ADM0_PCODE":"PH","region_key":"mindanao_south","province_key":"sultan_kudarat","type":"Municipality"}},{"type":"Feature","geometry":{"type":"MultiPolygon","coordinates":[[[[124.6402,6.623],[124.6325,6.6371],[124.6253,6.6451],[124.63,6.6518],[124.6275,6.6649],[124.6295,6.6755],[124.6345,6.6877],[124.6342,6.6957],[124.6363,6.7002],[124.6345,6.7115],[124.6538,6.75],[124.6663,6.7837],[124.681,6.7817],[124.7221,6.7119],[124.7503,6.671],[124.6735,6.5994],[124.6563,6.6279],[124.6426,6.6209],[124.6402,6.623]]]]},"properties":{"ADM3_EN":"Tacurong City","name":"Tacurong City","ADM3_PCODE":"PH126511000","psgc_code":"126511000","ADM2_EN":"Sultan Kudarat","ADM2_PCODE":"PH1265","ADM1_EN":"Regions XI & XII (Davao & SOCCSKSARGEN)","ADM1_PCODE":"PH11","ADM0_EN":"Philippines (the)","ADM0_PCODE":"PH","region_key":"mindanao_south","province_key":"sultan_kudarat","type":"City"}}]}