{"type":"FeatureCollection","name":"panay_guimaras_municipalities","crs":{"type":"name","properties":{"name":"urn:ogc:def:crs:OGC:1.3:CRS84"}},"features":[{"type":"Feature","geometry":{"type":"MultiPolygon","coordinates":[[[[122.4653,11.4785],[122.4534,11.4797],[122.4079,11.479],[122.4088,11.4832],[122.4051,11.4927],[122.4041,11.5032],[122.402,11.5082],[122.4032,11.5145],[122.4117,11.5223],[122.4075,11.5305],[122.4076,11.5369],[122.4122,11.543],[122.4177,11.543],[122.4215,11.5487],[122.4215,11.5515],[122.4305,11.5499],[122.4441,11.5507],[122.449,11.5532],[122.4498,11.5564],[122.4558,11.5547],[122.4583,11.5517],[122.4619,11.5558],[122.4639,11.555],[122.4644,11.5525],[122.4686,11.5533],[122.4698,11.5517],[122.4772,11.5567],[122.4815,11.5548],[122.4808,11.5574],[122.4864,11.5615],[122.4892,11.5607],[122.4918,11.5564],[122.4915,11.552],[122.494,11.5507],[122.4944,11.5449],[122.501,11.5417],[122.5017,11.5386],[122.4999,11.5366],[122.5015,11.5332],[122.5052,11.5313],[122.5062,11.5274],[122.5082,11.5272],[122.5089,11.5253],[122.5141,11.5244],[122.5182,11.5259],[122.5193,11.5278],[122.5219,11.5262],[122.5282,11.5261],[122.5346,11.5176],[122.5375,11.5353],[122.5421,11.5356],[122.5546,11.5321],[122.5604,11.5326],[122.5454,11.51],[122.5295,11.4911],[122.5222,11.4858],[122.5108,11.4804],[122.5012,11.4782],[122.4762,11.4783],[122.4739,11.4766],[122.4653,11.4785]]]]},"properties":{"ADM3_EN":"Altavas","name":"Altavas","ADM3_PCODE":"PH60401000","psgc_code":"60401000","ADM2_EN":"Aklan","ADM2_PCODE":"PH6040","ADM1_EN":"Region VI (Western Visayas)","ADM1_PCODE":"PH06","ADM0_EN":"Philippines (the)","ADM0_PCODE":"PH","region_key":"panay_guimaras","province_key":"aklan","type":"Municipality"}},{"type":"Feature","geometry":{"type":"MultiPolygon","coordinates":[[[[122.3825,11.4523],[122.3749,11.4409],[122.366,11.4325],[122.3501,11.4399],[122.3434,11.4471],[122.3415,11.4528],[122.3437,11.4595],[122.3511,11.468],[122.3523,11.4734],[122.3636,11.4874],[122.367,11.4953],[122.368,11.5035],[122.3668,11.5111],[122.3638,11.5141],[122.3511,11.5084],[122.3361,11.5323],[122.3323,11.5357],[122.3392,11.5544],[122.3373,11.5574],[122.3436,11.5677],[122.3467,11.5674],[122.359,11.5837],[122.3546,11.5936],[122.357,11.599],[122.3548,11.6038],[122.3563,11.6092],[122.3552,11.6102],[122.3597,11.6133],[122.3675,11.6152],[122.3718,11.6131],[122.3753,11.6169],[122.3781,11.6132],[122.38,11.6058],[122.3864,11.5991],[122.387,11.5932],[122.3937,11.5934],[122.4015,11.5906],[122.4037,11.5878],[122.4016,11.5857],[122.4031,11.5827],[122.4022,11.586],[122.4089,11.5831],[122.414,11.5787],[122.4152,11.576],[122.4131,11.5754],[122.4133,11.5731],[122.4172,11.5661],[122.4218,11.5501],[122.4177,11.543],[122.4122,11.543],[122.4076,11.5369],[122.4075,11.5305],[122.4117,11.5223],[122.4032,11.5145],[122.402,11.5082],[122.4041,11.5032],[122.4051,11.4927],[122.4088,11.4832],[122.4079,11.479],[122.3947,11.4791],[122.3825,11.4523]]]]},"properties":{"ADM3_EN":"Balete","name":"Balete","ADM3_PCODE":"PH60402000","psgc_code":"60402000","ADM2_EN":"Aklan","ADM2_PCODE":"PH6040","ADM1_EN":"Region VI (Western Visayas)","ADM1_PCODE":"PH06","ADM0_EN":"Philippines (the)","ADM0_PCODE":"PH","region_key":"panay_guimaras","province_key":"aklan","type":"Municipality"}},{"type":"Feature","geometry":{"type":"MultiPolygon","coordinates":[[[[122.3096,11.5349],[122.2994,11.5528],[122.2942,11.5512],[122.2927,11.5527],[122.2914,11.5618],[122.294,11.5687],[122.2964,11.5692],[122.3006,11.575],[122.3048,11.5758],[122.3071,11.5818],[122.3133,11.5902],[122.3143,11.6128],[122.3102,11.6247],[122.3143,11.6291],[122.3153,11.6353],[122.3166,11.6335],[122.3138,11.6383],[122.3108,11.6398],[122.3233,11.6498],[122.3313,11.6537],[122.3338,11.6603],[122.3365,11.6622],[122.3422,11.662],[122.3439,11.6644],[122.3568,11.6579],[122.354,11.6542],[122.3542,11.6485],[122.3597,11.6386],[122.3645,11.6341],[122.369,11.6222],[122.3737,11.6159],[122.3718,11.6131],[122.3675,11.6152],[122.3597,11.6133],[122.3552,11.6102],[122.3563,11.6092],[122.3548,11.6038],[122.357,11.599],[122.3546,11.5936],[122.359,11.5837],[122.3467,11.5674],[122.3436,11.5677],[122.3373,11.5574],[122.3392,11.5544],[122.3323,11.5357],[122.3096,11.5349]]]]},"properties":{"ADM3_EN":"Banga","name":"Banga","ADM3_PCODE":"PH60403000","psgc_code":"60403000","ADM2_EN":"Aklan","ADM2_PCODE":"PH6040","ADM1_EN":"Region VI (Western Visayas)","ADM1_PCODE":"PH06","ADM0_EN":"Philippines (the)","ADM0_PCODE":"PH","region_key":"panay_guimaras","province_key":"aklan","type":"Municipality"}},{"type":"Feature","geometry":{"type":"MultiPolygon","coordinates":[[[[122.5303,11.5239],[122.5282,11.5261],[122.5219,11.5262],[122.5193,11.5278],[122.5182,11.5259],[122.5127,11.5243],[122.5062,11.5274],[122.5052,11.5313],[122.5015,11.5332],[122.4999,11.5366],[122.5017,11.5386],[122.501,11.5417],[122.4944,11.5449],[122.494,11.5507],[122.4915,11.552],[122.4918,11.5564],[122.4892,11.5607],[122.4864,11.5615],[122.4949,11.5726],[122.4955,11.5824],[122.4942,11.5865],[122.4953,11.59],[122.4931,11.5914],[122.4961,11.5956],[122.5086,11.5925],[122.5267,11.5842],[122.5292,11.585],[122.5317,11.5786],[122.5342,11.5769],[122.5342,11.5747],[122.5308,11.5714],[122.5272,11.5708],[122.5242,11.5733],[122.5235,11.5704],[122.5208,11.5708],[122.5183,11.5678],[122.5158,11.5686],[122.5133,11.5664],[122.5108,11.5672],[122.513,11.5636],[122.5119,11.5617],[122.5144,11.5619],[122.5197,11.5672],[122.5228,11.5664],[122.5247,11.5703],[122.5292,11.5642],[122.5314,11.5669],[122.5293,11.5686],[122.5298,11.5697],[122.5328,11.5683],[122.5369,11.5703],[122.535,11.5722],[122.5364,11.5797],[122.5481,11.5775],[122.5561,11.5717],[122.5656,11.5694],[122.5748,11.5643],[122.5777,11.5548],[122.5751,11.5533],[122.5714,11.5564],[122.5725,11.5625],[122.5714,11.5636],[122.5697,11.5622],[122.5697,11.5639],[122.5658,11.5669],[122.5614,11.5661],[122.5658,11.5639],[122.5667,11.5614],[122.5631,11.5642],[122.5558,11.5656],[122.5533,11.5636],[122.5519,11.5644],[122.5503,11.5608],[122.5439,11.5644],[122.5392,11.5631],[122.5375,11.5581],[122.5436,11.5542],[122.5472,11.5553],[122.5508,11.5536],[122.5522,11.5547],[122.5542,11.5519],[122.557,11.5547],[122.5586,11.5525],[122.5633,11.5514],[122.5656,11.555],[122.5725,11.5508],[122.5755,11.5517],[122.5781,11.5494],[122.5756,11.5472],[122.5758,11.5449],[122.5778,11.5436],[122.5754,11.5349],[122.5707,11.5345],[122.5666,11.5319],[122.5588,11.5334],[122.5546,11.5321],[122.5421,11.5356],[122.5375,11.5353],[122.5346,11.5176],[122.5303,11.5239]]],[[[122.4731,11.5658],[122.4747,11.5672],[122.4742,11.5694],[122.4647,11.5733],[122.4614,11.5803],[122.4547,11.5767],[122.4439,11.5789],[122.4428,11.5781],[122.443,11.5689],[122.4524,11.5556],[122.4494,11.5563],[122.449,11.5532],[122.4441,11.5507],[122.4224,11.5509],[122.4199,11.5532],[122.4172,11.5661],[122.4133,11.5731],[122.4131,11.5754],[122.4152,11.576],[122.414,11.5787],[122.4089,11.5831],[122.4022,11.586],[122.4033,11.5837],[122.4035,11.5831],[122.4031,11.5827],[122.4016,11.5857],[122.4037,11.5878],[122.4015,11.5906],[122.3937,11.5934],[122.387,11.5932],[122.3864,11.5991],[122.38,11.6058],[122.3781,11.6132],[122.3856,11.6156],[122.3937,11.612],[122.3954,11.6144],[122.3951,11.6203],[122.3973,11.6209],[122.4003,11.6186],[122.4041,11.6201],[122.4031,11.6129],[122.4069,11.6073],[122.4108,11.6092],[122.4156,11.6028],[122.4192,11.6033],[122.4203,11.5989],[122.4183,11.6008],[122.4172,11.5989],[122.4192,11.5964],[122.4228,11.5958],[122.4208,11.5933],[122.4233,11.5936],[122.4258,11.5964],[122.4264,11.5953],[122.4236,11.5922],[122.4289,11.5872],[122.4344,11.5867],[122.4355,11.5878],[122.4378,11.5864],[122.4403,11.5886],[122.4435,11.5884],[122.4417,11.594],[122.4415,11.6041],[122.4464,11.6081],[122.4503,11.6086],[122.4564,11.6006],[122.4669,11.6003],[122.4658,11.5936],[122.4692,11.5867],[122.4767,11.58],[122.4839,11.5764],[122.487,11.5719],[122.4861,11.565],[122.4831,11.5619],[122.4769,11.5619],[122.4731,11.5658]],[[122.4035,11.6193],[122.4024,11.6188],[122.4022,11.6183],[122.4036,11.6187],[122.4035,11.6193]]],[[[122.4364,11.5956],[122.4347,11.5975],[122.4289,11.5956],[122.4267,11.5978],[122.4294,11.6003],[122.4311,11.5983],[122.4355,11.5992],[122.4395,11.6036],[122.44,11.6003],[122.4367,11.5983],[122.4375,11.5958],[122.4364,11.5956]]]]},"properties":{"ADM3_EN":"Batan","name":"Batan","ADM3_PCODE":"PH60404000","psgc_code":"60404000","ADM2_EN":"Aklan","ADM2_PCODE":"PH6040","ADM1_EN":"Region VI (Western Visayas)","ADM1_PCODE":"PH06","ADM0_EN":"Philippines (the)","ADM0_PCODE":"PH","region_key":"panay_guimaras","province_key":"aklan","type":"Municipality"}},{"type":"Feature","geometry":{"type":"MultiPolygon","coordinates":[[[[121.8436,11.7638],[121.8545,11.7756],[121.8624,11.7817],[121.8657,11.7898],[121.8716,11.797],[121.8782,11.809],[121.8802,11.8153],[121.883,11.8267],[121.8818,11.832],[121.8863,11.8376],[121.888,11.85],[121.8837,11.8538],[121.8819,11.8649],[121.8775,11.8647],[121.8767,11.8664],[121.8802,11.8692],[121.8833,11.8761],[121.8817,11.8842],[121.885,11.8943],[121.8966,11.8817],[121.8975,11.8779],[121.8999,11.8777],[121.9024,11.8722],[121.9328,11.8592],[121.9537,11.8555],[121.9626,11.852],[121.9877,11.8391],[122.0106,11.8232],[122.0084,11.8226],[121.999,11.8262],[121.9869,11.8277],[121.9676,11.8237],[121.937,11.8223],[121.9306,11.8191],[121.9122,11.805],[121.9071,11.799],[121.9036,11.791],[121.8869,11.7783],[121.8686,11.7682],[121.8449,11.7624],[121.8435,11.7624],[121.8436,11.7638]]]]},"properties":{"ADM3_EN":"Buruanga","name":"Buruanga","ADM3_PCODE":"PH60405000","psgc_code":"60405000","ADM2_EN":"Aklan","ADM2_PCODE":"PH6040","ADM1_EN":"Region VI (Western Visayas)","ADM1_PCODE":"PH06","ADM0_EN":"Philippines (the)","ADM0_PCODE":"PH","region_key":"panay_guimaras","province_key":"aklan","type":"Municipality"}},{"type":"Feature","geometry":{"type":"MultiPolygon","coordinates":[[[[122.1942,11.6403],[122.1901,11.6386],[122.1717,11.6386],[122.1574,11.6413],[122.1417,11.647],[122.1464,11.6572],[122.1607,11.6737],[122.1675,11.6858],[122.177,11.7096],[122.1785,11.7191],[122.176,11.7228],[122.1741,11.7224],[122.174,11.7264],[122.171,11.7273],[122.1705,11.7329],[122.1678,11.7333],[122.1697,11.7403],[122.162,11.7578],[122.1505,11.7688],[122.1458,11.7686],[122.1432,11.772],[122.1238,11.7727],[122.1204,11.78],[122.108,11.7798],[122.1013,11.798],[122.0989,11.8021],[122.096,11.8013],[122.0953,11.8044],[122.0953,11.8212],[122.1002,11.8251],[122.1017,11.83],[122.1358,11.8247],[122.1636,11.8261],[122.1669,11.8211],[122.1686,11.8236],[122.1717,11.8225],[122.1847,11.8133],[122.1977,11.8075],[122.2078,11.8069],[122.2144,11.8092],[122.2203,11.8139],[122.2231,11.8133],[122.2188,11.798],[122.218,11.7848],[122.2103,11.7613],[122.2091,11.747],[122.2025,11.7115],[122.2009,11.6964],[122.2018,11.65],[122.1942,11.6403]]]]},"properties":{"ADM3_EN":"Ibajay","name":"Ibajay","ADM3_PCODE":"PH60406000","psgc_code":"60406000","ADM2_EN":"Aklan","ADM2_PCODE":"PH6040","ADM1_EN":"Region VI (Western Visayas)","ADM1_PCODE":"PH06","ADM0_EN":"Philippines (the)","ADM0_PCODE":"PH","region_key":"panay_guimaras","province_key":"aklan","type":"Municipality"}},{"type":"Feature","geometry":{"type":"MultiPolygon","coordinates":[[[[122.3434,11.6659],[122.3427,11.6688],[122.3459,11.6741],[122.3445,11.6753],[122.3441,11.6822],[122.3454,11.6868],[122.3534,11.6944],[122.3529,11.6981],[122.3561,11.6996],[122.3533,11.7068],[122.3551,11.7109],[122.3549,11.7096],[122.3574,11.7129],[122.3614,11.7137],[122.3607,11.7119],[122.3624,11.7086],[122.3614,11.7127],[122.3663,11.7139],[122.3698,11.7176],[122.3701,11.7204],[122.3734,11.7207],[122.3775,11.7247],[122.3774,11.726],[122.3783,11.7253],[122.3797,11.7264],[122.3802,11.7254],[122.3846,11.7257],[122.3863,11.7228],[122.3851,11.7216],[122.3882,11.7181],[122.3894,11.7103],[122.3925,11.7069],[122.3975,11.6961],[122.4122,11.6764],[122.4046,11.674],[122.405,11.6729],[122.4062,11.6737],[122.4064,11.6718],[122.4046,11.672],[122.4012,11.6638],[122.3942,11.6644],[122.3957,11.6691],[122.3939,11.6719],[122.3916,11.6714],[122.3869,11.6622],[122.3817,11.6621],[122.3804,11.6638],[122.3824,11.6654],[122.3822,11.6683],[122.3786,11.673],[122.3745,11.6752],[122.3723,11.6742],[122.3721,11.6718],[122.3685,11.671],[122.3633,11.6657],[122.36,11.6644],[122.3568,11.6579],[122.3438,11.6644],[122.3434,11.6659]]],[[[122.349,11.6924],[122.3496,11.6954],[122.3519,11.6971],[122.3528,11.6948],[122.3486,11.6901],[122.349,11.6924]]],[[[122.3725,11.725],[122.3728,11.7221],[122.3694,11.7201],[122.3694,11.7175],[122.3677,11.7162],[122.368,11.7199],[122.3653,11.727],[122.3668,11.7299],[122.3706,11.7309],[122.371,11.7383],[122.3739,11.7369],[122.3738,11.7305],[122.3717,11.7264],[122.3725,11.725]]],[[[122.377,11.7249],[122.3741,11.7236],[122.3728,11.7282],[122.3754,11.7309],[122.3802,11.7323],[122.3771,11.7295],[122.377,11.7249]]],[[[122.3829,11.7289],[122.3782,11.7268],[122.3772,11.7276],[122.3786,11.7305],[122.3829,11.7289]]],[[[122.381,11.7267],[122.3823,11.7274],[122.3844,11.7266],[122.3816,11.7257],[122.381,11.7267]]],[[[122.3832,11.7274],[122.3822,11.7277],[122.3863,11.727],[122.3851,11.7268],[122.3832,11.7274]]],[[[122.3851,11.7289],[122.3818,11.7305],[122.3844,11.7338],[122.3864,11.7323],[122.3851,11.7289]]],[[[122.3835,11.7335],[122.3819,11.7315],[122.3808,11.731],[122.382,11.7336],[122.3835,11.7335]]],[[[122.3803,11.7379],[122.3835,11.736],[122.3743,11.7306],[122.3748,11.736],[122.3727,11.7382],[122.3803,11.7379]]]]},"properties":{"ADM3_EN":"Kalibo","name":"Kalibo","ADM3_PCODE":"PH60407000","psgc_code":"60407000","ADM2_EN":"Aklan","ADM2_PCODE":"PH6040","ADM1_EN":"Region VI (Western Visayas)","ADM1_PCODE":"PH06","ADM0_EN":"Philippines (the)","ADM0_PCODE":"PH","region_key":"panay_guimaras","province_key":"aklan","type":"Municipality"}},{"type":"Feature","geometry":{"type":"MultiPolygon","coordinates":[[[[122.3185,11.6553],[122.3139,11.6586],[122.3137,11.6606],[122.3025,11.6644],[122.2974,11.6698],[122.2845,11.6746],[122.3076,11.6957],[122.3136,11.7054],[122.3214,11.6991],[122.3341,11.695],[122.3427,11.6836],[122.3445,11.672],[122.3416,11.6699],[122.3389,11.6725],[122.3391,11.6753],[122.3382,11.6725],[122.3397,11.669],[122.3369,11.6662],[122.3338,11.6607],[122.3293,11.6596],[122.3263,11.656],[122.3185,11.6553]]],[[[122.343,11.6626],[122.3362,11.6627],[122.3375,11.6661],[122.3433,11.6703],[122.343,11.6626]]]]},"properties":{"ADM3_EN":"Lezo","name":"Lezo","ADM3_PCODE":"PH60408000","psgc_code":"60408000","ADM2_EN":"Aklan","ADM2_PCODE":"PH6040","ADM1_EN":"Region VI (Western Visayas)","ADM1_PCODE":"PH06","ADM0_EN":"Philippines (the)","ADM0_PCODE":"PH","region_key":"panay_guimaras","province_key":"aklan","type":"Municipality"}},{"type":"Feature","geometry":{"type":"MultiPolygon","coordinates":[[[[122.2174,11.3154],[122.2001,11.3127],[122.2402,11.3606],[122.2574,11.3887],[122.2608,11.3985],[122.2613,11.4135],[122.256,11.4422],[122.2619,11.4483],[122.2619,11.454],[122.26,11.4563],[122.263,11.4627],[122.268,11.4638],[122.271,11.4698],[122.27,11.4732],[122.2729,11.4764],[122.2721,11.4817],[122.2748,11.4802],[122.2834,11.4937],[122.2925,11.496],[122.2949,11.4988],[122.2946,11.5029],[122.3061,11.5],[122.3105,11.501],[122.3136,11.5039],[122.3171,11.4998],[122.3227,11.4983],[122.3217,11.5013],[122.3242,11.5064],[122.3312,11.5079],[122.3315,11.5112],[122.345,11.5173],[122.3511,11.5084],[122.3651,11.5136],[122.368,11.5035],[122.3658,11.492],[122.3626,11.4857],[122.3523,11.4734],[122.3511,11.468],[122.3455,11.4625],[122.3417,11.4545],[122.3434,11.4471],[122.3501,11.4399],[122.3495,11.4303],[122.3402,11.4032],[122.3261,11.3775],[122.3025,11.3538],[122.2748,11.3323],[122.2174,11.3154]]]]},"properties":{"ADM3_EN":"Libacao","name":"Libacao","ADM3_PCODE":"PH60409000","psgc_code":"60409000","ADM2_EN":"Aklan","ADM2_PCODE":"PH6040","ADM1_EN":"Region VI (Western Visayas)","ADM1_PCODE":"PH06","ADM0_EN":"Philippines (the)","ADM0_PCODE":"PH","region_key":"panay_guimaras","province_key":"aklan","type":"Municipality"}},{"type":"Feature","geometry":{"type":"MultiPolygon","coordinates":[[[[122.2611,11.4012],[122.2574,11.3887],[122.2402,11.3606],[122.2001,11.3127],[122.1895,11.3249],[122.1842,11.3353],[122.1824,11.3429],[122.1934,11.3735],[122.1907,11.386],[122.1839,11.3956],[122.1687,11.3983],[122.1672,11.4031],[122.1673,11.4331],[122.1639,11.4438],[122.1572,11.4555],[122.1518,11.4602],[122.1405,11.4638],[122.1354,11.469],[122.1351,11.4958],[122.1368,11.5054],[122.1452,11.5198],[122.1534,11.5283],[122.1546,11.5348],[122.183,11.5389],[122.1997,11.5438],[122.2155,11.5458],[122.2344,11.5527],[122.2747,11.5604],[122.2775,11.5639],[122.2813,11.5628],[122.2886,11.5684],[122.293,11.5691],[122.2934,11.565],[122.2914,11.5618],[122.2927,11.5527],[122.2942,11.5512],[122.2994,11.5528],[122.308,11.5363],[122.3105,11.534],[122.3323,11.5357],[122.3361,11.5323],[122.345,11.5173],[122.3315,11.5112],[122.3312,11.5079],[122.3242,11.5064],[122.3217,11.5013],[122.3227,11.4983],[122.3171,11.4998],[122.3136,11.5039],[122.3105,11.501],[122.3061,11.5],[122.2946,11.5029],[122.2949,11.4988],[122.2925,11.496],[122.2834,11.4937],[122.2748,11.4802],[122.2721,11.4817],[122.2729,11.4764],[122.27,11.4732],[122.271,11.4698],[122.268,11.4638],[122.263,11.4627],[122.26,11.4563],[122.2619,11.454],[122.2619,11.4483],[122.256,11.4422],[122.2613,11.4135],[122.2611,11.4012]]]]},"properties":{"ADM3_EN":"Madalag","name":"Madalag","ADM3_PCODE":"PH60410000","psgc_code":"60410000","ADM2_EN":"Aklan","ADM2_PCODE":"PH6041","ADM1_EN":"Region VI (Western Visayas)","ADM1_PCODE":"PH06","ADM0_EN":"Philippines (the)","ADM0_PCODE":"PH","region_key":"panay_guimaras","province_key":"aklan","type":"Municipality"}},{"type":"Feature","geometry":{"type":"MultiPolygon","coordinates":[[[[122.23,11.6998],[122.2329,11.713],[122.2524,11.7323],[122.2608,11.7359],[122.2744,11.7451],[122.2767,11.7505],[122.2751,11.7555],[122.2775,11.755],[122.2828,11.7584],[122.2831,11.7564],[122.2853,11.7578],[122.29,11.7522],[122.2911,11.7503],[122.2872,11.7491],[122.2858,11.7464],[122.2904,11.7451],[122.287,11.7433],[122.2892,11.7436],[122.2874,11.7421],[122.2903,11.7431],[122.2877,11.7384],[122.2902,11.7338],[122.2901,11.7366],[122.2881,11.7382],[122.2909,11.7417],[122.2901,11.7438],[122.2914,11.7455],[122.2956,11.7435],[122.2971,11.7385],[122.3054,11.7395],[122.3026,11.7318],[122.3043,11.7322],[122.3057,11.7374],[122.309,11.7359],[122.3043,11.7275],[122.3064,11.7274],[122.3063,11.7244],[122.3087,11.724],[122.3108,11.7193],[122.3141,11.7178],[122.3141,11.7066],[122.3076,11.6957],[122.2845,11.6746],[122.268,11.6753],[122.2652,11.6724],[122.25,11.6725],[122.2123,11.668],[122.23,11.6998]]],[[[122.3155,11.7394],[122.318,11.7375],[122.3216,11.7374],[122.3216,11.7319],[122.3128,11.733],[122.304,11.7414],[122.3037,11.7451],[122.3099,11.7406],[122.3155,11.7394]]],[[[122.2942,11.7486],[122.302,11.7466],[122.3021,11.7427],[122.3043,11.7394],[122.3015,11.7403],[122.2974,11.7392],[122.2971,11.7421],[122.2953,11.7445],[122.2924,11.7458],[122.2868,11.7464],[122.2876,11.7485],[122.2919,11.75],[122.2942,11.7486]]],[[[122.294,11.7508],[122.2931,11.7513],[122.2931,11.7519],[122.2951,11.7512],[122.294,11.7508]]],[[[122.3117,11.7428],[122.3161,11.7401],[122.3112,11.741],[122.3025,11.7477],[122.3117,11.7428]]],[[[122.2986,11.7497],[122.2919,11.753],[122.29,11.7569],[122.3025,11.7477],[122.2986,11.7497]]]]},"properties":{"ADM3_EN":"Makato","name":"Makato","ADM3_PCODE":"PH60411000","psgc_code":"60411000","ADM2_EN":"Aklan","ADM2_PCODE":"PH6041","ADM1_EN":"Region VI (Western Visayas)","ADM1_PCODE":"PH06","ADM0_EN":"Philippines (the)","ADM0_PCODE":"PH","region_key":"panay_guimaras","province_key":"aklan","type":"Municipality"}},{"type":"Feature","geometry":{"type":"MultiPolygon","coordinates":[[[[121.9877,11.8391],[121.9537,11.8555],[121.9328,11.8592],[121.9024,11.8722],[121.8999,11.8777],[121.8975,11.8779],[121.8966,11.8817],[121.8843,11.8952],[121.8845,11.899],[121.8872,11.9003],[121.8917,11.8978],[121.8945,11.9002],[121.9006,11.9014],[121.9153,11.902],[121.945,11.9161],[121.9492,11.9221],[121.9506,11.9384],[121.9531,11.9391],[121.96,11.9367],[121.9661,11.9285],[121.9662,11.9223],[121.9693,11.9165],[121.9688,11.9133],[121.9771,11.9073],[121.9828,11.8787],[122.0046,11.8419],[122.0106,11.8232],[121.9877,11.8391]]],[[[121.9583,11.9436],[121.9567,11.9458],[121.9575,11.9467],[121.9597,11.9444],[121.9583,11.9436]]],[[[121.9114,11.976],[121.907,11.9819],[121.9072,11.9854],[121.905,11.9881],[121.9058,11.9905],[121.9208,11.9991],[121.928,11.9984],[121.9257,11.996],[121.925,11.9872],[121.9268,11.982],[121.93,11.9822],[121.9305,11.9808],[121.9304,11.9754],[121.9275,11.9696],[121.9286,11.9664],[121.9342,11.9582],[121.9369,11.9581],[121.9355,11.9556],[121.9384,11.9548],[121.9445,11.9567],[121.946,11.9555],[121.9444,11.9539],[121.9481,11.9544],[121.947,11.9509],[121.9489,11.9469],[121.9456,11.9452],[121.9433,11.9405],[121.9338,11.9393],[121.9297,11.9515],[121.9244,11.9612],[121.9114,11.976]]]]},"properties":{"ADM3_EN":"Malay","name":"Malay","ADM3_PCODE":"PH60412000","psgc_code":"60412000","ADM2_EN":"Aklan","ADM2_PCODE":"PH6041","ADM1_EN":"Region VI (Western Visayas)","ADM1_PCODE":"PH06","ADM0_EN":"Philippines (the)","ADM0_PCODE":"PH","region_key":"panay_guimaras","province_key":"aklan","type":"Municipality"}},{"type":"Feature","geometry":{"type":"MultiPolygon","coordinates":[[[[122.2828,11.5646],[122.2807,11.5627],[122.2775,11.5639],[122.2747,11.5604],[122.2344,11.5527],[122.2155,11.5458],[122.1997,11.5438],[122.183,11.5389],[122.1546,11.5348],[122.1514,11.5416],[122.1421,11.5533],[122.1403,11.5581],[122.1438,11.5798],[122.1501,11.5959],[122.1438,11.616],[122.141,11.6399],[122.1417,11.647],[122.1639,11.6399],[122.1901,11.6386],[122.1956,11.6416],[122.2018,11.65],[122.2022,11.6668],[122.25,11.6725],[122.2652,11.6724],[122.268,11.6753],[122.2845,11.6746],[122.2974,11.6698],[122.3025,11.6644],[122.3137,11.6606],[122.3139,11.6586],[122.3185,11.6553],[122.3263,11.656],[122.324,11.651],[122.3122,11.6432],[122.3096,11.6386],[122.3053,11.6358],[122.3034,11.6326],[122.3105,11.6387],[122.3144,11.6354],[122.3127,11.6286],[122.3088,11.6252],[122.3138,11.6128],[122.3126,11.6072],[122.3129,11.5889],[122.3071,11.5818],[122.3047,11.5756],[122.3006,11.575],[122.2964,11.5692],[122.2886,11.5684],[122.2828,11.5646]]]]},"properties":{"ADM3_EN":"Malinao","name":"Malinao","ADM3_PCODE":"PH60413000","psgc_code":"60413000","ADM2_EN":"Aklan","ADM2_PCODE":"PH6041","ADM1_EN":"Region VI (Western Visayas)","ADM1_PCODE":"PH06","ADM0_EN":"Philippines (the)","ADM0_PCODE":"PH","region_key":"panay_guimaras","province_key":"aklan","type":"Municipality"}},{"type":"Feature","geometry":{"type":"MultiPolygon","coordinates":[[[[122.0917,11.7784],[122.0518,11.7991],[122.0269,11.8174],[122.0106,11.8232],[122.0046,11.8419],[121.9841,11.8755],[121.9776,11.9058],[121.9688,11.9133],[121.9693,11.9165],[121.9662,11.9223],[121.9661,11.9285],[121.9722,11.9212],[121.9855,11.9129],[121.9884,11.9132],[121.9919,11.9108],[121.9996,11.9128],[121.9996,11.9084],[122.0192,11.8931],[122.02,11.8883],[122.0256,11.8794],[122.0336,11.8728],[122.0378,11.8658],[122.0475,11.8589],[122.0506,11.8548],[122.0803,11.8378],[122.1017,11.83],[122.1002,11.8251],[122.0953,11.8212],[122.0953,11.8044],[122.096,11.8013],[122.0989,11.8021],[122.1013,11.798],[122.108,11.7798],[122.0917,11.7784]]]]},"properties":{"ADM3_EN":"Nabas","name":"Nabas","ADM3_PCODE":"PH60414000","psgc_code":"60414000","ADM2_EN":"Aklan","ADM2_PCODE":"PH6041","ADM1_EN":"Region VI (Western Visayas)","ADM1_PCODE":"PH06","ADM0_EN":"Philippines (the)","ADM0_PCODE":"PH","region_key":"panay_guimaras","province_key":"aklan","type":"Municipality"}},{"type":"Feature","geometry":{"type":"MultiPolygon","coordinates":[[[[122.4811,11.5964],[122.4786,11.6033],[122.4739,11.6058],[122.4692,11.6111],[122.4611,11.6133],[122.4503,11.6231],[122.445,11.6253],[122.4392,11.6342],[122.4339,11.6375],[122.4292,11.6522],[122.4272,11.6531],[122.4214,11.65],[122.4189,11.6514],[122.4161,11.6506],[122.4161,11.6531],[122.4142,11.6547],[122.4167,11.6564],[122.4139,11.6592],[122.4147,11.6619],[122.4106,11.66],[122.4111,11.6581],[122.4092,11.6561],[122.4072,11.6614],[122.4094,11.6631],[122.4056,11.6636],[122.4047,11.6628],[122.4075,11.6553],[122.405,11.6553],[122.4042,11.6572],[122.4008,11.6569],[122.3972,11.6542],[122.3956,11.6503],[122.3914,11.6522],[122.3875,11.6511],[122.3983,11.6447],[122.3939,11.6433],[122.3953,11.6383],[122.3981,11.6383],[122.3997,11.6358],[122.3989,11.6342],[122.3972,11.635],[122.3964,11.6339],[122.3981,11.6314],[122.4036,11.6308],[122.405,11.6322],[122.4086,11.6281],[122.4156,11.6294],[122.4153,11.6269],[122.4136,11.6283],[122.4114,11.6256],[122.4092,11.6261],[122.4078,11.6247],[122.4133,11.6222],[122.4131,11.6242],[122.4158,11.6256],[122.4144,11.6239],[122.4153,11.6219],[122.4197,11.6242],[122.415,11.62],[122.4164,11.6167],[122.4147,11.6144],[122.4161,11.6131],[122.4186,11.6144],[122.4194,11.6111],[122.4219,11.6114],[122.4245,11.6081],[122.4272,11.6075],[122.4256,11.6036],[122.4236,11.6058],[122.42,11.6058],[122.4161,11.6081],[122.4136,11.6048],[122.4108,11.6092],[122.4069,11.6073],[122.4031,11.6129],[122.4041,11.6201],[122.4003,11.6186],[122.3973,11.6209],[122.3951,11.6203],[122.3954,11.6144],[122.3937,11.612],[122.3856,11.6156],[122.3776,11.6132],[122.3764,11.6165],[122.3737,11.6159],[122.3722,11.6175],[122.3645,11.6341],[122.3588,11.64],[122.3542,11.6485],[122.354,11.6542],[122.36,11.6644],[122.3633,11.6657],[122.3685,11.671],[122.3721,11.6718],[122.3736,11.675],[122.3798,11.6719],[122.3826,11.6663],[122.3808,11.6627],[122.3832,11.662],[122.3869,11.6622],[122.3916,11.6714],[122.3939,11.6719],[122.3957,11.6691],[122.3942,11.6644],[122.4012,11.6638],[122.4046,11.672],[122.4064,11.6718],[122.4062,11.6737],[122.405,11.6729],[122.4046,11.674],[122.4122,11.6764],[122.427,11.6585],[122.4554,11.6324],[122.4695,11.6227],[122.4928,11.61],[122.4949,11.6052],[122.4886,11.5933],[122.4811,11.5964]]],[[[122.4286,11.6467],[122.4317,11.6369],[122.4386,11.6314],[122.4444,11.6233],[122.4572,11.6136],[122.4614,11.6092],[122.4608,11.6081],[122.4581,11.6075],[122.4497,11.6111],[122.4472,11.6156],[122.4408,11.6189],[122.4372,11.6253],[122.4336,11.6261],[122.4297,11.6361],[122.4256,11.6417],[122.4258,11.6444],[122.4219,11.6486],[122.4264,11.6503],[122.4286,11.6467]]],[[[122.4192,11.6336],[122.4186,11.6358],[122.4225,11.6378],[122.4225,11.6336],[122.4208,11.6319],[122.4192,11.6336]]],[[[122.4089,11.6525],[122.4106,11.6469],[122.4071,11.6456],[122.4056,11.6494],[122.4025,11.65],[122.4044,11.6528],[122.4089,11.6525]]],[[[122.4328,11.6047],[122.4333,11.6069],[122.4355,11.6044],[122.4339,11.6033],[122.4328,11.6047]]],[[[122.4411,11.6158],[122.445,11.6142],[122.4414,11.6106],[122.4406,11.6144],[122.4386,11.6128],[122.4386,11.6094],[122.4361,11.6103],[122.4339,11.6086],[122.4317,11.6106],[122.4386,11.6164],[122.4411,11.6158]]],[[[122.4344,11.6189],[122.4308,11.6156],[122.4308,11.6133],[122.4269,11.6136],[122.4258,11.6161],[122.4308,11.62],[122.4297,11.6219],[122.4317,11.6256],[122.4361,11.6206],[122.4344,11.6189]]],[[[122.4035,11.6187],[122.4028,11.6186],[122.4022,11.6183],[122.4035,11.6193],[122.4035,11.6187]]]]},"properties":{"ADM3_EN":"New Washington","name":"New Washington","ADM3_PCODE":"PH60415000","psgc_code":"60415000","ADM2_EN":"Aklan","ADM2_PCODE":"PH6041","ADM1_EN":"Region VI (Western Visayas)","ADM1_PCODE":"PH06","ADM0_EN":"Philippines (the)","ADM0_PCODE":"PH","region_key":"panay_guimaras","province_key":"aklan","type":"Municipality"}},{"type":"Feature","geometry":{"type":"MultiPolygon","coordinates":[[[[122.34443,11.72213],[122.3436,11.7258],[122.3448,11.7303],[122.3383,11.7316],[122.3413,11.7345],[122.3414,11.7363],[122.3399,11.7348],[122.3409,11.7367],[122.3497,11.7392],[122.3639,11.7381],[122.3633,11.7364],[122.3597,11.735],[122.362,11.7349],[122.3612,11.7341],[122.3575,11.732],[122.3567,11.7312],[122.3599,11.7325],[122.3626,11.7283],[122.3655,11.716],[122.3633,11.7137],[122.357,11.7132],[122.3533,11.7091],[122.3524,11.7049],[122.3555,11.7009],[122.3491,11.6961],[122.3427,11.6836],[122.3341,11.695],[122.3214,11.6991],[122.3136,11.7054],[122.315,11.7125],[122.3141,11.7178],[122.3108,11.7193],[122.3087,11.724],[122.3063,11.7244],[122.3068,11.7272],[122.3048,11.7285],[122.3077,11.7307],[122.3095,11.7348],[122.3148,11.7312],[122.3176,11.7311],[122.3254,11.7317],[122.3277,11.7334],[122.3296,11.7321],[122.331,11.7343],[122.3349,11.7336],[122.3385,11.7352],[122.3378,11.7309],[122.344,11.7288],[122.343,11.7259],[122.342,11.7265],[122.3407,11.7255],[122.3438,11.7242],[122.34443,11.72213]],[[122.34443,11.72213],[122.3445,11.7218],[122.34453,11.72179],[122.34443,11.72213]],[[122.34453,11.72179],[122.3451,11.7199],[122.3469,11.7209],[122.34453,11.72179]]],[[[122.3629,11.7292],[122.3606,11.7321],[122.3638,11.7357],[122.3627,11.7331],[122.3651,11.7306],[122.3634,11.7276],[122.3629,11.7292]]],[[[122.3663,11.7357],[122.3686,11.7343],[122.3687,11.7312],[122.3656,11.7309],[122.3632,11.7333],[122.3647,11.7362],[122.3663,11.7357]]],[[[122.3247,11.7381],[122.3318,11.735],[122.3298,11.7338],[122.3296,11.7329],[122.3282,11.734],[122.3258,11.7322],[122.3221,11.7322],[122.3214,11.7387],[122.3184,11.7382],[122.3158,11.7414],[122.3247,11.7381]]],[[[122.3672,11.7378],[122.3687,11.7383],[122.3682,11.7362],[122.3682,11.7365],[122.3672,11.7378]]],[[[122.3359,11.7348],[122.3347,11.7346],[122.3328,11.7348],[122.3375,11.7357],[122.3359,11.7348]]]]},"properties":{"ADM3_EN":"Numancia","name":"Numancia","ADM3_PCODE":"PH60416000","psgc_code":"60416000","ADM2_EN":"Aklan","ADM2_PCODE":"PH6041","ADM1_EN":"Region VI (Western Visayas)","ADM1_PCODE":"PH06","ADM0_EN":"Philippines (the)","ADM0_PCODE":"PH","region_key":"panay_guimaras","province_key":"aklan","type":"Municipality"}},{"type":"Feature","geometry":{"type":"MultiPolygon","coordinates":[[[[122.2023,11.7069],[122.2103,11.7613],[122.218,11.7848],[122.2176,11.7914],[122.2226,11.8133],[122.2253,11.8047],[122.2244,11.7989],[122.2269,11.7942],[122.2347,11.7883],[122.2456,11.7864],[122.2583,11.795],[122.2597,11.7917],[122.2583,11.7892],[122.2592,11.7853],[122.263,11.7794],[122.2856,11.7603],[122.2788,11.7556],[122.2751,11.7555],[122.2767,11.7505],[122.2744,11.7451],[122.2608,11.7359],[122.2524,11.7323],[122.2329,11.713],[122.23,11.6998],[122.2123,11.668],[122.2022,11.6668],[122.2007,11.6766],[122.2023,11.7069]]]]},"properties":{"ADM3_EN":"Tangalan","name":"Tangalan","ADM3_PCODE":"PH60417000","psgc_code":"60417000","ADM2_EN":"Aklan","ADM2_PCODE":"PH6041","ADM1_EN":"Region VI (Western Visayas)","ADM1_PCODE":"PH06","ADM0_EN":"Philippines (the)","ADM0_PCODE":"PH","region_key":"panay_guimaras","province_key":"aklan","type":"Municipality"}},{"type":"Feature","geometry":{"type":"MultiPolygon","coordinates":[[[[121.9693,10.4184],[121.9664,10.4145],[121.9643,10.414],[121.9652,10.4087],[121.9605,10.4061],[121.9587,10.4102],[121.9622,10.4119],[121.9621,10.4135],[121.9449,10.4189],[121.9336,10.4263],[121.9254,10.4292],[121.9192,10.4343],[121.9184,10.4367],[121.9205,10.4395],[121.9195,10.4435],[121.917,10.4458],[121.9116,10.4466],[121.9157,10.4581],[121.9138,10.4642],[121.9192,10.4698],[121.9172,10.4771],[121.9221,10.4771],[121.9437,10.4652],[121.9546,10.4646],[121.9648,10.4616],[121.9755,10.4643],[121.9806,10.4732],[121.9831,10.4733],[121.9832,10.476],[121.9887,10.4778],[122.0011,10.4754],[122.0133,10.4769],[122.0139,10.4744],[122.0222,10.4687],[122.0301,10.4671],[122.0304,10.4642],[122.0279,10.461],[122.0101,10.4425],[121.9985,10.4401],[121.9954,10.4356],[121.9853,10.4304],[121.9801,10.4228],[121.9693,10.4184]]],[[[121.9223,10.4199],[121.9213,10.4151],[121.9164,10.4164],[121.9186,10.4206],[121.9223,10.4199]]]]},"properties":{"ADM3_EN":"Anini-Y","name":"Anini-Y","ADM3_PCODE":"PH60601000","psgc_code":"60601000","ADM2_EN":"Antique","ADM2_PCODE":"PH6060","ADM1_EN":"Region VI (Western Visayas)","ADM1_PCODE":"PH06","ADM0_EN":"Philippines (the)","ADM0_PCODE":"PH","region_key":"panay_guimaras","province_key":"antique","type":"Municipality"}},{"type":"Feature","geometry":{"type":"MultiPolygon","coordinates":[[[[122.035,11.1816],[122.0328,11.1906],[122.0354,11.193],[122.0342,11.1997],[122.053,11.2275],[122.0481,11.2447],[122.0492,11.2503],[122.0536,11.2501],[122.0586,11.247],[122.0702,11.2489],[122.0739,11.2513],[122.0739,11.2575],[122.0802,11.2651],[122.0919,11.2673],[122.1058,11.2741],[122.1044,11.2761],[122.1088,11.2816],[122.1071,11.2814],[122.1064,11.2837],[122.1032,11.2855],[122.1075,11.2898],[122.1084,11.2947],[122.1127,11.2979],[122.1099,11.2992],[122.1113,11.3024],[122.1144,11.3025],[122.1158,11.305],[122.1186,11.3058],[122.1152,11.3123],[122.1219,11.3122],[122.1226,11.3141],[122.1263,11.3129],[122.1289,11.3211],[122.1259,11.3224],[122.1266,11.3262],[122.1293,11.3262],[122.131,11.3298],[122.134,11.331],[122.1374,11.3288],[122.1415,11.3315],[122.1429,11.3294],[122.1447,11.3308],[122.1489,11.3291],[122.1543,11.3249],[122.1586,11.3254],[122.1606,11.3352],[122.158,11.3408],[122.1644,11.3462],[122.1824,11.3429],[122.1864,11.3304],[122.1921,11.3207],[122.2001,11.3127],[122.2043,11.3018],[122.2054,11.2891],[122.2072,11.2848],[122.2073,11.2741],[122.2058,11.2722],[122.2047,11.2466],[122.137,11.2338],[122.1173,11.2196],[122.1166,11.2086],[122.1094,11.194],[122.1087,11.1958],[122.1074,11.1944],[122.1047,11.1953],[122.0989,11.1916],[122.0957,11.1867],[122.0824,11.1783],[122.0693,11.1745],[122.0358,11.1732],[122.035,11.1816]]]]},"properties":{"ADM3_EN":"Barbaza","name":"Barbaza","ADM3_PCODE":"PH60602000","psgc_code":"60602000","ADM2_EN":"Antique","ADM2_PCODE":"PH6060","ADM1_EN":"Region VI (Western Visayas)","ADM1_PCODE":"PH06","ADM0_EN":"Philippines (the)","ADM0_PCODE":"PH","region_key":"panay_guimaras","province_key":"antique","type":"Municipality"}},{"type":"Feature","geometry":{"type":"MultiPolygon","coordinates":[[[[121.9623,10.82],[121.9556,10.825],[121.9506,10.8257],[121.952,10.8266],[121.9509,10.8281],[121.9553,10.8411],[121.9559,10.8485],[121.9668,10.8726],[121.9785,10.8684],[122.0246,10.8761],[122.0319,10.8743],[122.0413,10.8682],[122.038,10.8658],[122.0362,10.8603],[122.0328,10.8598],[122.0294,10.8554],[122.033,10.8459],[122.0311,10.8445],[122.0317,10.842],[122.0282,10.8407],[122.0285,10.8383],[121.9887,10.8384],[121.9832,10.8355],[121.9796,10.8276],[121.9776,10.8183],[121.9746,10.814],[121.9728,10.8135],[121.9717,10.8164],[121.9623,10.82]]]]},"properties":{"ADM3_EN":"Belison","name":"Belison","ADM3_PCODE":"PH60603000","psgc_code":"60603000","ADM2_EN":"Antique","ADM2_PCODE":"PH6060","ADM1_EN":"Region VI (Western Visayas)","ADM1_PCODE":"PH06","ADM0_EN":"Philippines (the)","ADM0_PCODE":"PH","region_key":"panay_guimaras","province_key":"antique","type":"Municipality"}},{"type":"Feature","geometry":{"type":"MultiPolygon","coordinates":[[[[122.0394,11.0019],[122.0394,11.0181],[122.0508,11.0278],[122.0539,11.0322],[122.0458,11.0631],[122.0419,11.0721],[122.0506,11.078],[122.0662,11.0826],[122.0751,11.0828],[122.087,11.0803],[122.0896,11.0774],[122.1019,11.073],[122.1054,11.0696],[122.1275,11.1179],[122.1432,11.1329],[122.1528,11.1579],[122.1488,11.1628],[122.1511,11.1622],[122.1532,11.1648],[122.1472,11.1675],[122.1526,11.1685],[122.1524,11.1711],[122.1497,11.1735],[122.1524,11.173],[122.1542,11.1749],[122.1508,11.1801],[122.1524,11.1844],[122.1548,11.1845],[122.1544,11.1809],[122.1568,11.1785],[122.1565,11.1834],[122.1614,11.1892],[122.1603,11.1909],[122.1635,11.191],[122.1653,11.1937],[122.168,11.1913],[122.1685,11.1974],[122.172,11.1963],[122.172,11.1989],[122.1752,11.2],[122.1764,11.204],[122.1805,11.2074],[122.1857,11.2081],[122.1871,11.2108],[122.2012,11.2112],[122.2017,11.2148],[122.2102,11.2205],[122.2079,11.2081],[122.2085,11.2008],[122.2156,11.173],[122.2249,11.1538],[122.2386,11.1411],[122.2374,11.1391],[122.2421,11.1331],[122.2247,11.1313],[122.205,11.1269],[122.1937,11.122],[122.1859,11.1158],[122.1518,11.0682],[122.1282,11.0444],[122.1099,11.0285],[122.1033,11.0148],[122.0976,10.9963],[122.07,10.9843],[122.0394,11.0019]]]]},"properties":{"ADM3_EN":"Bugasong","name":"Bugasong","ADM3_PCODE":"PH60604000","psgc_code":"60604000","ADM2_EN":"Antique","ADM2_PCODE":"PH6060","ADM1_EN":"Region VI (Western Visayas)","ADM1_PCODE":"PH06","ADM0_EN":"Philippines (the)","ADM0_PCODE":"PH","region_key":"panay_guimaras","province_key":"antique","type":"Municipality"}},{"type":"Feature","geometry":{"type":"MultiPolygon","coordinates":[[[[121.5303,11.8467],[121.5299,11.8426],[121.5263,11.839],[121.5242,11.834],[121.519,11.8321],[121.515,11.8261],[121.4966,11.8278],[121.4936,11.8297],[121.4836,11.8253],[121.4778,11.8253],[121.4712,11.8297],[121.4541,11.831],[121.4536,11.8361],[121.4511,11.8391],[121.447,11.8383],[121.4475,11.8369],[121.4453,11.8353],[121.4376,11.8371],[121.4367,11.8422],[121.4353,11.84],[121.4279,11.8403],[121.4247,11.8378],[121.415,11.8375],[121.4147,11.8342],[121.4125,11.8361],[121.4161,11.8466],[121.4194,11.8503],[121.4214,11.8503],[121.4206,11.8539],[121.4262,11.8666],[121.4317,11.8683],[121.4325,11.87],[121.4344,11.8673],[121.4412,11.8658],[121.4439,11.8683],[121.4475,11.8674],[121.4511,11.8692],[121.4581,11.8678],[121.4606,11.8689],[121.4639,11.8664],[121.466,11.8683],[121.472,11.8675],[121.475,11.8635],[121.4797,11.8649],[121.4908,11.8626],[121.4948,11.8635],[121.4966,11.8628],[121.4956,11.8617],[121.5005,11.8606],[121.5081,11.8625],[121.5128,11.8616],[121.5145,11.8605],[121.5148,11.8574],[121.5199,11.8564],[121.5303,11.8467]]],[[[121.324,11.8524],[121.3212,11.8546],[121.3221,11.8562],[121.326,11.8526],[121.324,11.8524]]],[[[121.3183,11.8581],[121.3163,11.8601],[121.317,11.8612],[121.3217,11.8581],[121.3183,11.8581]]],[[[121.2955,11.8595],[121.2962,11.8576],[121.2942,11.8567],[121.283,11.8635],[121.288,11.8655],[121.2955,11.8595]]],[[[121.4063,11.9117],[121.4021,11.9154],[121.396,11.9182],[121.3992,11.9199],[121.4063,11.9164],[121.4088,11.9133],[121.4063,11.9117]]],[[[121.476,11.9532],[121.4737,11.9554],[121.4774,11.9589],[121.4789,11.9653],[121.4823,11.9681],[121.4861,11.9672],[121.4897,11.9622],[121.4893,11.958],[121.483,11.9539],[121.476,11.9532]]],[[[121.3567,12.1153],[121.3676,12.1082],[121.3724,12.1134],[121.3773,12.1156],[121.3801,12.1156],[121.3869,12.1115],[121.3841,12.1072],[121.3871,12.1052],[121.3874,12.1023],[121.3919,12.0974],[121.3958,12.0859],[121.3928,12.076],[121.3941,12.0753],[121.3967,12.0778],[121.3989,12.0738],[121.4034,12.0563],[121.4072,12.0521],[121.4103,12.0406],[121.4122,12.0395],[121.4182,12.0418],[121.4243,12.0379],[121.4276,12.0302],[121.426,12.0251],[121.4231,12.023],[121.42,12.0123],[121.4159,12.0115],[121.4126,12.0044],[121.4092,12.0012],[121.402,11.9992],[121.3994,11.9947],[121.3898,11.9872],[121.3892,11.9828],[121.3814,11.9911],[121.377,11.9986],[121.3761,12.0044],[121.3733,12.0089],[121.373,12.0183],[121.3692,12.0217],[121.3686,12.0286],[121.3628,12.0322],[121.3655,12.0383],[121.3644,12.0406],[121.3658,12.0439],[121.3653,12.0531],[121.3606,12.0544],[121.3561,12.0536],[121.3592,12.0553],[121.3594,12.0575],[121.3614,12.0553],[121.3667,12.0547],[121.3706,12.0581],[121.3706,12.0606],[121.3758,12.0603],[121.3811,12.065],[121.3817,12.0692],[121.3803,12.0714],[121.3733,12.0736],[121.3722,12.0769],[121.3689,12.0744],[121.3664,12.0686],[121.3642,12.0678],[121.3623,12.0734],[121.3572,12.0728],[121.3572,12.0747],[121.3556,12.0753],[121.3589,12.0775],[121.3618,12.0758],[121.3617,12.0808],[121.3597,12.0792],[121.3589,12.0803],[121.3597,12.0831],[121.3619,12.0834],[121.3611,12.0858],[121.3575,12.0833],[121.3522,12.0844],[121.3519,12.0878],[121.3503,12.0886],[121.3483,12.0833],[121.3458,12.0839],[121.3439,12.0869],[121.3473,12.0868],[121.3439,12.0889],[121.3467,12.0886],[121.3478,12.0911],[121.345,12.0953],[121.3489,12.0972],[121.3522,12.0967],[121.3558,12.0994],[121.3531,12.1019],[121.3507,12.1007],[121.3517,12.0984],[121.3494,12.0983],[121.3483,12.1003],[121.3508,12.1044],[121.3542,12.1058],[121.3531,12.1183],[121.3567,12.1153]]],[[[121.3611,12.0717],[121.3622,12.0708],[121.362,12.0692],[121.3597,12.0708],[121.3611,12.0717]]],[[[121.4353,11.9077],[121.4333,11.9092],[121.4343,11.9103],[121.4385,11.9064],[121.4353,11.9077]]],[[[121.4306,11.9134],[121.4286,11.9149],[121.4284,11.9159],[121.4336,11.9121],[121.4306,11.9134]]],[[[121.5425,11.9176],[121.5463,11.9285],[121.5469,11.936],[121.5441,11.9408],[121.5388,11.9434],[121.5379,11.9495],[121.5411,11.9541],[121.5496,11.956],[121.5547,11.96],[121.5674,11.9498],[121.5778,11.9353],[121.5715,11.9303],[121.5742,11.9249],[121.5817,11.9184],[121.5831,11.9053],[121.5717,11.8953],[121.5604,11.8941],[121.5532,11.8908],[121.5444,11.8965],[121.5406,11.9012],[121.5395,11.9083],[121.5425,11.9176]]],[[[121.5642,11.9756],[121.5599,11.9754],[121.5561,11.9697],[121.5551,11.9731],[121.5572,11.9766],[121.5572,11.9803],[121.5556,11.9841],[121.5585,11.9906],[121.5632,11.9874],[121.5665,11.9821],[121.5673,11.9785],[121.5657,11.9755],[121.5642,11.9756]]],[[[121.5794,12.1097],[121.585,12.1033],[121.5844,12.0994],[121.5783,12.0958],[121.5697,12.0956],[121.5689,12.0981],[121.5728,12.1011],[121.5742,12.1072],[121.5764,12.11],[121.5794,12.1097]]],[[[121.3478,12.0731],[121.3481,12.0714],[121.3453,12.0711],[121.3461,12.0731],[121.3478,12.0731]]]]},"properties":{"ADM3_EN":"Caluya","name":"Caluya","ADM3_PCODE":"PH60605000","psgc_code":"60605000","ADM2_EN":"Antique","ADM2_PCODE":"PH6060","ADM1_EN":"Region VI (Western Visayas)","ADM1_PCODE":"PH06","ADM0_EN":"Philippines (the)","ADM0_PCODE":"PH","region_key":"panay_guimaras","province_key":"antique","type":"Municipality"}},{"type":"Feature","geometry":{"type":"MultiPolygon","coordinates":[[[[121.67,11.3189],[121.6715,11.3194],[121.6723,11.3174],[121.6713,11.3169],[121.67,11.3189]]],[[[122.0605,11.3831],[122.05,11.4081],[122.0522,11.4222],[122.0556,11.4314],[122.0581,11.4335],[122.0611,11.4472],[122.0587,11.4591],[122.0561,11.4635],[122.0528,11.4658],[122.0522,11.4694],[122.0589,11.4686],[122.068,11.4725],[122.0725,11.4761],[122.0836,11.4961],[122.0853,11.504],[122.1074,11.5187],[122.1452,11.5198],[122.1368,11.5054],[122.1351,11.4958],[122.1354,11.469],[122.1405,11.4638],[122.1518,11.4602],[122.1572,11.4555],[122.1639,11.4438],[122.1673,11.4331],[122.1672,11.4031],[122.1687,11.3983],[122.1839,11.3956],[122.1907,11.386],[122.1934,11.3735],[122.1824,11.3429],[122.1366,11.3529],[122.1216,11.3525],[122.0947,11.3563],[122.0818,11.3556],[122.0799,11.3575],[122.06,11.3592],[122.0625,11.3711],[122.0605,11.3831]]],[[[122.0269,11.4169],[122.0283,11.4153],[122.0225,11.4142],[122.0178,11.4094],[122.0163,11.4115],[122.0139,11.4108],[122.0172,11.415],[122.0219,11.4172],[122.0269,11.4169]]],[[[121.9303,11.4769],[121.9292,11.4732],[121.9149,11.4622],[121.9114,11.4642],[121.9081,11.4632],[121.8966,11.4678],[121.8925,11.4669],[121.8901,11.4706],[121.8905,11.473],[121.9004,11.4736],[121.9132,11.4782],[121.9262,11.4794],[121.9303,11.4769]]],[[[121.6892,11.6084],[121.6952,11.6052],[121.6985,11.6007],[121.6991,11.5925],[121.6907,11.5949],[121.6922,11.5982],[121.6851,11.6082],[121.6892,11.6084]]]]},"properties":{"ADM3_EN":"Culasi","name":"Culasi","ADM3_PCODE":"PH60606000","psgc_code":"60606000","ADM2_EN":"Antique","ADM2_PCODE":"PH6060","ADM1_EN":"Region VI (Western Visayas)","ADM1_PCODE":"PH06","ADM0_EN":"Philippines (the)","ADM0_PCODE":"PH","region_key":"panay_guimaras","province_key":"antique","type":"Municipality"}},{"type":"Feature","geometry":{"type":"MultiPolygon","coordinates":[[[[122.0245,10.5862],[122.0242,10.5803],[122.0216,10.5744],[122.0081,10.5747],[121.9932,10.5861],[121.9839,10.5851],[121.9799,10.5874],[121.9776,10.5849],[121.9742,10.5861],[121.9666,10.585],[121.9676,10.6049],[121.9747,10.6325],[121.9784,10.6728],[121.9703,10.7034],[121.9662,10.7146],[121.9619,10.7206],[121.9599,10.7282],[121.9622,10.735],[121.9658,10.7358],[121.9678,10.7408],[121.9717,10.7419],[121.9774,10.7474],[121.9938,10.7453],[122.0,10.7402],[122.0002,10.7381],[122.0352,10.7104],[122.0784,10.6933],[122.0736,10.6902],[122.0702,10.6783],[122.0645,10.6752],[122.0588,10.6565],[122.0505,10.6472],[122.0497,10.6425],[122.0464,10.639],[122.0458,10.6322],[122.0338,10.624],[122.0326,10.6209],[122.0356,10.6093],[122.0245,10.5862]]]]},"properties":{"ADM3_EN":"Hamtic","name":"Hamtic","ADM3_PCODE":"PH60608000","psgc_code":"60608000","ADM2_EN":"Antique","ADM2_PCODE":"PH6060","ADM1_EN":"Region VI (Western Visayas)","ADM1_PCODE":"PH06","ADM0_EN":"Philippines (the)","ADM0_PCODE":"PH","region_key":"panay_guimaras","province_key":"antique","type":"Municipality"}},{"type":"Feature","geometry":{"type":"MultiPolygon","coordinates":[[[[122.0483,11.0769],[122.0417,11.0717],[122.0414,11.08],[122.0444,11.085],[122.0453,11.0967],[122.0369,11.1172],[122.0398,11.1523],[122.0358,11.1732],[122.0693,11.1745],[122.0878,11.1812],[122.1047,11.1953],[122.1074,11.1944],[122.1087,11.1958],[122.1094,11.194],[122.1166,11.2086],[122.1173,11.2196],[122.137,11.2338],[122.2047,11.2466],[122.2051,11.2403],[122.2012,11.2112],[122.1871,11.2108],[122.1857,11.2081],[122.1805,11.2074],[122.1764,11.204],[122.1752,11.2],[122.172,11.1989],[122.172,11.1963],[122.1685,11.1974],[122.168,11.1913],[122.1653,11.1937],[122.1635,11.191],[122.1603,11.1909],[122.1614,11.1892],[122.1565,11.1834],[122.1568,11.1785],[122.1544,11.1809],[122.1548,11.1845],[122.1524,11.1844],[122.1508,11.1801],[122.1542,11.1749],[122.1524,11.173],[122.1497,11.1735],[122.1524,11.1711],[122.1526,11.1685],[122.1472,11.1675],[122.1532,11.1648],[122.1511,11.1622],[122.1488,11.1628],[122.1528,11.1579],[122.1432,11.1329],[122.1275,11.1179],[122.1054,11.0696],[122.1019,11.073],[122.0896,11.0774],[122.087,11.0803],[122.0751,11.0828],[122.0662,11.0826],[122.0483,11.0769]]]]},"properties":{"ADM3_EN":"Laua-An","name":"Laua-An","ADM3_PCODE":"PH60609000","psgc_code":"60609000","ADM2_EN":"Antique","ADM2_PCODE":"PH6060","ADM1_EN":"Region VI (Western Visayas)","ADM1_PCODE":"PH06","ADM0_EN":"Philippines (the)","ADM0_PCODE":"PH","region_key":"panay_guimaras","province_key":"antique","type":"Municipality"}},{"type":"Feature","geometry":{"type":"MultiPolygon","coordinates":[[[[121.9121,11.7653],[121.906,11.7599],[121.8996,11.7573],[121.888,11.7586],[121.8845,11.7561],[121.8722,11.7556],[121.8561,11.757],[121.8435,11.7624],[121.8686,11.7682],[121.8892,11.7798],[121.9044,11.7918],[121.9071,11.799],[121.9122,11.805],[121.9306,11.8191],[121.937,11.8223],[121.9676,11.8237],[121.9869,11.8277],[121.999,11.8262],[122.0084,11.8226],[122.0156,11.8021],[122.0122,11.7894],[122.0039,11.7712],[122.0068,11.7467],[122.0052,11.7432],[121.9879,11.7519],[121.9754,11.7509],[121.9659,11.7554],[121.9479,11.7569],[121.9421,11.7611],[121.935,11.762],[121.9315,11.7644],[121.9261,11.7637],[121.9178,11.7674],[121.9121,11.7653]]]]},"properties":{"ADM3_EN":"Libertad","name":"Libertad","ADM3_PCODE":"PH60610000","psgc_code":"60610000","ADM2_EN":"Antique","ADM2_PCODE":"PH6061","ADM1_EN":"Region VI (Western Visayas)","ADM1_PCODE":"PH06","ADM0_EN":"Philippines (the)","ADM0_PCODE":"PH","region_key":"panay_guimaras","province_key":"antique","type":"Municipality"}},{"type":"Feature","geometry":{"type":"MultiPolygon","coordinates":[[[[122.1675,11.6858],[122.1624,11.6763],[122.1402,11.6809],[122.1321,11.6798],[122.1299,11.6811],[122.125,11.6774],[122.1232,11.6781],[122.1211,11.6756],[122.1172,11.6762],[122.1174,11.6728],[122.1139,11.6679],[122.1095,11.6722],[122.106,11.6732],[122.0962,11.6714],[122.0976,11.6773],[122.1013,11.6828],[122.1008,11.6897],[122.0986,11.6942],[122.1006,11.6992],[122.0998,11.7057],[122.0944,11.7158],[122.0708,11.7383],[122.0628,11.74],[122.0636,11.7425],[122.06,11.7403],[122.0603,11.7378],[122.0583,11.7361],[122.0481,11.7322],[122.0444,11.7322],[122.0344,11.7392],[122.0242,11.7422],[122.0197,11.7417],[122.0156,11.7364],[122.012,11.7368],[122.0052,11.7432],[122.0068,11.7467],[122.0039,11.7712],[122.0122,11.7894],[122.0156,11.8021],[122.0084,11.8226],[122.012,11.8231],[122.0269,11.8174],[122.0518,11.7991],[122.0917,11.7784],[122.1204,11.78],[122.1238,11.7727],[122.1432,11.772],[122.1458,11.7686],[122.1505,11.7688],[122.162,11.7578],[122.1697,11.7403],[122.1678,11.7333],[122.1705,11.7329],[122.171,11.7273],[122.174,11.7264],[122.1741,11.7224],[122.176,11.7228],[122.1785,11.7191],[122.177,11.7096],[122.1675,11.6858]]]]},"properties":{"ADM3_EN":"Pandan","name":"Pandan","ADM3_PCODE":"PH60611000","psgc_code":"60611000","ADM2_EN":"Antique","ADM2_PCODE":"PH6061","ADM1_EN":"Region VI (Western Visayas)","ADM1_PCODE":"PH06","ADM0_EN":"Philippines (the)","ADM0_PCODE":"PH","region_key":"panay_guimaras","province_key":"antique","type":"Municipality"}},{"type":"Feature","geometry":{"type":"MultiPolygon","coordinates":[[[[122.0246,10.8761],[121.9785,10.8684],[121.9668,10.8726],[121.9794,10.9076],[121.9812,10.9219],[121.9843,10.9309],[121.999,10.9519],[122.0183,10.9707],[122.0253,10.9827],[122.0396,11.0011],[122.07,10.9843],[122.0914,10.9476],[122.0954,10.9371],[122.0956,10.9296],[122.0926,10.9208],[122.0859,10.9109],[122.088,10.9065],[122.0818,10.8886],[122.0704,10.8677],[122.0647,10.8619],[122.0524,10.8624],[122.0319,10.8743],[122.0246,10.8761]]]]},"properties":{"ADM3_EN":"Patnongon","name":"Patnongon","ADM3_PCODE":"PH60612000","psgc_code":"60612000","ADM2_EN":"Antique","ADM2_PCODE":"PH6061","ADM1_EN":"Region VI (Western Visayas)","ADM1_PCODE":"PH06","ADM0_EN":"Philippines (the)","ADM0_PCODE":"PH","region_key":"panay_guimaras","province_key":"antique","type":"Municipality"}},{"type":"Feature","geometry":{"type":"MultiPolygon","coordinates":[[[[121.9435,10.7397],[121.9404,10.7405],[121.9383,10.7398],[121.9381,10.7369],[121.9361,10.7371],[121.9323,10.7413],[121.93,10.7514],[121.9243,10.7597],[121.9233,10.7638],[121.9274,10.7687],[121.9333,10.7834],[121.9449,10.801],[121.9474,10.8099],[121.9467,10.8118],[121.9502,10.8098],[121.9472,10.8145],[121.9475,10.8184],[121.949,10.8193],[121.9494,10.8248],[121.9535,10.8257],[121.9626,10.8196],[121.9717,10.8164],[121.9728,10.8135],[121.971,10.7986],[121.9761,10.773],[121.9818,10.7622],[122.0072,10.7516],[121.9945,10.7446],[121.9774,10.7474],[121.9717,10.7419],[121.9678,10.7408],[121.9658,10.7358],[121.9622,10.735],[121.9599,10.7282],[121.9619,10.7206],[121.9489,10.736],[121.9435,10.7397]]]]},"properties":{"ADM3_EN":"San Jose","name":"San Jose","ADM3_PCODE":"PH60613000","psgc_code":"60613000","ADM2_EN":"Antique","ADM2_PCODE":"PH6061","ADM1_EN":"Region VI (Western Visayas)","ADM1_PCODE":"PH06","ADM0_EN":"Philippines (the)","ADM0_PCODE":"PH","region_key":"panay_guimaras","province_key":"antique","type":"Municipality"}},{"type":"Feature","geometry":{"type":"MultiPolygon","coordinates":[[[[122.1379,10.8102],[122.1311,10.807],[122.1136,10.814],[122.0949,10.8087],[122.0648,10.8107],[122.0402,10.8214],[122.0366,10.8254],[122.0368,10.8287],[122.0342,10.8291],[122.0323,10.8314],[122.0282,10.8407],[122.0317,10.842],[122.0311,10.8445],[122.033,10.8459],[122.0294,10.8554],[122.0328,10.8598],[122.0362,10.8603],[122.0399,10.8681],[122.0524,10.8624],[122.0647,10.8619],[122.0688,10.8655],[122.0818,10.8886],[122.088,10.9065],[122.1027,10.9132],[122.1117,10.9204],[122.117,10.9272],[122.1227,10.9411],[122.1303,10.9506],[122.1332,10.9589],[122.1363,10.9614],[122.1513,10.969],[122.1995,11.0054],[122.2082,11.0091],[122.2135,11.0093],[122.2573,10.9835],[122.3097,10.9593],[122.321,10.9475],[122.3253,10.9409],[122.3237,10.9347],[122.3158,10.9364],[122.3096,10.9355],[122.2951,10.9281],[122.2935,10.9218],[122.2837,10.9113],[122.2793,10.8927],[122.2613,10.8954],[122.2417,10.8707],[122.2331,10.8668],[122.2263,10.8517],[122.2009,10.8342],[122.2,10.8163],[122.1678,10.8204],[122.1461,10.8207],[122.142,10.8172],[122.1379,10.8102]]]]},"properties":{"ADM3_EN":"San Remigio","name":"San Remigio","ADM3_PCODE":"PH60614000","psgc_code":"60614000","ADM2_EN":"Antique","ADM2_PCODE":"PH6061","ADM1_EN":"Region VI (Western Visayas)","ADM1_PCODE":"PH06","ADM0_EN":"Philippines (the)","ADM0_PCODE":"PH","region_key":"panay_guimaras","province_key":"antique","type":"Municipality"}},{"type":"Feature","geometry":{"type":"MultiPolygon","coordinates":[[[[122.0853,11.5044],[122.0856,11.5128],[122.0825,11.5253],[122.0781,11.5339],[122.0781,11.5425],[122.0831,11.5497],[122.0865,11.5601],[122.0867,11.5786],[122.0903,11.5814],[122.0933,11.5889],[122.0933,11.5974],[122.0956,11.6036],[122.095,11.6158],[122.0969,11.6233],[122.0967,11.6294],[122.1019,11.6467],[122.1011,11.6564],[122.0956,11.6717],[122.106,11.6732],[122.1095,11.6722],[122.1139,11.6679],[122.1174,11.6728],[122.1172,11.6762],[122.1211,11.6756],[122.1232,11.6781],[122.125,11.6774],[122.1299,11.6811],[122.1321,11.6798],[122.1402,11.6809],[122.1624,11.6763],[122.1464,11.6572],[122.1409,11.6422],[122.1445,11.6118],[122.1501,11.5959],[122.1438,11.5798],[122.1403,11.5581],[122.1421,11.5533],[122.1514,11.5416],[122.1546,11.5348],[122.1534,11.5283],[122.1452,11.5198],[122.1074,11.5187],[122.0853,11.5044]]]]},"properties":{"ADM3_EN":"Sebaste","name":"Sebaste","ADM3_PCODE":"PH60615000","psgc_code":"60615000","ADM2_EN":"Antique","ADM2_PCODE":"PH6061","ADM1_EN":"Region VI (Western Visayas)","ADM1_PCODE":"PH06","ADM0_EN":"Philippines (the)","ADM0_PCODE":"PH","region_key":"panay_guimaras","province_key":"antique","type":"Municipality"}},{"type":"Feature","geometry":{"type":"MultiPolygon","coordinates":[[[[122.0352,10.7104],[122.0002,10.7381],[122.0,10.7402],[121.9949,10.7438],[122.0072,10.7516],[121.9818,10.7622],[121.9761,10.773],[121.971,10.7986],[121.9712,10.8067],[121.9728,10.8135],[121.9776,10.8183],[121.9796,10.8276],[121.9845,10.8366],[121.9887,10.8384],[122.0285,10.8383],[122.0334,10.8298],[122.0368,10.8287],[122.0366,10.8254],[122.0402,10.8214],[122.0648,10.8107],[122.0949,10.8087],[122.1136,10.814],[122.1311,10.807],[122.1367,10.8091],[122.142,10.8172],[122.1461,10.8207],[122.1678,10.8204],[122.2,10.8163],[122.1754,10.7562],[122.1536,10.7518],[122.1141,10.7155],[122.0937,10.7006],[122.0838,10.701],[122.0784,10.6933],[122.0352,10.7104]]]]},"properties":{"ADM3_EN":"Sibalom","name":"Sibalom","ADM3_PCODE":"PH60616000","psgc_code":"60616000","ADM2_EN":"Antique","ADM2_PCODE":"PH6061","ADM1_EN":"Region VI (Western Visayas)","ADM1_PCODE":"PH06","ADM0_EN":"Philippines (the)","ADM0_PCODE":"PH","region_key":"panay_guimaras","province_key":"antique","type":"Municipality"}},{"type":"Feature","geometry":{"type":"MultiPolygon","coordinates":[[[[122.0586,11.247],[122.0536,11.2501],[122.0493,11.2504],[122.0514,11.2636],[122.0303,11.29],[122.0269,11.3006],[122.0364,11.3217],[122.0503,11.3322],[122.0558,11.3383],[122.0581,11.3431],[122.0586,11.3572],[122.06,11.3592],[122.0799,11.3575],[122.0818,11.3556],[122.0947,11.3563],[122.1216,11.3525],[122.1366,11.3529],[122.1644,11.3462],[122.158,11.3408],[122.1606,11.3352],[122.1586,11.3254],[122.1543,11.3249],[122.1489,11.3291],[122.1447,11.3308],[122.1429,11.3294],[122.1415,11.3315],[122.1374,11.3288],[122.1327,11.3306],[122.1293,11.3262],[122.1266,11.3262],[122.1259,11.3224],[122.1289,11.3211],[122.1263,11.3129],[122.1226,11.3141],[122.1219,11.3122],[122.1152,11.3123],[122.1186,11.3058],[122.1158,11.305],[122.1144,11.3025],[122.1113,11.3024],[122.1099,11.2992],[122.1127,11.2979],[122.1084,11.2947],[122.1075,11.2898],[122.1032,11.2855],[122.1064,11.2837],[122.1071,11.2814],[122.1088,11.2816],[122.1044,11.2761],[122.1058,11.2741],[122.0919,11.2673],[122.0802,11.2651],[122.0739,11.2575],[122.0739,11.2513],[122.0702,11.2489],[122.0586,11.247]]]]},"properties":{"ADM3_EN":"Tibiao","name":"Tibiao","ADM3_PCODE":"PH60617000","psgc_code":"60617000","ADM2_EN":"Antique","ADM2_PCODE":"PH6061","ADM1_EN":"Region VI (Western Visayas)","ADM1_PCODE":"PH06","ADM0_EN":"Philippines (the)","ADM0_PCODE":"PH","region_key":"panay_guimaras","province_key":"antique","type":"Municipality"}},{"type":"Feature","geometry":{"type":"MultiPolygon","coordinates":[[[[121.9648,10.4616],[121.9546,10.4646],[121.9437,10.4652],[121.9221,10.4771],[121.9172,10.4771],[121.9209,10.4806],[121.9219,10.4875],[121.9184,10.4932],[121.9185,10.4998],[121.9142,10.5047],[121.9234,10.5047],[121.925,10.5072],[121.9239,10.5081],[121.9346,10.5163],[121.9485,10.5326],[121.9582,10.5513],[121.9666,10.585],[121.9742,10.5861],[121.9776,10.5849],[121.9799,10.5874],[121.9839,10.5851],[121.9932,10.5861],[122.0081,10.5747],[122.0216,10.5744],[122.0229,10.5603],[122.0223,10.5567],[122.0174,10.5505],[122.0187,10.5497],[122.0168,10.5393],[122.0163,10.5176],[122.0146,10.511],[122.0158,10.5019],[122.0179,10.5004],[122.0111,10.494],[122.0133,10.4769],[122.0011,10.4754],[121.9906,10.4779],[121.9858,10.4772],[121.9832,10.476],[121.9831,10.4733],[121.9806,10.4732],[121.9755,10.4643],[121.9648,10.4616]]]]},"properties":{"ADM3_EN":"Tobias Fornier","name":"Tobias Fornier","ADM3_PCODE":"PH60607000","psgc_code":"60607000","ADM2_EN":"Antique","ADM2_PCODE":"PH6060","ADM1_EN":"Region VI (Western Visayas)","ADM1_PCODE":"PH06","ADM0_EN":"Philippines (the)","ADM0_PCODE":"PH","region_key":"panay_guimaras","province_key":"antique","type":"Municipality"}},{"type":"Feature","geometry":{"type":"MultiPolygon","coordinates":[[[[122.0926,10.9208],[122.0956,10.9296],[122.0954,10.9371],[122.093,10.9442],[122.07,10.9843],[122.0976,10.9963],[122.1033,11.0148],[122.1099,11.0285],[122.1282,11.0444],[122.1518,11.0682],[122.1876,11.1174],[122.1937,11.122],[122.205,11.1269],[122.2247,11.1313],[122.2421,11.1331],[122.3091,11.0477],[122.3203,11.0292],[122.3244,11.0157],[122.3201,10.9857],[122.3142,10.9687],[122.3139,10.9562],[122.2573,10.9835],[122.2161,11.0085],[122.2082,11.0091],[122.193,11.0012],[122.1513,10.969],[122.1332,10.9589],[122.1303,10.9506],[122.1227,10.9411],[122.1142,10.9233],[122.1027,10.9132],[122.088,10.9065],[122.0859,10.9109],[122.0926,10.9208]]]]},"properties":{"ADM3_EN":"Valderrama","name":"Valderrama","ADM3_PCODE":"PH60618000","psgc_code":"60618000","ADM2_EN":"Antique","ADM2_PCODE":"PH6061","ADM1_EN":"Region VI (Western Visayas)","ADM1_PCODE":"PH06","ADM0_EN":"Philippines (the)","ADM0_PCODE":"PH","region_key":"panay_guimaras","province_key":"antique","type":"Municipality"}},{"type":"Feature","geometry":{"type":"MultiPolygon","coordinates":[[[[122.8431,11.3083],[122.8441,11.3041],[122.8536,11.3043],[122.8546,11.3013],[122.8691,11.2862],[122.8889,11.2684],[122.7987,11.2855],[122.6705,11.3064],[122.6693,11.3102],[122.6652,11.309],[122.6609,11.3155],[122.6628,11.3192],[122.6613,11.3232],[122.6628,11.3241],[122.6641,11.3218],[122.6664,11.3219],[122.6654,11.3271],[122.6692,11.3287],[122.6704,11.3313],[122.6676,11.333],[122.6652,11.3383],[122.6628,11.3366],[122.657,11.3377],[122.6547,11.3354],[122.6527,11.3366],[122.6618,11.3529],[122.668,11.35],[122.6736,11.3537],[122.6775,11.3515],[122.6756,11.3481],[122.6761,11.3455],[122.681,11.3479],[122.6942,11.3496],[122.7087,11.3512],[122.7147,11.3503],[122.7526,11.3446],[122.7552,11.3437],[122.7662,11.3321],[122.7955,11.3245],[122.8133,11.3252],[122.8162,11.3277],[122.8235,11.3268],[122.8243,11.3233],[122.8316,11.3229],[122.8356,11.3189],[122.8419,11.3185],[122.841,11.3153],[122.8421,11.313],[122.8403,11.3097],[122.8431,11.3083]]]]},"properties":{"ADM3_EN":"Cuartero","name":"Cuartero","ADM3_PCODE":"PH61901000","psgc_code":"61901000","ADM2_EN":"Capiz","ADM2_PCODE":"PH6190","ADM1_EN":"Region VI (Western Visayas)","ADM1_PCODE":"PH06","ADM0_EN":"Philippines (the)","ADM0_PCODE":"PH","region_key":"panay_guimaras","province_key":"capiz","type":"Municipality"}},{"type":"Feature","geometry":{"type":"MultiPolygon","coordinates":[[[[122.7036,11.3507],[122.681,11.3479],[122.6761,11.3455],[122.6756,11.3481],[122.6775,11.3515],[122.6736,11.3537],[122.668,11.35],[122.6618,11.3529],[122.6618,11.3645],[122.6562,11.3663],[122.6545,11.3727],[122.6615,11.3851],[122.6645,11.4],[122.6664,11.4011],[122.6742,11.4],[122.6789,11.403],[122.6806,11.4011],[122.687,11.4026],[122.6989,11.4153],[122.7183,11.4162],[122.7411,11.4265],[122.7449,11.4229],[122.7457,11.3997],[122.7465,11.3972],[122.7481,11.3971],[122.7467,11.3906],[122.7428,11.3839],[122.747,11.3744],[122.7562,11.3743],[122.7565,11.3731],[122.7557,11.3639],[122.7509,11.3565],[122.7511,11.3529],[122.7537,11.3484],[122.753,11.3447],[122.7087,11.3512],[122.7036,11.3507]]]]},"properties":{"ADM3_EN":"Dao","name":"Dao","ADM3_PCODE":"PH61902000","psgc_code":"61902000","ADM2_EN":"Capiz","ADM2_PCODE":"PH6190","ADM1_EN":"Region VI (Western Visayas)","ADM1_PCODE":"PH06","ADM0_EN":"Philippines (the)","ADM0_PCODE":"PH","region_key":"panay_guimaras","province_key":"capiz","type":"Municipality"}},{"type":"Feature","geometry":{"type":"MultiPolygon","coordinates":[[[[122.6296,11.2626],[122.6018,11.2278],[122.5905,11.2212],[122.5856,11.2212],[122.5855,11.2246],[122.5811,11.2254],[122.5807,11.2287],[122.5773,11.2324],[122.5835,11.2383],[122.5842,11.2421],[122.582,11.2438],[122.5801,11.2506],[122.5836,11.2531],[122.5831,11.2563],[122.5844,11.2574],[122.5878,11.2557],[122.5942,11.2591],[122.5959,11.2584],[122.6005,11.2708],[122.6005,11.2759],[122.5965,11.2817],[122.5962,11.285],[122.5931,11.285],[122.5883,11.2911],[122.5902,11.2935],[122.5879,11.2963],[122.5891,11.2974],[122.5887,11.3086],[122.5839,11.3132],[122.5812,11.3188],[122.5911,11.3452],[122.5977,11.3568],[122.6137,11.3596],[122.6378,11.3668],[122.6562,11.3663],[122.6618,11.3645],[122.6618,11.3529],[122.6527,11.3366],[122.6547,11.3354],[122.657,11.3377],[122.6628,11.3366],[122.6652,11.3383],[122.6672,11.3336],[122.6706,11.3305],[122.6654,11.3271],[122.6664,11.3219],[122.6641,11.3218],[122.6628,11.3241],[122.6613,11.3232],[122.6628,11.3192],[122.6611,11.3141],[122.6638,11.3089],[122.6628,11.305],[122.6605,11.303],[122.6598,11.298],[122.6543,11.2944],[122.657,11.2903],[122.6571,11.2864],[122.6549,11.2849],[122.6542,11.2804],[122.658,11.2784],[122.6596,11.2744],[122.6563,11.2714],[122.6556,11.2679],[122.6496,11.2641],[122.6348,11.2672],[122.6296,11.2626]]]]},"properties":{"ADM3_EN":"Dumalag","name":"Dumalag","ADM3_PCODE":"PH61903000","psgc_code":"61903000","ADM2_EN":"Capiz","ADM2_PCODE":"PH6190","ADM1_EN":"Region VI (Western Visayas)","ADM1_PCODE":"PH06","ADM0_EN":"Philippines (the)","ADM0_PCODE":"PH","region_key":"panay_guimaras","province_key":"capiz","type":"Municipality"}},{"type":"Feature","geometry":{"type":"MultiPolygon","coordinates":[[[[122.857,11.2018],[122.852,11.1919],[122.8054,11.1884],[122.8008,11.1826],[122.7822,11.1819],[122.7797,11.1838],[122.7851,11.2001],[122.7856,11.209],[122.7839,11.2193],[122.7782,11.2266],[122.7638,11.2282],[122.7269,11.2272],[122.7035,11.2116],[122.6857,11.2153],[122.663,11.2094],[122.6505,11.2124],[122.6349,11.2303],[122.6269,11.2357],[122.6464,11.2581],[122.6496,11.2641],[122.6556,11.2679],[122.6563,11.2714],[122.6596,11.2744],[122.658,11.2784],[122.6542,11.2804],[122.6549,11.2849],[122.6571,11.2864],[122.657,11.2903],[122.6543,11.2944],[122.6601,11.2986],[122.6638,11.3103],[122.6664,11.3085],[122.6685,11.3104],[122.6705,11.3064],[122.7987,11.2855],[122.8889,11.2684],[122.8869,11.262],[122.8934,11.2595],[122.8956,11.257],[122.8901,11.2376],[122.8746,11.2412],[122.8636,11.2229],[122.8544,11.2033],[122.857,11.2018]]]]},"properties":{"ADM3_EN":"Dumarao","name":"Dumarao","ADM3_PCODE":"PH61904000","psgc_code":"61904000","ADM2_EN":"Capiz","ADM2_PCODE":"PH6190","ADM1_EN":"Region VI (Western Visayas)","ADM1_PCODE":"PH06","ADM0_EN":"Philippines (the)","ADM0_PCODE":"PH","region_key":"panay_guimaras","province_key":"capiz","type":"Municipality"}},{"type":"Feature","geometry":{"type":"MultiPolygon","coordinates":[[[[122.729,11.5054],[122.7277,11.5025],[122.7234,11.5021],[122.729,11.4851],[122.7195,11.4839],[122.682,11.4883],[122.668,11.4953],[122.6627,11.4954],[122.6584,11.4993],[122.6544,11.4988],[122.652,11.5003],[122.6513,11.5025],[122.6478,11.504],[122.6469,11.5061],[122.648,11.5068],[122.6458,11.5078],[122.645,11.5116],[122.642,11.5128],[122.6409,11.519],[122.6388,11.5174],[122.6371,11.5186],[122.6352,11.5272],[122.6379,11.5284],[122.6373,11.5328],[122.6389,11.5339],[122.6475,11.5369],[122.6553,11.5369],[122.6553,11.5383],[122.6508,11.5419],[122.6511,11.5461],[122.6472,11.5461],[122.644,11.5502],[122.6418,11.5502],[122.638,11.5442],[122.6364,11.5483],[122.6333,11.5469],[122.6385,11.5531],[122.6345,11.5545],[122.636,11.5599],[122.6345,11.5621],[122.6403,11.5622],[122.6422,11.5661],[122.6452,11.5662],[122.6452,11.5699],[122.6419,11.5703],[122.6419,11.5717],[122.6494,11.5744],[122.65,11.5725],[122.6478,11.5706],[122.6492,11.5692],[122.6483,11.5667],[122.6506,11.5644],[122.65,11.5589],[122.6553,11.5556],[122.6592,11.5586],[122.6583,11.5558],[122.6658,11.5467],[122.6619,11.5447],[122.6617,11.5492],[122.6592,11.5492],[122.6567,11.5467],[122.6586,11.5425],[122.6639,11.5394],[122.6683,11.5433],[122.6686,11.5486],[122.6792,11.5455],[122.6792,11.5435],[122.6764,11.5456],[122.6696,11.5458],[122.6697,11.5436],[122.6722,11.5425],[122.6711,11.5411],[122.6739,11.5372],[122.6747,11.5308],[122.6783,11.5281],[122.6817,11.5303],[122.6831,11.5281],[122.6844,11.5294],[122.68,11.5397],[122.6825,11.5428],[122.6822,11.545],[122.6875,11.5442],[122.6906,11.5358],[122.6945,11.5364],[122.6955,11.5326],[122.6945,11.5313],[122.6978,11.5303],[122.697,11.5289],[122.6983,11.5272],[122.7005,11.5278],[122.7017,11.5317],[122.6983,11.5347],[122.7044,11.5408],[122.7033,11.5419],[122.7056,11.5445],[122.7137,11.5388],[122.72,11.5279],[122.7337,11.5166],[122.729,11.5054]]],[[[122.6331,11.5381],[122.6322,11.5394],[122.6342,11.5406],[122.6351,11.5386],[122.6331,11.5381]]],[[[122.6777,11.5382],[122.6789,11.539],[122.6808,11.5366],[122.6778,11.5359],[122.6777,11.5382]]],[[[122.6307,11.5678],[122.6311,11.5703],[122.6322,11.5706],[122.6322,11.5675],[122.6307,11.5678]]],[[[122.6292,11.5789],[122.6314,11.5792],[122.6314,11.5781],[122.6301,11.5775],[122.6292,11.5789]]]]},"properties":{"ADM3_EN":"Ivisan","name":"Ivisan","ADM3_PCODE":"PH61905000","psgc_code":"61905000","ADM2_EN":"Capiz","ADM2_PCODE":"PH6190","ADM1_EN":"Region VI (Western Visayas)","ADM1_PCODE":"PH06","ADM0_EN":"Philippines (the)","ADM0_PCODE":"PH","region_key":"panay_guimaras","province_key":"capiz","type":"Municipality"}},{"type":"Feature","geometry":{"type":"MultiPolygon","coordinates":[[[[122.2226,11.3168],[122.2748,11.3323],[122.3105,11.3611],[122.3237,11.3743],[122.3358,11.3938],[122.3495,11.4303],[122.3501,11.4399],[122.366,11.4325],[122.37,11.4351],[122.3825,11.4523],[122.3947,11.4791],[122.4616,11.4795],[122.4739,11.4766],[122.4762,11.4783],[122.5012,11.4782],[122.5166,11.4829],[122.5295,11.4911],[122.5317,11.4837],[122.5371,11.4377],[122.5389,11.4369],[122.5364,11.4333],[122.5373,11.4319],[122.541,11.4319],[122.5423,11.4281],[122.544,11.4298],[122.5497,11.4264],[122.5505,11.4233],[122.5541,11.4212],[122.5568,11.4173],[122.5556,11.4141],[122.5578,11.4114],[122.5545,11.4096],[122.5652,11.3935],[122.5977,11.3568],[122.5863,11.3352],[122.5812,11.3188],[122.5751,11.3223],[122.5101,11.3411],[122.3862,11.3473],[122.3664,11.347],[122.3538,11.3402],[122.3484,11.3328],[122.3341,11.2888],[122.3248,11.2728],[122.3187,11.2659],[122.293,11.2515],[122.2557,11.2365],[122.2271,11.228],[122.2103,11.2206],[122.2017,11.2148],[122.2051,11.2403],[122.2072,11.2848],[122.2054,11.2891],[122.2043,11.3018],[122.2001,11.3127],[122.2226,11.3168]]]]},"properties":{"ADM3_EN":"Jamindan","name":"Jamindan","ADM3_PCODE":"PH61906000","psgc_code":"61906000","ADM2_EN":"Capiz","ADM2_PCODE":"PH6190","ADM1_EN":"Region VI (Western Visayas)","ADM1_PCODE":"PH06","ADM0_EN":"Philippines (the)","ADM0_PCODE":"PH","region_key":"panay_guimaras","province_key":"capiz","type":"Municipality"}},{"type":"Feature","geometry":{"type":"MultiPolygon","coordinates":[[[[122.9337,11.3423],[122.9341,11.3303],[122.9443,11.3105],[122.9473,11.3092],[122.9482,11.3051],[122.9452,11.3031],[122.9357,11.3028],[122.9305,11.2978],[122.9189,11.2981],[122.9148,11.2939],[122.9076,11.2929],[122.89,11.2776],[122.8889,11.2684],[122.8691,11.2862],[122.8546,11.3013],[122.8536,11.3043],[122.8434,11.3047],[122.8431,11.3083],[122.8404,11.3094],[122.8421,11.313],[122.8409,11.319],[122.8356,11.3189],[122.8316,11.3229],[122.8243,11.3233],[122.8235,11.3268],[122.8204,11.3276],[122.8162,11.3277],[122.8133,11.3252],[122.7955,11.3245],[122.7685,11.3311],[122.7635,11.3339],[122.7552,11.3437],[122.7526,11.3446],[122.7537,11.3484],[122.7511,11.3529],[122.7509,11.3565],[122.7551,11.362],[122.7566,11.3775],[122.7609,11.3844],[122.7611,11.3884],[122.7594,11.3885],[122.758,11.3917],[122.7682,11.3997],[122.7633,11.4028],[122.7633,11.4048],[122.7602,11.4073],[122.7596,11.4169],[122.7743,11.4096],[122.7811,11.404],[122.7866,11.4037],[122.8061,11.4108],[122.8186,11.4133],[122.8271,11.4174],[122.8367,11.4172],[122.8424,11.4074],[122.8576,11.39],[122.8637,11.3876],[122.8983,11.3845],[122.9098,11.3813],[122.9184,11.3771],[122.9295,11.3687],[122.9383,11.3606],[122.9346,11.3557],[122.936,11.3533],[122.9331,11.3493],[122.935,11.3473],[122.9337,11.3423]]]]},"properties":{"ADM3_EN":"Ma-Ayon","name":"Ma-Ayon","ADM3_PCODE":"PH61907000","psgc_code":"61907000","ADM2_EN":"Capiz","ADM2_PCODE":"PH6190","ADM1_EN":"Region VI (Western Visayas)","ADM1_PCODE":"PH06","ADM0_EN":"Philippines (the)","ADM0_PCODE":"PH","region_key":"panay_guimaras","province_key":"capiz","type":"Municipality"}},{"type":"Feature","geometry":{"type":"MultiPolygon","coordinates":[[[[122.598,11.4726],[122.6248,11.4759],[122.6549,11.47],[122.647,11.4591],[122.6411,11.4565],[122.6387,11.4515],[122.6365,11.4502],[122.6384,11.449],[122.636,11.4451],[122.6391,11.4392],[122.6341,11.4175],[122.6211,11.3939],[122.6042,11.3767],[122.6002,11.3706],[122.5977,11.3568],[122.5652,11.3935],[122.5545,11.4096],[122.5578,11.4114],[122.5556,11.4141],[122.5568,11.4173],[122.5541,11.4212],[122.5505,11.4233],[122.5497,11.4264],[122.544,11.4298],[122.5423,11.4281],[122.541,11.4319],[122.5373,11.4319],[122.5364,11.4333],[122.5389,11.4369],[122.5371,11.4377],[122.5378,11.4403],[122.5335,11.4601],[122.5317,11.4837],[122.5525,11.482],[122.5654,11.4761],[122.5798,11.4729],[122.598,11.4726]]]]},"properties":{"ADM3_EN":"Mambusao","name":"Mambusao","ADM3_PCODE":"PH61908000","psgc_code":"61908000","ADM2_EN":"Capiz","ADM2_PCODE":"PH6190","ADM1_EN":"Region VI (Western Visayas)","ADM1_PCODE":"PH06","ADM0_EN":"Philippines (the)","ADM0_PCODE":"PH","region_key":"panay_guimaras","province_key":"capiz","type":"Municipality"}},{"type":"Feature","geometry":{"type":"MultiPolygon","coordinates":[[[[122.8196,11.4887],[122.7904,11.4878],[122.7841,11.484],[122.7832,11.4914],[122.7778,11.4868],[122.7765,11.4873],[122.7755,11.4922],[122.7717,11.4952],[122.7705,11.5009],[122.7686,11.5021],[122.7643,11.5008],[122.7641,11.5021],[122.7699,11.5048],[122.7708,11.5074],[122.769,11.5141],[122.7747,11.5139],[122.7785,11.5211],[122.7878,11.5198],[122.7838,11.5228],[122.7843,11.5276],[122.7779,11.5283],[122.7759,11.5245],[122.7706,11.5288],[122.7743,11.5342],[122.7698,11.5498],[122.7922,11.579],[122.8037,11.6066],[122.8275,11.6103],[122.8325,11.605],[122.8328,11.6025],[122.8264,11.5981],[122.8255,11.5875],[122.8288,11.5825],[122.8288,11.5774],[122.8306,11.5817],[122.8275,11.5858],[122.8269,11.59],[122.8278,11.5944],[122.8304,11.5959],[122.8364,11.5922],[122.845,11.5793],[122.8575,11.5675],[122.8578,11.5622],[122.8561,11.5606],[122.8528,11.5628],[122.8519,11.5619],[122.8597,11.5536],[122.8614,11.5478],[122.8602,11.5422],[122.8625,11.545],[122.8625,11.55],[122.8611,11.5547],[122.8569,11.5594],[122.8614,11.5594],[122.8653,11.5558],[122.8644,11.5408],[122.863,11.5425],[122.8644,11.5364],[122.8603,11.5346],[122.8561,11.5357],[122.856,11.5344],[122.8593,11.5329],[122.8653,11.5353],[122.8706,11.5294],[122.8769,11.5292],[122.8686,11.5331],[122.8669,11.5394],[122.8711,11.5442],[122.8778,11.5447],[122.9028,11.5275],[122.9269,11.5189],[122.9308,11.5161],[122.9239,11.5078],[122.9158,11.5031],[122.9133,11.505],[122.9139,11.51],[122.9103,11.5158],[122.9072,11.5178],[122.9039,11.5167],[122.8978,11.5186],[122.8983,11.5139],[122.9028,11.5106],[122.9053,11.5125],[122.9097,11.5064],[122.9113,11.5063],[122.9083,11.5011],[122.9094,11.4989],[122.9,11.4942],[122.8958,11.4892],[122.8919,11.4917],[122.8828,11.4886],[122.8808,11.4864],[122.8836,11.4842],[122.8869,11.4842],[122.8872,11.4861],[122.8833,11.4872],[122.8886,11.4894],[122.8911,11.4883],[122.8903,11.4777],[122.8774,11.485],[122.8784,11.4919],[122.877,11.4892],[122.874,11.4911],[122.8713,11.4883],[122.8684,11.4923],[122.8707,11.4938],[122.8704,11.4989],[122.8717,11.5008],[122.8681,11.5015],[122.867,11.4994],[122.8616,11.5057],[122.8577,11.5051],[122.8572,11.5023],[122.8553,11.5038],[122.8525,11.5013],[122.8526,11.5032],[122.8476,11.4974],[122.8479,11.4956],[122.8429,11.4962],[122.8196,11.4887]]]]},"properties":{"ADM3_EN":"Panay","name":"Panay","ADM3_PCODE":"PH61909000","psgc_code":"61909000","ADM2_EN":"Capiz","ADM2_PCODE":"PH6190","ADM1_EN":"Region VI (Western Visayas)","ADM1_PCODE":"PH06","ADM0_EN":"Philippines (the)","ADM0_PCODE":"PH","region_key":"panay_guimaras","province_key":"capiz","type":"Municipality"}},{"type":"Feature","geometry":{"type":"MultiPolygon","coordinates":[[[[122.7477,11.3742],[122.7428,11.3839],[122.7467,11.3906],[122.7481,11.3971],[122.7465,11.3972],[122.7457,11.3997],[122.7449,11.4229],[122.7411,11.4265],[122.7361,11.4249],[122.7331,11.4277],[122.7346,11.4293],[122.7317,11.432],[122.7329,11.4333],[122.7306,11.4332],[122.732,11.4368],[122.7295,11.4398],[122.7324,11.4487],[122.7274,11.4629],[122.727,11.4768],[122.729,11.4851],[122.7321,11.4868],[122.7486,11.4807],[122.7514,11.4879],[122.7531,11.4873],[122.7575,11.4908],[122.7593,11.4903],[122.7629,11.4935],[122.7717,11.4952],[122.7755,11.4922],[122.7765,11.4873],[122.7778,11.4868],[122.7832,11.4914],[122.7841,11.484],[122.7993,11.4846],[122.8132,11.4752],[122.8247,11.459],[122.8245,11.4379],[122.8271,11.4174],[122.8186,11.4133],[122.8061,11.4108],[122.7866,11.4037],[122.7811,11.404],[122.7743,11.4096],[122.7596,11.4169],[122.7602,11.4073],[122.7633,11.4048],[122.7633,11.4028],[122.7682,11.3997],[122.758,11.3917],[122.7594,11.3885],[122.7611,11.3884],[122.7609,11.3844],[122.7566,11.3775],[122.7562,11.3743],[122.7477,11.3742]]]]},"properties":{"ADM3_EN":"Panitan","name":"Panitan","ADM3_PCODE":"PH61910000","psgc_code":"61910000","ADM2_EN":"Capiz","ADM2_PCODE":"PH6191","ADM1_EN":"Region VI (Western Visayas)","ADM1_PCODE":"PH06","ADM0_EN":"Philippines (the)","ADM0_PCODE":"PH","region_key":"panay_guimaras","province_key":"capiz","type":"Municipality"}},{"type":"Feature","geometry":{"type":"MultiPolygon","coordinates":[[[[123.0485,11.4464],[123.0499,11.4254],[123.0546,11.4101],[123.0498,11.3969],[123.0434,11.391],[123.034,11.386],[123.0157,11.3806],[122.9949,11.3819],[123.0141,11.3925],[123.0121,11.4085],[123.0133,11.4224],[122.9861,11.4353],[122.9632,11.4336],[122.9436,11.4502],[122.9425,11.4538],[122.9386,11.4556],[122.9397,11.4597],[122.9362,11.4645],[122.9408,11.469],[122.9402,11.4701],[122.9377,11.4698],[122.9374,11.4703],[122.9414,11.4711],[122.9381,11.4747],[122.9425,11.48],[122.9467,11.4781],[122.9511,11.4789],[122.9564,11.4775],[122.9592,11.4811],[122.9647,11.4825],[122.9894,11.4833],[122.993,11.4886],[123.0078,11.4919],[123.0133,11.4965],[123.0122,11.5003],[123.0144,11.4994],[123.0161,11.5014],[123.0219,11.5031],[123.0419,11.5158],[123.0572,11.5189],[123.0664,11.5253],[123.0743,11.5268],[123.075,11.5294],[123.0784,11.5322],[123.0797,11.5378],[123.0861,11.5394],[123.088,11.5429],[123.0971,11.5445],[123.0984,11.541],[123.0949,11.5376],[123.0867,11.5154],[123.0751,11.5117],[123.0753,11.4912],[123.0731,11.4837],[123.0714,11.4834],[123.0688,11.476],[123.0663,11.4753],[123.0591,11.4664],[123.0564,11.4604],[123.0565,11.4567],[123.0496,11.4507],[123.0485,11.4464]]],[[[123.0125,11.5031],[123.0117,11.5011],[123.0103,11.5014],[123.0108,11.5033],[123.0125,11.5031]]]]},"properties":{"ADM3_EN":"Pilar","name":"Pilar","ADM3_PCODE":"PH61911000","psgc_code":"61911000","ADM2_EN":"Capiz","ADM2_PCODE":"PH6191","ADM1_EN":"Region VI (Western Visayas)","ADM1_PCODE":"PH06","ADM0_EN":"Philippines (the)","ADM0_PCODE":"PH","region_key":"panay_guimaras","province_key":"capiz","type":"Municipality"}},{"type":"Feature","geometry":{"type":"MultiPolygon","coordinates":[[[[122.9107,11.3808],[122.8983,11.3845],[122.8637,11.3876],[122.8576,11.39],[122.8424,11.4074],[122.8367,11.4172],[122.8271,11.4174],[122.8245,11.4379],[122.8247,11.459],[122.8132,11.4752],[122.7993,11.4846],[122.7841,11.484],[122.7904,11.4878],[122.8196,11.4887],[122.8429,11.4962],[122.8479,11.4956],[122.8476,11.4974],[122.8526,11.5032],[122.8525,11.5013],[122.8553,11.5038],[122.8572,11.5023],[122.8594,11.506],[122.8625,11.505],[122.8639,11.5016],[122.8669,11.501],[122.867,11.4994],[122.8681,11.5015],[122.8717,11.5008],[122.8704,11.4989],[122.8707,11.4938],[122.8685,11.4935],[122.8698,11.4898],[122.8718,11.4884],[122.874,11.4911],[122.877,11.4892],[122.8784,11.4919],[122.8774,11.485],[122.8903,11.4777],[122.8931,11.4722],[122.8892,11.4669],[122.8861,11.4689],[122.8833,11.4678],[122.8833,11.4653],[122.8786,11.465],[122.8739,11.4536],[122.8703,11.4539],[122.8669,11.4592],[122.8678,11.4531],[122.87,11.4519],[122.8681,11.4514],[122.8631,11.455],[122.8614,11.4544],[122.8636,11.4506],[122.8661,11.4506],[122.8642,11.4478],[122.8683,11.4481],[122.8706,11.4511],[122.8761,11.4458],[122.8742,11.4444],[122.8706,11.4481],[122.8639,11.4425],[122.8703,11.4417],[122.8719,11.4383],[122.8744,11.44],[122.8764,11.4392],[122.8728,11.4369],[122.8658,11.4406],[122.8717,11.4353],[122.8839,11.4408],[122.8911,11.4389],[122.8875,11.435],[122.8797,11.4308],[122.8894,11.4317],[122.8922,11.4342],[122.8969,11.4294],[122.8933,11.4264],[122.8956,11.4236],[122.9003,11.4275],[122.9031,11.4328],[122.9071,11.4268],[122.9057,11.4238],[122.9076,11.4206],[122.9066,11.4189],[122.9078,11.415],[122.9131,11.4115],[122.9175,11.3997],[122.923,11.3977],[122.9498,11.3692],[122.9383,11.3606],[122.9184,11.3771],[122.9107,11.3808]]],[[[122.8825,11.4465],[122.8844,11.4475],[122.8858,11.4463],[122.8803,11.4448],[122.8825,11.4465]]],[[[122.885,11.4522],[122.8819,11.4506],[122.8783,11.4525],[122.8792,11.4553],[122.8817,11.4567],[122.885,11.4522]]],[[[122.8939,11.4525],[122.8889,11.4545],[122.8903,11.4581],[122.8922,11.4578],[122.89,11.4548],[122.8939,11.4525]]],[[[122.9022,11.4567],[122.8975,11.4558],[122.8953,11.4578],[122.8981,11.4597],[122.9017,11.4597],[122.9022,11.4567]]]]},"properties":{"ADM3_EN":"Pontevedra","name":"Pontevedra","ADM3_PCODE":"PH61912000","psgc_code":"61912000","ADM2_EN":"Capiz","ADM2_PCODE":"PH6191","ADM1_EN":"Region VI (Western Visayas)","ADM1_PCODE":"PH06","ADM0_EN":"Philippines (the)","ADM0_PCODE":"PH","region_key":"panay_guimaras","province_key":"capiz","type":"Municipality"}},{"type":"Feature","geometry":{"type":"MultiPolygon","coordinates":[[[[122.9216,11.3987],[122.9168,11.4007],[122.9131,11.4115],[122.9078,11.415],[122.9066,11.4189],[122.9076,11.4206],[122.9057,11.4238],[122.9081,11.4286],[122.9094,11.4278],[122.9142,11.4308],[122.9119,11.4319],[122.9128,11.4331],[122.9161,11.4308],[122.9178,11.4333],[122.9089,11.4364],[122.9078,11.4347],[122.9106,11.4333],[122.91,11.4317],[122.9039,11.4353],[122.9056,11.44],[122.9111,11.4447],[122.9144,11.4525],[122.9161,11.4514],[122.9136,11.4492],[122.9131,11.4439],[122.9175,11.4442],[122.9178,11.4472],[122.9208,11.4472],[122.9228,11.4447],[122.9245,11.4461],[122.9233,11.4503],[122.9217,11.4483],[122.9178,11.4511],[122.9172,11.4578],[122.9147,11.4614],[122.915,11.4647],[122.9181,11.4689],[122.915,11.4789],[122.9181,11.4836],[122.9311,11.48],[122.9353,11.4764],[122.9269,11.4731],[122.9245,11.4667],[122.9247,11.4628],[122.9292,11.4722],[122.9361,11.4728],[122.9377,11.4698],[122.9402,11.4701],[122.9406,11.4684],[122.9362,11.4645],[122.9397,11.4597],[122.9386,11.4556],[122.9425,11.4538],[122.9436,11.4502],[122.9632,11.4336],[122.9861,11.4353],[123.0133,11.4224],[123.0121,11.4085],[123.0141,11.3925],[122.9949,11.3819],[122.9903,11.3828],[122.9878,11.3816],[122.984,11.3835],[122.9778,11.3826],[122.9498,11.3692],[122.9216,11.3987]]]]},"properties":{"ADM3_EN":"President Roxas","name":"President Roxas","ADM3_PCODE":"PH61913000","psgc_code":"61913000","ADM2_EN":"Capiz","ADM2_PCODE":"PH6191","ADM1_EN":"Region VI (Western Visayas)","ADM1_PCODE":"PH06","ADM0_EN":"Philippines (the)","ADM0_PCODE":"PH","region_key":"panay_guimaras","province_key":"capiz","type":"Municipality"}},{"type":"Feature","geometry":{"type":"MultiPolygon","coordinates":[[[[122.7321,11.4868],[122.729,11.4851],[122.7234,11.5021],[122.7282,11.5031],[122.7337,11.5166],[122.72,11.5279],[122.7137,11.5388],[122.7056,11.5445],[122.7031,11.5417],[122.7019,11.5425],[122.7017,11.5497],[122.6981,11.5497],[122.6939,11.5522],[122.6892,11.5447],[122.6871,11.5466],[122.6832,11.547],[122.6841,11.55],[122.6783,11.5653],[122.6806,11.5658],[122.6803,11.5703],[122.6839,11.5678],[122.7036,11.5756],[122.7069,11.5722],[122.7089,11.5761],[122.7067,11.5778],[122.7117,11.5769],[122.7092,11.5736],[122.7097,11.5717],[122.7138,11.5772],[122.7131,11.5792],[122.715,11.5836],[122.7183,11.5844],[122.7222,11.5803],[122.7181,11.5864],[122.713,11.5846],[122.7128,11.5904],[122.7194,11.5914],[122.7133,11.5979],[122.7158,11.5986],[122.725,11.5958],[122.7264,11.6019],[122.725,11.6025],[122.7228,11.6003],[122.7211,11.605],[122.7164,11.6023],[122.7093,11.6034],[122.7049,11.6083],[122.7108,11.6075],[122.7142,11.6089],[122.7142,11.6133],[122.7186,11.6086],[122.7302,11.6075],[122.7603,11.6061],[122.7927,11.608],[122.7956,11.6044],[122.7939,11.595],[122.7967,11.6003],[122.7964,11.6047],[122.7997,11.6069],[122.8036,11.6067],[122.7922,11.579],[122.7698,11.5498],[122.7743,11.5342],[122.7706,11.5288],[122.7759,11.5245],[122.7779,11.5283],[122.7843,11.5276],[122.7838,11.5228],[122.7878,11.5198],[122.7785,11.5211],[122.7747,11.5139],[122.7686,11.5137],[122.7708,11.5074],[122.7699,11.5048],[122.7661,11.5039],[122.7643,11.5008],[122.7696,11.5018],[122.7717,11.4952],[122.7629,11.4935],[122.7593,11.4903],[122.7575,11.4908],[122.7531,11.4873],[122.7514,11.4879],[122.7486,11.4807],[122.7321,11.4868]]],[[[122.8417,11.6433],[122.8464,11.6417],[122.8417,11.6369],[122.8397,11.6389],[122.8358,11.6372],[122.8372,11.6328],[122.8353,11.6311],[122.8325,11.6322],[122.8334,11.6437],[122.8364,11.6453],[122.8403,11.6425],[122.8417,11.6433]]]]},"properties":{"ADM3_EN":"Roxas City","name":"Roxas City","ADM3_PCODE":"PH61914000","psgc_code":"61914000","ADM2_EN":"Capiz","ADM2_PCODE":"PH6191","ADM1_EN":"Region VI (Western Visayas)","ADM1_PCODE":"PH06","ADM0_EN":"Philippines (the)","ADM0_PCODE":"PH","region_key":"panay_guimaras","province_key":"capiz","type":"City"}},{"type":"Feature","geometry":{"type":"MultiPolygon","coordinates":[[[[122.5629,11.4777],[122.5525,11.482],[122.5317,11.4837],[122.5295,11.4911],[122.5461,11.5108],[122.5604,11.5326],[122.5666,11.5319],[122.5707,11.5345],[122.5754,11.5349],[122.5778,11.5436],[122.5758,11.5449],[122.5756,11.5472],[122.5781,11.5494],[122.5755,11.5517],[122.5816,11.5544],[122.5854,11.5506],[122.5897,11.5336],[122.5858,11.5286],[122.5869,11.5231],[122.5819,11.5206],[122.5833,11.5167],[122.5806,11.5133],[122.5783,11.5161],[122.5797,11.5222],[122.5786,11.5253],[122.5761,11.525],[122.5758,11.5281],[122.5739,11.5289],[122.5731,11.5256],[122.5711,11.5244],[122.5736,11.5214],[122.5739,11.5139],[122.5697,11.5097],[122.5706,11.5081],[122.5686,11.5053],[122.5661,11.5056],[122.5645,11.5039],[122.5675,11.5011],[122.5669,11.4986],[122.57,11.4978],[122.5725,11.4944],[122.5758,11.4953],[122.5747,11.4975],[122.5786,11.5025],[122.5744,11.5069],[122.5758,11.5094],[122.5839,11.5114],[122.59,11.5186],[122.6003,11.5153],[122.6092,11.515],[122.6195,11.5161],[122.6358,11.5219],[122.638,11.5174],[122.6409,11.519],[122.6422,11.5173],[122.6416,11.5136],[122.645,11.5116],[122.6495,11.5022],[122.6513,11.5025],[122.6544,11.4988],[122.6584,11.4993],[122.6627,11.4954],[122.668,11.4953],[122.6763,11.4901],[122.6665,11.4715],[122.6549,11.47],[122.6248,11.4759],[122.5883,11.4725],[122.5708,11.4747],[122.5629,11.4777]]]]},"properties":{"ADM3_EN":"Sapi-An","name":"Sapi-An","ADM3_PCODE":"PH61915000","psgc_code":"61915000","ADM2_EN":"Capiz","ADM2_PCODE":"PH6191","ADM1_EN":"Region VI (Western Visayas)","ADM1_PCODE":"PH06","ADM0_EN":"Philippines (the)","ADM0_PCODE":"PH","region_key":"panay_guimaras","province_key":"capiz","type":"Municipality"}},{"type":"Feature","geometry":{"type":"MultiPolygon","coordinates":[[[[122.6021,11.3738],[122.6211,11.3939],[122.6341,11.4175],[122.6391,11.4392],[122.636,11.4451],[122.6384,11.449],[122.6365,11.4502],[122.6387,11.4515],[122.6411,11.4565],[122.647,11.4591],[122.6549,11.47],[122.6665,11.4715],[122.6763,11.4901],[122.687,11.4871],[122.7138,11.484],[122.729,11.4851],[122.7266,11.4673],[122.7324,11.4487],[122.7295,11.4398],[122.732,11.4368],[122.7306,11.4332],[122.7329,11.4333],[122.7317,11.432],[122.7346,11.4293],[122.7331,11.4277],[122.7361,11.4249],[122.7285,11.4201],[122.7183,11.4162],[122.6989,11.4153],[122.687,11.4026],[122.6806,11.4011],[122.6789,11.403],[122.6742,11.4],[122.6664,11.4011],[122.6645,11.4],[122.6615,11.3851],[122.6545,11.3727],[122.6562,11.3663],[122.6378,11.3668],[122.6137,11.3596],[122.5977,11.3568],[122.5987,11.3657],[122.6021,11.3738]]]]},"properties":{"ADM3_EN":"Sigma","name":"Sigma","ADM3_PCODE":"PH61916000","psgc_code":"61916000","ADM2_EN":"Capiz","ADM2_PCODE":"PH6191","ADM1_EN":"Region VI (Western Visayas)","ADM1_PCODE":"PH06","ADM0_EN":"Philippines (the)","ADM0_PCODE":"PH","region_key":"panay_guimaras","province_key":"capiz","type":"Municipality"}},{"type":"Feature","geometry":{"type":"MultiPolygon","coordinates":[[[[122.5193,11.1914],[122.5114,11.1913],[122.5106,11.1872],[122.509,11.1878],[122.4975,11.1791],[122.4949,11.1787],[122.4877,11.1805],[122.474,11.1885],[122.4532,11.1934],[122.4248,11.1944],[122.391,11.1913],[122.3411,11.2188],[122.3222,11.2268],[122.2389,11.1406],[122.2249,11.1538],[122.2179,11.1668],[122.2102,11.1921],[122.2079,11.2081],[122.2103,11.2206],[122.2271,11.228],[122.2423,11.2319],[122.2813,11.2465],[122.3015,11.2558],[122.3187,11.2659],[122.3248,11.2728],[122.3341,11.2888],[122.3484,11.3328],[122.3538,11.3402],[122.3622,11.3452],[122.3664,11.347],[122.3754,11.3475],[122.4843,11.3431],[122.5101,11.3411],[122.5751,11.3223],[122.5812,11.3188],[122.5839,11.3132],[122.5887,11.3086],[122.5891,11.2974],[122.5879,11.2963],[122.5902,11.2935],[122.5883,11.2911],[122.5931,11.285],[122.5962,11.285],[122.5965,11.2817],[122.6005,11.2759],[122.5997,11.2675],[122.5959,11.2584],[122.5942,11.2591],[122.5878,11.2557],[122.5844,11.2574],[122.5831,11.2563],[122.5829,11.2522],[122.5711,11.2447],[122.5699,11.2425],[122.5711,11.2408],[122.5676,11.2393],[122.566,11.2401],[122.5635,11.2369],[122.561,11.2384],[122.5612,11.2352],[122.5646,11.231],[122.5593,11.2325],[122.5593,11.2309],[122.5631,11.2264],[122.5599,11.2213],[122.5584,11.2216],[122.5564,11.2171],[122.5511,11.2139],[122.5508,11.2102],[122.5528,11.2094],[122.5498,11.2036],[122.5473,11.2022],[122.5415,11.2027],[122.5408,11.1994],[122.5375,11.1973],[122.5338,11.1979],[122.525,11.1924],[122.5215,11.1932],[122.5193,11.1914]]]]},"properties":{"ADM3_EN":"Tapaz","name":"Tapaz","ADM3_PCODE":"PH61917000","psgc_code":"61917000","ADM2_EN":"Capiz","ADM2_PCODE":"PH6191","ADM1_EN":"Region VI (Western Visayas)","ADM1_PCODE":"PH06","ADM0_EN":"Philippines (the)","ADM0_PCODE":"PH","region_key":"panay_guimaras","province_key":"capiz","type":"Municipality"}},{"type":"Feature","geometry":{"type":"MultiPolygon","coordinates":[[[[122.643,10.6381],[122.638,10.6384],[122.6304,10.6432],[122.6218,10.6562],[122.6163,10.6532],[122.6079,10.6575],[122.6027,10.6647],[122.6024,10.6775],[122.6038,10.6779],[122.6062,10.6753],[122.609,10.6757],[122.6109,10.6838],[122.6169,10.6875],[122.6134,10.6901],[122.6146,10.6942],[122.6106,10.7035],[122.6122,10.7121],[122.6151,10.7158],[122.6142,10.7183],[122.6226,10.725],[122.6326,10.7282],[122.6436,10.7347],[122.6453,10.7339],[122.6472,10.7397],[122.65,10.7414],[122.6474,10.745],[122.6484,10.7495],[122.6589,10.7544],[122.6644,10.7524],[122.6669,10.7494],[122.6719,10.7486],[122.6758,10.7445],[122.6801,10.7427],[122.6869,10.7306],[122.7138,10.7159],[122.7191,10.7046],[122.7199,10.6956],[122.7221,10.6925],[122.72,10.6871],[122.7207,10.6844],[122.7191,10.6799],[122.7203,10.6792],[122.7172,10.6713],[122.7194,10.6643],[122.7167,10.6588],[122.7114,10.6585],[122.7072,10.6554],[122.6995,10.6581],[122.6942,10.6571],[122.686,10.659],[122.6742,10.648],[122.6682,10.6477],[122.6644,10.651],[122.6489,10.6302],[122.643,10.6381]]]]},"properties":{"ADM3_EN":"Buenavista","name":"Buenavista","ADM3_PCODE":"PH67901000","psgc_code":"67901000","ADM2_EN":"Guimaras","ADM2_PCODE":"PH6790","ADM1_EN":"Region VI (Western Visayas)","ADM1_PCODE":"PH06","ADM0_EN":"Philippines (the)","ADM0_PCODE":"PH","region_key":"panay_guimaras","province_key":"guimaras","type":"Municipality"}},{"type":"Feature","geometry":{"type":"MultiPolygon","coordinates":[[[[122.5369,10.5515],[122.5234,10.5396],[122.5198,10.5438],[122.521,10.546],[122.5197,10.5475],[122.5222,10.5492],[122.5197,10.5513],[122.5228,10.5544],[122.5195,10.5557],[122.5218,10.5583],[122.5202,10.5605],[122.5222,10.5625],[122.5197,10.5628],[122.5189,10.5581],[122.5162,10.557],[122.5148,10.56],[122.5159,10.5638],[122.5138,10.5634],[122.5118,10.5663],[122.5121,10.5751],[122.5095,10.5806],[122.5133,10.5853],[122.513,10.5879],[122.5168,10.5895],[122.5148,10.5907],[122.5185,10.5956],[122.5181,10.5999],[122.5195,10.601],[122.5258,10.5994],[122.5294,10.6041],[122.5275,10.6148],[122.5321,10.6167],[122.5343,10.6197],[122.5366,10.6189],[122.5378,10.6228],[122.548,10.6281],[122.5509,10.6276],[122.553,10.6353],[122.5621,10.6418],[122.5648,10.6484],[122.5629,10.6576],[122.5601,10.6625],[122.5626,10.6662],[122.5693,10.6671],[122.5752,10.6594],[122.5806,10.6591],[122.5853,10.666],[122.5877,10.6647],[122.5891,10.6657],[122.5899,10.6641],[122.5884,10.6691],[122.592,10.6732],[122.6024,10.6775],[122.6027,10.6647],[122.6079,10.6575],[122.6163,10.6532],[122.6023,10.6366],[122.6261,10.6191],[122.633,10.607],[122.6301,10.5946],[122.6339,10.5882],[122.631,10.5789],[122.6003,10.5822],[122.599,10.5798],[122.589,10.5765],[122.5843,10.5767],[122.5845,10.575],[122.5812,10.5716],[122.5797,10.5761],[122.574,10.5813],[122.5603,10.5682],[122.552,10.5529],[122.538,10.5543],[122.5369,10.5515]]],[[[122.5098,10.5665],[122.5098,10.5677],[122.5106,10.5699],[122.5113,10.5661],[122.5098,10.5665]]]]},"properties":{"ADM3_EN":"Jordan","name":"Jordan","ADM3_PCODE":"PH67902000","psgc_code":"67902000","ADM2_EN":"Guimaras","ADM2_PCODE":"PH6790","ADM1_EN":"Region VI (Western Visayas)","ADM1_PCODE":"PH06","ADM0_EN":"Philippines (the)","ADM0_PCODE":"PH","region_key":"panay_guimaras","province_key":"guimaras","type":"Municipality"}},{"type":"Feature","geometry":{"type":"MultiPolygon","coordinates":[[[[122.597,10.3306],[122.5985,10.333],[122.6002,10.3323],[122.5993,10.3289],[122.5977,10.3285],[122.597,10.3306]]],[[[122.5863,10.3305],[122.5857,10.337],[122.5869,10.3379],[122.5907,10.3321],[122.5889,10.3298],[122.5863,10.3305]]],[[[122.6071,10.3967],[122.6118,10.3945],[122.6142,10.3975],[122.6167,10.3977],[122.6197,10.3958],[122.6199,10.3928],[122.6217,10.3937],[122.624,10.3924],[122.6244,10.3896],[122.6207,10.3861],[122.6107,10.3869],[122.5922,10.3952],[122.5944,10.3974],[122.6025,10.3986],[122.6071,10.3967]]],[[[122.5664,10.4128],[122.568,10.4081],[122.5733,10.4076],[122.5835,10.4108],[122.5858,10.4091],[122.5852,10.4073],[122.5943,10.4098],[122.5974,10.4129],[122.5982,10.4121],[122.5961,10.4085],[122.5971,10.4047],[122.5945,10.4029],[122.5756,10.4021],[122.5673,10.4044],[122.5636,10.4017],[122.5617,10.4033],[122.56,10.4011],[122.5586,10.4025],[122.5605,10.4056],[122.5592,10.4081],[122.56,10.4139],[122.5631,10.4164],[122.5664,10.4128]]],[[[122.5547,10.4047],[122.5514,10.4039],[122.5505,10.4044],[122.5537,10.4083],[122.5575,10.406],[122.5566,10.4043],[122.5547,10.4047]]],[[[122.5286,10.4083],[122.525,10.4089],[122.5219,10.4047],[122.5175,10.4086],[122.5142,10.4064],[122.5138,10.4115],[122.512,10.4143],[122.5158,10.42],[122.515,10.4217],[122.5103,10.4205],[122.5098,10.4219],[122.5113,10.4226],[122.5094,10.4283],[122.5117,10.4304],[122.5128,10.4288],[122.5132,10.4303],[122.5042,10.4367],[122.5029,10.4393],[122.5047,10.4408],[122.5028,10.4436],[122.5048,10.4446],[122.502,10.4453],[122.5028,10.4503],[122.5075,10.4494],[122.5086,10.4506],[122.5015,10.4518],[122.5045,10.4563],[122.5019,10.4573],[122.5,10.4606],[122.5022,10.4616],[122.5013,10.4629],[122.4918,10.4662],[122.4852,10.464],[122.4849,10.4659],[122.4919,10.4722],[122.4833,10.4761],[122.4806,10.4747],[122.4759,10.4766],[122.4742,10.4804],[122.4758,10.4833],[122.4748,10.4909],[122.477,10.4986],[122.4847,10.5075],[122.4886,10.5062],[122.4925,10.5083],[122.4942,10.5069],[122.5031,10.5109],[122.5097,10.5078],[122.5197,10.5128],[122.5236,10.5186],[122.5201,10.5202],[122.5157,10.5273],[122.5107,10.5295],[122.51,10.532],[122.5122,10.5341],[122.5186,10.5352],[122.5316,10.5305],[122.5292,10.5349],[122.5303,10.5369],[122.534,10.5367],[122.5446,10.5409],[122.5393,10.5209],[122.5401,10.5187],[122.5428,10.5179],[122.543,10.514],[122.5457,10.5121],[122.5456,10.5058],[122.5497,10.5017],[122.5544,10.4899],[122.5566,10.4903],[122.5605,10.4852],[122.5636,10.484],[122.5661,10.4777],[122.5697,10.477],[122.5717,10.4787],[122.5835,10.4915],[122.5893,10.4946],[122.5915,10.4998],[122.5968,10.4949],[122.6018,10.4972],[122.6056,10.4915],[122.6118,10.4875],[122.6152,10.4814],[122.615,10.4769],[122.6187,10.4714],[122.6194,10.4658],[122.6183,10.4649],[122.6125,10.4678],[122.6068,10.4679],[122.6091,10.4645],[122.6091,10.4611],[122.6154,10.4579],[122.612,10.4559],[122.611,10.4531],[122.6067,10.4494],[122.6066,10.4417],[122.6017,10.4422],[122.6047,10.4375],[122.5986,10.4342],[122.5969,10.4303],[122.5892,10.4311],[122.5819,10.4286],[122.5806,10.4294],[122.5839,10.4339],[122.5814,10.4358],[122.5814,10.4403],[122.5789,10.4428],[122.5867,10.4447],[122.5872,10.4425],[122.5894,10.4414],[122.5928,10.4444],[122.5883,10.4533],[122.5822,10.4533],[122.5708,10.4475],[122.5686,10.4486],[122.5656,10.4439],[122.5672,10.4417],[122.5639,10.4372],[122.5639,10.4333],[122.553,10.4174],[122.5496,10.4178],[122.5502,10.4157],[122.5469,10.4109],[122.5432,10.4101],[122.5428,10.407],[122.5333,10.4103],[122.53,10.4103],[122.5286,10.4083]]],[[[122.5853,10.4131],[122.5867,10.4155],[122.5899,10.4144],[122.5877,10.4113],[122.5853,10.4131]]],[[[122.5836,10.415],[122.5831,10.4119],[122.5786,10.4122],[122.5789,10.4153],[122.5836,10.415]]],[[[122.5112,10.4093],[122.5135,10.406],[122.5134,10.4024],[122.5078,10.4018],[122.508,10.4046],[122.5049,10.4026],[122.5064,10.4067],[122.509,10.4064],[122.5078,10.4079],[122.5092,10.4119],[122.5112,10.4093]]],[[[122.5031,10.4269],[122.5004,10.4247],[122.5016,10.4228],[122.5069,10.4256],[122.5083,10.4242],[122.5078,10.4167],[122.5094,10.4156],[122.5058,10.4107],[122.5049,10.4142],[122.5,10.4164],[122.4973,10.4281],[122.4995,10.4294],[122.5031,10.4269]]],[[[122.4939,10.5144],[122.4925,10.5153],[122.4936,10.5172],[122.4956,10.515],[122.4939,10.5144]]],[[[122.5028,10.5172],[122.505,10.5156],[122.4983,10.5156],[122.4989,10.5175],[122.5028,10.5172]]]]},"properties":{"ADM3_EN":"Nueva Valencia","name":"Nueva Valencia","ADM3_PCODE":"PH67903000","psgc_code":"67903000","ADM2_EN":"Guimaras","ADM2_PCODE":"PH6790","ADM1_EN":"Region VI (Western Visayas)","ADM1_PCODE":"PH06","ADM0_EN":"Philippines (the)","ADM0_PCODE":"PH","region_key":"panay_guimaras","province_key":"guimaras","type":"Municipality"}},{"type":"Feature","geometry":{"type":"MultiPolygon","coordinates":[[[[122.6876,10.535],[122.6845,10.5316],[122.6846,10.5289],[122.6792,10.5258],[122.6759,10.5271],[122.6749,10.5296],[122.6704,10.5279],[122.6686,10.529],[122.6646,10.5282],[122.6567,10.531],[122.653,10.5357],[122.6284,10.5485],[122.6388,10.5667],[122.6338,10.5659],[122.6299,10.5683],[122.6339,10.5723],[122.631,10.5789],[122.6339,10.5882],[122.6301,10.5946],[122.633,10.607],[122.6261,10.6191],[122.6023,10.6366],[122.6163,10.6532],[122.6218,10.6562],[122.6304,10.6432],[122.638,10.6384],[122.643,10.6381],[122.6489,10.6302],[122.6644,10.651],[122.6682,10.6477],[122.6742,10.648],[122.686,10.659],[122.6942,10.6571],[122.6995,10.6581],[122.7072,10.6554],[122.7114,10.6585],[122.7167,10.6588],[122.7185,10.6512],[122.7237,10.6472],[122.7258,10.6388],[122.7212,10.632],[122.7214,10.6294],[122.7246,10.6242],[122.7247,10.6183],[122.7272,10.6161],[122.7208,10.6092],[122.7131,10.5947],[122.7104,10.5827],[122.7067,10.5801],[122.7057,10.5752],[122.708,10.5704],[122.7038,10.5652],[122.7006,10.5637],[122.696,10.5554],[122.6978,10.5474],[122.6936,10.5429],[122.6933,10.5381],[122.6876,10.535]]]]},"properties":{"ADM3_EN":"San Lorenzo","name":"San Lorenzo","ADM3_PCODE":"PH67904000","psgc_code":"67904000","ADM2_EN":"Guimaras","ADM2_PCODE":"PH6790","ADM1_EN":"Region VI (Western Visayas)","ADM1_PCODE":"PH06","ADM0_EN":"Philippines (the)","ADM0_PCODE":"PH","region_key":"panay_guimaras","province_key":"guimaras","type":"Municipality"}},{"type":"Feature","geometry":{"type":"MultiPolygon","coordinates":[[[[122.6643,10.4277],[122.6621,10.4327],[122.6628,10.434],[122.6669,10.43],[122.6664,10.4275],[122.6643,10.4277]]],[[[122.7067,10.4739],[122.7112,10.469],[122.7144,10.468],[122.7184,10.4618],[122.7214,10.4621],[122.7245,10.4546],[122.7261,10.4534],[122.7278,10.4551],[122.7281,10.4532],[122.7207,10.4482],[122.7166,10.4501],[122.7047,10.4502],[122.6956,10.4467],[122.692,10.4407],[122.6903,10.4428],[122.6833,10.4436],[122.6829,10.4453],[122.6863,10.4486],[122.6894,10.4571],[122.6915,10.4557],[122.6927,10.4571],[122.6921,10.4587],[122.6895,10.4583],[122.6874,10.4599],[122.6868,10.468],[122.6952,10.4746],[122.7019,10.4764],[122.7067,10.4739]]],[[[122.6767,10.4619],[122.6754,10.4634],[122.6796,10.4627],[122.6785,10.4617],[122.6767,10.4619]]],[[[122.7273,10.4967],[122.7282,10.4936],[122.726,10.4918],[122.7144,10.4948],[122.7131,10.4964],[122.7189,10.5016],[122.7273,10.4967]]],[[[122.7398,10.5011],[122.7386,10.5037],[122.7433,10.5068],[122.7433,10.502],[122.7398,10.5011]]],[[[122.7354,10.5154],[122.7391,10.5144],[122.7403,10.5125],[122.7407,10.5077],[122.7381,10.5051],[122.7361,10.5105],[122.7308,10.5142],[122.7318,10.5157],[122.7354,10.5154]]],[[[122.6664,10.4864],[122.6639,10.4786],[122.6664,10.4737],[122.6639,10.4714],[122.6575,10.4707],[122.6543,10.475],[122.6453,10.4711],[122.6431,10.4531],[122.6442,10.4517],[122.6467,10.4531],[122.6472,10.4508],[122.6436,10.4497],[122.6417,10.4508],[122.6396,10.4442],[122.6362,10.4472],[122.6302,10.4463],[122.629,10.4407],[122.6267,10.4382],[122.6279,10.4347],[122.6227,10.4334],[122.62,10.4373],[122.617,10.4386],[122.6044,10.4375],[122.6017,10.4422],[122.6066,10.4417],[122.6067,10.4494],[122.611,10.4531],[122.612,10.4559],[122.6154,10.4579],[122.6091,10.4611],[122.6091,10.4645],[122.6068,10.4679],[122.6125,10.4678],[122.6183,10.4649],[122.6194,10.4658],[122.6187,10.4714],[122.615,10.4769],[122.6152,10.4814],[122.6118,10.4875],[122.6056,10.4915],[122.6018,10.4972],[122.5968,10.4949],[122.5907,10.4997],[122.59,10.4953],[122.5835,10.4915],[122.5717,10.4787],[122.5697,10.477],[122.5661,10.4777],[122.5636,10.484],[122.5605,10.4852],[122.5566,10.4903],[122.5544,10.4899],[122.5497,10.5017],[122.5456,10.5058],[122.5461,10.5112],[122.543,10.514],[122.5428,10.5179],[122.5401,10.5187],[122.5393,10.5209],[122.5449,10.5417],[122.5442,10.5427],[122.5422,10.541],[122.5423,10.5426],[122.5344,10.55],[122.5371,10.5515],[122.538,10.5543],[122.552,10.5529],[122.5603,10.5682],[122.574,10.5813],[122.5797,10.5761],[122.5812,10.5716],[122.5845,10.575],[122.5843,10.5767],[122.589,10.5765],[122.599,10.5798],[122.6003,10.5822],[122.631,10.5789],[122.6339,10.5723],[122.6299,10.5683],[122.6338,10.5659],[122.6388,10.5667],[122.6284,10.5485],[122.653,10.5357],[122.6551,10.532],[122.6625,10.5287],[122.6704,10.5279],[122.6749,10.5296],[122.6759,10.5271],[122.6792,10.5258],[122.6847,10.5288],[122.6837,10.5178],[122.6811,10.5126],[122.6827,10.5031],[122.6817,10.5],[122.6755,10.4974],[122.6713,10.4917],[122.6669,10.4892],[122.6664,10.4864]]],[[[122.6524,10.4349],[122.6503,10.434],[122.6479,10.4364],[122.6522,10.4379],[122.6524,10.4349]]],[[[122.6447,10.4426],[122.6452,10.444],[122.6454,10.4441],[122.6458,10.4419],[122.6447,10.4426]]],[[[122.6519,10.4578],[122.6507,10.4601],[122.6528,10.4605],[122.6541,10.4583],[122.6519,10.4578]]]]},"properties":{"ADM3_EN":"Sibunag","name":"Sibunag","ADM3_PCODE":"PH67905000","psgc_code":"67905000","ADM2_EN":"Guimaras","ADM2_PCODE":"PH6790","ADM1_EN":"Region VI (Western Visayas)","ADM1_PCODE":"PH06","ADM0_EN":"Philippines (the)","ADM0_PCODE":"PH","region_key":"panay_guimaras","province_key":"guimaras","type":"Municipality"}},{"type":"Feature","geometry":{"type":"MultiPolygon","coordinates":[[[[122.955,11.0375],[122.9517,11.0328],[122.9481,11.0342],[122.9417,11.0281],[122.9361,11.0322],[122.9342,11.0364],[122.9344,11.0444],[122.9433,11.0569],[122.9375,11.0636],[122.9283,11.0656],[122.9284,11.0673],[122.9319,11.0786],[122.929,11.0873],[122.9354,11.1036],[122.9428,11.1137],[122.9459,11.1266],[122.9463,11.1412],[122.9401,11.1699],[122.9452,11.1714],[122.9486,11.1774],[122.958,11.2059],[122.9644,11.2122],[122.976,11.2083],[122.9866,11.2137],[122.9923,11.2143],[122.9962,11.2205],[123.0018,11.221],[123.0025,11.2227],[123.0058,11.2197],[123.0145,11.2207],[123.019,11.2172],[123.0259,11.2184],[123.0293,11.2216],[123.0338,11.2228],[123.0416,11.2174],[123.0459,11.2183],[123.0494,11.2111],[123.0465,11.204],[123.0477,11.2007],[123.053,11.202],[123.0567,11.2007],[123.0639,11.1936],[123.0651,11.1899],[123.0654,11.1835],[123.0619,11.1858],[123.0564,11.1778],[123.0567,11.1761],[123.0594,11.1739],[123.0642,11.1742],[123.0678,11.1706],[123.0672,11.1681],[123.0767,11.1639],[123.0819,11.1669],[123.0856,11.1658],[123.0878,11.1669],[123.0914,11.1628],[123.095,11.1628],[123.0964,11.1586],[123.0958,11.1561],[123.0911,11.1514],[123.0926,11.1483],[123.0874,11.1451],[123.0838,11.1469],[123.0838,11.1485],[123.0808,11.1475],[123.0725,11.1517],[123.0728,11.1533],[123.0773,11.1537],[123.0794,11.1561],[123.0755,11.1583],[123.0747,11.1631],[123.0683,11.1667],[123.0611,11.1669],[123.0433,11.1714],[123.0365,11.1713],[123.0306,11.1678],[123.0253,11.1597],[123.0276,11.153],[123.0211,11.1489],[123.0176,11.1427],[123.0147,11.1264],[123.0172,11.1214],[123.0136,11.1161],[123.0117,11.1086],[123.013,11.1039],[123.0097,11.0994],[123.0097,11.0933],[122.9972,11.0803],[122.9886,11.0758],[122.9844,11.0778],[122.9818,11.0757],[122.9811,11.0722],[122.9858,11.0692],[122.9839,11.0661],[122.98,11.0647],[122.9764,11.0592],[122.9753,11.0606],[122.9781,11.0669],[122.9739,11.0697],[122.96,11.0697],[122.9547,11.0686],[122.9517,11.0656],[122.9497,11.0622],[122.9505,11.0578],[122.9547,11.0514],[122.9639,11.0494],[122.9633,11.0469],[122.9572,11.0419],[122.955,11.0375]]],[[[123.0119,11.0714],[123.0111,11.0742],[123.0136,11.0789],[123.015,11.0772],[123.015,11.0714],[123.0136,11.0694],[123.0119,11.0714]]],[[[123.0228,11.0817],[123.0236,11.0753],[123.0231,11.0736],[123.0186,11.0772],[123.0183,11.0797],[123.0194,11.0825],[123.0206,11.0808],[123.0228,11.0817]]],[[[123.0464,11.1322],[123.0453,11.1331],[123.0475,11.135],[123.0497,11.1331],[123.0489,11.1317],[123.0464,11.1322]]],[[[123.0497,11.1447],[123.05,11.1439],[123.0481,11.142],[123.0478,11.1472],[123.0506,11.1458],[123.0497,11.1447]]],[[[123.1536,11.0949],[123.1526,11.0966],[123.1537,11.0976],[123.1571,11.0953],[123.1553,11.0934],[123.1536,11.0949]]],[[[123.1394,11.1311],[123.1361,11.1283],[123.1364,11.1189],[123.1331,11.115],[123.1275,11.1122],[123.1267,11.1039],[123.1212,11.0978],[123.1155,11.0997],[123.1175,11.1019],[123.1131,11.1086],[123.1166,11.1156],[123.1138,11.1201],[123.1108,11.1216],[123.1143,11.126],[123.1078,11.1303],[123.1081,11.1375],[123.1097,11.1391],[123.1216,11.1321],[123.1397,11.1328],[123.1394,11.1311]]],[[[123.0669,11.1753],[123.065,11.1747],[123.0622,11.1783],[123.0647,11.1781],[123.0659,11.1795],[123.0702,11.1741],[123.0669,11.1753]]]]},"properties":{"ADM3_EN":"Ajuy","name":"Ajuy","ADM3_PCODE":"PH63001000","psgc_code":"63001000","ADM2_EN":"Iloilo","ADM2_PCODE":"PH6300","ADM1_EN":"Region VI (Western Visayas)","ADM1_PCODE":"PH06","ADM0_EN":"Philippines (the)","ADM0_PCODE":"PH","region_key":"panay_guimaras","province_key":"iloilo","type":"Municipality"}},{"type":"Feature","geometry":{"type":"MultiPolygon","coordinates":[[[[122.4239,10.7782],[122.424,10.7798],[122.4192,10.7826],[122.4191,10.7876],[122.4142,10.7943],[122.4123,10.8049],[122.4051,10.811],[122.3967,10.8218],[122.3905,10.8259],[122.3897,10.8287],[122.3686,10.846],[122.3658,10.8516],[122.3481,10.8715],[122.3381,10.8765],[122.3144,10.8819],[122.307,10.8877],[122.305,10.8866],[122.3041,10.8895],[122.2986,10.8915],[122.296,10.8906],[122.296,10.8937],[122.2923,10.8967],[122.2886,10.8954],[122.2829,10.8894],[122.2826,10.892],[122.2793,10.8927],[122.2837,10.9113],[122.2935,10.9218],[122.2951,10.9281],[122.3096,10.9355],[122.3158,10.9364],[122.3237,10.9347],[122.3319,10.925],[122.3408,10.9182],[122.347,10.9175],[122.3624,10.9121],[122.3717,10.9056],[122.3768,10.8995],[122.3814,10.8903],[122.3895,10.8846],[122.387,10.8789],[122.3981,10.8729],[122.4032,10.8764],[122.4084,10.876],[122.4121,10.872],[122.4119,10.8682],[122.4157,10.8648],[122.4174,10.8651],[122.4186,10.8614],[122.4236,10.8588],[122.4231,10.8549],[122.4245,10.8523],[122.4256,10.8529],[122.425,10.848],[122.4293,10.8437],[122.4353,10.8467],[122.4365,10.8499],[122.4435,10.8519],[122.4684,10.8227],[122.4738,10.8212],[122.4708,10.8134],[122.447,10.786],[122.4266,10.7712],[122.4239,10.7782]]]]},"properties":{"ADM3_EN":"Alimodian","name":"Alimodian","ADM3_PCODE":"PH63002000","psgc_code":"63002000","ADM2_EN":"Iloilo","ADM2_PCODE":"PH6300","ADM1_EN":"Region VI (Western Visayas)","ADM1_PCODE":"PH06","ADM0_EN":"Philippines (the)","ADM0_PCODE":"PH","region_key":"panay_guimaras","province_key":"iloilo","type":"Municipality"}},{"type":"Feature","geometry":{"type":"MultiPolygon","coordinates":[[[[122.768,11.0524],[122.7744,11.0471],[122.792,11.0087],[122.7979,10.9923],[122.7965,10.9904],[122.7867,10.9911],[122.7811,10.9864],[122.7753,10.9725],[122.7767,10.9642],[122.7733,10.9631],[122.7719,10.9572],[122.7667,10.9517],[122.7583,10.9493],[122.7581,10.9458],[122.7561,10.9455],[122.7411,10.9498],[122.7339,10.9486],[122.7263,10.9499],[122.7232,10.9455],[122.7141,10.9493],[122.71,10.9481],[122.7046,10.9492],[122.7013,10.9532],[122.6964,10.9526],[122.6966,10.9506],[122.6889,10.9531],[122.6908,10.9589],[122.6887,10.9617],[122.6918,10.9641],[122.6907,10.9701],[122.6927,10.9765],[122.6975,10.9818],[122.7003,10.9882],[122.7054,11.0175],[122.7145,11.0314],[122.7273,11.0439],[122.7351,11.0763],[122.7485,11.0746],[122.748,11.0707],[122.7514,11.068],[122.7524,11.06],[122.768,11.0524]]]]},"properties":{"ADM3_EN":"Anilao","name":"Anilao","ADM3_PCODE":"PH63003000","psgc_code":"63003000","ADM2_EN":"Iloilo","ADM2_PCODE":"PH6300","ADM1_EN":"Region VI (Western Visayas)","ADM1_PCODE":"PH06","ADM0_EN":"Philippines (the)","ADM0_PCODE":"PH","region_key":"panay_guimaras","province_key":"iloilo","type":"Municipality"}},{"type":"Feature","geometry":{"type":"MultiPolygon","coordinates":[[[[122.5629,10.9517],[122.5592,10.9461],[122.5397,10.9516],[122.5384,10.9549],[122.5407,10.9571],[122.5351,10.9609],[122.5312,10.9612],[122.5299,10.966],[122.5199,10.9708],[122.5054,10.9723],[122.503,10.9748],[122.5046,10.9765],[122.5004,10.9814],[122.4928,10.9798],[122.491,10.9828],[122.492,10.9888],[122.4814,10.9948],[122.4823,11.0068],[122.4774,11.0251],[122.4928,11.0271],[122.4942,11.0266],[122.4941,11.0243],[122.4995,11.0226],[122.5091,11.0274],[122.5097,11.0248],[122.5134,11.0233],[122.516,11.0246],[122.5246,11.0215],[122.527,11.0177],[122.5342,11.0182],[122.5378,11.0129],[122.5436,11.0137],[122.5477,11.0104],[122.5549,11.0119],[122.5561,11.0074],[122.5637,11.005],[122.5669,11.0069],[122.5715,11.0064],[122.5735,11.0085],[122.5749,11.0071],[122.5742,11.0052],[122.5836,11.0016],[122.5844,10.9984],[122.5931,10.9977],[122.5869,10.9877],[122.5906,10.9828],[122.5895,10.9787],[122.5846,10.9788],[122.5853,10.9745],[122.5839,10.9733],[122.5756,10.9713],[122.5684,10.9646],[122.5656,10.964],[122.5627,10.961],[122.5629,10.9517]]]]},"properties":{"ADM3_EN":"Badiangan","name":"Badiangan","ADM3_PCODE":"PH63004000","psgc_code":"63004000","ADM2_EN":"Iloilo","ADM2_PCODE":"PH6300","ADM1_EN":"Region VI (Western Visayas)","ADM1_PCODE":"PH06","ADM0_EN":"Philippines (the)","ADM0_PCODE":"PH","region_key":"panay_guimaras","province_key":"iloilo","type":"Municipality"}},{"type":"Feature","geometry":{"type":"MultiPolygon","coordinates":[[[[123.0529,11.4171],[123.0491,11.43],[123.0494,11.4501],[123.0565,11.4567],[123.0564,11.4604],[123.0591,11.4664],[123.0663,11.4753],[123.0688,11.476],[123.0753,11.4912],[123.0861,11.4911],[123.0956,11.495],[123.1054,11.4926],[123.1051,11.4997],[123.1108,11.4976],[123.1128,11.4938],[123.1203,11.4977],[123.1253,11.4933],[123.1317,11.4953],[123.1408,11.4919],[123.1414,11.49],[123.1389,11.4881],[123.1407,11.4837],[123.1359,11.4829],[123.1337,11.4796],[123.1311,11.4814],[123.1294,11.4858],[123.1279,11.4768],[123.1327,11.4751],[123.123,11.474],[123.1166,11.4688],[123.1158,11.4643],[123.1116,11.4588],[123.1098,11.4518],[123.108,11.4516],[123.1049,11.4394],[123.0976,11.4402],[123.0889,11.4296],[123.0849,11.4319],[123.0759,11.4104],[123.0542,11.408],[123.0529,11.4171]]]]},"properties":{"ADM3_EN":"Balasan","name":"Balasan","ADM3_PCODE":"PH63005000","psgc_code":"63005000","ADM2_EN":"Iloilo","ADM2_PCODE":"PH6300","ADM1_EN":"Region VI (Western Visayas)","ADM1_PCODE":"PH06","ADM0_EN":"Philippines (the)","ADM0_PCODE":"PH","region_key":"panay_guimaras","province_key":"iloilo","type":"Municipality"}},{"type":"Feature","geometry":{"type":"MultiPolygon","coordinates":[[[[122.8499,10.9915],[122.8462,10.9897],[122.844,10.9974],[122.8338,10.9977],[122.835,11.0],[122.8314,11.0025],[122.8181,11.0006],[122.8035,10.994],[122.8002,10.9962],[122.7979,10.9923],[122.792,11.0087],[122.7744,11.0471],[122.7688,11.0522],[122.7524,11.06],[122.7514,11.068],[122.748,11.0707],[122.7485,11.0746],[122.7351,11.0763],[122.7603,11.1017],[122.7647,11.0909],[122.7689,11.0884],[122.782,11.0883],[122.7964,11.0742],[122.7979,11.0663],[122.8046,11.0518],[122.822,11.0407],[122.8516,10.9914],[122.8499,10.9915]]]]},"properties":{"ADM3_EN":"Banate","name":"Banate","ADM3_PCODE":"PH63006000","psgc_code":"63006000","ADM2_EN":"Iloilo","ADM2_PCODE":"PH6300","ADM1_EN":"Region VI (Western Visayas)","ADM1_PCODE":"PH06","ADM0_EN":"Philippines (the)","ADM0_PCODE":"PH","region_key":"panay_guimaras","province_key":"iloilo","type":"Municipality"}},{"type":"Feature","geometry":{"type":"MultiPolygon","coordinates":[[[[122.6823,10.8685],[122.6795,10.8654],[122.6773,10.8666],[122.674,10.8642],[122.6733,10.8686],[122.672,10.8684],[122.6719,10.8663],[122.6634,10.8649],[122.6625,10.8599],[122.6582,10.8597],[122.6544,10.8575],[122.6536,10.8593],[122.6546,10.8714],[122.657,10.876],[122.6621,10.878],[122.6618,10.8829],[122.6656,10.8917],[122.6654,10.8968],[122.6707,10.9042],[122.6762,10.9043],[122.6808,10.9085],[122.685,10.905],[122.6878,10.9147],[122.6908,10.9179],[122.6909,10.922],[122.6885,10.9239],[122.6788,10.9223],[122.6731,10.9246],[122.6715,10.9268],[122.679,10.9425],[122.6821,10.9434],[122.6819,10.9477],[122.6845,10.9474],[122.6856,10.9484],[122.6843,10.9496],[122.6889,10.9531],[122.6966,10.9506],[122.6964,10.9526],[122.7013,10.9532],[122.7046,10.9492],[122.71,10.9481],[122.7141,10.9493],[122.7232,10.9455],[122.7263,10.9499],[122.7339,10.9486],[122.7411,10.9498],[122.7561,10.9455],[122.7581,10.9458],[122.7583,10.9493],[122.7646,10.9509],[122.76,10.9469],[122.7667,10.9453],[122.7675,10.9419],[122.7722,10.9364],[122.7706,10.9336],[122.7767,10.9308],[122.7814,10.9253],[122.7839,10.9125],[122.7833,10.9086],[122.7853,10.9028],[122.7894,10.8994],[122.7903,10.895],[122.7892,10.8939],[122.7833,10.8908],[122.7789,10.8914],[122.7828,10.8881],[122.7864,10.8875],[122.7858,10.8783],[122.783,10.8747],[122.7792,10.8773],[122.77,10.8775],[122.7679,10.8795],[122.7565,10.8771],[122.7423,10.8866],[122.7407,10.8849],[122.7324,10.8836],[122.7304,10.8818],[122.7229,10.8817],[122.7188,10.8772],[122.7084,10.8772],[122.706,10.8714],[122.7018,10.8742],[122.6947,10.8715],[122.6916,10.8764],[122.6887,10.8745],[122.6901,10.8733],[122.6891,10.8707],[122.6874,10.8713],[122.6882,10.8733],[122.6869,10.8731],[122.6823,10.8685]]],[[[122.7707,10.94],[122.7732,10.9388],[122.7731,10.9379],[122.7712,10.9385],[122.7707,10.94]]]]},"properties":{"ADM3_EN":"Barotac Nuevo","name":"Barotac Nuevo","ADM3_PCODE":"PH63007000","psgc_code":"63007000","ADM2_EN":"Iloilo","ADM2_PCODE":"PH6300","ADM1_EN":"Region VI (Western Visayas)","ADM1_PCODE":"PH06","ADM0_EN":"Philippines (the)","ADM0_PCODE":"PH","region_key":"panay_guimaras","province_key":"iloilo","type":"Municipality"}},{"type":"Feature","geometry":{"type":"MultiPolygon","coordinates":[[[[122.8046,11.0518],[122.7979,11.0663],[122.7964,11.0742],[122.782,11.0883],[122.7689,11.0884],[122.7647,11.0909],[122.7603,11.1017],[122.8054,11.1156],[122.8395,11.135],[122.8483,11.1346],[122.8618,11.1432],[122.8715,11.124],[122.8878,11.1351],[122.8883,11.1561],[122.8914,11.1685],[122.9045,11.1598],[122.9451,11.1471],[122.9465,11.1384],[122.9459,11.1266],[122.9428,11.1137],[122.9354,11.1036],[122.929,11.0873],[122.9319,11.0786],[122.9283,11.0656],[122.9242,11.0664],[122.9183,11.0628],[122.9181,11.0533],[122.9161,11.0522],[122.9169,11.0447],[122.9156,11.0367],[122.9114,11.0264],[122.9061,11.0208],[122.8936,11.0222],[122.8911,11.0183],[122.8897,11.0203],[122.8911,11.0225],[122.8906,11.0275],[122.8883,11.03],[122.8822,11.0325],[122.8807,11.0313],[122.877,11.0325],[122.8711,11.0317],[122.8669,11.0264],[122.8633,11.0267],[122.8581,11.0236],[122.8564,11.0181],[122.8514,11.0178],[122.8486,11.0089],[122.8519,11.0081],[122.8522,11.0067],[122.8492,11.0056],[122.85,10.9989],[122.8533,10.998],[122.8543,10.995],[122.8516,10.9914],[122.822,11.0407],[122.8046,11.0518]]]]},"properties":{"ADM3_EN":"Barotac Viejo","name":"Barotac Viejo","ADM3_PCODE":"PH63008000","psgc_code":"63008000","ADM2_EN":"Iloilo","ADM2_PCODE":"PH6300","ADM1_EN":"Region VI (Western Visayas)","ADM1_PCODE":"PH06","ADM0_EN":"Philippines (the)","ADM0_PCODE":"PH","region_key":"panay_guimaras","province_key":"iloilo","type":"Municipality"}},{"type":"Feature","geometry":{"type":"MultiPolygon","coordinates":[[[[123.1492,11.3881],[123.1456,11.3872],[123.1467,11.3844],[123.1494,11.3853],[123.1517,11.3828],[123.1503,11.3809],[123.1476,11.3814],[123.1478,11.3773],[123.1312,11.3755],[123.1115,11.3788],[123.0903,11.3799],[123.0778,11.384],[123.0667,11.3832],[123.0512,11.3784],[123.0377,11.3879],[123.0498,11.3969],[123.0542,11.408],[123.0759,11.4104],[123.0849,11.4319],[123.0889,11.4296],[123.0976,11.4402],[123.1049,11.4394],[123.103,11.4277],[123.1142,11.4267],[123.1244,11.4199],[123.1287,11.4223],[123.1314,11.4198],[123.1283,11.4156],[123.13,11.4128],[123.1319,11.4114],[123.1345,11.4128],[123.1364,11.4119],[123.1425,11.4061],[123.1441,11.4025],[123.1494,11.4028],[123.1433,11.3972],[123.1469,11.3906],[123.1505,11.3934],[123.1522,11.3931],[123.1492,11.3881]]],[[[123.1648,11.3871],[123.1653,11.3853],[123.1622,11.3836],[123.1592,11.3872],[123.1619,11.3897],[123.1648,11.3871]]],[[[123.1453,11.4117],[123.1428,11.4092],[123.1411,11.4128],[123.143,11.4135],[123.1453,11.4117]]]]},"properties":{"ADM3_EN":"Batad","name":"Batad","ADM3_PCODE":"PH63009000","psgc_code":"63009000","ADM2_EN":"Iloilo","ADM2_PCODE":"PH6300","ADM1_EN":"Region VI (Western Visayas)","ADM1_PCODE":"PH06","ADM0_EN":"Philippines (the)","ADM0_PCODE":"PH","region_key":"panay_guimaras","province_key":"iloilo","type":"Municipality"}},{"type":"Feature","geometry":{"type":"MultiPolygon","coordinates":[[[[122.5821,11.1781],[122.5859,11.1764],[122.5858,11.1732],[122.5891,11.1725],[122.5902,11.1685],[122.589,11.1621],[122.5911,11.1614],[122.5916,11.1541],[122.5873,11.1517],[122.5878,11.1485],[122.5836,11.146],[122.5712,11.1454],[122.5691,11.1491],[122.5669,11.1481],[122.5581,11.1526],[122.5589,11.1559],[122.5567,11.1586],[122.5554,11.1706],[122.5565,11.1747],[122.5505,11.1818],[122.5441,11.1834],[122.5374,11.1881],[122.5312,11.1962],[122.5397,11.1985],[122.5415,11.2027],[122.5473,11.2022],[122.5498,11.2036],[122.5528,11.2094],[122.5508,11.2102],[122.5511,11.2139],[122.5564,11.2171],[122.5584,11.2216],[122.5599,11.2213],[122.5631,11.2264],[122.5593,11.2309],[122.5593,11.2325],[122.5646,11.231],[122.5612,11.2352],[122.561,11.2384],[122.5635,11.2369],[122.566,11.2401],[122.5676,11.2393],[122.5711,11.2408],[122.5699,11.2425],[122.5711,11.2447],[122.579,11.25],[122.5842,11.2421],[122.5835,11.2383],[122.5773,11.2324],[122.5807,11.2287],[122.5811,11.2254],[122.5855,11.2246],[122.5856,11.2212],[122.5905,11.2212],[122.6019,11.2278],[122.586,11.2067],[122.5799,11.1903],[122.5821,11.1781]]]]},"properties":{"ADM3_EN":"Bingawan","name":"Bingawan","ADM3_PCODE":"PH63010000","psgc_code":"63010000","ADM2_EN":"Iloilo","ADM2_PCODE":"PH6301","ADM1_EN":"Region VI (Western Visayas)","ADM1_PCODE":"PH06","ADM0_EN":"Philippines (the)","ADM0_PCODE":"PH","region_key":"panay_guimaras","province_key":"iloilo","type":"Municipality"}},{"type":"Feature","geometry":{"type":"MultiPolygon","coordinates":[[[[122.4686,10.8227],[122.4435,10.8519],[122.4454,10.8676],[122.4585,10.8895],[122.4844,10.9444],[122.5214,10.9286],[122.5263,10.9295],[122.527,10.9309],[122.5297,10.9305],[122.5322,10.9266],[122.536,10.9265],[122.5376,10.9244],[122.5538,10.9229],[122.5515,10.9149],[122.5561,10.9083],[122.5419,10.8875],[122.536,10.8754],[122.5264,10.8672],[122.5166,10.8436],[122.5038,10.8233],[122.4977,10.8174],[122.4686,10.8227]]]]},"properties":{"ADM3_EN":"Cabatuan","name":"Cabatuan","ADM3_PCODE":"PH63012000","psgc_code":"63012000","ADM2_EN":"Iloilo","ADM2_PCODE":"PH6301","ADM1_EN":"Region VI (Western Visayas)","ADM1_PCODE":"PH06","ADM0_EN":"Philippines (the)","ADM0_PCODE":"PH","region_key":"panay_guimaras","province_key":"iloilo","type":"Municipality"}},{"type":"Feature","geometry":{"type":"MultiPolygon","coordinates":[[[[122.5887,11.1082],[122.5862,11.1017],[122.5787,11.0953],[122.5706,11.0947],[122.5482,11.107],[122.5484,11.1084],[122.544,11.1081],[122.5296,11.1126],[122.5154,11.1136],[122.5026,11.121],[122.4777,11.1323],[122.4654,11.1311],[122.461,11.1272],[122.4321,11.1346],[122.4147,11.153],[122.4064,11.1681],[122.4028,11.1808],[122.4023,11.1927],[122.4248,11.1944],[122.4532,11.1934],[122.474,11.1885],[122.4877,11.1805],[122.4949,11.1787],[122.4975,11.1791],[122.509,11.1878],[122.5106,11.1872],[122.5114,11.1913],[122.5192,11.1913],[122.5215,11.1932],[122.525,11.1924],[122.5312,11.1962],[122.5374,11.1881],[122.5441,11.1834],[122.5505,11.1818],[122.5565,11.1747],[122.5554,11.1706],[122.5567,11.1586],[122.5589,11.1559],[122.5586,11.1521],[122.5669,11.1481],[122.5691,11.1491],[122.5712,11.1454],[122.5733,11.1449],[122.58,11.1468],[122.5836,11.146],[122.5878,11.1485],[122.585,11.1225],[122.5857,11.1151],[122.5918,11.1127],[122.5887,11.1082]]]]},"properties":{"ADM3_EN":"Calinog","name":"Calinog","ADM3_PCODE":"PH63013000","psgc_code":"63013000","ADM2_EN":"Iloilo","ADM2_PCODE":"PH6301","ADM1_EN":"Region VI (Western Visayas)","ADM1_PCODE":"PH06","ADM0_EN":"Philippines (the)","ADM0_PCODE":"PH","region_key":"panay_guimaras","province_key":"iloilo","type":"Municipality"}},{"type":"Feature","geometry":{"type":"MultiPolygon","coordinates":[[[[123.2691,11.4323],[123.261,11.4234],[123.2542,11.4246],[123.2502,11.4237],[123.2499,11.425],[123.2533,11.4275],[123.2523,11.4332],[123.2464,11.4406],[123.2461,11.4439],[123.2428,11.4481],[123.2428,11.4549],[123.2467,11.4592],[123.2457,11.4643],[123.2467,11.4657],[123.2523,11.4661],[123.2561,11.4623],[123.2709,11.4564],[123.2733,11.4569],[123.275,11.455],[123.2769,11.4459],[123.2739,11.4427],[123.2752,11.4411],[123.2741,11.438],[123.2691,11.4323]]],[[[123.2234,11.4608],[123.2174,11.4595],[123.2059,11.4606],[123.1985,11.4663],[123.1975,11.4705],[123.1935,11.4727],[123.1906,11.4781],[123.1989,11.4875],[123.2036,11.4906],[123.2028,11.4958],[123.1983,11.5022],[123.1992,11.5042],[123.2181,11.51],[123.2235,11.5024],[123.2234,11.4987],[123.2264,11.4967],[123.2278,11.5],[123.2254,11.5027],[123.2257,11.5061],[123.2306,11.5089],[123.2288,11.5159],[123.2344,11.5134],[123.2397,11.5074],[123.2364,11.5013],[123.2347,11.492],[123.2364,11.4858],[123.2342,11.4794],[123.237,11.4697],[123.2346,11.4641],[123.2234,11.4608]]],[[[123.2533,11.4841],[123.2504,11.485],[123.2562,11.4884],[123.2587,11.4867],[123.257,11.4845],[123.2533,11.4841]]],[[[123.286,11.4565],[123.2819,11.4542],[123.2786,11.4556],[123.2819,11.4583],[123.2846,11.4584],[123.286,11.4565]]],[[[123.3444,11.5564],[123.3458,11.5608],[123.3467,11.5617],[123.3475,11.5572],[123.3456,11.5539],[123.3444,11.5564]]],[[[123.3464,11.5661],[123.3458,11.5694],[123.3483,11.5711],[123.3492,11.5669],[123.3478,11.5647],[123.3464,11.5661]]],[[[123.3571,11.5709],[123.3596,11.5734],[123.361,11.5735],[123.3577,11.5695],[123.3571,11.5709]]],[[[123.2317,11.5478],[123.2361,11.5544],[123.2367,11.555],[123.2356,11.5517],[123.2294,11.545],[123.2317,11.5478]]],[[[123.2256,11.5472],[123.2339,11.5594],[123.237,11.5608],[123.2397,11.56],[123.2272,11.545],[123.225,11.5461],[123.2256,11.5472]]],[[[123.1895,11.4753],[123.1925,11.4697],[123.1855,11.47],[123.1847,11.4717],[123.1863,11.4759],[123.1895,11.4753]]],[[[123.1961,11.4902],[123.1963,11.4875],[123.185,11.4761],[123.1803,11.4794],[123.1811,11.4856],[123.1861,11.4872],[123.1905,11.4947],[123.1961,11.4902]]],[[[123.1817,11.4927],[123.1849,11.4966],[123.1861,11.4961],[123.1849,11.4942],[123.1864,11.4925],[123.185,11.4911],[123.1833,11.49],[123.1817,11.4927]]],[[[123.1731,11.4929],[123.1771,11.4978],[123.18,11.4964],[123.1742,11.4906],[123.1731,11.4929]]],[[[123.1011,11.5122],[123.1039,11.5142],[123.1083,11.5142],[123.1103,11.5106],[123.1075,11.5058],[123.1033,11.5033],[123.1067,11.5022],[123.1103,11.5058],[123.1083,11.5025],[123.1111,11.5019],[123.1139,11.4961],[123.1167,11.4992],[123.1203,11.4977],[123.113,11.4938],[123.1108,11.4976],[123.1051,11.4997],[123.1054,11.4926],[123.0956,11.495],[123.0861,11.4911],[123.0753,11.4912],[123.0751,11.5117],[123.0867,11.5154],[123.0949,11.5376],[123.0984,11.541],[123.0971,11.5445],[123.1068,11.5506],[123.1083,11.5564],[123.1137,11.5566],[123.1314,11.5722],[123.1319,11.5803],[123.1483,11.5989],[123.1508,11.5983],[123.1511,11.5958],[123.1469,11.5914],[123.1456,11.5875],[123.1506,11.5783],[123.1633,11.5669],[123.1617,11.5653],[123.1631,11.5617],[123.1602,11.5566],[123.1564,11.5565],[123.1533,11.551],[123.1494,11.5483],[123.1498,11.541],[123.1356,11.5108],[123.138,11.5075],[123.1358,11.5056],[123.1333,11.5058],[123.1308,11.5092],[123.1319,11.5131],[123.1353,11.5136],[123.1378,11.5178],[123.1292,11.5228],[123.1281,11.5203],[123.1258,11.5256],[123.1214,11.5275],[123.1206,11.5228],[123.1153,11.5194],[123.1161,11.5178],[123.1144,11.5158],[123.112,11.52],[123.1094,11.5189],[123.1067,11.5208],[123.1053,11.5192],[123.1039,11.5208],[123.1022,11.5197],[123.0975,11.5211],[123.0975,11.5186],[123.1011,11.5178],[123.0983,11.5164],[123.1014,11.5147],[123.1,11.5131],[123.1011,11.5122]]],[[[123.1125,11.505],[123.1139,11.5069],[123.1131,11.5022],[123.1117,11.5031],[123.1125,11.505]]],[[[123.1294,11.5172],[123.1308,11.5139],[123.1278,11.5122],[123.1286,11.5089],[123.1322,11.505],[123.1369,11.5033],[123.1386,11.5003],[123.1356,11.4981],[123.1336,11.4989],[123.1292,11.505],[123.1303,11.4997],[123.1325,11.4981],[123.1242,11.4953],[123.1225,11.4983],[123.1178,11.5011],[123.1192,11.5022],[123.1253,11.4972],[123.1281,11.4989],[123.1289,11.5025],[123.1272,11.5056],[123.1297,11.5061],[123.1264,11.5108],[123.1286,11.5164],[123.1261,11.5186],[123.1278,11.5192],[123.1294,11.5172]]],[[[123.1834,11.5018],[123.1849,11.5016],[123.1831,11.5],[123.1829,11.5006],[123.1834,11.5018]]],[[[123.1745,11.5089],[123.1758,11.5058],[123.1728,11.5033],[123.173,11.4999],[123.1655,11.4925],[123.1618,11.4909],[123.155,11.4916],[123.1554,11.4961],[123.1599,11.4964],[123.1619,11.4983],[123.1638,11.5077],[123.1628,11.5109],[123.1661,11.5203],[123.1644,11.5242],[123.1786,11.525],[123.1803,11.5336],[123.1853,11.5383],[123.1885,11.5373],[123.1879,11.5312],[123.1917,11.5294],[123.1953,11.535],[123.1958,11.5397],[123.1983,11.5392],[123.2011,11.5339],[123.1981,11.5289],[123.1909,11.5281],[123.192,11.5248],[123.1949,11.5261],[123.1962,11.5249],[123.1929,11.5216],[123.1939,11.5177],[123.192,11.5163],[123.191,11.5124],[123.1773,11.5111],[123.1745,11.5089]]],[[[123.1228,11.5128],[123.1215,11.5125],[123.1203,11.517],[123.1225,11.5153],[123.1228,11.5128]]],[[[123.1927,11.5435],[123.1935,11.5445],[123.1942,11.5421],[123.193,11.5421],[123.1927,11.5435]]],[[[123.1772,11.6039],[123.1789,11.605],[123.1797,11.6033],[123.1783,11.6019],[123.1772,11.6039]]],[[[123.2799,11.5768],[123.2769,11.5866],[123.2786,11.5894],[123.2825,11.5819],[123.2825,11.5772],[123.2812,11.5759],[123.2799,11.5768]]],[[[123.2122,11.5933],[123.2169,11.5881],[123.2186,11.5883],[123.2178,11.585],[123.2083,11.5811],[123.2056,11.5814],[123.2031,11.5856],[123.2033,11.5881],[123.2078,11.5933],[123.2122,11.5933]]],[[[123.3331,11.5731],[123.3275,11.5733],[123.3294,11.5822],[123.3242,11.5856],[123.322,11.5842],[123.3208,11.5875],[123.3283,11.5978],[123.3294,11.5989],[123.3378,11.5981],[123.3461,11.5936],[123.3524,11.5949],[123.3564,11.6011],[123.3575,11.5989],[123.3564,11.5836],[123.3547,11.5831],[123.3515,11.5882],[123.3455,11.5885],[123.338,11.5766],[123.3331,11.5731]]],[[[123.3611,11.6086],[123.3594,11.6092],[123.3603,11.6108],[123.3625,11.61],[123.3611,11.6086]]],[[[123.3556,11.6233],[123.3519,11.6108],[123.3481,11.6058],[123.3442,11.6092],[123.3442,11.6125],[123.3411,11.6156],[123.3411,11.6322],[123.3447,11.6353],[123.3578,11.6394],[123.3597,11.6328],[123.3556,11.6233]]],[[[123.362,11.6153],[123.3622,11.6183],[123.3631,11.6192],[123.3633,11.6136],[123.362,11.6153]]],[[[123.3719,11.6394],[123.373,11.6375],[123.3714,11.6358],[123.3708,11.6381],[123.3719,11.6394]]]]},"properties":{"ADM3_EN":"Carles","name":"Carles","ADM3_PCODE":"PH63014000","psgc_code":"63014000","ADM2_EN":"Iloilo","ADM2_PCODE":"PH6301","ADM1_EN":"Region VI (Western Visayas)","ADM1_PCODE":"PH06","ADM0_EN":"Philippines (the)","ADM0_PCODE":"PH","region_key":"panay_guimaras","province_key":"iloilo","type":"Municipality"}},{"type":"Feature","geometry":{"type":"MultiPolygon","coordinates":[[[[123.112,11.1423],[123.1138,11.1457],[123.1281,11.1469],[123.1336,11.1514],[123.1406,11.1478],[123.1444,11.1547],[123.1521,11.1521],[123.1508,11.1458],[123.1528,11.1422],[123.1512,11.1417],[123.1478,11.1444],[123.1456,11.1411],[123.1428,11.14],[123.1397,11.1328],[123.1216,11.1321],[123.1097,11.1391],[123.112,11.1423]]],[[[123.1273,11.18],[123.1256,11.175],[123.1268,11.1716],[123.1228,11.1693],[123.1208,11.1644],[123.1081,11.1597],[123.1039,11.1553],[123.1022,11.1619],[123.0969,11.1636],[123.0936,11.1675],[123.0897,11.1686],[123.0867,11.1722],[123.0767,11.1786],[123.0708,11.1794],[123.0686,11.1769],[123.0702,11.1741],[123.0673,11.1763],[123.0635,11.1965],[123.0642,11.2005],[123.0567,11.2057],[123.0545,11.2101],[123.0536,11.218],[123.0565,11.2264],[123.0586,11.2279],[123.0605,11.2423],[123.061,11.2499],[123.0572,11.2622],[123.072,11.255],[123.0966,11.2477],[123.0972,11.2456],[123.0944,11.2397],[123.0956,11.2325],[123.0931,11.2289],[123.0942,11.2239],[123.1006,11.2192],[123.1108,11.2167],[123.1175,11.2117],[123.1167,11.2081],[123.1181,11.205],[123.1208,11.1997],[123.1244,11.1978],[123.1222,11.1931],[123.1278,11.1826],[123.1273,11.18]]],[[[123.1558,11.1814],[123.1569,11.1842],[123.1592,11.1864],[123.1606,11.1836],[123.1567,11.1781],[123.1558,11.1814]]],[[[123.1331,11.2017],[123.1322,11.2025],[123.1347,11.2039],[123.1347,11.2017],[123.1331,11.2017]]],[[[123.1628,11.2297],[123.16,11.2278],[123.1558,11.2283],[123.1544,11.2303],[123.155,11.2333],[123.1619,11.2342],[123.1628,11.2297]]],[[[123.178,11.1847],[123.1756,11.1834],[123.1729,11.1866],[123.1792,11.1881],[123.1801,11.1872],[123.178,11.1847]]],[[[123.3414,11.1994],[123.3389,11.1969],[123.3369,11.2022],[123.3397,11.2025],[123.3414,11.1994]]],[[[123.1839,11.2042],[123.1756,11.1981],[123.1722,11.1925],[123.1647,11.1933],[123.1611,11.1964],[123.1611,11.2033],[123.1575,11.2111],[123.16,11.2131],[123.1624,11.2128],[123.1623,11.2177],[123.1667,11.2233],[123.1686,11.22],[123.1725,11.2222],[123.1814,11.2183],[123.1864,11.2214],[123.1897,11.2206],[123.19,11.2111],[123.1839,11.2042]]],[[[123.1942,11.2253],[123.1934,11.2272],[123.197,11.2283],[123.1967,11.2247],[123.1954,11.2235],[123.1942,11.2253]]],[[[123.1944,11.2372],[123.195,11.2389],[123.1964,11.2369],[123.195,11.2356],[123.1944,11.2372]]],[[[123.2167,11.2467],[123.2161,11.2408],[123.2131,11.235],[123.1993,11.2363],[123.1989,11.2419],[123.2022,11.2458],[123.2111,11.2472],[123.2144,11.2503],[123.2172,11.2492],[123.2167,11.2467]]],[[[123.1731,11.2582],[123.1725,11.2605],[123.1757,11.2645],[123.1796,11.2635],[123.1771,11.257],[123.1747,11.2564],[123.1731,11.2582]]],[[[123.143,11.2629],[123.143,11.2609],[123.1456,11.2608],[123.1464,11.2583],[123.1454,11.2543],[123.1434,11.2548],[123.144,11.2501],[123.138,11.2454],[123.1367,11.2417],[123.1372,11.2322],[123.1352,11.2238],[123.1257,11.2203],[123.1207,11.2132],[123.1219,11.2179],[123.1195,11.2197],[123.1222,11.2233],[123.1242,11.2303],[123.1228,11.2367],[123.125,11.2406],[123.1321,11.2428],[123.1342,11.2465],[123.1313,11.2511],[123.1349,11.2535],[123.1356,11.2595],[123.1328,11.261],[123.1336,11.2633],[123.1325,11.2644],[123.1455,11.2664],[123.143,11.2629]]],[[[123.175,11.2781],[123.1767,11.2747],[123.1729,11.2746],[123.1672,11.2681],[123.1703,11.2592],[123.1674,11.2546],[123.1628,11.2548],[123.1589,11.2592],[123.1572,11.2519],[123.15,11.2469],[123.1476,11.2613],[123.158,11.2628],[123.1539,11.2638],[123.1516,11.2661],[123.148,11.2631],[123.1504,11.2717],[123.1558,11.2772],[123.156,11.2925],[123.1536,11.2948],[123.1569,11.2989],[123.1529,11.303],[123.1555,11.3044],[123.1545,11.3087],[123.1563,11.3118],[123.1608,11.313],[123.1661,11.3117],[123.1686,11.3094],[123.1711,11.3097],[123.1722,11.3086],[123.1686,11.3042],[123.1711,11.3],[123.1777,11.3014],[123.1803,11.3058],[123.1872,11.2983],[123.1936,11.2944],[123.1939,11.2908],[123.1833,11.2842],[123.1817,11.2783],[123.1761,11.2794],[123.175,11.2781]]],[[[123.1682,11.3148],[123.1697,11.3161],[123.1708,11.315],[123.1697,11.3136],[123.1682,11.3148]]],[[[123.1806,11.3199],[123.1814,11.3186],[123.1778,11.3153],[123.1728,11.3156],[123.1754,11.3203],[123.1806,11.3199]]],[[[123.1789,11.325],[123.1797,11.3258],[123.182,11.325],[123.1811,11.3242],[123.1789,11.325]]],[[[123.2289,11.3545],[123.2278,11.3528],[123.2239,11.3536],[123.2247,11.3547],[123.2289,11.3545]]]]},"properties":{"ADM3_EN":"Concepcion","name":"Concepcion","ADM3_PCODE":"PH63015000","psgc_code":"63015000","ADM2_EN":"Iloilo","ADM2_PCODE":"PH6301","ADM1_EN":"Region VI (Western Visayas)","ADM1_PCODE":"PH06","ADM0_EN":"Philippines (the)","ADM0_PCODE":"PH","region_key":"panay_guimaras","province_key":"iloilo","type":"Municipality"}},{"type":"Feature","geometry":{"type":"MultiPolygon","coordinates":[[[[122.6676,10.9494],[122.6663,10.9449],[122.6651,10.9491],[122.6635,10.9491],[122.6617,10.9458],[122.6589,10.9488],[122.6595,10.9498],[122.6545,10.9519],[122.6529,10.9556],[122.6556,10.9607],[122.6527,10.9628],[122.6535,10.9673],[122.6483,10.9677],[122.6481,10.9703],[122.6451,10.9714],[122.6446,10.9777],[122.6465,10.983],[122.6424,10.9841],[122.6447,10.9888],[122.6391,10.9931],[122.6379,10.9959],[122.6335,10.9935],[122.6277,10.9976],[122.6263,10.9928],[122.6197,10.9914],[122.6103,11.0018],[122.5931,10.9977],[122.6054,11.0161],[122.6125,11.0309],[122.6217,11.0379],[122.6247,11.0384],[122.6248,11.0405],[122.6635,11.0453],[122.688,11.0648],[122.7015,11.0696],[122.7119,11.0707],[122.7219,11.0767],[122.7351,11.0763],[122.7273,11.0439],[122.7145,11.0314],[122.7054,11.0175],[122.7003,10.9882],[122.6975,10.9818],[122.6927,10.9765],[122.6907,10.9701],[122.6921,10.9675],[122.6918,10.9641],[122.6887,10.9617],[122.6908,10.9589],[122.6895,10.9538],[122.6843,10.9496],[122.6856,10.9484],[122.6845,10.9474],[122.6819,10.9477],[122.6821,10.9434],[122.679,10.9425],[122.6774,10.9369],[122.6728,10.937],[122.6722,10.9385],[122.6739,10.9498],[122.6712,10.9516],[122.6676,10.9494]]]]},"properties":{"ADM3_EN":"Dingle","name":"Dingle","ADM3_PCODE":"PH63016000","psgc_code":"63016000","ADM2_EN":"Iloilo","ADM2_PCODE":"PH6301","ADM1_EN":"Region VI (Western Visayas)","ADM1_PCODE":"PH06","ADM0_EN":"Philippines (the)","ADM0_PCODE":"PH","region_key":"panay_guimaras","province_key":"iloilo","type":"Municipality"}},{"type":"Feature","geometry":{"type":"MultiPolygon","coordinates":[[[[122.5895,10.998],[122.5844,10.9984],[122.5836,11.0016],[122.5742,11.0052],[122.5749,11.0071],[122.5735,11.0085],[122.5715,11.0064],[122.5655,11.0058],[122.5653,11.008],[122.5638,11.0075],[122.5649,11.0108],[122.5582,11.0116],[122.5598,11.0168],[122.5573,11.0255],[122.5534,11.0285],[122.5523,11.0344],[122.549,11.0331],[122.5462,11.0368],[122.5467,11.0396],[122.5443,11.0398],[122.5454,11.0434],[122.5414,11.0457],[122.5353,11.0453],[122.5357,11.0517],[122.5268,11.0504],[122.5299,11.0526],[122.5293,11.0545],[122.5328,11.0609],[122.5325,11.0646],[122.5369,11.0691],[122.536,11.073],[122.5339,11.0745],[122.5342,11.0807],[122.5382,11.0839],[122.5381,11.0877],[122.5327,11.0903],[122.5334,11.0948],[122.5407,11.0991],[122.5453,11.0994],[122.5447,11.1018],[122.5482,11.107],[122.5706,11.0947],[122.5787,11.0953],[122.5842,11.0906],[122.5939,11.0925],[122.5997,11.0914],[122.605,11.0953],[122.6108,11.0942],[122.6178,11.0914],[122.623,11.0846],[122.6268,11.0861],[122.6294,11.0845],[122.6333,11.0782],[122.6574,11.068],[122.6566,11.0642],[122.653,11.0616],[122.6544,11.0589],[122.6462,11.0578],[122.6484,11.0523],[122.6458,11.0486],[122.646,11.0449],[122.6424,11.0472],[122.6421,11.0517],[122.6399,11.0519],[122.6381,11.047],[122.634,11.0445],[122.6297,11.044],[122.6274,11.0411],[122.6248,11.0405],[122.6247,11.0384],[122.6219,11.0381],[122.6133,11.032],[122.6017,11.0099],[122.5931,10.9977],[122.5895,10.998]]]]},"properties":{"ADM3_EN":"Duenas","name":"Duenas","ADM3_PCODE":"PH63017000","psgc_code":"63017000","ADM2_EN":"Iloilo","ADM2_PCODE":"PH6301","ADM1_EN":"Region VI (Western Visayas)","ADM1_PCODE":"PH06","ADM0_EN":"Philippines (the)","ADM0_PCODE":"PH","region_key":"panay_guimaras","province_key":"iloilo","type":"Municipality"}},{"type":"Feature","geometry":{"type":"MultiPolygon","coordinates":[[[[122.6627,10.7864],[122.6587,10.8003],[122.6548,10.8056],[122.6421,10.806],[122.6414,10.8086],[122.6477,10.8157],[122.6465,10.818],[122.6403,10.8189],[122.6412,10.8219],[122.6398,10.8304],[122.6506,10.8342],[122.6495,10.8413],[122.6533,10.8401],[122.6553,10.842],[122.6491,10.8475],[122.6548,10.8528],[122.6552,10.8584],[122.6635,10.861],[122.6634,10.8649],[122.6719,10.8663],[122.672,10.8684],[122.6733,10.8686],[122.674,10.8642],[122.6773,10.8666],[122.6795,10.8654],[122.6869,10.8731],[122.6882,10.8733],[122.6874,10.8713],[122.6891,10.8707],[122.6901,10.8733],[122.6887,10.8745],[122.6916,10.8764],[122.6947,10.8715],[122.7018,10.8742],[122.706,10.8714],[122.7084,10.8772],[122.7188,10.8772],[122.7229,10.8817],[122.7304,10.8818],[122.7324,10.8836],[122.7407,10.8849],[122.7423,10.8866],[122.7565,10.8771],[122.7679,10.8795],[122.77,10.8775],[122.7792,10.8773],[122.7836,10.8742],[122.7833,10.8672],[122.7858,10.8614],[122.7839,10.8556],[122.7775,10.8486],[122.7692,10.8431],[122.7625,10.8464],[122.7597,10.8456],[122.7633,10.845],[122.7681,10.8392],[122.7675,10.8358],[122.7622,10.8281],[122.7669,10.8286],[122.7583,10.8161],[122.7506,10.8111],[122.7453,10.7994],[122.7397,10.7942],[122.7344,10.7853],[122.7278,10.7818],[122.7128,10.7808],[122.7089,10.7783],[122.7064,10.7828],[122.6993,10.7851],[122.6942,10.79],[122.6897,10.7897],[122.6817,10.795],[122.6725,10.7956],[122.6703,10.7947],[122.6722,10.7919],[122.6687,10.7923],[122.6694,10.7858],[122.6683,10.7836],[122.6628,10.7775],[122.6611,10.7791],[122.6635,10.7822],[122.6627,10.7864]]]]},"properties":{"ADM3_EN":"Dumangas","name":"Dumangas","ADM3_PCODE":"PH63018000","psgc_code":"63018000","ADM2_EN":"Iloilo","ADM2_PCODE":"PH6301","ADM1_EN":"Region VI (Western Visayas)","ADM1_PCODE":"PH06","ADM0_EN":"Philippines (the)","ADM0_PCODE":"PH","region_key":"panay_guimaras","province_key":"iloilo","type":"Municipality"}},{"type":"Feature","geometry":{"type":"MultiPolygon","coordinates":[[[[123.1172,11.4242],[123.1142,11.4267],[123.103,11.4277],[123.108,11.4516],[123.1098,11.4518],[123.1116,11.4588],[123.1158,11.4643],[123.1166,11.4688],[123.1243,11.4745],[123.1327,11.4744],[123.135,11.4763],[123.1367,11.4746],[123.1371,11.4771],[123.1397,11.4792],[123.1365,11.4792],[123.1365,11.4809],[123.1424,11.4791],[123.1447,11.4808],[123.143,11.4825],[123.1453,11.4853],[123.1528,11.4878],[123.155,11.4861],[123.1592,11.4767],[123.1642,11.4753],[123.1655,11.4695],[123.1642,11.4658],[123.1631,11.4703],[123.16,11.4736],[123.1581,11.4717],[123.1603,11.4697],[123.1583,11.4608],[123.1569,11.456],[123.1538,11.4551],[123.1519,11.4486],[123.155,11.445],[123.1542,11.4431],[123.1409,11.438],[123.1387,11.4337],[123.1386,11.4275],[123.1314,11.4198],[123.1287,11.4223],[123.1244,11.4199],[123.1172,11.4242]]],[[[123.1881,11.4376],[123.1881,11.4339],[123.1803,11.4283],[123.1792,11.4241],[123.1763,11.4296],[123.179,11.4307],[123.1778,11.4332],[123.1806,11.4333],[123.1829,11.4391],[123.1866,11.4396],[123.1881,11.4376]]],[[[123.1769,11.4372],[123.1745,11.4347],[123.1725,11.4369],[123.175,11.4383],[123.1769,11.4372]]],[[[123.1694,11.4375],[123.1681,11.4364],[123.1657,11.4387],[123.1675,11.4386],[123.1694,11.4375]]],[[[123.175,11.4608],[123.1736,11.4564],[123.1711,11.4608],[123.1653,11.4608],[123.1644,11.4631],[123.1672,11.4633],[123.1711,11.4669],[123.175,11.4608]]]]},"properties":{"ADM3_EN":"Estancia","name":"Estancia","ADM3_PCODE":"PH63019000","psgc_code":"63019000","ADM2_EN":"Iloilo","ADM2_PCODE":"PH6301","ADM1_EN":"Region VI (Western Visayas)","ADM1_PCODE":"PH06","ADM0_EN":"Philippines (the)","ADM0_PCODE":"PH","region_key":"panay_guimaras","province_key":"iloilo","type":"Municipality"}},{"type":"Feature","geometry":{"type":"MultiPolygon","coordinates":[[[[122.3225,10.6569],[122.3056,10.6557],[122.2878,10.659],[122.2816,10.6587],[122.2764,10.6758],[122.2814,10.6791],[122.2829,10.6839],[122.2955,10.6917],[122.299,10.6979],[122.2959,10.7043],[122.2973,10.7112],[122.2954,10.7177],[122.3033,10.7354],[122.3061,10.7383],[122.3005,10.7408],[122.2993,10.7487],[122.3049,10.7516],[122.3063,10.7445],[122.3112,10.7387],[122.3114,10.7361],[122.3181,10.7352],[122.3309,10.7243],[122.3277,10.7229],[122.327,10.7199],[122.3306,10.715],[122.3333,10.7055],[122.3312,10.7001],[122.3321,10.691],[122.3353,10.6853],[122.3448,10.6794],[122.3442,10.6761],[122.3482,10.6703],[122.3353,10.6691],[122.3288,10.6605],[122.3225,10.6569]]]]},"properties":{"ADM3_EN":"Guimbal","name":"Guimbal","ADM3_PCODE":"PH63020000","psgc_code":"63020000","ADM2_EN":"Iloilo","ADM2_PCODE":"PH6302","ADM1_EN":"Region VI (Western Visayas)","ADM1_PCODE":"PH06","ADM0_EN":"Philippines (the)","ADM0_PCODE":"PH","region_key":"panay_guimaras","province_key":"iloilo","type":"Municipality"}},{"type":"Feature","geometry":{"type":"MultiPolygon","coordinates":[[[[122.2797,10.6778],[122.2723,10.6763],[122.2568,10.6814],[122.2459,10.6896],[122.2451,10.6926],[122.2383,10.6922],[122.2286,10.7051],[122.223,10.7071],[122.2172,10.7177],[122.2209,10.7244],[122.2114,10.7259],[122.21,10.7293],[122.2112,10.7349],[122.2103,10.7394],[122.2066,10.7457],[122.2034,10.7474],[122.208,10.75],[122.2088,10.7533],[122.1754,10.7562],[122.2,10.8163],[122.2009,10.8342],[122.2435,10.8196],[122.2538,10.8113],[122.2511,10.7986],[122.2654,10.7892],[122.2679,10.7821],[122.2712,10.7816],[122.2768,10.7768],[122.2819,10.7689],[122.2881,10.7666],[122.2906,10.7597],[122.2901,10.7516],[122.2996,10.7467],[122.3009,10.7402],[122.3061,10.7383],[122.3033,10.7354],[122.2954,10.7177],[122.2973,10.7112],[122.2959,10.7043],[122.299,10.6979],[122.2973,10.6941],[122.2829,10.6839],[122.2797,10.6778]]]]},"properties":{"ADM3_EN":"Igbaras","name":"Igbaras","ADM3_PCODE":"PH63021000","psgc_code":"63021000","ADM2_EN":"Iloilo","ADM2_PCODE":"PH6302","ADM1_EN":"Region VI (Western Visayas)","ADM1_PCODE":"PH06","ADM0_EN":"Philippines (the)","ADM0_PCODE":"PH","region_key":"panay_guimaras","province_key":"iloilo","type":"Municipality"}},{"type":"Feature","geometry":{"type":"MultiPolygon","coordinates":[[[[122.5213,10.6793],[122.5009,10.6793],[122.4944,10.6818],[122.4984,10.6955],[122.5075,10.6947],[122.5109,10.6917],[122.5127,10.6926],[122.5113,10.6955],[122.5133,10.6973],[122.5113,10.6982],[122.5139,10.6984],[122.5136,10.7006],[122.5157,10.7003],[122.5145,10.7035],[122.5172,10.704],[122.5173,10.7062],[122.5238,10.7138],[122.5215,10.7217],[122.5182,10.7251],[122.5144,10.7398],[122.518,10.7416],[122.5218,10.7369],[122.5365,10.7345],[122.5385,10.748],[122.5421,10.75],[122.5439,10.7544],[122.543,10.7589],[122.5511,10.7643],[122.5641,10.7633],[122.5713,10.7836],[122.5791,10.7741],[122.5862,10.7739],[122.587,10.7716],[122.5857,10.7703],[122.5954,10.7594],[122.5883,10.7436],[122.5897,10.7378],[122.5933,10.7397],[122.5997,10.7372],[122.5989,10.7306],[122.6006,10.7272],[122.5932,10.7141],[122.595,10.7065],[122.5932,10.704],[122.59,10.704],[122.5889,10.7022],[122.5911,10.7002],[122.5858,10.6938],[122.58,10.6958],[122.5836,10.6925],[122.5808,10.687],[122.5737,10.6897],[122.572,10.6889],[122.5625,10.6911],[122.5592,10.6881],[122.5494,10.6861],[122.5371,10.6803],[122.5213,10.6793]]]]},"properties":{"ADM3_EN":"Iloilo City","name":"Iloilo City","ADM3_PCODE":"PH63022000","psgc_code":"63022000","ADM2_EN":"Iloilo","ADM2_PCODE":"PH6302","ADM1_EN":"Region VI (Western Visayas)","ADM1_PCODE":"PH06","ADM0_EN":"Philippines (the)","ADM0_PCODE":"PH","region_key":"panay_guimaras","province_key":"iloilo","type":"City"}},{"type":"Feature","geometry":{"type":"MultiPolygon","coordinates":[[[[122.5322,10.9266],[122.5297,10.9305],[122.527,10.9309],[122.5263,10.9295],[122.5214,10.9286],[122.4844,10.9444],[122.4787,10.943],[122.4726,10.9463],[122.4713,10.9489],[122.4678,10.9487],[122.4644,10.9504],[122.4612,10.9486],[122.448,10.9494],[122.4405,10.9464],[122.4307,10.9448],[122.4301,10.9481],[122.426,10.9534],[122.4263,10.9564],[122.4178,10.9628],[122.4121,10.9585],[122.4121,10.9557],[122.4094,10.9581],[122.4075,10.9636],[122.4047,10.9644],[122.4006,10.9642],[122.397,10.9666],[122.393,10.9636],[122.3898,10.9638],[122.3746,10.9703],[122.3512,10.9737],[122.3363,10.9784],[122.3198,10.9901],[122.3244,11.0157],[122.3203,11.0292],[122.3091,11.0477],[122.3778,11.0585],[122.4084,11.0456],[122.4268,11.0333],[122.4518,11.0312],[122.4545,11.0336],[122.4601,11.0317],[122.4619,11.0327],[122.4657,11.0309],[122.4694,11.0322],[122.4761,11.0303],[122.4753,11.0291],[122.4794,11.0196],[122.4823,11.0068],[122.4814,10.9948],[122.492,10.9888],[122.491,10.9828],[122.4922,10.9804],[122.5004,10.9814],[122.5046,10.9765],[122.503,10.9748],[122.5054,10.9723],[122.5199,10.9708],[122.5299,10.966],[122.5312,10.9612],[122.5351,10.9609],[122.5407,10.9571],[122.5384,10.9549],[122.5397,10.9516],[122.5592,10.9461],[122.5549,10.9355],[122.5557,10.9327],[122.5538,10.9229],[122.5376,10.9244],[122.536,10.9265],[122.5322,10.9266]]]]},"properties":{"ADM3_EN":"Janiuay","name":"Janiuay","ADM3_PCODE":"PH63023000","psgc_code":"63023000","ADM2_EN":"Iloilo","ADM2_PCODE":"PH6302","ADM1_EN":"Region VI (Western Visayas)","ADM1_PCODE":"PH06","ADM0_EN":"Philippines (the)","ADM0_PCODE":"PH","region_key":"panay_guimaras","province_key":"iloilo","type":"Municipality"}},{"type":"Feature","geometry":{"type":"MultiPolygon","coordinates":[[[[122.5549,11.0119],[122.5477,11.0104],[122.5436,11.0137],[122.5378,11.0129],[122.5342,11.0182],[122.527,11.0177],[122.5246,11.0215],[122.516,11.0246],[122.5134,11.0233],[122.5097,11.0248],[122.5091,11.0274],[122.4995,11.0226],[122.4941,11.0243],[122.4942,11.0266],[122.4928,11.0271],[122.4774,11.0251],[122.4753,11.0291],[122.4761,11.0303],[122.4694,11.0322],[122.4657,11.0309],[122.4638,11.0324],[122.4601,11.0317],[122.4545,11.0336],[122.4518,11.0312],[122.4428,11.0314],[122.4268,11.0333],[122.4084,11.0456],[122.3778,11.0585],[122.3091,11.0477],[122.2374,11.1391],[122.3222,11.2268],[122.3264,11.2254],[122.391,11.1913],[122.4023,11.1927],[122.4028,11.1808],[122.4064,11.1681],[122.4147,11.153],[122.4321,11.1346],[122.461,11.1272],[122.4654,11.1311],[122.4777,11.1323],[122.5026,11.121],[122.5154,11.1136],[122.5296,11.1126],[122.544,11.1081],[122.5484,11.1084],[122.5447,11.1018],[122.5453,11.0994],[122.5407,11.0991],[122.5334,11.0948],[122.5327,11.0903],[122.5381,11.0877],[122.5382,11.0839],[122.5342,11.0807],[122.5339,11.0745],[122.536,11.073],[122.5369,11.0691],[122.5325,11.0646],[122.5328,11.0609],[122.5293,11.0545],[122.5299,11.0526],[122.5268,11.0504],[122.5357,11.0517],[122.5353,11.0453],[122.5414,11.0457],[122.5454,11.0434],[122.5443,11.0398],[122.5467,11.0396],[122.5462,11.0368],[122.549,11.0331],[122.5523,11.0344],[122.5534,11.0285],[122.5573,11.0255],[122.5598,11.0168],[122.5582,11.0116],[122.5649,11.0108],[122.5638,11.0075],[122.5653,11.008],[122.5655,11.0058],[122.5637,11.005],[122.5561,11.0074],[122.5549,11.0119]]]]},"properties":{"ADM3_EN":"Lambunao","name":"Lambunao","ADM3_PCODE":"PH63025000","psgc_code":"63025000","ADM2_EN":"Iloilo","ADM2_PCODE":"PH6302","ADM1_EN":"Region VI (Western Visayas)","ADM1_PCODE":"PH06","ADM0_EN":"Philippines (the)","ADM0_PCODE":"PH","region_key":"panay_guimaras","province_key":"iloilo","type":"Municipality"}},{"type":"Feature","geometry":{"type":"MultiPolygon","coordinates":[[[[122.6046,10.7666],[122.595,10.7597],[122.5857,10.7703],[122.587,10.7716],[122.5862,10.7739],[122.5791,10.7741],[122.5713,10.7836],[122.559,10.7921],[122.56,10.8049],[122.5755,10.8077],[122.5827,10.8133],[122.5964,10.8129],[122.6032,10.8177],[122.6061,10.8131],[122.6087,10.8154],[122.6133,10.8129],[122.6112,10.8091],[122.6077,10.8074],[122.6089,10.8055],[122.6147,10.8101],[122.614,10.8051],[122.6221,10.8088],[122.6186,10.8048],[122.6202,10.8018],[122.6176,10.798],[122.6213,10.7997],[122.6228,10.7971],[122.6267,10.7969],[122.6296,10.8004],[122.6316,10.7943],[122.6343,10.7924],[122.6446,10.7909],[122.6441,10.7761],[122.6417,10.7714],[122.6394,10.7706],[122.6367,10.7722],[122.6319,10.7814],[122.6294,10.7794],[122.6217,10.7789],[122.6128,10.7753],[122.6046,10.7666]]]]},"properties":{"ADM3_EN":"Leganes","name":"Leganes","ADM3_PCODE":"PH63026000","psgc_code":"63026000","ADM2_EN":"Iloilo","ADM2_PCODE":"PH6302","ADM1_EN":"Region VI (Western Visayas)","ADM1_PCODE":"PH06","ADM0_EN":"Philippines (the)","ADM0_PCODE":"PH","region_key":"panay_guimaras","province_key":"iloilo","type":"Municipality"}},{"type":"Feature","geometry":{"type":"MultiPolygon","coordinates":[[[[122.871,11.1813],[122.8677,11.1805],[122.8511,11.1918],[122.8567,11.2006],[122.857,11.2018],[122.8544,11.2033],[122.8636,11.2229],[122.8746,11.2412],[122.8901,11.2376],[122.8956,11.257],[122.8934,11.2595],[122.8869,11.262],[122.89,11.2776],[122.902,11.289],[122.9095,11.2938],[122.9156,11.2943],[122.9184,11.2979],[122.9305,11.2978],[122.9336,11.3017],[122.9377,11.3034],[122.9496,11.3035],[122.9531,11.2938],[122.948,11.2861],[122.9488,11.2848],[122.9439,11.2757],[122.9506,11.2729],[122.9578,11.2672],[122.9673,11.2459],[122.9676,11.2385],[122.9667,11.2116],[122.9627,11.2116],[122.958,11.2059],[122.9486,11.1774],[122.9452,11.1714],[122.9401,11.1699],[122.9451,11.1471],[122.9045,11.1598],[122.8788,11.1747],[122.871,11.1813]]]]},"properties":{"ADM3_EN":"Lemery","name":"Lemery","ADM3_PCODE":"PH63027000","psgc_code":"63027000","ADM2_EN":"Iloilo","ADM2_PCODE":"PH6302","ADM1_EN":"Region VI (Western Visayas)","ADM1_PCODE":"PH06","ADM0_EN":"Philippines (the)","ADM0_PCODE":"PH","region_key":"panay_guimaras","province_key":"iloilo","type":"Municipality"}},{"type":"Feature","geometry":{"type":"MultiPolygon","coordinates":[[[[122.4149,10.7558],[122.4117,10.754],[122.4086,10.7545],[122.3949,10.7469],[122.3891,10.7528],[122.3745,10.754],[122.3659,10.7631],[122.3403,10.7658],[122.3391,10.776],[122.3359,10.7781],[122.3309,10.7882],[122.3261,10.7924],[122.3233,10.7976],[122.3215,10.8041],[122.3228,10.812],[122.3186,10.8177],[122.3185,10.8232],[122.3154,10.8246],[122.3131,10.8295],[122.3042,10.8349],[122.2965,10.8346],[122.2959,10.8366],[122.2903,10.8395],[122.2263,10.8517],[122.2331,10.8668],[122.2417,10.8707],[122.2613,10.8954],[122.2826,10.892],[122.2829,10.8894],[122.2886,10.8954],[122.2923,10.8967],[122.296,10.8937],[122.296,10.8906],[122.2986,10.8915],[122.3041,10.8895],[122.305,10.8866],[122.307,10.8877],[122.3144,10.8819],[122.3381,10.8765],[122.3481,10.8715],[122.3658,10.8516],[122.3686,10.846],[122.3897,10.8287],[122.3905,10.8259],[122.3967,10.8218],[122.4051,10.811],[122.4123,10.8049],[122.4143,10.794],[122.4191,10.7876],[122.4195,10.782],[122.424,10.7798],[122.4244,10.7757],[122.4215,10.771],[122.415,10.7662],[122.4149,10.7643],[122.4206,10.7588],[122.4149,10.7558]]]]},"properties":{"ADM3_EN":"Leon","name":"Leon","ADM3_PCODE":"PH63028000","psgc_code":"63028000","ADM2_EN":"Iloilo","ADM2_PCODE":"PH6302","ADM1_EN":"Region VI (Western Visayas)","ADM1_PCODE":"PH06","ADM0_EN":"Philippines (the)","ADM0_PCODE":"PH","region_key":"panay_guimaras","province_key":"iloilo","type":"Municipality"}},{"type":"Feature","geometry":{"type":"MultiPolygon","coordinates":[[[[122.4285,10.8457],[122.425,10.848],[122.4256,10.8529],[122.4245,10.8523],[122.4231,10.8549],[122.4236,10.8588],[122.4186,10.8614],[122.4174,10.8651],[122.4157,10.8648],[122.4119,10.8682],[122.4121,10.872],[122.408,10.8765],[122.4032,10.8764],[122.3981,10.8729],[122.387,10.8789],[122.3895,10.8846],[122.3814,10.8903],[122.3768,10.8995],[122.3717,10.9056],[122.3624,10.9121],[122.347,10.9175],[122.3408,10.9182],[122.3319,10.925],[122.3243,10.9338],[122.3249,10.9419],[122.3182,10.9492],[122.3132,10.9584],[122.3158,10.9752],[122.3201,10.9857],[122.3198,10.9901],[122.3363,10.9784],[122.3512,10.9737],[122.3746,10.9703],[122.3898,10.9638],[122.393,10.9636],[122.397,10.9666],[122.4006,10.9642],[122.4075,10.9636],[122.4094,10.9581],[122.4121,10.9557],[122.4121,10.9585],[122.4178,10.9628],[122.4263,10.9564],[122.426,10.9534],[122.4301,10.9481],[122.4307,10.9448],[122.4405,10.9464],[122.448,10.9494],[122.4612,10.9486],[122.4644,10.9504],[122.4678,10.9487],[122.4713,10.9489],[122.4726,10.9463],[122.4787,10.943],[122.4844,10.9444],[122.4585,10.8895],[122.4457,10.8689],[122.4435,10.8519],[122.4365,10.8499],[122.4353,10.8467],[122.4293,10.8437],[122.4285,10.8457]]]]},"properties":{"ADM3_EN":"Maasin","name":"Maasin","ADM3_PCODE":"PH63029000","psgc_code":"63029000","ADM2_EN":"Iloilo","ADM2_PCODE":"PH6302","ADM1_EN":"Region VI (Western Visayas)","ADM1_PCODE":"PH06","ADM0_EN":"Philippines (the)","ADM0_PCODE":"PH","region_key":"panay_guimaras","province_key":"iloilo","type":"Municipality"}},{"type":"Feature","geometry":{"type":"MultiPolygon","coordinates":[[[[122.2503,10.6374],[122.245,10.6352],[122.2253,10.6388],[122.2074,10.6385],[122.2001,10.6317],[122.1972,10.6308],[122.1951,10.6274],[122.1803,10.6203],[122.178,10.6181],[122.1776,10.6129],[122.1745,10.61],[122.1697,10.6087],[122.1663,10.6168],[122.1551,10.6218],[122.1489,10.628],[122.1498,10.6328],[122.1482,10.639],[122.146,10.6448],[122.1436,10.6452],[122.1425,10.6524],[122.1434,10.6576],[122.1382,10.6636],[122.1262,10.6708],[122.0937,10.7006],[122.1141,10.7155],[122.1536,10.7518],[122.1754,10.7562],[122.2088,10.7533],[122.208,10.75],[122.2034,10.7474],[122.2066,10.7457],[122.2103,10.7394],[122.2112,10.7349],[122.21,10.7293],[122.2114,10.7259],[122.2209,10.7244],[122.2172,10.7177],[122.223,10.7071],[122.2286,10.7051],[122.2383,10.6922],[122.2451,10.6926],[122.2459,10.6896],[122.2568,10.6814],[122.2764,10.6762],[122.2816,10.6587],[122.2716,10.6571],[122.2667,10.6537],[122.2578,10.6513],[122.2503,10.6374]]]]},"properties":{"ADM3_EN":"Miagao","name":"Miagao","ADM3_PCODE":"PH63030000","psgc_code":"63030000","ADM2_EN":"Iloilo","ADM2_PCODE":"PH6303","ADM1_EN":"Region VI (Western Visayas)","ADM1_PCODE":"PH06","ADM0_EN":"Philippines (the)","ADM0_PCODE":"PH","region_key":"panay_guimaras","province_key":"iloilo","type":"Municipality"}},{"type":"Feature","geometry":{"type":"MultiPolygon","coordinates":[[[[122.5833,10.8964],[122.5837,10.8946],[122.5821,10.8935],[122.5782,10.8941],[122.5761,10.8989],[122.5721,10.8953],[122.5663,10.8967],[122.5682,10.9003],[122.5645,10.9022],[122.5603,10.9005],[122.5579,10.9026],[122.5562,10.9092],[122.5522,10.9135],[122.5513,10.9176],[122.5552,10.928],[122.5555,10.9379],[122.5635,10.9536],[122.5627,10.961],[122.5756,10.9713],[122.5839,10.9733],[122.5848,10.9704],[122.5888,10.9694],[122.5856,10.9669],[122.5843,10.9602],[122.5968,10.9634],[122.6075,10.9612],[122.6054,10.9551],[122.6004,10.9524],[122.6025,10.9498],[122.6005,10.9479],[122.6003,10.9444],[122.598,10.9439],[122.5956,10.9346],[122.6045,10.9286],[122.6101,10.9307],[122.6098,10.9286],[122.6166,10.924],[122.6206,10.9184],[122.6188,10.9134],[122.6053,10.9077],[122.6108,10.9018],[122.6139,10.8959],[122.6109,10.8968],[122.6061,10.8954],[122.6022,10.9],[122.5875,10.9037],[122.5833,10.8964]]]]},"properties":{"ADM3_EN":"Mina","name":"Mina","ADM3_PCODE":"PH63031000","psgc_code":"63031000","ADM2_EN":"Iloilo","ADM2_PCODE":"PH6303","ADM1_EN":"Region VI (Western Visayas)","ADM1_PCODE":"PH06","ADM0_EN":"Philippines (the)","ADM0_PCODE":"PH","region_key":"panay_guimaras","province_key":"iloilo","type":"Municipality"}},{"type":"Feature","geometry":{"type":"MultiPolygon","coordinates":[[[[122.5752,10.8974],[122.5761,10.8989],[122.5782,10.8941],[122.5821,10.8935],[122.5875,10.9037],[122.6022,10.9],[122.6061,10.8954],[122.6109,10.8968],[122.6139,10.8959],[122.6091,10.8882],[122.6082,10.8765],[122.6106,10.8742],[122.6063,10.8683],[122.6112,10.8632],[122.61,10.8588],[122.6049,10.8602],[122.6009,10.8574],[122.6061,10.8422],[122.6062,10.839],[122.6017,10.8358],[122.5929,10.8395],[122.5808,10.8386],[122.571,10.851],[122.5577,10.8633],[122.5457,10.868],[122.536,10.8754],[122.5419,10.8875],[122.5561,10.9083],[122.5579,10.9026],[122.5603,10.9005],[122.5631,10.9022],[122.5682,10.9003],[122.5663,10.8967],[122.5721,10.8953],[122.5752,10.8974]]]]},"properties":{"ADM3_EN":"New Lucena","name":"New Lucena","ADM3_PCODE":"PH63032000","psgc_code":"63032000","ADM2_EN":"Iloilo","ADM2_PCODE":"PH6303","ADM1_EN":"Region VI (Western Visayas)","ADM1_PCODE":"PH06","ADM0_EN":"Philippines (the)","ADM0_PCODE":"PH","region_key":"panay_guimaras","province_key":"iloilo","type":"Municipality"}},{"type":"Feature","geometry":{"type":"MultiPolygon","coordinates":[[[[122.484,10.6868],[122.4783,10.6883],[122.4572,10.688],[122.4211,10.68],[122.4236,10.685],[122.4199,10.6905],[122.4226,10.6983],[122.4222,10.7125],[122.4273,10.7285],[122.4257,10.731],[122.4231,10.7296],[122.422,10.7326],[122.4259,10.7365],[122.425,10.7397],[122.4269,10.7455],[122.4255,10.7499],[122.4228,10.7493],[122.4231,10.7521],[122.421,10.7534],[122.4349,10.7694],[122.4568,10.7704],[122.4594,10.7719],[122.4767,10.7684],[122.4882,10.7574],[122.4986,10.7571],[122.511,10.7486],[122.5163,10.7363],[122.5182,10.7251],[122.5212,10.7221],[122.5235,10.716],[122.5235,10.7129],[122.5173,10.7062],[122.5172,10.704],[122.5145,10.7035],[122.5157,10.7003],[122.5136,10.7006],[122.5139,10.6984],[122.5113,10.6982],[122.5133,10.6973],[122.5113,10.6955],[122.5127,10.6926],[122.5109,10.6917],[122.5075,10.6947],[122.4984,10.6955],[122.4944,10.6818],[122.484,10.6868]]]]},"properties":{"ADM3_EN":"Oton","name":"Oton","ADM3_PCODE":"PH63034000","psgc_code":"63034000","ADM2_EN":"Iloilo","ADM2_PCODE":"PH6303","ADM1_EN":"Region VI (Western Visayas)","ADM1_PCODE":"PH06","ADM0_EN":"Philippines (the)","ADM0_PCODE":"PH","region_key":"panay_guimaras","province_key":"iloilo","type":"Municipality"}},{"type":"Feature","geometry":{"type":"MultiPolygon","coordinates":[[[[122.6134,11.0931],[122.605,11.0953],[122.5997,11.0914],[122.5939,11.0925],[122.5842,11.0906],[122.5787,11.0953],[122.5862,11.1017],[122.5918,11.1127],[122.5857,11.1151],[122.585,11.1225],[122.5876,11.1408],[122.5873,11.1517],[122.5916,11.1541],[122.5911,11.1614],[122.589,11.1621],[122.5902,11.1685],[122.5886,11.1735],[122.5858,11.1732],[122.5859,11.1764],[122.5818,11.1786],[122.5799,11.1903],[122.586,11.2067],[122.6073,11.236],[122.6329,11.2666],[122.6385,11.2673],[122.6435,11.2646],[122.6497,11.2641],[122.6445,11.2556],[122.6269,11.2357],[122.6349,11.2303],[122.6517,11.2118],[122.663,11.2094],[122.6857,11.2153],[122.7035,11.2116],[122.7269,11.2272],[122.7638,11.2282],[122.7782,11.2266],[122.7829,11.2211],[122.7856,11.209],[122.7851,11.2001],[122.7797,11.1838],[122.7822,11.1819],[122.7869,11.1821],[122.7816,11.1572],[122.7622,11.1575],[122.7521,11.1541],[122.7428,11.146],[122.7321,11.1447],[122.7166,11.1386],[122.7072,11.139],[122.7025,11.1337],[122.6984,11.1246],[122.6962,11.1242],[122.6987,11.121],[122.6968,11.1183],[122.6986,11.1168],[122.6931,11.1149],[122.6952,11.111],[122.6888,11.1102],[122.6877,11.1119],[122.6861,11.1081],[122.6811,11.1119],[122.6787,11.1105],[122.6784,11.1072],[122.6765,11.1066],[122.6777,11.1055],[122.6767,11.1027],[122.673,11.1037],[122.6726,11.1018],[122.6682,11.1034],[122.6668,11.1023],[122.6668,11.0993],[122.662,11.0994],[122.6629,11.0961],[122.6592,11.095],[122.6584,11.0912],[122.6581,11.0954],[122.6563,11.0966],[122.6546,11.102],[122.6523,11.1032],[122.6471,11.0974],[122.6506,11.0951],[122.6506,11.0904],[122.6443,11.0911],[122.6416,11.0871],[122.6444,11.0846],[122.6455,11.0801],[122.6534,11.0765],[122.6509,11.0714],[122.6333,11.0782],[122.6294,11.0845],[122.6268,11.0861],[122.623,11.0846],[122.6178,11.0914],[122.6134,11.0931]]]]},"properties":{"ADM3_EN":"Passi City","name":"Passi City","ADM3_PCODE":"PH63035000","psgc_code":"63035000","ADM2_EN":"Iloilo","ADM2_PCODE":"PH6303","ADM1_EN":"Region VI (Western Visayas)","ADM1_PCODE":"PH06","ADM0_EN":"Philippines (the)","ADM0_PCODE":"PH","region_key":"panay_guimaras","province_key":"iloilo","type":"City"}},{"type":"Feature","geometry":{"type":"MultiPolygon","coordinates":[[[[122.5134,10.7418],[122.511,10.7486],[122.5033,10.7535],[122.5034,10.7567],[122.5102,10.7642],[122.5253,10.7891],[122.5328,10.7958],[122.5348,10.7971],[122.5411,10.7966],[122.559,10.7921],[122.5713,10.7836],[122.5641,10.7633],[122.5511,10.7643],[122.543,10.7589],[122.5439,10.7544],[122.5421,10.75],[122.5385,10.748],[122.5365,10.7345],[122.5218,10.7369],[122.518,10.7416],[122.5144,10.7398],[122.5134,10.7418]]]]},"properties":{"ADM3_EN":"Pavia","name":"Pavia","ADM3_PCODE":"PH63036000","psgc_code":"63036000","ADM2_EN":"Iloilo","ADM2_PCODE":"PH6303","ADM1_EN":"Region VI (Western Visayas)","ADM1_PCODE":"PH06","ADM0_EN":"Philippines (the)","ADM0_PCODE":"PH","region_key":"panay_guimaras","province_key":"iloilo","type":"Municipality"}},{"type":"Feature","geometry":{"type":"MultiPolygon","coordinates":[[[[122.6788,10.9223],[122.6885,10.9239],[122.6909,10.922],[122.6908,10.9179],[122.6878,10.9147],[122.685,10.905],[122.6808,10.9085],[122.6762,10.9043],[122.6707,10.9042],[122.6654,10.8968],[122.6656,10.8917],[122.6618,10.8829],[122.6621,10.878],[122.657,10.876],[122.6546,10.8714],[122.6536,10.861],[122.6548,10.8528],[122.6523,10.8502],[122.6505,10.8492],[122.6454,10.8552],[122.6106,10.8742],[122.6082,10.8765],[122.6091,10.8882],[122.6139,10.8959],[122.6108,10.9018],[122.6053,10.9077],[122.6188,10.9134],[122.6206,10.9184],[122.6166,10.924],[122.6098,10.9286],[122.6101,10.9307],[122.6045,10.9286],[122.5956,10.9346],[122.598,10.9439],[122.6003,10.9444],[122.6005,10.9479],[122.6025,10.9498],[122.6004,10.9524],[122.6054,10.9551],[122.6075,10.9612],[122.5968,10.9634],[122.5837,10.9608],[122.5856,10.9669],[122.5888,10.9694],[122.5848,10.9704],[122.5843,10.9785],[122.5895,10.9787],[122.5906,10.9828],[122.5869,10.9877],[122.5931,10.9977],[122.6103,11.0018],[122.6197,10.9914],[122.6263,10.9928],[122.6277,10.9976],[122.6335,10.9935],[122.6379,10.9959],[122.6391,10.9931],[122.6447,10.9888],[122.6424,10.9841],[122.6465,10.983],[122.6446,10.9777],[122.6451,10.9714],[122.6481,10.9703],[122.6483,10.9677],[122.6535,10.9673],[122.6527,10.9628],[122.6556,10.9607],[122.6529,10.9556],[122.6545,10.9519],[122.6595,10.9498],[122.6589,10.9488],[122.6617,10.9458],[122.6635,10.9491],[122.6651,10.9491],[122.6663,10.9449],[122.6676,10.9494],[122.6695,10.951],[122.6717,10.9515],[122.6739,10.9498],[122.6722,10.9385],[122.6728,10.937],[122.6761,10.9367],[122.6715,10.9268],[122.6731,10.9246],[122.6788,10.9223]]]]},"properties":{"ADM3_EN":"Pototan","name":"Pototan","ADM3_PCODE":"PH63037000","psgc_code":"63037000","ADM2_EN":"Iloilo","ADM2_PCODE":"PH6303","ADM1_EN":"Region VI (Western Visayas)","ADM1_PCODE":"PH06","ADM0_EN":"Philippines (the)","ADM0_PCODE":"PH","region_key":"panay_guimaras","province_key":"iloilo","type":"Municipality"}},{"type":"Feature","geometry":{"type":"MultiPolygon","coordinates":[[[[123.0972,11.2797],[123.095,11.2747],[123.1006,11.2675],[123.0967,11.2658],[123.0956,11.2625],[123.0994,11.2503],[123.0966,11.2477],[123.072,11.255],[123.0572,11.2622],[123.054,11.279],[123.0374,11.2841],[123.0374,11.3464],[123.0409,11.36],[123.0367,11.3874],[123.0512,11.3784],[123.0667,11.3832],[123.0778,11.384],[123.0903,11.3799],[123.1115,11.3788],[123.1312,11.3755],[123.1478,11.3773],[123.1443,11.3686],[123.1403,11.3636],[123.1372,11.3619],[123.1286,11.3628],[123.1267,11.3611],[123.1281,11.3556],[123.1336,11.3492],[123.1325,11.3419],[123.1278,11.3392],[123.122,11.3392],[123.1197,11.3375],[123.1164,11.3378],[123.1125,11.3422],[123.1089,11.3428],[123.1025,11.3378],[123.0997,11.3283],[123.1033,11.3206],[123.1078,11.3175],[123.1072,11.3025],[123.1089,11.2972],[123.1066,11.2905],[123.1,11.285],[123.1,11.2811],[123.0972,11.2797]]],[[[123.1025,11.2678],[123.1039,11.2692],[123.1056,11.2681],[123.1036,11.267],[123.1025,11.2678]]],[[[123.1061,11.2739],[123.1075,11.2739],[123.1075,11.2722],[123.1056,11.2725],[123.1061,11.2739]]],[[[123.1492,11.3057],[123.1484,11.3079],[123.1517,11.3095],[123.1513,11.3056],[123.1492,11.3057]]]]},"properties":{"ADM3_EN":"San Dionisio","name":"San Dionisio","ADM3_PCODE":"PH63038000","psgc_code":"63038000","ADM2_EN":"Iloilo","ADM2_PCODE":"PH6303","ADM1_EN":"Region VI (Western Visayas)","ADM1_PCODE":"PH06","ADM0_EN":"Philippines (the)","ADM0_PCODE":"PH","region_key":"panay_guimaras","province_key":"iloilo","type":"Municipality"}},{"type":"Feature","geometry":{"type":"MultiPolygon","coordinates":[[[[122.6314,11.0446],[122.634,11.0445],[122.6381,11.047],[122.6383,11.0505],[122.6411,11.052],[122.6424,11.0472],[122.646,11.0449],[122.6458,11.0486],[122.6484,11.0523],[122.6462,11.0578],[122.6544,11.0589],[122.653,11.0616],[122.6573,11.0655],[122.657,11.0688],[122.6509,11.0714],[122.6534,11.0765],[122.6455,11.0801],[122.6444,11.0846],[122.6416,11.0871],[122.6443,11.0911],[122.6506,11.0904],[122.6506,11.0951],[122.6471,11.0974],[122.651,11.1021],[122.6534,11.1029],[122.6581,11.0954],[122.6584,11.0912],[122.6592,11.095],[122.6629,11.0961],[122.662,11.0994],[122.6668,11.0993],[122.6668,11.1023],[122.6682,11.1034],[122.6726,11.1018],[122.673,11.1037],[122.6767,11.1027],[122.6777,11.1055],[122.6765,11.1066],[122.6784,11.1072],[122.6787,11.1105],[122.6811,11.1119],[122.6861,11.1081],[122.6877,11.1119],[122.6888,11.1102],[122.6946,11.1106],[122.6957,11.1123],[122.6932,11.1131],[122.6931,11.1149],[122.6986,11.1168],[122.6968,11.1183],[122.6987,11.121],[122.6962,11.1242],[122.6984,11.1246],[122.7025,11.1337],[122.7072,11.139],[122.7166,11.1386],[122.7321,11.1447],[122.7428,11.146],[122.7521,11.1541],[122.7622,11.1575],[122.7816,11.1572],[122.7939,11.1441],[122.7939,11.1314],[122.7686,11.113],[122.7603,11.1017],[122.7351,11.0763],[122.7219,11.0767],[122.7119,11.0707],[122.7015,11.0696],[122.688,11.0648],[122.6635,11.0453],[122.6283,11.0418],[122.6314,11.0446]]]]},"properties":{"ADM3_EN":"San Enrique","name":"San Enrique","ADM3_PCODE":"PH63039000","psgc_code":"63039000","ADM2_EN":"Iloilo","ADM2_PCODE":"PH6303","ADM1_EN":"Region VI (Western Visayas)","ADM1_PCODE":"PH06","ADM0_EN":"Philippines (the)","ADM0_PCODE":"PH","region_key":"panay_guimaras","province_key":"iloilo","type":"Municipality"}},{"type":"Feature","geometry":{"type":"MultiPolygon","coordinates":[[[[122.0179,10.5004],[122.0158,10.5019],[122.0146,10.511],[122.0163,10.5176],[122.0168,10.5393],[122.0187,10.5497],[122.0174,10.5505],[122.0223,10.5567],[122.0216,10.5744],[122.0242,10.5803],[122.0245,10.5862],[122.0356,10.6093],[122.0326,10.6209],[122.0338,10.624],[122.0458,10.6322],[122.0464,10.639],[122.0497,10.6425],[122.0505,10.6472],[122.0588,10.6565],[122.0645,10.6752],[122.0702,10.6783],[122.0736,10.6902],[122.0784,10.6933],[122.0838,10.701],[122.0937,10.7006],[122.1262,10.6708],[122.1382,10.6636],[122.1434,10.6576],[122.1425,10.6524],[122.1436,10.6452],[122.146,10.6448],[122.1482,10.639],[122.1498,10.6328],[122.1489,10.628],[122.1551,10.6218],[122.1663,10.6168],[122.1697,10.6087],[122.1669,10.6031],[122.1622,10.6008],[122.1594,10.5975],[122.1456,10.5914],[122.1429,10.5843],[122.13,10.5864],[122.1142,10.5822],[122.1064,10.5835],[122.0952,10.5744],[122.0923,10.5696],[122.0906,10.5617],[122.0875,10.5599],[122.0846,10.5528],[122.0796,10.549],[122.0772,10.5353],[122.0748,10.5318],[122.0776,10.5254],[122.0655,10.5191],[122.0606,10.5093],[122.0613,10.5007],[122.0553,10.4963],[122.0505,10.4869],[122.0395,10.4833],[122.0377,10.4806],[122.034,10.479],[122.0301,10.4671],[122.0222,10.4687],[122.0139,10.4744],[122.0111,10.494],[122.0179,10.5004]]]]},"properties":{"ADM3_EN":"San Joaquin","name":"San Joaquin","ADM3_PCODE":"PH63040000","psgc_code":"63040000","ADM2_EN":"Iloilo","ADM2_PCODE":"PH6304","ADM1_EN":"Region VI (Western Visayas)","ADM1_PCODE":"PH06","ADM0_EN":"Philippines (the)","ADM0_PCODE":"PH","region_key":"panay_guimaras","province_key":"iloilo","type":"Municipality"}},{"type":"Feature","geometry":{"type":"MultiPolygon","coordinates":[[[[122.4215,10.7553],[122.4206,10.7588],[122.4149,10.7643],[122.415,10.7662],[122.4215,10.771],[122.4244,10.7757],[122.4266,10.7712],[122.447,10.786],[122.4708,10.8134],[122.4738,10.8212],[122.4977,10.8174],[122.494,10.785],[122.4988,10.7714],[122.5081,10.7626],[122.5034,10.7567],[122.5032,10.7541],[122.4971,10.7576],[122.4882,10.7574],[122.4767,10.7684],[122.4594,10.7719],[122.4568,10.7704],[122.4349,10.7694],[122.421,10.7534],[122.4215,10.7553]]]]},"properties":{"ADM3_EN":"San Miguel","name":"San Miguel","ADM3_PCODE":"PH63041000","psgc_code":"63041000","ADM2_EN":"Iloilo","ADM2_PCODE":"PH6304","ADM1_EN":"Region VI (Western Visayas)","ADM1_PCODE":"PH06","ADM0_EN":"Philippines (the)","ADM0_PCODE":"PH","region_key":"panay_guimaras","province_key":"iloilo","type":"Municipality"}},{"type":"Feature","geometry":{"type":"MultiPolygon","coordinates":[[[[122.7939,11.1314],[122.7939,11.1441],[122.7816,11.1572],[122.7869,11.1821],[122.8008,11.1826],[122.8054,11.1884],[122.8511,11.1918],[122.8677,11.1805],[122.871,11.1813],[122.8788,11.1747],[122.8914,11.1685],[122.8883,11.1561],[122.8878,11.1351],[122.8715,11.124],[122.8618,11.1432],[122.8483,11.1346],[122.8395,11.135],[122.8054,11.1156],[122.7603,11.1017],[122.7686,11.113],[122.7939,11.1314]]]]},"properties":{"ADM3_EN":"San Rafael","name":"San Rafael","ADM3_PCODE":"PH63042000","psgc_code":"63042000","ADM2_EN":"Iloilo","ADM2_PCODE":"PH6304","ADM1_EN":"Region VI (Western Visayas)","ADM1_PCODE":"PH06","ADM0_EN":"Philippines (the)","ADM0_PCODE":"PH","region_key":"panay_guimaras","province_key":"iloilo","type":"Municipality"}},{"type":"Feature","geometry":{"type":"MultiPolygon","coordinates":[[[[122.494,10.785],[122.4977,10.8174],[122.5038,10.8233],[122.5166,10.8436],[122.5264,10.8672],[122.536,10.8754],[122.5457,10.868],[122.5577,10.8633],[122.571,10.851],[122.5808,10.8386],[122.5929,10.8395],[122.6017,10.8358],[122.6018,10.8337],[122.598,10.831],[122.6004,10.8289],[122.5974,10.8265],[122.6003,10.8257],[122.5986,10.8235],[122.6021,10.8222],[122.6,10.8197],[122.6056,10.8208],[122.6052,10.8177],[122.6021,10.8177],[122.5964,10.8129],[122.5827,10.8133],[122.5755,10.8077],[122.56,10.8049],[122.559,10.7921],[122.5348,10.7971],[122.5253,10.7891],[122.5081,10.7626],[122.4988,10.7714],[122.494,10.785]]]]},"properties":{"ADM3_EN":"Santa Barbara","name":"Santa Barbara","ADM3_PCODE":"PH63043000","psgc_code":"63043000","ADM2_EN":"Iloilo","ADM2_PCODE":"PH6304","ADM1_EN":"Region VI (Western Visayas)","ADM1_PCODE":"PH06","ADM0_EN":"Philippines (the)","ADM0_PCODE":"PH","region_key":"panay_guimaras","province_key":"iloilo","type":"Municipality"}},{"type":"Feature","geometry":{"type":"MultiPolygon","coordinates":[[[[123.0583,11.1995],[123.0539,11.2019],[123.0477,11.2007],[123.0465,11.204],[123.0494,11.2111],[123.0459,11.2183],[123.0416,11.2174],[123.0338,11.2228],[123.0293,11.2216],[123.0259,11.2184],[123.019,11.2172],[123.0145,11.2207],[123.0058,11.2197],[123.0025,11.2227],[123.0018,11.221],[122.9962,11.2205],[122.9936,11.218],[122.9936,11.2148],[122.9866,11.2137],[122.976,11.2083],[122.9667,11.2116],[122.9673,11.2459],[122.9578,11.2672],[122.9506,11.2729],[122.9439,11.2757],[122.9488,11.2848],[122.948,11.2861],[122.9531,11.2938],[122.9496,11.3035],[122.9476,11.3043],[122.9473,11.3092],[122.9443,11.3105],[122.9341,11.3303],[122.9333,11.3378],[122.935,11.3473],[122.9331,11.3493],[122.936,11.3533],[122.9351,11.3572],[122.9498,11.3692],[122.9815,11.3835],[122.9878,11.3816],[122.9903,11.3828],[123.0157,11.3806],[123.0367,11.3874],[123.0409,11.36],[123.0374,11.3464],[123.0374,11.2841],[123.054,11.279],[123.0602,11.2546],[123.061,11.2499],[123.0588,11.2288],[123.0565,11.2264],[123.0536,11.218],[123.0545,11.2101],[123.0567,11.2057],[123.0642,11.2005],[123.0639,11.1936],[123.0583,11.1995]]]]},"properties":{"ADM3_EN":"Sara","name":"Sara","ADM3_PCODE":"PH63044000","psgc_code":"63044000","ADM2_EN":"Iloilo","ADM2_PCODE":"PH6304","ADM1_EN":"Region VI (Western Visayas)","ADM1_PCODE":"PH06","ADM0_EN":"Philippines (the)","ADM0_PCODE":"PH","region_key":"panay_guimaras","province_key":"iloilo","type":"Municipality"}},{"type":"Feature","geometry":{"type":"MultiPolygon","coordinates":[[[[122.3723,10.6721],[122.3708,10.6728],[122.3712,10.6697],[122.3482,10.6703],[122.3442,10.6761],[122.3448,10.6794],[122.3353,10.6853],[122.3321,10.691],[122.3312,10.7001],[122.3333,10.7055],[122.3306,10.715],[122.3282,10.7171],[122.3271,10.721],[122.336,10.7313],[122.3413,10.7488],[122.3421,10.7566],[122.3403,10.7658],[122.3659,10.7631],[122.3745,10.754],[122.3891,10.7528],[122.3949,10.7469],[122.4086,10.7545],[122.4133,10.7545],[122.4206,10.7588],[122.421,10.7534],[122.4231,10.7521],[122.4223,10.75],[122.4239,10.7486],[122.4253,10.7501],[122.4269,10.7455],[122.425,10.7397],[122.4259,10.7365],[122.422,10.7326],[122.4231,10.7296],[122.4257,10.731],[122.4273,10.7285],[122.4222,10.7125],[122.4226,10.6983],[122.4199,10.6905],[122.4236,10.685],[122.423,10.683],[122.4211,10.68],[122.4111,10.6775],[122.395,10.6703],[122.3768,10.6684],[122.3723,10.6721]]]]},"properties":{"ADM3_EN":"Tigbauan","name":"Tigbauan","ADM3_PCODE":"PH63045000","psgc_code":"63045000","ADM2_EN":"Iloilo","ADM2_PCODE":"PH6304","ADM1_EN":"Region VI (Western Visayas)","ADM1_PCODE":"PH06","ADM0_EN":"Philippines (the)","ADM0_PCODE":"PH","region_key":"panay_guimaras","province_key":"iloilo","type":"Municipality"}},{"type":"Feature","geometry":{"type":"MultiPolygon","coordinates":[[[[122.3109,10.7369],[122.3112,10.7387],[122.3063,10.7445],[122.3053,10.7516],[122.2997,10.7493],[122.2996,10.7467],[122.2901,10.7516],[122.2906,10.7597],[122.2881,10.7666],[122.2819,10.7689],[122.2768,10.7768],[122.2712,10.7816],[122.2679,10.7821],[122.2654,10.7892],[122.2511,10.7986],[122.2538,10.8113],[122.2435,10.8196],[122.2009,10.8342],[122.2263,10.8517],[122.2903,10.8395],[122.2959,10.8366],[122.2965,10.8346],[122.3042,10.8349],[122.3131,10.8295],[122.3154,10.8246],[122.3185,10.8232],[122.3186,10.8177],[122.3228,10.812],[122.3215,10.8041],[122.3233,10.7976],[122.3261,10.7924],[122.3309,10.7882],[122.3359,10.7781],[122.3391,10.776],[122.3421,10.7566],[122.3413,10.7488],[122.336,10.7313],[122.3309,10.7243],[122.3181,10.7352],[122.3109,10.7369]]]]},"properties":{"ADM3_EN":"Tubungan","name":"Tubungan","ADM3_PCODE":"PH63046000","psgc_code":"63046000","ADM2_EN":"Iloilo","ADM2_PCODE":"PH6304","ADM1_EN":"Region VI (Western Visayas)","ADM1_PCODE":"PH06","ADM0_EN":"Philippines (the)","ADM0_PCODE":"PH","region_key":"panay_guimaras","province_key":"iloilo","type":"Municipality"}},{"type":"Feature","geometry":{"type":"MultiPolygon","coordinates":[[[[122.6589,10.7978],[122.6635,10.7822],[122.6603,10.7792],[122.6564,10.7836],[122.6531,10.7842],[122.65,10.7808],[122.6481,10.775],[122.6453,10.7733],[122.6438,10.7793],[122.6454,10.7857],[122.6446,10.7909],[122.6343,10.7924],[122.6316,10.7943],[122.6296,10.8004],[122.6267,10.7969],[122.6228,10.7971],[122.6213,10.7997],[122.6176,10.798],[122.6202,10.8018],[122.6186,10.8048],[122.6217,10.8071],[122.6215,10.8092],[122.6187,10.8064],[122.614,10.8051],[122.6147,10.8101],[122.6099,10.8058],[122.6077,10.8062],[122.6133,10.8129],[122.6087,10.8154],[122.6061,10.8131],[122.6039,10.8173],[122.6052,10.8177],[122.6056,10.8208],[122.6,10.8197],[122.6021,10.8222],[122.5986,10.8235],[122.6003,10.8257],[122.5974,10.8272],[122.6004,10.8289],[122.598,10.831],[122.6018,10.8337],[122.6028,10.8372],[122.6062,10.839],[122.6009,10.8574],[122.6049,10.8602],[122.61,10.8588],[122.6112,10.8632],[122.6063,10.8683],[122.6106,10.8742],[122.648,10.8535],[122.6505,10.8492],[122.6491,10.8475],[122.655,10.8433],[122.6541,10.8404],[122.65,10.8416],[122.6491,10.8405],[122.6506,10.8342],[122.6398,10.8304],[122.6412,10.8219],[122.6403,10.8189],[122.6475,10.8171],[122.6473,10.8141],[122.6414,10.8086],[122.6421,10.806],[122.6548,10.8056],[122.6589,10.7978]]]]},"properties":{"ADM3_EN":"Zarraga","name":"Zarraga","ADM3_PCODE":"PH63047000","psgc_code":"63047000","ADM2_EN":"Iloilo","ADM2_PCODE":"PH6304","ADM1_EN":"Region VI (Western Visayas)","ADM1_PCODE":"PH06","ADM0_EN":"Philippines (the)","ADM0_PCODE":"PH","region_key":"panay_guimaras","province_key":"iloilo","type":"Municipality"}},{"type":"Feature","geometry":{"type":"MultiPolygon","coordinates":[[[[122.8993,10.5989],[122.9095,10.6024],[122.9178,10.6094],[122.9189,10.6191],[122.9233,10.6243],[122.9229,10.6267],[122.9261,10.6333],[122.9253,10.6353],[122.9231,10.6336],[122.9222,10.6353],[122.9242,10.6372],[122.9227,10.641],[122.9274,10.6537],[122.927,10.6563],[122.9348,10.6653],[122.932,10.6674],[122.9326,10.6688],[122.9392,10.6708],[122.9408,10.6744],[122.9395,10.6761],[122.943,10.6811],[122.9366,10.6834],[122.9348,10.6859],[122.9411,10.6856],[122.9483,10.6812],[122.9502,10.6833],[122.9511,10.697],[122.9478,10.7041],[122.9488,10.716],[122.9461,10.7214],[122.9991,10.7077],[123.0015,10.7061],[123.0007,10.7013],[123.0026,10.7001],[123.0023,10.6976],[123.0066,10.69],[123.0126,10.687],[123.0241,10.685],[123.0376,10.6868],[123.0397,10.6851],[123.0449,10.688],[123.0579,10.6853],[123.0759,10.6747],[123.0959,10.6711],[123.1136,10.6607],[123.0719,10.6525],[123.0471,10.6373],[123.02,10.6404],[123.0166,10.6269],[122.9849,10.5886],[122.9489,10.5902],[122.9317,10.5962],[122.9075,10.5985],[122.8996,10.597],[122.8979,10.5977],[122.8993,10.5989]]]]},"properties":{"ADM3_EN":"Bacolod City","name":"Bacolod City","ADM3_PCODE":"PH64501000","psgc_code":"64501000","ADM2_EN":"Negros Occidental","ADM2_PCODE":"PH6450","ADM1_EN":"Region VI (Western Visayas)","ADM1_PCODE":"PH06","ADM0_EN":"Philippines (the)","ADM0_PCODE":"PH","region_key":"panay_guimaras","province_key":"negros_occidental","type":"City"}},{"type":"Feature","geometry":{"type":"MultiPolygon","coordinates":[[[[123.0626,10.4361],[123.0612,10.4238],[123.0472,10.4214],[123.0407,10.4232],[123.0366,10.4257],[123.0358,10.4281],[122.9976,10.4403],[122.9921,10.4373],[122.9844,10.4406],[122.9674,10.4426],[122.9596,10.4459],[122.9553,10.4442],[122.944,10.4475],[122.9408,10.4457],[122.9323,10.4572],[122.9322,10.4607],[122.9042,10.4634],[122.9042,10.462],[122.8989,10.4599],[122.8986,10.4513],[122.8704,10.4738],[122.8684,10.4739],[122.8643,10.4785],[122.8586,10.4811],[122.8478,10.495],[122.8308,10.5106],[122.836,10.5204],[122.8451,10.5138],[122.8361,10.5225],[122.8323,10.5314],[122.8311,10.5517],[122.8353,10.5533],[122.8417,10.5492],[122.8509,10.5481],[122.8667,10.5531],[122.8708,10.5572],[122.873,10.5622],[122.8803,10.5647],[122.8827,10.5674],[122.8839,10.5717],[122.8825,10.5736],[122.8822,10.5811],[122.8878,10.5828],[122.8983,10.5897],[122.8999,10.592],[122.8978,10.5947],[122.8979,10.5977],[122.9027,10.5983],[122.9317,10.5962],[122.9489,10.5902],[122.9849,10.5886],[122.9784,10.5478],[122.9814,10.5457],[122.99,10.5458],[122.9999,10.5484],[123.0087,10.5464],[123.0166,10.5402],[123.0203,10.5418],[123.0262,10.5412],[123.0274,10.5419],[123.0268,10.5454],[123.0317,10.5495],[123.0356,10.5495],[123.0361,10.5535],[123.0394,10.5568],[123.0406,10.551],[123.0493,10.5516],[123.0545,10.5544],[123.057,10.5541],[123.0614,10.5606],[123.0616,10.5636],[123.0633,10.5647],[123.0669,10.5632],[123.0754,10.5556],[123.0755,10.5522],[123.0819,10.5429],[123.0869,10.54],[123.0912,10.5266],[123.0897,10.5176],[123.0857,10.5104],[123.0882,10.5052],[123.0866,10.4862],[123.083,10.4801],[123.0821,10.4706],[123.079,10.4711],[123.0808,10.467],[123.0792,10.464],[123.0788,10.4561],[123.0751,10.4554],[123.0748,10.4536],[123.0671,10.4548],[123.0629,10.4442],[123.0626,10.4361]]]]},"properties":{"ADM3_EN":"Bago City","name":"Bago City","ADM3_PCODE":"PH64502000","psgc_code":"64502000","ADM2_EN":"Negros Occidental","ADM2_PCODE":"PH6450","ADM1_EN":"Region VI (Western Visayas)","ADM1_PCODE":"PH06","ADM0_EN":"Philippines (the)","ADM0_PCODE":"PH","region_key":"panay_guimaras","province_key":"negros_occidental","type":"City"}},{"type":"Feature","geometry":{"type":"MultiPolygon","coordinates":[[[[123.0525,10.0599],[123.0206,10.0106],[122.9827,10.0935],[122.9831,10.1012],[122.9817,10.1066],[122.9717,10.1116],[122.9722,10.115],[122.9708,10.1159],[122.9633,10.1173],[122.9615,10.1189],[122.962,10.1237],[122.9592,10.1288],[122.949,10.1336],[122.9476,10.1413],[122.9504,10.1449],[122.945,10.1611],[122.933,10.1627],[122.9287,10.1809],[122.9253,10.1859],[122.9238,10.1929],[122.9203,10.1962],[122.918,10.2017],[122.913,10.2016],[122.9093,10.1974],[122.9066,10.1975],[122.9038,10.1945],[122.8969,10.195],[122.8801,10.1908],[122.871,10.192],[122.869,10.1904],[122.8695,10.1855],[122.8681,10.1834],[122.8644,10.1849],[122.8622,10.1834],[122.8632,10.1755],[122.8546,10.1729],[122.8503,10.1811],[122.8418,10.2103],[122.8436,10.2136],[122.8416,10.2165],[122.8406,10.2267],[122.8472,10.2281],[122.8452,10.2326],[122.8431,10.2325],[122.8427,10.2296],[122.8408,10.2304],[122.8461,10.2497],[122.8453,10.251],[122.8524,10.2467],[122.8547,10.2432],[122.8497,10.2399],[122.8537,10.2333],[122.8547,10.2274],[122.8633,10.2278],[122.8756,10.2202],[122.8799,10.2206],[122.8812,10.2194],[122.881,10.215],[122.8851,10.2125],[122.8871,10.2076],[122.8964,10.2081],[122.9003,10.206],[122.9041,10.211],[122.9118,10.2096],[122.916,10.2109],[122.9244,10.2063],[122.9221,10.2031],[122.9237,10.2022],[122.9274,10.21],[122.9321,10.2125],[122.9317,10.2104],[122.9346,10.206],[122.9357,10.2076],[122.9387,10.2053],[122.9469,10.2083],[122.9485,10.2052],[122.951,10.2049],[122.9527,10.2026],[122.9541,10.2023],[122.9555,10.2052],[122.9595,10.2034],[122.9597,10.2013],[122.9637,10.1997],[122.9618,10.1986],[122.9621,10.1963],[122.9645,10.1927],[122.9615,10.1917],[122.9616,10.1904],[122.9652,10.1901],[122.9655,10.1873],[122.967,10.1876],[122.9684,10.1848],[122.9642,10.1803],[122.9643,10.176],[122.9663,10.1758],[122.9864,10.1512],[122.9991,10.1505],[123.0263,10.1552],[123.1141,10.1641],[123.0756,10.0962],[123.0525,10.0599]]]]},"properties":{"ADM3_EN":"Binalbagan","name":"Binalbagan","ADM3_PCODE":"PH64503000","psgc_code":"64503000","ADM2_EN":"Negros Occidental","ADM2_PCODE":"PH6450","ADM1_EN":"Region VI (Western Visayas)","ADM1_PCODE":"PH06","ADM0_EN":"Philippines (the)","ADM0_PCODE":"PH","region_key":"panay_guimaras","province_key":"negros_occidental","type":"Municipality"}},{"type":"Feature","geometry":{"type":"MultiPolygon","coordinates":[[[[123.3145,10.9531],[123.3167,10.9497],[123.3192,10.949],[123.3327,10.9541],[123.3483,10.95],[123.3567,10.9534],[123.3581,10.9569],[123.3667,10.9577],[123.3699,10.9596],[123.3733,10.9575],[123.3649,10.9464],[123.3596,10.9251],[123.3377,10.8743],[123.3444,10.8731],[123.3433,10.8711],[123.348,10.869],[123.3487,10.8673],[123.3458,10.8644],[123.3451,10.8605],[123.3416,10.8601],[123.3325,10.8308],[123.3154,10.7851],[123.2973,10.7421],[123.2541,10.6594],[123.2009,10.6996],[123.182,10.8094],[123.1816,10.8208],[123.1749,10.8364],[123.1751,10.8437],[123.1784,10.8525],[123.1731,10.8648],[123.1766,10.8681],[123.1746,10.8755],[123.1747,10.8924],[123.1733,10.8963],[123.1741,10.9795],[123.1783,10.9856],[123.1797,10.994],[123.185,10.9933],[123.1883,11.0006],[123.195,11.0036],[123.2055,10.9982],[123.2132,10.9983],[123.2247,10.9944],[123.2364,10.9946],[123.2386,10.9964],[123.2461,10.9978],[123.2487,10.9917],[123.2395,10.9902],[123.2387,10.9872],[123.2405,10.987],[123.2393,10.9889],[123.2412,10.9899],[123.2582,10.9886],[123.2614,10.9872],[123.2623,10.9825],[123.2686,10.9796],[123.2671,10.9819],[123.2628,10.9831],[123.2623,10.985],[123.2628,10.9863],[123.2673,10.9855],[123.2716,10.9792],[123.2814,10.9722],[123.2952,10.9663],[123.2978,10.9619],[123.3003,10.9627],[123.3144,10.9572],[123.3205,10.9515],[123.3182,10.9502],[123.3145,10.9531]]],[[[123.2,11.0431],[123.2053,11.0419],[123.2058,11.0414],[123.2003,11.0403],[123.1978,11.0439],[123.2,11.0431]]]]},"properties":{"ADM3_EN":"Cadiz City","name":"Cadiz City","ADM3_PCODE":"PH64504000","psgc_code":"64504000","ADM2_EN":"Negros Occidental","ADM2_PCODE":"PH6450","ADM1_EN":"Region VI (Western Visayas)","ADM1_PCODE":"PH06","ADM0_EN":"Philippines (the)","ADM0_PCODE":"PH","region_key":"panay_guimaras","province_key":"negros_occidental","type":"City"}},{"type":"Feature","geometry":{"type":"MultiPolygon","coordinates":[[[[123.4593,10.528],[123.4611,10.5267],[123.4633,10.5275],[123.4647,10.5225],[123.4622,10.5208],[123.4583,10.5211],[123.4553,10.5172],[123.4509,10.5149],[123.4487,10.51],[123.449,10.504],[123.4447,10.4981],[123.4411,10.4986],[123.4377,10.5025],[123.4394,10.5107],[123.4387,10.5153],[123.4404,10.5161],[123.4396,10.5181],[123.4371,10.5182],[123.4386,10.5239],[123.4366,10.5237],[123.4347,10.5268],[123.4369,10.5281],[123.4322,10.5356],[123.434,10.5367],[123.4323,10.54],[123.4305,10.5391],[123.4295,10.5409],[123.427,10.5506],[123.4238,10.5496],[123.4195,10.556],[123.4199,10.562],[123.4176,10.5627],[123.4173,10.5652],[123.4093,10.5668],[123.4103,10.569],[123.4047,10.5713],[123.4034,10.5746],[123.3993,10.5731],[123.3932,10.5756],[123.3881,10.5747],[123.39,10.5511],[123.3455,10.5481],[123.3474,10.5835],[123.3457,10.6153],[123.311,10.6312],[123.2379,10.6372],[123.2541,10.6594],[123.3296,10.7245],[123.3626,10.714],[123.4529,10.6922],[123.5037,10.6777],[123.4997,10.6544],[123.4936,10.6372],[123.4946,10.6249],[123.4903,10.6186],[123.4929,10.6128],[123.4856,10.602],[123.4889,10.5969],[123.4836,10.5894],[123.4797,10.5881],[123.475,10.5683],[123.4699,10.5639],[123.4699,10.5557],[123.4733,10.5505],[123.4724,10.5448],[123.467,10.5438],[123.4633,10.545],[123.4619,10.5406],[123.4589,10.5392],[123.4583,10.535],[123.4622,10.535],[123.4631,10.5336],[123.4593,10.528]]],[[[123.4729,10.5325],[123.4699,10.5326],[123.4684,10.536],[123.4712,10.5385],[123.4739,10.5372],[123.4736,10.5403],[123.4747,10.5346],[123.4729,10.5325]]]]},"properties":{"ADM3_EN":"Calatrava","name":"Calatrava","ADM3_PCODE":"PH64505000","psgc_code":"64505000","ADM2_EN":"Negros Occidental","ADM2_PCODE":"PH6450","ADM1_EN":"Region VI (Western Visayas)","ADM1_PCODE":"PH06","ADM0_EN":"Philippines (the)","ADM0_PCODE":"PH","region_key":"panay_guimaras","province_key":"negros_occidental","type":"Municipality"}},{"type":"Feature","geometry":{"type":"MultiPolygon","coordinates":[[[[122.6909,9.7236],[122.688,9.6663],[122.5576,9.6665],[122.5554,9.8336],[122.5831,9.8338],[122.5871,9.8395],[122.589,9.8399],[122.5911,9.8475],[122.6024,9.8477],[122.6046,9.861],[122.6133,9.8673],[122.6677,9.8672],[122.6741,9.8581],[122.6992,9.856],[122.6987,9.7984],[122.6909,9.7236]]]]},"properties":{"ADM3_EN":"Candoni","name":"Candoni","ADM3_PCODE":"PH64506000","psgc_code":"64506000","ADM2_EN":"Negros Occidental","ADM2_PCODE":"PH6450","ADM1_EN":"Region VI (Western Visayas)","ADM1_PCODE":"PH06","ADM0_EN":"Philippines (the)","ADM0_PCODE":"PH","region_key":"panay_guimaras","province_key":"negros_occidental","type":"Municipality"}},{"type":"Feature","geometry":{"type":"MultiPolygon","coordinates":[[[[122.3875,9.8333],[122.3856,9.8356],[122.3772,9.8355],[122.3758,9.8367],[122.3803,9.8417],[122.3814,9.8457],[122.3872,9.8469],[122.3928,9.8539],[122.3997,9.8558],[122.4008,9.8633],[122.4083,9.8714],[122.4106,9.8761],[122.4103,9.8794],[122.415,9.8833],[122.4183,9.8903],[122.4175,9.8934],[122.4225,9.8925],[122.4311,9.8983],[122.4347,9.9047],[122.4361,9.9117],[122.4411,9.9167],[122.4433,9.9275],[122.4429,9.9367],[122.4456,9.9383],[122.4447,9.9425],[122.4474,9.9478],[122.4456,9.9525],[122.4395,9.9575],[122.4422,9.96],[122.447,9.9569],[122.45,9.9589],[122.4514,9.9736],[122.4494,9.9747],[122.4511,9.9764],[122.4628,9.9797],[122.4664,9.9786],[122.4681,9.9814],[122.4728,9.9822],[122.4911,9.9803],[122.4992,9.9853],[122.5072,9.9867],[122.5625,9.9797],[122.5797,9.9794],[122.5822,9.9814],[122.6142,9.975],[122.6267,9.975],[122.6278,9.9739],[122.6328,9.9758],[122.6442,9.9747],[122.6639,9.9778],[122.6761,9.9836],[122.678,9.9831],[122.6803,9.9858],[122.6936,9.9908],[122.7004,9.9954],[122.7083,9.9796],[122.7105,9.9742],[122.7101,9.9475],[122.6999,9.8741],[122.6992,9.856],[122.6741,9.8581],[122.6677,9.8672],[122.6133,9.8673],[122.6046,9.861],[122.6024,9.8477],[122.5911,9.8475],[122.589,9.8399],[122.5871,9.8395],[122.5831,9.8338],[122.4787,9.834],[122.3875,9.8321],[122.3875,9.8333]]],[[[122.3831,9.86],[122.3845,9.8628],[122.3871,9.8611],[122.3845,9.8592],[122.3831,9.86]]],[[[122.3797,9.8794],[122.3794,9.8672],[122.3775,9.8656],[122.373,9.8681],[122.3778,9.8739],[122.3775,9.8764],[122.3737,9.8781],[122.3753,9.881],[122.3789,9.8808],[122.3797,9.8794]]]]},"properties":{"ADM3_EN":"Cauayan","name":"Cauayan","ADM3_PCODE":"PH64507000","psgc_code":"64507000","ADM2_EN":"Negros Occidental","ADM2_PCODE":"PH6450","ADM1_EN":"Region VI (Western Visayas)","ADM1_PCODE":"PH06","ADM0_EN":"Philippines (the)","ADM0_PCODE":"PH","region_key":"panay_guimaras","province_key":"negros_occidental","type":"Municipality"}},{"type":"Feature","geometry":{"type":"MultiPolygon","coordinates":[[[[123.1455,10.7652],[123.1375,10.7719],[123.1396,10.7784],[123.1371,10.7801],[123.1347,10.7855],[123.1229,10.7964],[123.1233,10.801],[123.1205,10.8039],[123.1157,10.8029],[123.1133,10.8004],[123.1094,10.8024],[123.1096,10.8044],[123.1068,10.8069],[123.1015,10.8059],[123.0952,10.809],[123.0932,10.8127],[123.0869,10.816],[123.0752,10.8155],[123.0703,10.8197],[123.0672,10.8182],[123.0686,10.8148],[123.0626,10.8142],[123.0553,10.8158],[123.0541,10.8257],[123.044,10.8267],[123.0285,10.8331],[122.983,10.833],[122.9724,10.8359],[122.9551,10.8456],[122.9547,10.851],[122.9516,10.8509],[122.9493,10.8538],[122.9472,10.8528],[122.9446,10.8533],[122.9439,10.8546],[122.9478,10.8547],[122.9464,10.8597],[122.9481,10.8636],[122.9536,10.865],[122.9572,10.8689],[122.9589,10.8844],[122.9533,10.8906],[122.9511,10.8912],[122.9519,10.8939],[122.9567,10.8969],[122.9797,10.8986],[122.9839,10.9025],[122.9822,10.9061],[122.985,10.9067],[122.9861,10.9094],[122.998,10.9144],[123.0071,10.9154],[123.0141,10.9131],[123.0258,10.9189],[123.0281,10.9178],[123.0277,10.915],[123.0286,10.92],[123.0306,10.9203],[123.0316,10.9191],[123.0303,10.9141],[123.0351,10.9156],[123.0418,10.9134],[123.0438,10.9093],[123.0411,10.9025],[123.0421,10.8825],[123.0482,10.8719],[123.0438,10.8633],[123.0468,10.8596],[123.0506,10.8501],[123.0674,10.8454],[123.0732,10.847],[123.077,10.8502],[123.0818,10.8496],[123.1019,10.837],[123.1115,10.8344],[123.1255,10.8243],[123.1506,10.8179],[123.1566,10.8103],[123.2009,10.6996],[123.1588,10.7597],[123.1456,10.7631],[123.1455,10.7652]]]]},"properties":{"ADM3_EN":"Enrique B.Magalona","name":"Enrique B.Magalona","ADM3_PCODE":"PH64508000","psgc_code":"64508000","ADM2_EN":"Negros Occidental","ADM2_PCODE":"PH6450","ADM1_EN":"Region VI (Western Visayas)","ADM1_PCODE":"PH06","ADM0_EN":"Philippines (the)","ADM0_PCODE":"PH","region_key":"panay_guimaras","province_key":"negros_occidental","type":"Municipality"}},{"type":"Feature","geometry":{"type":"MultiPolygon","coordinates":[[[[123.5472,10.7625],[123.5488,10.7595],[123.5472,10.7555],[123.5421,10.7501],[123.5375,10.7522],[123.5381,10.7556],[123.5367,10.7583],[123.5364,10.7558],[123.5342,10.7553],[123.5317,10.7589],[123.5347,10.76],[123.5317,10.7625],[123.5206,10.762],[123.5106,10.764],[123.5074,10.7672],[123.4994,10.7667],[123.4971,10.7691],[123.478,10.754],[123.4775,10.7495],[123.4751,10.7466],[123.4723,10.7458],[123.4464,10.7524],[123.4378,10.7486],[123.3608,10.7492],[123.3509,10.7455],[123.3865,10.7806],[123.4643,10.8625],[123.5226,10.884],[123.5283,10.8815],[123.5233,10.8771],[123.5228,10.8739],[123.5247,10.8706],[123.5237,10.861],[123.5263,10.8604],[123.5258,10.8585],[123.5283,10.8586],[123.5306,10.8533],[123.5363,10.8504],[123.536,10.846],[123.5328,10.8393],[123.5335,10.8362],[123.5447,10.8341],[123.5515,10.8379],[123.5568,10.8377],[123.5627,10.8447],[123.5661,10.8436],[123.5653,10.8339],[123.5669,10.8278],[123.5607,10.8247],[123.5566,10.8183],[123.5511,10.8158],[123.5406,10.8236],[123.5358,10.8171],[123.5267,10.8136],[123.5247,10.8114],[123.5286,10.8122],[123.5297,10.8086],[123.5316,10.8097],[123.5311,10.8114],[123.5356,10.8108],[123.5347,10.8144],[123.5423,10.8211],[123.5451,10.8187],[123.545,10.8163],[123.5519,10.8147],[123.5497,10.8124],[123.5531,10.8144],[123.5577,10.8125],[123.5598,10.8135],[123.5657,10.8035],[123.5656,10.7989],[123.568,10.7978],[123.5688,10.7944],[123.5632,10.7884],[123.5604,10.7879],[123.5608,10.7746],[123.5576,10.7718],[123.5538,10.7716],[123.5513,10.7687],[123.5469,10.7692],[123.545,10.7656],[123.5472,10.7625]]],[[[123.5398,10.8512],[123.5382,10.8512],[123.5387,10.8525],[123.5396,10.852],[123.5398,10.8512]]],[[[123.5614,10.8726],[123.563,10.8744],[123.5651,10.8748],[123.5618,10.8718],[123.5614,10.8726]]],[[[123.5292,10.8769],[123.53,10.8756],[123.5269,10.875],[123.5267,10.8769],[123.5292,10.8769]]]]},"properties":{"ADM3_EN":"Escalante City","name":"Escalante City","ADM3_PCODE":"PH64509000","psgc_code":"64509000","ADM2_EN":"Negros Occidental","ADM2_PCODE":"PH6450","ADM1_EN":"Region VI (Western Visayas)","ADM1_PCODE":"PH06","ADM0_EN":"Philippines (the)","ADM0_PCODE":"PH","region_key":"panay_guimaras","province_key":"negros_occidental","type":"City"}},{"type":"Feature","geometry":{"type":"MultiPolygon","coordinates":[[[[122.9912,9.9099],[122.9126,9.9743],[122.8483,10.0192],[122.8231,10.0419],[122.8279,10.0423],[122.8296,10.0495],[122.8275,10.0499],[122.8254,10.0531],[122.8302,10.0575],[122.8252,10.0602],[122.8231,10.0636],[122.8275,10.0675],[122.837,10.0698],[122.8493,10.0773],[122.8494,10.0797],[122.8591,10.0935],[122.8675,10.0961],[122.8706,10.1044],[122.8692,10.1219],[122.8672,10.1181],[122.8695,10.1061],[122.8664,10.0978],[122.8641,10.0998],[122.8635,10.1055],[122.8624,10.0985],[122.8606,10.1019],[122.8644,10.1097],[122.8664,10.1214],[122.8658,10.1436],[122.8642,10.1478],[122.8647,10.1219],[122.8628,10.1106],[122.8616,10.1444],[122.8583,10.1625],[122.8546,10.1729],[122.8632,10.1755],[122.8622,10.1834],[122.8644,10.1849],[122.8681,10.1834],[122.8695,10.1855],[122.869,10.1904],[122.871,10.192],[122.8801,10.1908],[122.8969,10.195],[122.9038,10.1945],[122.9066,10.1975],[122.9093,10.1974],[122.913,10.2016],[122.918,10.2017],[122.9203,10.1962],[122.9238,10.1929],[122.9253,10.1859],[122.9287,10.1809],[122.933,10.1627],[122.945,10.1611],[122.9504,10.1449],[122.9476,10.1413],[122.949,10.1336],[122.9592,10.1288],[122.962,10.1237],[122.9615,10.1189],[122.9633,10.1173],[122.9708,10.1159],[122.9722,10.115],[122.9717,10.1116],[122.9817,10.1066],[122.9831,10.1012],[122.9827,10.0935],[123.0206,10.0106],[123.0105,9.9691],[122.9912,9.9099]]]]},"properties":{"ADM3_EN":"Himamaylan City","name":"Himamaylan City","ADM3_PCODE":"PH64510000","psgc_code":"64510000","ADM2_EN":"Negros Occidental","ADM2_PCODE":"PH6451","ADM1_EN":"Region VI (Western Visayas)","ADM1_PCODE":"PH06","ADM0_EN":"Philippines (the)","ADM0_PCODE":"PH","region_key":"panay_guimaras","province_key":"negros_occidental","type":"City"}},{"type":"Feature","geometry":{"type":"MultiPolygon","coordinates":[[[[122.8819,10.2144],[122.8799,10.2206],[122.8756,10.2202],[122.8633,10.2278],[122.8547,10.2274],[122.8537,10.2333],[122.8497,10.2399],[122.8547,10.2432],[122.8524,10.2467],[122.8442,10.2519],[122.8431,10.2677],[122.8457,10.2748],[122.8486,10.2778],[122.8434,10.2865],[122.8414,10.2977],[122.8471,10.3031],[122.8496,10.3167],[122.8517,10.3175],[122.8579,10.332],[122.8898,10.3232],[122.8932,10.3207],[122.9447,10.3138],[122.9909,10.2759],[122.9912,10.273],[122.9782,10.2618],[122.97,10.2522],[122.9659,10.2396],[122.9609,10.2347],[122.9566,10.2351],[122.9515,10.2387],[122.9479,10.2382],[122.9469,10.2345],[122.9507,10.234],[122.9519,10.2282],[122.9546,10.2266],[122.9467,10.2247],[122.9439,10.2263],[122.9387,10.2186],[122.9338,10.222],[122.9286,10.2181],[122.9259,10.214],[122.9274,10.21],[122.9237,10.2022],[122.9221,10.2031],[122.9244,10.2063],[122.916,10.2109],[122.9118,10.2096],[122.9041,10.211],[122.9003,10.206],[122.8964,10.2081],[122.8871,10.2076],[122.8851,10.2125],[122.8819,10.2144]]]]},"properties":{"ADM3_EN":"Hinigaran","name":"Hinigaran","ADM3_PCODE":"PH64511000","psgc_code":"64511000","ADM2_EN":"Negros Occidental","ADM2_PCODE":"PH6451","ADM1_EN":"Region VI (Western Visayas)","ADM1_PCODE":"PH06","ADM0_EN":"Philippines (the)","ADM0_PCODE":"PH","region_key":"panay_guimaras","province_key":"negros_occidental","type":"Municipality"}},{"type":"Feature","geometry":{"type":"MultiPolygon","coordinates":[[[[122.6135,9.4201],[122.6114,9.4197],[122.6086,9.4247],[122.605,9.4253],[122.6019,9.4311],[122.5958,9.435],[122.5892,9.4439],[122.5828,9.4447],[122.5753,9.4506],[122.5667,9.4597],[122.5586,9.4725],[122.5533,9.4733],[122.5511,9.4753],[122.5444,9.4839],[122.5439,9.4894],[122.54,9.4897],[122.5378,9.4917],[122.5331,9.5033],[122.5333,9.5067],[122.5358,9.5097],[122.5344,9.5156],[122.5322,9.5178],[122.5251,9.5183],[122.5228,9.5239],[122.5236,9.5272],[122.5167,9.5336],[122.5167,9.5364],[122.5203,9.5394],[122.5192,9.5431],[122.5125,9.5464],[122.5094,9.5508],[122.5066,9.5503],[122.5033,9.5561],[122.4997,9.5547],[122.4997,9.5511],[122.4958,9.5483],[122.4936,9.5528],[122.4974,9.5577],[122.4806,9.5647],[122.4792,9.5783],[122.4728,9.5858],[122.4603,9.6094],[122.4601,9.6131],[122.4656,9.6243],[122.4639,9.625],[122.4556,9.6217],[122.4481,9.6217],[122.445,9.6196],[122.4417,9.6239],[122.445,9.6319],[122.4528,9.6322],[122.4553,9.6347],[122.4583,9.6453],[122.4564,9.6503],[122.4589,9.6553],[122.4583,9.6592],[122.4547,9.6622],[122.4508,9.6614],[122.4452,9.6647],[122.5576,9.6665],[122.688,9.6663],[122.6959,9.5548],[122.6481,9.5001],[122.6135,9.4201]]]]},"properties":{"ADM3_EN":"Hinoba-An","name":"Hinoba-An","ADM3_PCODE":"PH64512000","psgc_code":"64512000","ADM2_EN":"Negros Occidental","ADM2_PCODE":"PH6451","ADM1_EN":"Region VI (Western Visayas)","ADM1_PCODE":"PH06","ADM0_EN":"Philippines (the)","ADM0_PCODE":"PH","region_key":"panay_guimaras","province_key":"negros_occidental","type":"Municipality"}},{"type":"Feature","geometry":{"type":"MultiPolygon","coordinates":[[[[122.6994,9.8099],[122.6999,9.8741],[122.7101,9.9475],[122.7105,9.9742],[122.7004,9.9954],[122.7079,10.0043],[122.7154,10.0088],[122.7196,10.0146],[122.7235,10.0152],[122.7238,10.0171],[122.7275,10.0194],[122.7264,10.0222],[122.7333,10.0294],[122.7431,10.0358],[122.7445,10.0411],[122.7469,10.0436],[122.7506,10.0464],[122.7547,10.0461],[122.7564,10.0494],[122.7642,10.0564],[122.7689,10.0581],[122.7708,10.0569],[122.7787,10.0673],[122.7803,10.0669],[122.7819,10.0622],[122.7819,10.0678],[122.7858,10.0708],[122.7903,10.0672],[122.8056,10.0647],[122.8044,10.0622],[122.8057,10.0613],[122.8024,10.0604],[122.7981,10.0543],[122.7958,10.0446],[122.7988,10.0403],[122.8074,10.0417],[122.8089,10.0398],[122.802,10.0246],[122.8033,10.0232],[122.8066,10.0286],[122.8086,10.0287],[122.809,10.018],[122.8002,10.0105],[122.7903,9.9973],[122.776,9.9835],[122.7475,9.9449],[122.73,9.7555],[122.7298,9.7205],[122.737,9.589],[122.6959,9.5548],[122.688,9.6663],[122.6909,9.7236],[122.6994,9.8099]]]]},"properties":{"ADM3_EN":"Ilog","name":"Ilog","ADM3_PCODE":"PH64513000","psgc_code":"64513000","ADM2_EN":"Negros Occidental","ADM2_PCODE":"PH6451","ADM1_EN":"Region VI (Western Visayas)","ADM1_PCODE":"PH06","ADM0_EN":"Philippines (the)","ADM0_PCODE":"PH","region_key":"panay_guimaras","province_key":"negros_occidental","type":"Municipality"}},{"type":"Feature","geometry":{"type":"MultiPolygon","coordinates":[[[[123.0521,10.2457],[123.056,10.2451],[123.0556,10.241],[123.0604,10.2382],[123.0613,10.2394],[123.1234,10.2464],[123.1262,10.2435],[123.1273,10.2414],[123.1255,10.239],[123.1298,10.2361],[123.1284,10.2341],[123.1306,10.2322],[123.1303,10.2271],[123.1289,10.2257],[123.1313,10.2233],[123.1322,10.2188],[123.1314,10.2117],[123.1384,10.2043],[123.1403,10.1964],[123.1141,10.1641],[123.0263,10.1552],[122.9991,10.1505],[122.9864,10.1512],[122.9663,10.1758],[122.9643,10.176],[122.9642,10.1803],[122.9684,10.1848],[122.967,10.1876],[122.9655,10.1873],[122.9652,10.1901],[122.9616,10.1904],[122.9615,10.1917],[122.9645,10.1927],[122.9621,10.1963],[122.9618,10.1986],[122.9637,10.1997],[122.9555,10.2052],[122.9541,10.2023],[122.9527,10.2026],[122.951,10.2049],[122.9485,10.2052],[122.9469,10.2083],[122.9387,10.2053],[122.9357,10.2076],[122.9346,10.206],[122.9317,10.2104],[122.933,10.2121],[122.9307,10.2125],[122.9274,10.21],[122.926,10.2124],[122.9286,10.2181],[122.9338,10.222],[122.938,10.2184],[122.943,10.226],[122.9467,10.2247],[122.9546,10.2266],[122.9519,10.2282],[122.9507,10.234],[122.9469,10.2345],[122.9479,10.2382],[122.9515,10.2387],[122.9566,10.2351],[122.9609,10.2347],[122.9659,10.2396],[122.97,10.2522],[122.9782,10.2618],[122.9912,10.273],[122.996,10.2748],[123.0125,10.2787],[123.0117,10.2667],[123.01,10.2629],[123.0178,10.2608],[123.0284,10.2552],[123.0301,10.2577],[123.0361,10.2472],[123.0375,10.2472],[123.0386,10.2511],[123.0414,10.249],[123.0452,10.253],[123.0483,10.2516],[123.0503,10.2487],[123.0498,10.2468],[123.0521,10.2457]]]]},"properties":{"ADM3_EN":"Isabela","name":"Isabela","ADM3_PCODE":"PH64514000","psgc_code":"64514000","ADM2_EN":"Negros Occidental","ADM2_PCODE":"PH6451","ADM1_EN":"Region VI (Western Visayas)","ADM1_PCODE":"PH06","ADM0_EN":"Philippines (the)","ADM0_PCODE":"PH","region_key":"panay_guimaras","province_key":"negros_occidental","type":"Municipality"}},{"type":"Feature","geometry":{"type":"MultiPolygon","coordinates":[[[[122.8407,9.7254],[122.8155,9.6949],[122.7589,9.6165],[122.737,9.589],[122.7298,9.7205],[122.73,9.7555],[122.7475,9.9449],[122.776,9.9835],[122.7903,9.9973],[122.8002,10.0105],[122.809,10.018],[122.8086,10.0287],[122.8066,10.0286],[122.8033,10.0232],[122.802,10.0246],[122.8089,10.0398],[122.8074,10.0417],[122.7988,10.0403],[122.7958,10.0446],[122.7957,10.0476],[122.8024,10.0604],[122.8114,10.0631],[122.8231,10.0636],[122.8262,10.0594],[122.8295,10.0589],[122.8298,10.0563],[122.8254,10.0531],[122.8275,10.0499],[122.8296,10.0495],[122.8279,10.0423],[122.8231,10.0419],[122.8483,10.0192],[122.9126,9.9743],[122.9912,9.9099],[122.9287,9.8366],[122.8407,9.7254]]]]},"properties":{"ADM3_EN":"Kabankalan City","name":"Kabankalan City","ADM3_PCODE":"PH64515000","psgc_code":"64515000","ADM2_EN":"Negros Occidental","ADM2_PCODE":"PH6451","ADM1_EN":"Region VI (Western Visayas)","ADM1_PCODE":"PH06","ADM0_EN":"Philippines (the)","ADM0_PCODE":"PH","region_key":"panay_guimaras","province_key":"negros_occidental","type":"City"}},{"type":"Feature","geometry":{"type":"MultiPolygon","coordinates":[[[[122.9917,10.391],[122.9735,10.4027],[122.9586,10.3936],[122.9443,10.3806],[122.9362,10.3842],[122.9306,10.3907],[122.9215,10.3928],[122.9199,10.3959],[122.9147,10.3935],[122.9059,10.393],[122.9014,10.3953],[122.8963,10.4158],[122.8989,10.4599],[122.9042,10.462],[122.9042,10.4634],[122.9322,10.4607],[122.9323,10.4572],[122.9408,10.4457],[122.944,10.4475],[122.9553,10.4442],[122.9596,10.4459],[122.9674,10.4426],[122.9844,10.4406],[122.9921,10.4373],[122.9976,10.4403],[123.0358,10.4281],[123.0366,10.4257],[123.0462,10.4215],[123.0815,10.4259],[123.1291,10.4103],[123.0798,10.3932],[123.0733,10.3864],[123.0537,10.3947],[123.0138,10.3774],[122.9917,10.391]]]]},"properties":{"ADM3_EN":"La Carlota City","name":"La Carlota City","ADM3_PCODE":"PH64516000","psgc_code":"64516000","ADM2_EN":"Negros Occidental","ADM2_PCODE":"PH6451","ADM1_EN":"Region VI (Western Visayas)","ADM1_PCODE":"PH06","ADM0_EN":"Philippines (the)","ADM0_PCODE":"PH","region_key":"panay_guimaras","province_key":"negros_occidental","type":"City"}},{"type":"Feature","geometry":{"type":"MultiPolygon","coordinates":[[[[122.9447,10.3138],[122.9797,10.3251],[122.9792,10.3482],[123.0138,10.3774],[123.0537,10.3947],[123.0733,10.3864],[123.0798,10.3932],[123.1291,10.4103],[123.1712,10.3318],[123.1786,10.3137],[123.1282,10.3097],[123.1091,10.3057],[123.0924,10.3101],[123.0692,10.319],[123.0419,10.3018],[123.0408,10.2977],[123.0217,10.2903],[123.0125,10.2787],[122.9912,10.273],[122.9909,10.2759],[122.9746,10.2905],[122.9447,10.3138]]]]},"properties":{"ADM3_EN":"La Castellana","name":"La Castellana","ADM3_PCODE":"PH64517000","psgc_code":"64517000","ADM2_EN":"Negros Occidental","ADM2_PCODE":"PH6451","ADM1_EN":"Region VI (Western Visayas)","ADM1_PCODE":"PH06","ADM0_EN":"Philippines (the)","ADM0_PCODE":"PH","region_key":"panay_guimaras","province_key":"negros_occidental","type":"Municipality"}},{"type":"Feature","geometry":{"type":"MultiPolygon","coordinates":[[[[123.1746,10.8907],[123.1741,10.8798],[123.1766,10.8681],[123.1731,10.8648],[123.1784,10.8525],[123.1751,10.8437],[123.1749,10.8364],[123.1816,10.8208],[123.1488,10.8509],[123.1321,10.8721],[123.0928,10.9102],[123.0866,10.9141],[123.0816,10.9146],[123.0776,10.9124],[123.0743,10.9139],[123.0866,10.9295],[123.0914,10.9383],[123.0958,10.9386],[123.0972,10.9417],[123.1022,10.9431],[123.1117,10.9522],[123.1127,10.9563],[123.1203,10.9578],[123.1253,10.9666],[123.1294,10.9703],[123.1336,10.9725],[123.1361,10.9711],[123.1417,10.9717],[123.1498,10.9763],[123.15,10.9789],[123.1525,10.9778],[123.1556,10.9789],[123.1547,10.9738],[123.1565,10.9728],[123.1575,10.9766],[123.1642,10.9775],[123.1661,10.9814],[123.1721,10.9845],[123.1745,10.9886],[123.1783,10.9911],[123.1783,10.9856],[123.1739,10.9784],[123.1733,10.8963],[123.1746,10.8907]]]]},"properties":{"ADM3_EN":"Manapla","name":"Manapla","ADM3_PCODE":"PH64518000","psgc_code":"64518000","ADM2_EN":"Negros Occidental","ADM2_PCODE":"PH6451","ADM1_EN":"Region VI (Western Visayas)","ADM1_PCODE":"PH06","ADM0_EN":"Philippines (the)","ADM0_PCODE":"PH","region_key":"panay_guimaras","province_key":"negros_occidental","type":"Municipality"}},{"type":"Feature","geometry":{"type":"MultiPolygon","coordinates":[[[[123.0575,10.2393],[123.0556,10.241],[123.056,10.2451],[123.0503,10.246],[123.0483,10.2516],[123.0443,10.2528],[123.0408,10.2489],[123.0386,10.2511],[123.0375,10.2472],[123.0361,10.2472],[123.0301,10.2577],[123.0284,10.2552],[123.0178,10.2608],[123.01,10.2629],[123.0117,10.2667],[123.0125,10.2787],[123.0217,10.2903],[123.0408,10.2977],[123.0419,10.3018],[123.0692,10.319],[123.0924,10.3101],[123.1091,10.3057],[123.1282,10.3097],[123.1786,10.3137],[123.2009,10.2679],[123.1403,10.1964],[123.1384,10.2043],[123.1314,10.2117],[123.1322,10.2188],[123.1313,10.2233],[123.1289,10.2257],[123.1305,10.228],[123.1306,10.2322],[123.1284,10.2341],[123.1298,10.2361],[123.1255,10.239],[123.1273,10.2414],[123.1234,10.2464],[123.0613,10.2394],[123.0604,10.2382],[123.0575,10.2393]]]]},"properties":{"ADM3_EN":"Moises Padilla","name":"Moises Padilla","ADM3_PCODE":"PH64519000","psgc_code":"64519000","ADM2_EN":"Negros Occidental","ADM2_PCODE":"PH6451","ADM1_EN":"Region VI (Western Visayas)","ADM1_PCODE":"PH06","ADM0_EN":"Philippines (the)","ADM0_PCODE":"PH","region_key":"panay_guimaras","province_key":"negros_occidental","type":"Municipality"}},{"type":"Feature","geometry":{"type":"MultiPolygon","coordinates":[[[[123.0857,10.5104],[123.0897,10.5176],[123.0912,10.5266],[123.0889,10.5356],[123.0869,10.54],[123.0819,10.5429],[123.0792,10.5484],[123.077,10.5497],[123.0727,10.5593],[123.0633,10.5647],[123.057,10.5541],[123.0545,10.5544],[123.0493,10.5516],[123.0406,10.551],[123.0394,10.5568],[123.0361,10.5535],[123.0356,10.5495],[123.0317,10.5495],[123.0268,10.5454],[123.0274,10.5419],[123.0262,10.5412],[123.0203,10.5418],[123.0166,10.5402],[123.0087,10.5464],[122.9999,10.5484],[122.99,10.5458],[122.9814,10.5457],[122.9784,10.5478],[122.9849,10.5886],[123.0166,10.6269],[123.02,10.6404],[123.0471,10.6373],[123.0719,10.6525],[123.1301,10.6631],[123.1621,10.6511],[123.1907,10.634],[123.2076,10.629],[123.2056,10.6239],[123.2064,10.6185],[123.1965,10.6103],[123.195,10.601],[123.1858,10.5947],[123.1844,10.5905],[123.1781,10.5866],[123.1728,10.5807],[123.1699,10.5803],[123.1662,10.5749],[123.1646,10.5759],[123.1606,10.5735],[123.1602,10.5714],[123.1525,10.5659],[123.1486,10.5651],[123.1471,10.5629],[123.1519,10.5587],[123.1559,10.5586],[123.1579,10.5553],[123.1609,10.5555],[123.1654,10.5532],[123.1659,10.555],[123.1698,10.5551],[123.1716,10.5578],[123.1711,10.5537],[123.1745,10.5499],[123.1809,10.5492],[123.1883,10.5435],[123.1913,10.5432],[123.1907,10.5388],[123.1966,10.5389],[123.1291,10.4103],[123.0815,10.4259],[123.0612,10.4238],[123.0629,10.4442],[123.0671,10.4548],[123.0748,10.4536],[123.0751,10.4554],[123.0788,10.4561],[123.0792,10.464],[123.0808,10.467],[123.079,10.4711],[123.0821,10.4706],[123.083,10.4801],[123.0866,10.4862],[123.0882,10.5052],[123.0857,10.5104]]]]},"properties":{"ADM3_EN":"Murcia","name":"Murcia","ADM3_PCODE":"PH64520000","psgc_code":"64520000","ADM2_EN":"Negros Occidental","ADM2_PCODE":"PH6452","ADM1_EN":"Region VI (Western Visayas)","ADM1_PCODE":"PH06","ADM0_EN":"Philippines (the)","ADM0_PCODE":"PH","region_key":"panay_guimaras","province_key":"negros_occidental","type":"Municipality"}},{"type":"Feature","geometry":{"type":"MultiPolygon","coordinates":[[[[122.8921,10.3217],[122.8579,10.332],[122.8591,10.3492],[122.8604,10.3517],[122.8647,10.3536],[122.8661,10.3569],[122.8631,10.3669],[122.8642,10.3711],[122.86,10.3775],[122.8586,10.3951],[122.8855,10.3953],[122.9008,10.3975],[122.9007,10.3959],[122.9059,10.393],[122.9147,10.3935],[122.9199,10.3959],[122.9215,10.3928],[122.9306,10.3907],[122.9362,10.3842],[122.9443,10.3806],[122.9586,10.3936],[122.9735,10.4027],[123.0138,10.3774],[122.9792,10.3482],[122.9797,10.3251],[122.9447,10.3138],[122.8921,10.3217]]]]},"properties":{"ADM3_EN":"Pontevedra","name":"Pontevedra","ADM3_PCODE":"PH64521000","psgc_code":"64521000","ADM2_EN":"Negros Occidental","ADM2_PCODE":"PH6452","ADM1_EN":"Region VI (Western Visayas)","ADM1_PCODE":"PH06","ADM0_EN":"Philippines (the)","ADM0_PCODE":"PH","region_key":"panay_guimaras","province_key":"negros_occidental","type":"Municipality"}},{"type":"Feature","geometry":{"type":"MultiPolygon","coordinates":[[[[122.8207,10.4801],[122.8182,10.4855],[122.8187,10.488],[122.8085,10.5084],[122.8025,10.5155],[122.7966,10.5187],[122.7954,10.5222],[122.8067,10.5325],[122.8143,10.5441],[122.8265,10.5524],[122.8288,10.5504],[122.8293,10.5332],[122.8336,10.5244],[122.8317,10.5239],[122.836,10.5204],[122.8331,10.5169],[122.8207,10.4801]]]]},"properties":{"ADM3_EN":"Pulupandan","name":"Pulupandan","ADM3_PCODE":"PH64522000","psgc_code":"64522000","ADM2_EN":"Negros Occidental","ADM2_PCODE":"PH6452","ADM1_EN":"Region VI (Western Visayas)","ADM1_PCODE":"PH06","ADM0_EN":"Philippines (the)","ADM0_PCODE":"PH","region_key":"panay_guimaras","province_key":"negros_occidental","type":"Municipality"}},{"type":"Feature","geometry":{"type":"MultiPolygon","coordinates":[[[[123.3325,10.8308],[123.3416,10.8601],[123.3451,10.8605],[123.3458,10.8644],[123.3487,10.8673],[123.348,10.869],[123.3433,10.8711],[123.3444,10.8731],[123.3377,10.8743],[123.3596,10.9251],[123.3649,10.9464],[123.3733,10.9575],[123.3699,10.9596],[123.3723,10.9612],[123.3781,10.9589],[123.3931,10.9572],[123.3953,10.9533],[123.3963,10.9559],[123.401,10.9543],[123.397,10.9483],[123.395,10.9383],[123.3903,10.9351],[123.3831,10.9324],[123.3733,10.9386],[123.3816,10.9314],[123.3856,10.9314],[123.3944,10.9359],[123.3981,10.943],[123.3986,10.9488],[123.4004,10.945],[123.4002,10.9472],[123.4046,10.9461],[123.4012,10.9494],[123.4094,10.9529],[123.4178,10.9492],[123.427,10.9485],[123.4278,10.9465],[123.4414,10.9394],[123.4517,10.9361],[123.4608,10.9289],[123.4653,10.9272],[123.4692,10.9231],[123.4682,10.9206],[123.4697,10.9191],[123.483,10.9285],[123.4856,10.9273],[123.4847,10.9325],[123.487,10.9356],[123.4899,10.9339],[123.4931,10.9363],[123.4982,10.9257],[123.5027,10.9242],[123.5037,10.926],[123.5087,10.9261],[123.5147,10.9187],[123.5157,10.9143],[123.5146,10.9125],[123.5068,10.9105],[123.5053,10.9122],[123.5039,10.9097],[123.502,10.9122],[123.5007,10.9093],[123.4953,10.9074],[123.5108,10.9075],[123.5207,10.9013],[123.5178,10.8896],[123.5219,10.8875],[123.5226,10.884],[123.4643,10.8625],[123.3865,10.7806],[123.3296,10.7245],[123.2541,10.6594],[123.2973,10.7421],[123.3109,10.7735],[123.3325,10.8308]]],[[[123.5257,10.8984],[123.5257,10.897],[123.524,10.8976],[123.5246,10.8961],[123.5232,10.8967],[123.5223,10.8939],[123.5201,10.8937],[123.5229,10.8989],[123.5257,10.8984]]],[[[123.5201,10.905],[123.5201,10.9036],[123.5176,10.9037],[123.5185,10.9061],[123.5201,10.905]]],[[[123.5079,10.9097],[123.5098,10.9102],[123.51,10.9097],[123.5091,10.9084],[123.5061,10.9088],[123.5079,10.9097]]],[[[123.511,10.9284],[123.5099,10.9275],[123.5099,10.9292],[123.5129,10.9292],[123.511,10.9284]]],[[[123.513,10.9365],[123.5134,10.9314],[123.5059,10.9279],[123.5021,10.9282],[123.5003,10.9328],[123.5017,10.9375],[123.5099,10.9385],[123.513,10.9365]]],[[[123.5024,10.9402],[123.4983,10.9358],[123.4958,10.9353],[123.4961,10.9374],[123.5025,10.9417],[123.5075,10.9423],[123.5024,10.9402]]],[[[123.5707,10.962],[123.5725,10.9543],[123.571,10.95],[123.5649,10.9507],[123.5624,10.9541],[123.5608,10.9531],[123.5587,10.9545],[123.5537,10.9505],[123.5514,10.9522],[123.5563,10.9563],[123.5548,10.9574],[123.5546,10.9637],[123.5564,10.9638],[123.5621,10.9704],[123.5701,10.9645],[123.5707,10.962]]],[[[123.548,10.967],[123.5513,10.9657],[123.5517,10.9636],[123.5472,10.9603],[123.5416,10.9679],[123.5444,10.9683],[123.5443,10.971],[123.548,10.967]]],[[[123.5422,10.9753],[123.5408,10.9782],[123.5416,10.9791],[123.5453,10.9776],[123.544,10.9742],[123.5422,10.9753]]],[[[123.4742,10.9253],[123.4728,10.924],[123.4719,10.9258],[123.4725,10.9259],[123.4742,10.9253]]],[[[123.4569,10.9524],[123.4586,10.95],[123.4564,10.9483],[123.4523,10.9503],[123.4538,10.9525],[123.4569,10.9524]]]]},"properties":{"ADM3_EN":"Sagay City","name":"Sagay City","ADM3_PCODE":"PH64523000","psgc_code":"64523000","ADM2_EN":"Negros Occidental","ADM2_PCODE":"PH6452","ADM1_EN":"Region VI (Western Visayas)","ADM1_PCODE":"PH06","ADM0_EN":"Philippines (the)","ADM0_PCODE":"PH","region_key":"panay_guimaras","province_key":"negros_occidental","type":"City"}},{"type":"Feature","geometry":{"type":"MultiPolygon","coordinates":[[[[123.2558,10.53],[123.2503,10.5317],[123.2488,10.5281],[123.2427,10.529],[123.2419,10.528],[123.2441,10.5256],[123.2421,10.5234],[123.2338,10.5271],[123.2319,10.5303],[123.2256,10.5319],[123.2256,10.5375],[123.2236,10.5386],[123.2156,10.5338],[123.2109,10.5365],[123.2039,10.5441],[123.202,10.5423],[123.2025,10.5397],[123.2007,10.5388],[123.1907,10.5388],[123.1913,10.5432],[123.1883,10.5435],[123.1809,10.5492],[123.1787,10.5486],[123.1733,10.5507],[123.1711,10.5537],[123.1716,10.5578],[123.1698,10.5551],[123.1659,10.555],[123.1654,10.5532],[123.1609,10.5555],[123.1579,10.5553],[123.1559,10.5586],[123.1519,10.5587],[123.1471,10.5629],[123.1486,10.5651],[123.1525,10.5659],[123.1602,10.5714],[123.1606,10.5735],[123.1646,10.5759],[123.1662,10.5749],[123.1699,10.5803],[123.1728,10.5807],[123.1781,10.5866],[123.1844,10.5905],[123.1858,10.5947],[123.195,10.601],[123.1965,10.6103],[123.2064,10.6185],[123.2056,10.6239],[123.2076,10.629],[123.2231,10.6319],[123.2379,10.6372],[123.311,10.6312],[123.3457,10.6153],[123.3474,10.5835],[123.3455,10.5481],[123.2917,10.546],[123.2872,10.5432],[123.2825,10.5453],[123.2788,10.5439],[123.2766,10.5382],[123.2707,10.5389],[123.2713,10.5366],[123.266,10.5354],[123.2658,10.5329],[123.2602,10.5326],[123.2558,10.53]]]]},"properties":{"ADM3_EN":"Salvador Benedicto","name":"Salvador Benedicto","ADM3_PCODE":"PH64532000","psgc_code":"64532000","ADM2_EN":"Negros Occidental","ADM2_PCODE":"PH6453","ADM1_EN":"Region VI (Western Visayas)","ADM1_PCODE":"PH06","ADM0_EN":"Philippines (the)","ADM0_PCODE":"PH","region_key":"panay_guimaras","province_key":"negros_occidental","type":"Municipality"}},{"type":"Feature","geometry":{"type":"MultiPolygon","coordinates":[[[[123.3567,10.4358],[123.3572,10.4342],[123.3522,10.4233],[123.3544,10.4211],[123.3517,10.4075],[123.3467,10.405],[123.3456,10.4007],[123.3469,10.3965],[123.3418,10.3938],[123.3397,10.385],[123.336,10.3826],[123.2758,10.4025],[123.2516,10.4134],[123.1291,10.4103],[123.1966,10.5389],[123.2025,10.5397],[123.2027,10.5438],[123.2048,10.5439],[123.2109,10.5365],[123.2156,10.5338],[123.2236,10.5386],[123.2256,10.5375],[123.2256,10.5319],[123.2319,10.5303],[123.2338,10.5271],[123.2421,10.5234],[123.2441,10.5256],[123.2419,10.528],[123.2427,10.529],[123.2488,10.5281],[123.2503,10.5317],[123.2558,10.53],[123.2602,10.5326],[123.2658,10.5329],[123.266,10.5354],[123.2713,10.5366],[123.2707,10.5389],[123.2772,10.5387],[123.2784,10.5434],[123.2825,10.5453],[123.2872,10.5432],[123.2917,10.546],[123.39,10.5511],[123.3881,10.5747],[123.3932,10.5756],[123.3993,10.5731],[123.4034,10.5746],[123.4047,10.5713],[123.4103,10.569],[123.4093,10.5668],[123.4173,10.5652],[123.4176,10.5627],[123.4199,10.562],[123.4195,10.556],[123.4238,10.5496],[123.427,10.5506],[123.4295,10.5409],[123.4305,10.5391],[123.4323,10.54],[123.434,10.5367],[123.4322,10.5356],[123.4369,10.5281],[123.4347,10.5268],[123.4366,10.5237],[123.4386,10.5239],[123.4371,10.5182],[123.4396,10.5181],[123.4404,10.5161],[123.4387,10.5153],[123.4394,10.5107],[123.4377,10.5025],[123.4355,10.5017],[123.4358,10.4992],[123.4331,10.4997],[123.4333,10.4929],[123.4315,10.489],[123.4237,10.4819],[123.4231,10.4763],[123.4194,10.4785],[123.4139,10.4781],[123.4086,10.4715],[123.4035,10.4684],[123.3946,10.4687],[123.3935,10.4637],[123.3906,10.4633],[123.3773,10.4539],[123.368,10.4511],[123.3665,10.4473],[123.3669,10.4422],[123.3608,10.4409],[123.3592,10.4431],[123.3561,10.4378],[123.3567,10.4358]]],[[[123.3542,10.4256],[123.3553,10.4281],[123.3564,10.4292],[123.355,10.4233],[123.3542,10.4256]]],[[[123.4188,10.4401],[123.4179,10.4458],[123.4237,10.4524],[123.4261,10.4523],[123.4445,10.48],[123.447,10.4807],[123.4489,10.4787],[123.4497,10.4706],[123.446,10.4627],[123.4409,10.4625],[123.4411,10.4598],[123.4372,10.4548],[123.4322,10.4517],[123.4225,10.4361],[123.4188,10.4401]]]]},"properties":{"ADM3_EN":"San Carlos City","name":"San Carlos City","ADM3_PCODE":"PH64524000","psgc_code":"64524000","ADM2_EN":"Negros Occidental","ADM2_PCODE":"PH6452","ADM1_EN":"Region VI (Western Visayas)","ADM1_PCODE":"PH06","ADM0_EN":"Philippines (the)","ADM0_PCODE":"PH","region_key":"panay_guimaras","province_key":"negros_occidental","type":"City"}},{"type":"Feature","geometry":{"type":"MultiPolygon","coordinates":[[[[122.8583,10.3958],[122.8592,10.4001],[122.8571,10.4009],[122.8564,10.4058],[122.853,10.4071],[122.8527,10.4098],[122.8506,10.4088],[122.8483,10.4118],[122.8456,10.412],[122.8291,10.4327],[122.8368,10.4392],[122.8538,10.4384],[122.8741,10.4398],[122.8974,10.4312],[122.8963,10.4158],[122.9008,10.3975],[122.8855,10.3953],[122.8583,10.3958]]]]},"properties":{"ADM3_EN":"San Enrique","name":"San Enrique","ADM3_PCODE":"PH64525000","psgc_code":"64525000","ADM2_EN":"Negros Occidental","ADM2_PCODE":"PH6452","ADM1_EN":"Region VI (Western Visayas)","ADM1_PCODE":"PH06","ADM0_EN":"Philippines (the)","ADM0_PCODE":"PH","region_key":"panay_guimaras","province_key":"negros_occidental","type":"Municipality"}},{"type":"Feature","geometry":{"type":"MultiPolygon","coordinates":[[[[123.137,10.7203],[123.119,10.7258],[123.0893,10.7307],[123.0742,10.7449],[123.0556,10.7502],[123.035,10.7662],[123.0246,10.772],[123.0184,10.7543],[122.9925,10.7607],[122.977,10.7699],[122.9635,10.7748],[122.9644,10.7889],[122.9676,10.7927],[122.9672,10.7956],[122.9661,10.7994],[122.9622,10.8025],[122.9617,10.805],[122.9539,10.8039],[122.95,10.8073],[122.9492,10.8161],[122.9508,10.8253],[122.9483,10.8297],[122.9489,10.8367],[122.9458,10.8436],[122.9461,10.8497],[122.9428,10.8547],[122.9472,10.8528],[122.9493,10.8538],[122.9516,10.8509],[122.9547,10.851],[122.9551,10.8456],[122.9724,10.8359],[122.983,10.833],[123.0285,10.8331],[123.044,10.8267],[123.0541,10.8257],[123.0553,10.8158],[123.0626,10.8142],[123.0686,10.8148],[123.0672,10.8182],[123.0703,10.8197],[123.0752,10.8155],[123.0869,10.816],[123.0932,10.8127],[123.0952,10.809],[123.1015,10.8059],[123.1068,10.8069],[123.1096,10.8044],[123.1094,10.8024],[123.1133,10.8004],[123.1157,10.8029],[123.1205,10.8039],[123.1233,10.801],[123.1229,10.7964],[123.1347,10.7855],[123.1371,10.7801],[123.1396,10.7784],[123.1375,10.7719],[123.1455,10.7652],[123.1456,10.7631],[123.1588,10.7597],[123.2009,10.6996],[123.2541,10.6594],[123.2487,10.6515],[123.1462,10.7175],[123.137,10.7203]]]]},"properties":{"ADM3_EN":"Silay City","name":"Silay City","ADM3_PCODE":"PH64526000","psgc_code":"64526000","ADM2_EN":"Negros Occidental","ADM2_PCODE":"PH6452","ADM1_EN":"Region VI (Western Visayas)","ADM1_PCODE":"PH06","ADM0_EN":"Philippines (the)","ADM0_PCODE":"PH","region_key":"panay_guimaras","province_key":"negros_occidental","type":"City"}},{"type":"Feature","geometry":{"type":"MultiPolygon","coordinates":[[[[122.4333,9.6451],[122.4332,9.6482],[122.438,9.654],[122.4374,9.6469],[122.4352,9.6438],[122.4333,9.6451]]],[[[122.4441,9.6652],[122.4441,9.6606],[122.4422,9.6575],[122.4392,9.6675],[122.4344,9.6711],[122.4308,9.6714],[122.4225,9.6636],[122.415,9.66],[122.408,9.6594],[122.4059,9.6642],[122.4042,9.6647],[122.4022,9.6728],[122.4002,9.6744],[122.3983,9.6728],[122.3976,9.6747],[122.3994,9.6754],[122.3997,9.6806],[122.4042,9.6794],[122.4203,9.6933],[122.4217,9.6975],[122.4208,9.7017],[122.4156,9.7058],[122.4128,9.7056],[122.4014,9.6939],[122.3967,9.6917],[122.3906,9.6961],[122.39,9.7],[122.3867,9.7039],[122.3822,9.7053],[122.3805,9.7078],[122.3805,9.7128],[122.3889,9.7219],[122.3869,9.7247],[122.3869,9.7281],[122.3901,9.7319],[122.3911,9.7288],[122.3938,9.7307],[122.3945,9.7292],[122.3956,9.7308],[122.3952,9.7333],[122.3908,9.7347],[122.39,9.7369],[122.3953,9.7367],[122.3939,9.7397],[122.3947,9.741],[122.3964,9.74],[122.3984,9.7431],[122.3983,9.7539],[122.4004,9.7564],[122.3984,9.7578],[122.3992,9.7653],[122.3976,9.776],[122.3956,9.7757],[122.3931,9.785],[122.3897,9.7867],[122.3914,9.7889],[122.3883,9.7892],[122.3894,9.7917],[122.3925,9.7925],[122.4006,9.7998],[122.3965,9.7998],[122.3953,9.8025],[122.3984,9.8033],[122.3981,9.8061],[122.3997,9.8053],[122.4003,9.8067],[122.3981,9.8092],[122.4008,9.8156],[122.3956,9.8203],[122.388,9.8197],[122.3858,9.8209],[122.3842,9.8233],[122.3869,9.8314],[122.4787,9.834],[122.5554,9.8336],[122.5576,9.6665],[122.4441,9.6652]]],[[[122.366,9.8298],[122.368,9.83],[122.3691,9.8291],[122.3663,9.8276],[122.366,9.8298]]]]},"properties":{"ADM3_EN":"Sipalay City","name":"Sipalay City","ADM3_PCODE":"PH64527000","psgc_code":"64527000","ADM2_EN":"Negros Occidental","ADM2_PCODE":"PH6452","ADM1_EN":"Region VI (Western Visayas)","ADM1_PCODE":"PH06","ADM0_EN":"Philippines (the)","ADM0_PCODE":"PH","region_key":"panay_guimaras","province_key":"negros_occidental","type":"City"}},{"type":"Feature","geometry":{"type":"MultiPolygon","coordinates":[[[[123.067,10.6799],[123.0579,10.6853],[123.0543,10.6851],[123.047,10.6879],[123.0397,10.6851],[123.0376,10.6868],[123.0313,10.685],[123.0142,10.6864],[123.0066,10.69],[123.0023,10.6976],[123.0026,10.7001],[123.0007,10.7013],[123.0015,10.7061],[122.9991,10.7077],[122.9461,10.7214],[122.9453,10.7242],[122.9478,10.727],[122.9564,10.7247],[122.9588,10.7255],[122.9625,10.7305],[122.9612,10.7379],[122.9628,10.7387],[122.9625,10.7417],[122.9597,10.7461],[122.9629,10.7486],[122.9638,10.7532],[122.9612,10.7693],[122.9635,10.7748],[122.977,10.7699],[122.9925,10.7607],[123.0184,10.7543],[123.0246,10.772],[123.035,10.7662],[123.0556,10.7502],[123.0742,10.7449],[123.0893,10.7307],[123.119,10.7258],[123.1462,10.7175],[123.2487,10.6515],[123.2379,10.6372],[123.2231,10.6319],[123.2076,10.629],[123.1907,10.634],[123.1521,10.6558],[123.1301,10.6631],[123.1136,10.6607],[123.0959,10.6711],[123.0759,10.6747],[123.067,10.6799]]]]},"properties":{"ADM3_EN":"Talisay City","name":"Talisay City","ADM3_PCODE":"PH64528000","psgc_code":"64528000","ADM2_EN":"Negros Occidental","ADM2_PCODE":"PH6452","ADM1_EN":"Region VI (Western Visayas)","ADM1_PCODE":"PH06","ADM0_EN":"Philippines (the)","ADM0_PCODE":"PH","region_key":"panay_guimaras","province_key":"negros_occidental","type":"City"}},{"type":"Feature","geometry":{"type":"MultiPolygon","coordinates":[[[[123.4257,10.6983],[123.3626,10.714],[123.3296,10.7245],[123.3509,10.7455],[123.3608,10.7492],[123.4378,10.7486],[123.4464,10.7524],[123.4723,10.7458],[123.4751,10.7466],[123.4775,10.7495],[123.478,10.754],[123.4971,10.7691],[123.4994,10.7667],[123.5074,10.7672],[123.5106,10.764],[123.5206,10.762],[123.5262,10.7628],[123.5269,10.7606],[123.5297,10.7603],[123.5269,10.7589],[123.5303,10.7578],[123.5328,10.7531],[123.5311,10.7399],[123.5258,10.7295],[123.52,10.7269],[123.5174,10.7213],[123.5241,10.7179],[123.5246,10.716],[123.5156,10.712],[123.5094,10.7066],[123.5102,10.6975],[123.5051,10.6886],[123.5037,10.6777],[123.4529,10.6922],[123.4257,10.6983]]]]},"properties":{"ADM3_EN":"Toboso","name":"Toboso","ADM3_PCODE":"PH64529000","psgc_code":"64529000","ADM2_EN":"Negros Occidental","ADM2_PCODE":"PH6452","ADM1_EN":"Region VI (Western Visayas)","ADM1_PCODE":"PH06","ADM0_EN":"Philippines (the)","ADM0_PCODE":"PH","region_key":"panay_guimaras","province_key":"negros_occidental","type":"Municipality"}},{"type":"Feature","geometry":{"type":"MultiPolygon","coordinates":[[[[122.8282,10.4339],[122.8239,10.4411],[122.8203,10.4803],[122.8308,10.5106],[122.8478,10.495],[122.8586,10.4811],[122.8643,10.4785],[122.8684,10.4739],[122.8704,10.4738],[122.8986,10.4513],[122.8974,10.4312],[122.8741,10.4398],[122.8538,10.4384],[122.8368,10.4392],[122.8291,10.4327],[122.8282,10.4339]]]]},"properties":{"ADM3_EN":"Valladolid","name":"Valladolid","ADM3_PCODE":"PH64530000","psgc_code":"64530000","ADM2_EN":"Negros Occidental","ADM2_PCODE":"PH6453","ADM1_EN":"Region VI (Western Visayas)","ADM1_PCODE":"PH06","ADM0_EN":"Philippines (the)","ADM0_PCODE":"PH","region_key":"panay_guimaras","province_key":"negros_occidental","type":"Municipality"}},{"type":"Feature","geometry":{"type":"MultiPolygon","coordinates":[[[[123.1255,10.8243],[123.1115,10.8344],[123.1019,10.837],[123.0818,10.8496],[123.077,10.8502],[123.0732,10.847],[123.0674,10.8454],[123.0506,10.8501],[123.0468,10.8596],[123.0438,10.8633],[123.0482,10.8719],[123.0421,10.8825],[123.0411,10.9025],[123.0438,10.9093],[123.0417,10.915],[123.049,10.9205],[123.0591,10.9176],[123.0603,10.9132],[123.058,10.9078],[123.0586,10.9061],[123.061,10.9056],[123.0587,10.9085],[123.0617,10.9155],[123.0641,10.917],[123.0673,10.9124],[123.0687,10.9143],[123.0747,10.915],[123.0743,10.9139],[123.0776,10.9124],[123.0816,10.9146],[123.0907,10.912],[123.1321,10.8721],[123.1488,10.8509],[123.1816,10.8208],[123.182,10.8094],[123.2009,10.6996],[123.1566,10.8103],[123.1506,10.8179],[123.1255,10.8243]]],[[[123.0395,10.9139],[123.0339,10.9156],[123.035,10.9173],[123.0336,10.9195],[123.0359,10.92],[123.0343,10.9214],[123.0397,10.9236],[123.0475,10.9233],[123.0486,10.9223],[123.0464,10.919],[123.0451,10.9179],[123.0438,10.9192],[123.0395,10.9139]]]]},"properties":{"ADM3_EN":"Victorias City","name":"Victorias City","ADM3_PCODE":"PH64531000","psgc_code":"64531000","ADM2_EN":"Negros Occidental","ADM2_PCODE":"PH6453","ADM1_EN":"Region VI (Western Visayas)","ADM1_PCODE":"PH06","ADM0_EN":"Philippines (the)","ADM0_PCODE":"PH","region_key":"panay_guimaras","province_key":"negros_occidental","type":"City"}}]}