{"type": "FeatureCollection", "name": "region_philippines_simplified", "region_key": "philippines", "feature_count": 187, "features": [{"type": "Feature", "properties": {"ADM3_EN": "Ajuy", "ADM3_PCODE": "PH0603001", "ADM2_EN": "Iloilo", "ADM2_PCODE": "PH06030", "ADM1_EN": "Region VI (Western Visayas)", "ADM1_PCODE": "PH06", "ADM0_EN": "Philippines (the)", "ADM0_PCODE": "PH", "date": "2022-11-09", "validOn": "2023-11-06", "validTo": null, "ADM3_REF": null, "ADM3ALT1EN": null, "Shape_Leng": 1.18203669439, "Shape_Area": 0.0141538670989, "AREA_SQKM": 171.021124157, "psgc_id": "PH0603001", "psgc_code": "0603001000", "psgc_name": "Ajuy", "psgc_status": "matched", "match_confidence": 1.0, "psgc_type": "municipality", "match_method": "exact", "region_key": "panay", "province_key": "iloilo"}, "geometry": {"type": "MultiPolygon", "coordinates": [[[[123.0453, 11.2184], [123.046, 11.2043], [123.0649, 11.1981], [123.0682, 11.1776], [123.0799, 11.1651], [123.0949, 11.1627], [123.0924, 11.1481], [123.0761, 11.1506], [123.0799, 11.1564], [123.0699, 11.1664], [123.0421, 11.1718], [123.0291, 11.1668], [123.0163, 11.1398], [123.0092, 11.0932], [122.9887, 11.0746], [122.9813, 11.0759], [122.9852, 11.0682], [122.9762, 11.0592], [122.9756, 11.0701], [122.9531, 11.0683], [122.9498, 11.0575], [122.9632, 11.048], [122.9403, 11.0281], [122.9344, 11.0437], [122.9437, 11.0579], [122.927, 11.0665], [122.9283, 11.0882], [122.9422, 11.1136], [122.9449, 11.1764], [122.9586, 11.2068], [123.003, 11.2231], [123.0453, 11.2184]]], [[[123.0483, 11.1477], [123.0497, 11.1435], [123.0485, 11.1425], [123.0483, 11.1477]]], [[[123.1388, 11.131], [123.1264, 11.1035], [123.1208, 11.098], [123.1161, 11.1001], [123.1152, 11.1256], [123.1074, 11.1324], [123.113, 11.1441], [123.1215, 11.1319], [123.1388, 11.131]]], [[[123.0497, 11.1331], [123.0456, 11.1326], [123.0471, 11.1349], [123.0497, 11.1331]]], [[[123.1558, 11.0967], [123.1548, 11.0938], [123.1526, 11.0969], [123.1558, 11.0967]]], [[[123.0232, 11.0734], [123.0187, 11.0795], [123.0189, 11.0807], [123.0232, 11.0811], [123.0232, 11.0734]]], [[[123.0148, 11.0771], [123.0111, 11.0737], [123.0126, 11.0789], [123.0148, 11.0771]]]]}}, {"type": "Feature", "properties": {"ADM3_EN": "Alimodian", "ADM3_PCODE": "PH0603002", "ADM2_EN": "Iloilo", "ADM2_PCODE": "PH06030", "ADM1_EN": "Region VI (Western Visayas)", "ADM1_PCODE": "PH06", "ADM0_EN": "Philippines (the)", "ADM0_PCODE": "PH", "date": "2022-11-09", "validOn": "2023-11-06", "validTo": null, "ADM3_REF": null, "ADM3ALT1EN": null, "Shape_Leng": 0.626482053552, "Shape_Area": 0.0083667214901, "AREA_SQKM": 101.192135119, "psgc_id": "PH0603002", "psgc_code": "0603002000", "psgc_name": "Alimodian", "psgc_status": "matched", "match_confidence": 1.0, "psgc_type": "municipality", "match_method": "exact", "region_key": "panay", "province_key": "iloilo"}, "geometry": {"type": "Polygon", "coordinates": [[[122.297, 10.9256], [122.3234, 10.9231], [122.3345, 10.9023], [122.3582, 10.91], [122.3922, 10.8753], [122.4067, 10.8781], [122.4226, 10.8545], [122.4382, 10.8538], [122.4715, 10.822], [122.4434, 10.7836], [122.4217, 10.7738], [122.4112, 10.807], [122.3725, 10.8428], [122.3501, 10.8756], [122.3304, 10.873], [122.3274, 10.8882], [122.315, 10.8912], [122.3086, 10.8851], [122.2818, 10.9078], [122.297, 10.9256]]]}}, {"type": "Feature", "properties": {"ADM3_EN": "Altavas", "ADM3_PCODE": "PH0600401", "ADM2_EN": "Aklan", "ADM2_PCODE": "PH06004", "ADM1_EN": "Region VI (Western Visayas)", "ADM1_PCODE": "PH06", "ADM0_EN": "Philippines (the)", "ADM0_PCODE": "PH", "date": "2022-11-09", "validOn": "2023-11-06", "validTo": null, "ADM3_REF": null, "ADM3ALT1EN": null, "Shape_Leng": 0.50879840768, "Shape_Area": 0.00786399339384, "AREA_SQKM": 94.9010399281, "psgc_id": "PH0600401", "psgc_code": "0600401000", "psgc_name": "Altavas", "psgc_status": "matched", "match_confidence": 1.0, "psgc_type": "municipality", "match_method": "exact", "region_key": "panay", "province_key": "aklan"}, "geometry": {"type": "Polygon", "coordinates": [[[122.5327, 11.5182], [122.5267, 11.5128], [122.53, 11.4932], [122.5049, 11.4847], [122.4836, 11.489], [122.4738, 11.4763], [122.4051, 11.4777], [122.4009, 11.5116], [122.4103, 11.5221], [122.4076, 11.5393], [122.42, 11.5517], [122.4477, 11.5574], [122.4688, 11.551], [122.4885, 11.5613], [122.5035, 11.5277], [122.5259, 11.5263], [122.5327, 11.5182]]]}}, {"type": "Feature", "properties": {"ADM3_EN": "Anilao", "ADM3_PCODE": "PH0603003", "ADM2_EN": "Iloilo", "ADM2_PCODE": "PH06030", "ADM1_EN": "Region VI (Western Visayas)", "ADM1_PCODE": "PH06", "ADM0_EN": "Philippines (the)", "ADM0_PCODE": "PH", "date": "2022-11-09", "validOn": "2023-11-06", "validTo": null, "ADM3_REF": null, "ADM3ALT1EN": null, "Shape_Leng": 0.411518793441, "Shape_Area": 0.00843333214674, "AREA_SQKM": 101.948392903, "psgc_id": "PH0603003", "psgc_code": "0603003000", "psgc_name": "Anilao", "psgc_status": "matched", "match_confidence": 1.0, "psgc_type": "municipality", "match_method": "exact", "region_key": "panay", "province_key": "iloilo"}, "geometry": {"type": "Polygon", "coordinates": [[[122.7821, 11.0291], [122.7763, 10.9641], [122.7621, 10.9487], [122.7214, 10.9446], [122.6886, 10.9522], [122.7037, 11.0177], [122.7279, 11.0531], [122.7233, 11.0662], [122.7419, 11.0775], [122.7821, 11.0291]]]}}, {"type": "Feature", "properties": {"ADM3_EN": "Anini-y", "ADM3_PCODE": "PH0600601", "ADM2_EN": "Antique", "ADM2_PCODE": "PH06006", "ADM1_EN": "Region VI (Western Visayas)", "ADM1_PCODE": "PH06", "ADM0_EN": "Philippines (the)", "ADM0_PCODE": "PH", "date": "2022-11-09", "validOn": "2023-11-06", "validTo": null, "ADM3_REF": null, "ADM3ALT1EN": null, "Shape_Leng": 0.387714511562, "Shape_Area": 0.00419167981164, "AREA_SQKM": 50.7627736513, "psgc_id": "PH0600601", "psgc_code": "0600601000", "psgc_name": "Anini-Y", "psgc_status": "matched", "match_confidence": 1.0, "psgc_type": "municipality", "match_method": "exact", "region_key": "panay", "province_key": "antique"}, "geometry": {"type": "MultiPolygon", "coordinates": [[[[122.0303, 10.4668], [121.9619, 10.4064], [121.9625, 10.4137], [121.9249, 10.4298], [121.9123, 10.4473], [121.9188, 10.4734], [121.9903, 10.4635], [122.0066, 10.4665], [122.013, 10.4765], [122.0303, 10.4668]]], [[[121.9215, 10.4153], [121.9163, 10.4173], [121.9226, 10.4198], [121.9215, 10.4153]]]]}}, {"type": "Feature", "properties": {"ADM3_EN": "Badiangan", "ADM3_PCODE": "PH0603004", "ADM2_EN": "Iloilo", "ADM2_PCODE": "PH06030", "ADM1_EN": "Region VI (Western Visayas)", "ADM1_PCODE": "PH06", "ADM0_EN": "Philippines (the)", "ADM0_PCODE": "PH", "date": "2022-11-09", "validOn": "2023-11-06", "validTo": null, "ADM3_REF": null, "ADM3ALT1EN": null, "Shape_Leng": 0.38942822437, "Shape_Area": 0.0053013493417, "AREA_SQKM": 64.0888291446, "psgc_id": "PH0603004", "psgc_code": "0603004000", "psgc_name": "Badiangan", "psgc_status": "matched", "match_confidence": 1.0, "psgc_type": "municipality", "match_method": "exact", "region_key": "panay", "province_key": "iloilo"}, "geometry": {"type": "Polygon", "coordinates": [[[122.5092, 11.0301], [122.5882, 10.9968], [122.5871, 10.9828], [122.5737, 10.9764], [122.5558, 10.9446], [122.4989, 10.9809], [122.4907, 10.9786], [122.4797, 10.9951], [122.4762, 11.0262], [122.4958, 11.0232], [122.5092, 11.0301]]]}}, {"type": "Feature", "properties": {"ADM3_EN": "Balasan", "ADM3_PCODE": "PH0603005", "ADM2_EN": "Iloilo", "ADM2_PCODE": "PH06030", "ADM1_EN": "Region VI (Western Visayas)", "ADM1_PCODE": "PH06", "ADM0_EN": "Philippines (the)", "ADM0_PCODE": "PH", "date": "2022-11-09", "validOn": "2023-11-06", "validTo": null, "ADM3_REF": null, "ADM3ALT1EN": null, "Shape_Leng": 0.379572033777, "Shape_Area": 0.00467270984812, "AREA_SQKM": 56.4008788788, "psgc_id": "PH0603005", "psgc_code": "0603005000", "psgc_name": "Balasan", "psgc_status": "matched", "match_confidence": 1.0, "psgc_type": "municipality", "match_method": "exact", "region_key": "panay", "province_key": "iloilo"}, "geometry": {"type": "Polygon", "coordinates": [[[123.105, 11.5014], [123.1251, 11.4916], [123.1405, 11.4923], [123.1401, 11.4831], [123.1189, 11.4723], [123.1054, 11.4409], [123.0835, 11.4296], [123.0751, 11.4084], [123.046, 11.4038], [123.0427, 11.4421], [123.074, 11.4898], [123.1055, 11.4935], [123.105, 11.5014]]]}}, {"type": "Feature", "properties": {"ADM3_EN": "Balete", "ADM3_PCODE": "PH0600402", "ADM2_EN": "Aklan", "ADM2_PCODE": "PH06004", "ADM1_EN": "Region VI (Western Visayas)", "ADM1_PCODE": "PH06", "ADM0_EN": "Philippines (the)", "ADM0_PCODE": "PH", "date": "2022-11-09", "validOn": "2023-11-06", "validTo": null, "ADM3_REF": null, "ADM3ALT1EN": null, "Shape_Leng": 0.547337381266, "Shape_Area": 0.00980796870153, "AREA_SQKM": 118.355245937, "psgc_id": "PH0600402", "psgc_code": "0600402000", "psgc_name": "Balete", "psgc_status": "matched", "match_confidence": 1.0, "psgc_type": "municipality", "match_method": "exact", "region_key": "panay", "province_key": "aklan"}, "geometry": {"type": "Polygon", "coordinates": [[[122.374, 11.6177], [122.3837, 11.5941], [122.4123, 11.5805], [122.4202, 11.5504], [122.4076, 11.5393], [122.4103, 11.5221], [122.4009, 11.5116], [122.4075, 11.4825], [122.3994, 11.4741], [122.4001, 11.456], [122.3708, 11.4276], [122.3407, 11.4502], [122.364, 11.4899], [122.3659, 11.5083], [122.3502, 11.5081], [122.3318, 11.5371], [122.3454, 11.5655], [122.3419, 11.5876], [122.3553, 11.6113], [122.374, 11.6177]]]}}, {"type": "Feature", "properties": {"ADM3_EN": "Banate", "ADM3_PCODE": "PH0603006", "ADM2_EN": "Iloilo", "ADM2_PCODE": "PH06030", "ADM1_EN": "Region VI (Western Visayas)", "ADM1_PCODE": "PH06", "ADM0_EN": "Philippines (the)", "ADM0_PCODE": "PH", "date": "2022-11-09", "validOn": "2023-11-06", "validTo": null, "ADM3_REF": null, "ADM3ALT1EN": null, "Shape_Leng": 0.447467993891, "Shape_Area": 0.00456436538127, "AREA_SQKM": 55.1704107259, "psgc_id": "PH0603006", "psgc_code": "0603006000", "psgc_name": "Banate", "psgc_status": "matched", "match_confidence": 1.0, "psgc_type": "municipality", "match_method": "exact", "region_key": "panay", "province_key": "iloilo"}, "geometry": {"type": "Polygon", "coordinates": [[[122.7965, 11.0596], [122.8546, 10.9952], [122.8463, 10.9901], [122.8315, 11.0028], [122.7831, 10.9884], [122.7821, 11.0291], [122.7419, 11.0775], [122.7713, 11.1029], [122.7965, 11.0596]]]}}, {"type": "Feature", "properties": {"ADM3_EN": "Banga", "ADM3_PCODE": "PH0600403", "ADM2_EN": "Aklan", "ADM2_PCODE": "PH06004", "ADM1_EN": "Region VI (Western Visayas)", "ADM1_PCODE": "PH06", "ADM0_EN": "Philippines (the)", "ADM0_PCODE": "PH", "date": "2022-11-09", "validOn": "2023-11-06", "validTo": null, "ADM3_REF": null, "ADM3ALT1EN": null, "Shape_Leng": 0.389224503167, "Shape_Area": 0.00534753789955, "AREA_SQKM": 64.5139326099, "psgc_id": "PH0600403", "psgc_code": "0600403000", "psgc_name": "Banga", "psgc_status": "matched", "match_confidence": 1.0, "psgc_type": "municipality", "match_method": "exact", "region_key": "panay", "province_key": "aklan"}, "geometry": {"type": "Polygon", "coordinates": [[[122.3554, 11.6561], [122.3722, 11.616], [122.3565, 11.6128], [122.3419, 11.5876], [122.3456, 11.5664], [122.3345, 11.5373], [122.3131, 11.5327], [122.2903, 11.5565], [122.3133, 11.5962], [122.3094, 11.6329], [122.3351, 11.664], [122.3554, 11.6561]]]}}, {"type": "Feature", "properties": {"ADM3_EN": "Barbaza", "ADM3_PCODE": "PH0600602", "ADM2_EN": "Antique", "ADM2_PCODE": "PH06006", "ADM1_EN": "Region VI (Western Visayas)", "ADM1_PCODE": "PH06", "ADM0_EN": "Philippines (the)", "ADM0_PCODE": "PH", "date": "2022-11-09", "validOn": "2023-11-06", "validTo": null, "ADM3_REF": null, "ADM3ALT1EN": null, "Shape_Leng": 0.652643215622, "Shape_Area": 0.0146229198576, "AREA_SQKM": 176.623488895, "psgc_id": "PH0600602", "psgc_code": "0600602000", "psgc_name": "Barbaza", "psgc_status": "matched", "match_confidence": 1.0, "psgc_type": "municipality", "match_method": "exact", "region_key": "panay", "province_key": "antique"}, "geometry": {"type": "Polygon", "coordinates": [[[122.1825, 11.342], [122.2106, 11.2781], [122.2045, 11.2459], [122.1373, 11.2328], [122.1178, 11.2186], [122.1104, 11.1936], [122.0974, 11.1867], [122.0795, 11.1589], [122.0614, 11.1736], [122.0368, 11.1673], [122.0339, 11.1997], [122.0529, 11.2261], [122.0481, 11.2452], [122.0491, 11.25], [122.0716, 11.2477], [122.0803, 11.2636], [122.0943, 11.2653], [122.1313, 11.3288], [122.1587, 11.3246], [122.1644, 11.3454], [122.1825, 11.342]]]}}, {"type": "Feature", "properties": {"ADM3_EN": "Barotac Nuevo", "ADM3_PCODE": "PH0603007", "ADM2_EN": "Iloilo", "ADM2_PCODE": "PH06030", "ADM1_EN": "Region VI (Western Visayas)", "ADM1_PCODE": "PH06", "ADM0_EN": "Philippines (the)", "ADM0_PCODE": "PH", "date": "2022-11-09", "validOn": "2023-11-06", "validTo": null, "ADM3_REF": null, "ADM3ALT1EN": null, "Shape_Leng": 0.598358424093, "Shape_Area": 0.00794228174125, "AREA_SQKM": 96.0415266402, "psgc_id": "PH0603007", "psgc_code": "0603007000", "psgc_name": "Barotac Nuevo", "psgc_status": "matched", "match_confidence": 1.0, "psgc_type": "municipality", "match_method": "exact", "region_key": "panay", "province_key": "iloilo"}, "geometry": {"type": "Polygon", "coordinates": [[[122.762, 10.9486], [122.7807, 10.9255], [122.789, 10.9], [122.7798, 10.8908], [122.7847, 10.8775], [122.7546, 10.8762], [122.7475, 10.886], [122.6937, 10.8701], [122.6899, 10.8769], [122.654, 10.8549], [122.6633, 10.8954], [122.6695, 10.904], [122.6837, 10.9043], [122.6907, 10.9194], [122.6703, 10.925], [122.6752, 10.9372], [122.6695, 10.9427], [122.6865, 10.9523], [122.7214, 10.9446], [122.762, 10.9486]]]}}, {"type": "Feature", "properties": {"ADM3_EN": "Barotac Viejo", "ADM3_PCODE": "PH0603008", "ADM2_EN": "Iloilo", "ADM2_PCODE": "PH06030", "ADM1_EN": "Region VI (Western Visayas)", "ADM1_PCODE": "PH06", "ADM0_EN": "Philippines (the)", "ADM0_PCODE": "PH", "date": "2022-11-09", "validOn": "2023-11-06", "validTo": null, "ADM3_REF": null, "ADM3ALT1EN": null, "Shape_Leng": 0.707137033426, "Shape_Area": 0.0149544052729, "AREA_SQKM": 180.728704691, "psgc_id": "PH0603008", "psgc_code": "0603008000", "psgc_name": "Barotac Viejo", "psgc_status": "matched", "match_confidence": 1.0, "psgc_type": "municipality", "match_method": "exact", "region_key": "panay", "province_key": "iloilo"}, "geometry": {"type": "Polygon", "coordinates": [[[122.9442, 11.1476], [122.9422, 11.1136], [122.9283, 11.0882], [122.9282, 11.0684], [122.9177, 11.0628], [122.9109, 11.0266], [122.8913, 11.0198], [122.8891, 11.0305], [122.8691, 11.0309], [122.8512, 11.0191], [122.8496, 11.0057], [122.7965, 11.0596], [122.7713, 11.1029], [122.8614, 11.1251], [122.8824, 11.1396], [122.8836, 11.1729], [122.9442, 11.1476]]]}}, {"type": "Feature", "properties": {"ADM3_EN": "Batad", "ADM3_PCODE": "PH0603009", "ADM2_EN": "Iloilo", "ADM2_PCODE": "PH06030", "ADM1_EN": "Region VI (Western Visayas)", "ADM1_PCODE": "PH06", "ADM0_EN": "Philippines (the)", "ADM0_PCODE": "PH", "date": "2022-11-09", "validOn": "2023-11-06", "validTo": null, "ADM3_REF": null, "ADM3ALT1EN": null, "Shape_Leng": 0.423762904164, "Shape_Area": 0.00372508316636, "AREA_SQKM": 44.9709674291, "psgc_id": "PH0603009", "psgc_code": "0603009000", "psgc_name": "Batad", "psgc_status": "matched", "match_confidence": 1.0, "psgc_type": "municipality", "match_method": "exact", "region_key": "panay", "province_key": "iloilo"}, "geometry": {"type": "MultiPolygon", "coordinates": [[[[123.1054, 11.4409], [123.1035, 11.4295], [123.1151, 11.4216], [123.1339, 11.4233], [123.1286, 11.4135], [123.1467, 11.4013], [123.1462, 11.3907], [123.1477, 11.3901], [123.1491, 11.3923], [123.1515, 11.3932], [123.1474, 11.3764], [123.0852, 11.3876], [123.0497, 11.381], [123.0351, 11.3952], [123.0751, 11.4084], [123.0835, 11.4296], [123.1054, 11.4409]]], [[[123.145, 11.412], [123.1422, 11.4103], [123.1421, 11.4135], [123.145, 11.412]]], [[[123.1477, 11.4016], [123.1475, 11.4011], [123.1471, 11.4015], [123.1477, 11.4016]]], [[[123.164, 11.388], [123.1605, 11.3872], [123.1574, 11.3878], [123.164, 11.388]]]]}}, {"type": "Feature", "properties": {"ADM3_EN": "Batan", "ADM3_PCODE": "PH0600404", "ADM2_EN": "Aklan", "ADM2_PCODE": "PH06004", "ADM1_EN": "Region VI (Western Visayas)", "ADM1_PCODE": "PH06", "ADM0_EN": "Philippines (the)", "ADM0_PCODE": "PH", "date": "2022-11-09", "validOn": "2023-11-06", "validTo": null, "ADM3_REF": null, "ADM3ALT1EN": null, "Shape_Leng": 1.0048367944, "Shape_Area": 0.00694854504346, "AREA_SQKM": 83.8374946327, "psgc_id": "PH0600404", "psgc_code": "0600404000", "psgc_name": "Batan", "psgc_status": "matched", "match_confidence": 1.0, "psgc_type": "municipality", "match_method": "exact", "region_key": "panay", "province_key": "aklan"}, "geometry": {"type": "MultiPolygon", "coordinates": [[[[122.3962, 11.6198], [122.4215, 11.5911], [122.4383, 11.6008], [122.4395, 11.5957], [122.4417, 11.594], [122.4415, 11.6046], [122.4462, 11.6089], [122.4674, 11.6003], [122.4663, 11.5907], [122.4848, 11.5751], [122.4851, 11.5645], [122.4738, 11.5639], [122.4602, 11.5803], [122.4429, 11.5803], [122.4418, 11.5682], [122.4516, 11.5563], [122.4208, 11.5512], [122.4123, 11.5805], [122.3837, 11.5941], [122.3747, 11.6096], [122.3939, 11.6115], [122.3962, 11.6198]]], [[[122.4388, 11.6009], [122.4397, 11.6025], [122.4398, 11.6], [122.4388, 11.6009]]], [[[122.4282, 11.5985], [122.43, 11.5989], [122.4286, 11.5976], [122.4282, 11.5985]]], [[[122.4398, 11.5974], [122.44, 11.5975], [122.4399, 11.5974], [122.4398, 11.5974]]], [[[122.4398, 11.5972], [122.4399, 11.5973], [122.4399, 11.5973], [122.4398, 11.5972]]], [[[122.5697, 11.5674], [122.5768, 11.5425], [122.5597, 11.5485], [122.5508, 11.5352], [122.5359, 11.5357], [122.5327, 11.5182], [122.5259, 11.5263], [122.5084, 11.5244], [122.4867, 11.5619], [122.498, 11.5827], [122.4939, 11.5933], [122.5697, 11.5674]]]]}}, {"type": "Feature", "properties": {"ADM3_EN": "Belison", "ADM3_PCODE": "PH0600603", "ADM2_EN": "Antique", "ADM2_PCODE": "PH06006", "ADM1_EN": "Region VI (Western Visayas)", "ADM1_PCODE": "PH06", "ADM0_EN": "Philippines (the)", "ADM0_PCODE": "PH", "date": "2022-11-09", "validOn": "2023-11-06", "validTo": null, "ADM3_REF": null, "ADM3ALT1EN": null, "Shape_Leng": 0.237512958765, "Shape_Area": 0.00246595592374, "AREA_SQKM": 29.8252787404, "psgc_id": "PH0600603", "psgc_code": "0600603000", "psgc_name": "Belison", "psgc_status": "matched", "match_confidence": 1.0, "psgc_type": "municipality", "match_method": "exact", "region_key": "panay", "province_key": "antique"}, "geometry": {"type": "Polygon", "coordinates": [[[122.0193, 10.8502], [122.0034, 10.8382], [121.9822, 10.8364], [121.9778, 10.813], [121.9495, 10.8245], [121.9671, 10.8738], [121.98, 10.8688], [122.0199, 10.8756], [122.0193, 10.8502]]]}}, {"type": "Feature", "properties": {"ADM3_EN": "Bingawan", "ADM3_PCODE": "PH0603010", "ADM2_EN": "Iloilo", "ADM2_PCODE": "PH06030", "ADM1_EN": "Region VI (Western Visayas)", "ADM1_PCODE": "PH06", "ADM0_EN": "Philippines (the)", "ADM0_PCODE": "PH", "date": "2022-11-09", "validOn": "2023-11-06", "validTo": null, "ADM3_REF": null, "ADM3ALT1EN": null, "Shape_Leng": 0.542435259871, "Shape_Area": 0.00473402675222, "AREA_SQKM": 57.1891134515, "psgc_id": "PH0603010", "psgc_code": "0603010000", "psgc_name": "Bingawan", "psgc_status": "matched", "match_confidence": 1.0, "psgc_type": "municipality", "match_method": "exact", "region_key": "panay", "province_key": "iloilo"}, "geometry": {"type": "MultiPolygon", "coordinates": [[[[122.6154, 11.236], [122.5902, 11.2185], [122.5799, 11.1946], [122.5883, 11.149], [122.5631, 11.1497], [122.5353, 11.1884], [122.5616, 11.2238], [122.5592, 11.2383], [122.5699, 11.2401], [122.5834, 11.258], [122.6329, 11.2666], [122.6154, 11.236]]], [[[122.4965, 11.1799], [122.5016, 11.1827], [122.5223, 11.1748], [122.5115, 11.175], [122.4965, 11.1799]]]]}}, {"type": "Feature", "properties": {"ADM3_EN": "Bugasong", "ADM3_PCODE": "PH0600604", "ADM2_EN": "Antique", "ADM2_PCODE": "PH06006", "ADM1_EN": "Region VI (Western Visayas)", "ADM1_PCODE": "PH06", "ADM0_EN": "Philippines (the)", "ADM0_PCODE": "PH", "date": "2022-11-09", "validOn": "2023-11-06", "validTo": null, "ADM3_REF": null, "ADM3ALT1EN": null, "Shape_Leng": 0.790672773113, "Shape_Area": 0.0144131807322, "AREA_SQKM": 174.18386861, "psgc_id": "PH0600604", "psgc_code": "0600604000", "psgc_name": "Bugasong", "psgc_status": "matched", "match_confidence": 1.0, "psgc_type": "municipality", "match_method": "exact", "region_key": "panay", "province_key": "antique"}, "geometry": {"type": "Polygon", "coordinates": [[[122.2399, 11.1335], [122.1873, 11.1167], [122.146, 11.0502], [122.1222, 11.0397], [122.1098, 11.0486], [122.1094, 11.028], [122.0947, 11.0121], [122.0897, 10.9889], [122.0691, 10.984], [122.0366, 10.9966], [122.0396, 11.0177], [122.0541, 11.0325], [122.0417, 11.0773], [122.0749, 11.0819], [122.1008, 11.0716], [122.1431, 11.1321], [122.1541, 11.1625], [122.1468, 11.1664], [122.1526, 11.1676], [122.1525, 11.1835], [122.1575, 11.1781], [122.1603, 11.19], [122.1805, 11.2066], [122.201, 11.2104], [122.2125, 11.1661], [122.2399, 11.1335]]]}}, {"type": "Feature", "properties": {"ADM3_EN": "Buruanga", "ADM3_PCODE": "PH0600405", "ADM2_EN": "Aklan", "ADM2_PCODE": "PH06004", "ADM1_EN": "Region VI (Western Visayas)", "ADM1_PCODE": "PH06", "ADM0_EN": "Philippines (the)", "ADM0_PCODE": "PH", "date": "2022-11-09", "validOn": "2023-11-06", "validTo": null, "ADM3_REF": null, "ADM3ALT1EN": null, "Shape_Leng": 0.521333728488, "Shape_Area": 0.00573757906584, "AREA_SQKM": 69.1627396425, "psgc_id": "PH0600405", "psgc_code": "0600405000", "psgc_name": "Buruanga", "psgc_status": "matched", "match_confidence": 1.0, "psgc_type": "municipality", "match_method": "exact", "region_key": "panay", "province_key": "aklan"}, "geometry": {"type": "Polygon", "coordinates": [[[122.0033, 11.8255], [121.9367, 11.8226], [121.9058, 11.7972], [121.8928, 11.7998], [121.8778, 11.7715], [121.8436, 11.7642], [121.8788, 11.8103], [121.889, 11.8468], [121.8766, 11.8658], [121.8851, 11.894], [121.9057, 11.8705], [121.9649, 11.8515], [122.0033, 11.8255]]]}}, {"type": "Feature", "properties": {"ADM3_EN": "Cabatuan", "ADM3_PCODE": "PH0603012", "ADM2_EN": "Iloilo", "ADM2_PCODE": "PH06030", "ADM1_EN": "Region VI (Western Visayas)", "ADM1_PCODE": "PH06", "ADM0_EN": "Philippines (the)", "ADM0_PCODE": "PH", "date": "2022-11-09", "validOn": "2023-11-06", "validTo": null, "ADM3_REF": null, "ADM3ALT1EN": null, "Shape_Leng": 0.393832898971, "Shape_Area": 0.00860009223703, "AREA_SQKM": 104.005537087, "psgc_id": "PH0603012", "psgc_code": "0603012000", "psgc_name": "Cabatuan", "psgc_status": "matched", "match_confidence": 1.0, "psgc_type": "municipality", "match_method": "exact", "region_key": "panay", "province_key": "iloilo"}, "geometry": {"type": "Polygon", "coordinates": [[[122.5496, 10.9254], [122.5529, 10.9026], [122.4987, 10.8167], [122.4718, 10.8197], [122.4328, 10.8538], [122.4825, 10.9444], [122.5496, 10.9254]]]}}, {"type": "Feature", "properties": {"ADM3_EN": "Calinog", "ADM3_PCODE": "PH0603013", "ADM2_EN": "Iloilo", "ADM2_PCODE": "PH06030", "ADM1_EN": "Region VI (Western Visayas)", "ADM1_PCODE": "PH06", "ADM0_EN": "Philippines (the)", "ADM0_PCODE": "PH", "date": "2022-11-09", "validOn": "2023-11-06", "validTo": null, "ADM3_REF": null, "ADM3ALT1EN": null, "Shape_Leng": 0.590018477336, "Shape_Area": 0.0111495450817, "AREA_SQKM": 134.716944748, "psgc_id": "PH0603013", "psgc_code": "0603013000", "psgc_name": "Calinog", "psgc_status": "matched", "match_confidence": 1.0, "psgc_type": "municipality", "match_method": "exact", "region_key": "panay", "province_key": "iloilo"}, "geometry": {"type": "Polygon", "coordinates": [[[122.5362, 11.197], [122.5353, 11.1884], [122.5631, 11.1497], [122.5883, 11.149], [122.5819, 11.1008], [122.5699, 11.0918], [122.5462, 11.1084], [122.5441, 11.1029], [122.5101, 11.114], [122.4804, 11.1308], [122.4604, 11.1248], [122.4244, 11.128], [122.3953, 11.1901], [122.4522, 11.193], [122.5223, 11.1748], [122.5016, 11.1827], [122.5362, 11.197]]]}}, {"type": "Feature", "properties": {"ADM3_EN": "Caluya", "ADM3_PCODE": "PH0600605", "ADM2_EN": "Antique", "ADM2_PCODE": "PH06006", "ADM1_EN": "Region VI (Western Visayas)", "ADM1_PCODE": "PH06", "ADM0_EN": "Philippines (the)", "ADM0_PCODE": "PH", "date": "2022-11-09", "validOn": "2023-11-06", "validTo": null, "ADM3_REF": null, "ADM3ALT1EN": null, "Shape_Leng": 1.75223890303, "Shape_Area": 0.0114901185547, "AREA_SQKM": 138.436620525, "psgc_id": "PH0600605", "psgc_code": "0600605000", "psgc_name": "Caluya", "psgc_status": "matched", "match_confidence": 1.0, "psgc_type": "municipality", "match_method": "exact", "region_key": "panay", "province_key": "antique"}, "geometry": {"type": "MultiPolygon", "coordinates": [[[[121.4341, 12.2069], [121.4341, 12.1971], [121.4271, 12.1951], [121.4217, 12.2047], [121.4341, 12.2069]]], [[[121.3957, 12.1553], [121.3967, 12.1543], [121.3961, 12.1539], [121.3957, 12.1553]]], [[[121.3888, 11.9832], [121.3633, 12.0318], [121.3644, 12.054], [121.3535, 12.0551], [121.3714, 12.0566], [121.3817, 12.0705], [121.3724, 12.0777], [121.3638, 12.0678], [121.3617, 12.0855], [121.3495, 12.0902], [121.3485, 12.0834], [121.3431, 12.0878], [121.3476, 12.0859], [121.3484, 12.0865], [121.3443, 12.0892], [121.3476, 12.0889], [121.3472, 12.0927], [121.3452, 12.0964], [121.3562, 12.0995], [121.3486, 12.0994], [121.3525, 12.1196], [121.3605, 12.1151], [121.3811, 12.1258], [121.3901, 12.1224], [121.3933, 12.1092], [121.4144, 12.0989], [121.4056, 12.0985], [121.3981, 12.0859], [121.405, 12.08], [121.3967, 12.0851], [121.3924, 12.076], [121.398, 12.0781], [121.4106, 12.0403], [121.4233, 12.0381], [121.4273, 12.0294], [121.4186, 12.0105], [121.4016, 12.0003], [121.3888, 11.9832]]], [[[121.5837, 12.0988], [121.579, 12.0959], [121.5683, 12.0958], [121.5774, 12.11], [121.5837, 12.0988]]], [[[121.3478, 12.1012], [121.3479, 12.101], [121.3477, 12.1011], [121.3478, 12.1012]]], [[[121.348, 12.1009], [121.3479, 12.1007], [121.3478, 12.101], [121.348, 12.1009]]], [[[121.3446, 12.0953], [121.3449, 12.0951], [121.3448, 12.095], [121.3446, 12.0953]]], [[[121.3443, 12.0945], [121.3441, 12.0942], [121.3442, 12.0946], [121.3443, 12.0945]]], [[[121.3443, 12.0942], [121.3444, 12.0941], [121.3443, 12.0941], [121.3443, 12.0942]]], [[[121.3448, 12.0929], [121.344, 12.0921], [121.3445, 12.094], [121.3448, 12.0929]]], [[[121.3435, 12.0933], [121.344, 12.0929], [121.3436, 12.0925], [121.3435, 12.0933]]], [[[121.3468, 12.0906], [121.3472, 12.0904], [121.3467, 12.0906], [121.3468, 12.0906]]], [[[121.3448, 12.0848], [121.3434, 12.085], [121.3434, 12.0854], [121.3448, 12.0848]]], [[[121.3615, 12.0821], [121.3587, 12.0813], [121.361, 12.084], [121.3615, 12.0821]]], [[[121.3603, 12.0772], [121.3569, 12.0729], [121.3556, 12.0759], [121.3603, 12.0772]]], [[[121.3606, 12.0702], [121.3604, 12.0717], [121.3614, 12.0716], [121.3606, 12.0702]]], [[[121.3618, 12.0703], [121.3611, 12.0705], [121.3621, 12.0711], [121.3618, 12.0703]]], [[[121.3589, 12.0703], [121.3582, 12.0703], [121.3585, 12.0706], [121.3589, 12.0703]]], [[[121.3615, 12.0673], [121.3607, 12.0671], [121.361, 12.0675], [121.3615, 12.0673]]], [[[121.4079, 12.0511], [121.408, 12.0511], [121.4079, 12.051], [121.4079, 12.0511]]], [[[121.4014, 11.9981], [121.4011, 11.9981], [121.4011, 11.9982], [121.4014, 11.9981]]], [[[121.4011, 11.9971], [121.4005, 11.9969], [121.4009, 11.9975], [121.4011, 11.9971]]], [[[121.3795, 11.9949], [121.3798, 11.9948], [121.3796, 11.9948], [121.3795, 11.9949]]], [[[121.5566, 11.9692], [121.5599, 11.9905], [121.5673, 11.9784], [121.5566, 11.9692]]], [[[121.5568, 11.9685], [121.5563, 11.9686], [121.5564, 11.9688], [121.5568, 11.9685]]], [[[121.5753, 11.9392], [121.5717, 11.9299], [121.583, 11.9055], [121.55, 11.8924], [121.5403, 11.9021], [121.5471, 11.9352], [121.5379, 11.95], [121.5559, 11.9593], [121.5753, 11.9392]]], [[[121.573, 11.9278], [121.5733, 11.928], [121.5734, 11.9279], [121.573, 11.9278]]], [[[121.4267, 11.868], [121.4752, 11.8637], [121.4796, 11.865], [121.4977, 11.861], [121.5128, 11.8614], [121.5304, 11.8436], [121.5153, 11.8264], [121.4781, 11.8255], [121.4541, 11.831], [121.4517, 11.8393], [121.4385, 11.8365], [121.4381, 11.8428], [121.4137, 11.8353], [121.4267, 11.868]]], [[[121.2953, 11.8568], [121.2888, 11.8616], [121.2827, 11.8632], [121.2901, 11.8642], [121.2953, 11.8568]]], [[[121.4789, 11.865], [121.4793, 11.865], [121.4792, 11.8649], [121.4789, 11.865]]], [[[121.4777, 11.8649], [121.4777, 11.8647], [121.4775, 11.8648], [121.4777, 11.8649]]], [[[121.5021, 11.8625], [121.5025, 11.8626], [121.5027, 11.8624], [121.5021, 11.8625]]], [[[121.4994, 11.8623], [121.4995, 11.8621], [121.4989, 11.8624], [121.4994, 11.8623]]], [[[121.3174, 11.8589], [121.3193, 11.8599], [121.3214, 11.8575], [121.3174, 11.8589]]], [[[121.3214, 11.8555], [121.3243, 11.8522], [121.3233, 11.8528], [121.3214, 11.8555]]]]}}, {"type": "Feature", "properties": {"ADM3_EN": "Carles", "ADM3_PCODE": "PH0603014", "ADM2_EN": "Iloilo", "ADM2_PCODE": "PH06030", "ADM1_EN": "Region VI (Western Visayas)", "ADM1_PCODE": "PH06", "ADM0_EN": "Philippines (the)", "ADM0_PCODE": "PH", "date": "2022-11-09", "validOn": "2023-11-06", "validTo": null, "ADM3_REF": null, "ADM3ALT1EN": null, "Shape_Leng": 1.9085074821, "Shape_Area": 0.00855908420879, "AREA_SQKM": 103.286967137, "psgc_id": "PH0603014", "psgc_code": "0603014000", "psgc_name": "Carles", "psgc_status": "matched", "match_confidence": 1.0, "psgc_type": "municipality", "match_method": "exact", "region_key": "panay", "province_key": "iloilo"}, "geometry": {"type": "MultiPolygon", "coordinates": [[[[123.3488, 11.6061], [123.3409, 11.6307], [123.3577, 11.6388], [123.3598, 11.6332], [123.3488, 11.6061]]], [[[123.3727, 11.6372], [123.3712, 11.6378], [123.3724, 11.6383], [123.3727, 11.6372]]], [[[123.3604, 11.6097], [123.362, 11.6096], [123.3602, 11.6087], [123.3604, 11.6097]]], [[[123.1788, 11.6042], [123.1784, 11.6027], [123.1777, 11.6039], [123.1788, 11.6042]]], [[[123.3319, 11.5728], [123.3211, 11.5874], [123.3289, 11.598], [123.3456, 11.5928], [123.3565, 11.6007], [123.3556, 11.5851], [123.3454, 11.589], [123.3319, 11.5728]]], [[[123.131, 11.4983], [123.105, 11.5014], [123.1055, 11.4935], [123.074, 11.4898], [123.0753, 11.5101], [123.0856, 11.5145], [123.0976, 11.5444], [123.1312, 11.5711], [123.1492, 11.598], [123.1455, 11.5869], [123.1628, 11.5672], [123.1623, 11.5564], [123.1495, 11.5479], [123.1365, 11.5065], [123.131, 11.5186], [123.1204, 11.5245], [123.1174, 11.5119], [123.131, 11.4983]]], [[[123.2184, 11.5879], [123.2034, 11.5854], [123.2086, 11.593], [123.2184, 11.5879]]], [[[123.2808, 11.5761], [123.2771, 11.5857], [123.2783, 11.5889], [123.2824, 11.5816], [123.2808, 11.5761]]], [[[123.3582, 11.5705], [123.3572, 11.5712], [123.3609, 11.5737], [123.3582, 11.5705]]], [[[123.349, 11.5705], [123.3473, 11.5649], [123.3485, 11.571], [123.349, 11.5705]]], [[[123.2393, 11.5604], [123.2257, 11.5451], [123.2334, 11.5587], [123.2393, 11.5604]]], [[[123.3448, 11.5567], [123.3468, 11.556], [123.3453, 11.5545], [123.3448, 11.5567]]], [[[123.1932, 11.5439], [123.1942, 11.5426], [123.1934, 11.5421], [123.1932, 11.5439]]], [[[123.1956, 11.5378], [123.2007, 11.5346], [123.1971, 11.5283], [123.192, 11.5292], [123.1956, 11.5378]]], [[[123.1609, 11.491], [123.1546, 11.492], [123.1623, 11.498], [123.1665, 11.5235], [123.1801, 11.5253], [123.188, 11.5378], [123.1914, 11.5248], [123.196, 11.5253], [123.191, 11.5121], [123.1757, 11.5111], [123.1609, 11.491]]], [[[123.1384, 11.5014], [123.1228, 11.5116], [123.1239, 11.5189], [123.1384, 11.5014]]], [[[123.1982, 11.5163], [123.1974, 11.5171], [123.198, 11.5175], [123.1982, 11.5163]]], [[[123.1989, 11.4663], [123.1909, 11.4782], [123.2044, 11.4909], [123.1986, 11.5035], [123.2184, 11.5095], [123.226, 11.4956], [123.2283, 11.5155], [123.2338, 11.5139], [123.2394, 11.5072], [123.2352, 11.4649], [123.2176, 11.4597], [123.1989, 11.4663]]], [[[123.183, 11.5006], [123.1844, 11.5013], [123.184, 11.5009], [123.183, 11.5006]]], [[[123.1731, 11.4934], [123.1799, 11.4957], [123.1734, 11.4913], [123.1731, 11.4934]]], [[[123.1846, 11.495], [123.1851, 11.4962], [123.1856, 11.496], [123.1846, 11.495]]], [[[123.1849, 11.4766], [123.1805, 11.4828], [123.1909, 11.4946], [123.1962, 11.4879], [123.1849, 11.4766]]], [[[123.1856, 11.4918], [123.1814, 11.4927], [123.1861, 11.4934], [123.1856, 11.4918]]], [[[123.2503, 11.4848], [123.2589, 11.4866], [123.2569, 11.4845], [123.2503, 11.4848]]], [[[123.1974, 11.4879], [123.1969, 11.4882], [123.1975, 11.488], [123.1974, 11.4879]]], [[[123.1859, 11.475], [123.1911, 11.4693], [123.1852, 11.4705], [123.1859, 11.475]]], [[[123.2507, 11.4234], [123.2428, 11.4537], [123.2504, 11.4664], [123.2735, 11.4569], [123.2774, 11.4466], [123.2615, 11.4236], [123.2507, 11.4234]]], [[[123.2818, 11.4581], [123.2842, 11.4553], [123.2778, 11.4558], [123.2818, 11.4581]]]]}}, {"type": "Feature", "properties": {"ADM3_EN": "Concepcion", "ADM3_PCODE": "PH0603015", "ADM2_EN": "Iloilo", "ADM2_PCODE": "PH06030", "ADM1_EN": "Region VI (Western Visayas)", "ADM1_PCODE": "PH06", "ADM0_EN": "Philippines (the)", "ADM0_PCODE": "PH", "date": "2022-11-09", "validOn": "2023-11-06", "validTo": null, "ADM3_REF": null, "ADM3ALT1EN": null, "Shape_Leng": 1.37604795601, "Shape_Area": 0.00756432496212, "AREA_SQKM": 91.3768757693, "psgc_id": "PH0603015", "psgc_code": "0603015000", "psgc_name": "Concepcion", "psgc_status": "matched", "match_confidence": 1.0, "psgc_type": "municipality", "match_method": "exact", "region_key": "panay", "province_key": "iloilo"}, "geometry": {"type": "MultiPolygon", "coordinates": [[[[123.1809, 11.3248], [123.1793, 11.3247], [123.1808, 11.3257], [123.1809, 11.3248]]], [[[123.1813, 11.3247], [123.1811, 11.325], [123.1813, 11.3251], [123.1813, 11.3247]]], [[[123.1784, 11.3157], [123.1752, 11.3201], [123.1812, 11.3197], [123.1784, 11.3157]]], [[[123.1699, 11.3143], [123.1687, 11.3148], [123.1703, 11.3153], [123.1699, 11.3143]]], [[[123.1497, 11.2474], [123.1561, 11.2774], [123.1566, 11.312], [123.1708, 11.3094], [123.1713, 11.2994], [123.1805, 11.3061], [123.1932, 11.2947], [123.1684, 11.2722], [123.1666, 11.2541], [123.1594, 11.2593], [123.1567, 11.2515], [123.1497, 11.2474]]], [[[123.1539, 11.3043], [123.1531, 11.3044], [123.1535, 11.3049], [123.1539, 11.3043]]], [[[123.121, 11.2135], [123.1232, 11.2366], [123.1346, 11.2462], [123.133, 11.2646], [123.1452, 11.2664], [123.1347, 11.2234], [123.121, 11.2135]]], [[[123.1725, 11.2598], [123.1796, 11.2634], [123.1762, 11.2564], [123.1725, 11.2598]]], [[[123.0949, 11.2429], [123.0937, 11.2242], [123.1164, 11.2131], [123.1279, 11.1816], [123.1213, 11.1647], [123.1039, 11.1559], [123.0849, 11.1746], [123.0682, 11.1776], [123.0649, 11.1981], [123.046, 11.2043], [123.0453, 11.2184], [123.058, 11.2277], [123.0601, 11.2589], [123.0949, 11.2429]]], [[[123.2145, 11.2497], [123.2137, 11.2355], [123.1983, 11.2354], [123.2019, 11.2453], [123.2145, 11.2497]]], [[[123.1959, 11.2374], [123.1949, 11.236], [123.1949, 11.2384], [123.1959, 11.2374]]], [[[123.1555, 11.2334], [123.1621, 11.2293], [123.1549, 11.2288], [123.1555, 11.2334]]], [[[123.1926, 11.227], [123.1974, 11.2276], [123.1959, 11.224], [123.1926, 11.227]]], [[[123.1727, 11.193], [123.1624, 11.1949], [123.1567, 11.2111], [123.1669, 11.2231], [123.1896, 11.22], [123.1727, 11.193]]], [[[123.3391, 11.1978], [123.3416, 11.2006], [123.3406, 11.1978], [123.3391, 11.1978]]], [[[123.1563, 11.1781], [123.1559, 11.1825], [123.1583, 11.185], [123.1563, 11.1781]]], [[[123.1757, 11.1864], [123.1765, 11.1834], [123.1727, 11.1865], [123.1757, 11.1864]]], [[[123.1681, 11.1806], [123.1698, 11.181], [123.1691, 11.1798], [123.1681, 11.1806]]], [[[123.1388, 11.131], [123.1215, 11.1319], [123.1136, 11.1457], [123.1519, 11.1525], [123.1524, 11.1421], [123.1464, 11.1439], [123.1388, 11.131]]]]}}, {"type": "Feature", "properties": {"ADM3_EN": "Cuartero", "ADM3_PCODE": "PH0601901", "ADM2_EN": "Capiz", "ADM2_PCODE": "PH06019", "ADM1_EN": "Region VI (Western Visayas)", "ADM1_PCODE": "PH06", "ADM0_EN": "Philippines (the)", "ADM0_PCODE": "PH", "date": "2022-11-09", "validOn": "2023-11-06", "validTo": null, "ADM3_REF": null, "ADM3ALT1EN": null, "Shape_Leng": 0.624551628759, "Shape_Area": 0.00873840243501, "AREA_SQKM": 105.526973808, "psgc_id": "PH0601901", "psgc_code": "0601901000", "psgc_name": "Cuartero", "psgc_status": "matched", "match_confidence": 1.0, "psgc_type": "municipality", "match_method": "exact", "region_key": "panay", "province_key": "capiz"}, "geometry": {"type": "Polygon", "coordinates": [[[122.7586, 11.3449], [122.7811, 11.3286], [122.8127, 11.323], [122.8239, 11.3286], [122.8419, 11.319], [122.8448, 11.3048], [122.8536, 11.305], [122.8736, 11.2779], [122.8551, 11.2559], [122.8446, 11.2603], [122.8335, 11.2823], [122.8106, 11.2704], [122.802, 11.2761], [122.7973, 11.2954], [122.763, 11.2998], [122.7209, 11.2926], [122.6696, 11.3063], [122.6586, 11.3169], [122.6682, 11.3313], [122.6525, 11.3382], [122.6562, 11.3532], [122.7004, 11.346], [122.7265, 11.3329], [122.7468, 11.3317], [122.7586, 11.3449]]]}}, {"type": "Feature", "properties": {"ADM3_EN": "Culasi", "ADM3_PCODE": "PH0600606", "ADM2_EN": "Antique", "ADM2_PCODE": "PH06006", "ADM1_EN": "Region VI (Western Visayas)", "ADM1_PCODE": "PH06", "ADM0_EN": "Philippines (the)", "ADM0_PCODE": "PH", "date": "2022-11-09", "validOn": "2023-11-06", "validTo": null, "ADM3_REF": null, "ADM3ALT1EN": null, "Shape_Leng": 0.819095905502, "Shape_Area": 0.016314625291, "AREA_SQKM": 196.943645965, "psgc_id": "PH0600606", "psgc_code": "0600606000", "psgc_name": "Culasi", "psgc_status": "matched", "match_confidence": 1.0, "psgc_type": "municipality", "match_method": "exact", "region_key": "panay", "province_key": "antique"}, "geometry": {"type": "MultiPolygon", "coordinates": [[[[121.6989, 11.5933], [121.6909, 11.5948], [121.6851, 11.6087], [121.6956, 11.6041], [121.6989, 11.5933]]], [[[122.1825, 11.342], [122.1218, 11.3516], [122.093, 11.3654], [122.0792, 11.3574], [122.06, 11.3592], [122.0625, 11.3758], [122.0501, 11.4102], [122.0601, 11.4514], [122.0516, 11.4693], [122.0732, 11.4771], [122.0846, 11.501], [122.1066, 11.5185], [122.1443, 11.5195], [122.136, 11.5051], [122.1347, 11.4685], [122.1648, 11.4402], [122.1679, 11.4009], [122.1881, 11.3924], [122.1937, 11.3749], [122.1825, 11.342]]], [[[121.8901, 11.4708], [121.9285, 11.4784], [121.9304, 11.4763], [121.9312, 11.4737], [121.9155, 11.4629], [121.8901, 11.4708]]], [[[122.0157, 11.4096], [122.023, 11.4174], [122.0281, 11.4155], [122.0157, 11.4096]]], [[[122.015, 11.4109], [122.014, 11.4114], [122.0154, 11.4115], [122.015, 11.4109]]]]}}, {"type": "Feature", "properties": {"ADM3_EN": "Dao", "ADM3_PCODE": "PH0601902", "ADM2_EN": "Capiz", "ADM2_PCODE": "PH06019", "ADM1_EN": "Region VI (Western Visayas)", "ADM1_PCODE": "PH06", "ADM0_EN": "Philippines (the)", "ADM0_PCODE": "PH", "date": "2022-11-09", "validOn": "2023-11-06", "validTo": null, "ADM3_REF": null, "ADM3ALT1EN": null, "Shape_Leng": 0.378672425977, "Shape_Area": 0.00619468039271, "AREA_SQKM": 74.7918707836, "psgc_id": "PH0601902", "psgc_code": "0601902000", "psgc_name": "Dao", "psgc_status": "matched", "match_confidence": 1.0, "psgc_type": "municipality", "match_method": "exact", "region_key": "panay", "province_key": "capiz"}, "geometry": {"type": "Polygon", "coordinates": [[[122.7435, 11.3701], [122.7586, 11.3449], [122.7468, 11.3317], [122.7265, 11.3329], [122.7004, 11.346], [122.6562, 11.3532], [122.6469, 11.3669], [122.6644, 11.4006], [122.6875, 11.4018], [122.6985, 11.4151], [122.7348, 11.424], [122.7477, 11.4016], [122.7435, 11.3701]]]}}, {"type": "Feature", "properties": {"ADM3_EN": "Dingle", "ADM3_PCODE": "PH0603016", "ADM2_EN": "Iloilo", "ADM2_PCODE": "PH06030", "ADM1_EN": "Region VI (Western Visayas)", "ADM1_PCODE": "PH06", "ADM0_EN": "Philippines (the)", "ADM0_PCODE": "PH", "date": "2022-11-09", "validOn": "2023-11-06", "validTo": null, "ADM3_REF": null, "ADM3ALT1EN": null, "Shape_Leng": 0.509245932839, "Shape_Area": 0.00814740127206, "AREA_SQKM": 98.4885555209, "psgc_id": "PH0603016", "psgc_code": "0603016000", "psgc_name": "Dingle", "psgc_status": "matched", "match_confidence": 1.0, "psgc_type": "municipality", "match_method": "exact", "region_key": "panay", "province_key": "iloilo"}, "geometry": {"type": "Polygon", "coordinates": [[[122.7233, 11.0662], [122.7279, 11.0531], [122.7037, 11.0177], [122.6842, 10.9469], [122.6714, 10.9442], [122.6514, 10.9535], [122.6468, 10.9784], [122.6335, 10.9935], [122.5895, 10.997], [122.6041, 11.0096], [122.6145, 11.0356], [122.6284, 11.0435], [122.6622, 11.0448], [122.6921, 11.0668], [122.7233, 11.0662]]]}}, {"type": "Feature", "properties": {"ADM3_EN": "Dueñas", "ADM3_PCODE": "PH0603017", "ADM2_EN": "Iloilo", "ADM2_PCODE": "PH06030", "ADM1_EN": "Region VI (Western Visayas)", "ADM1_PCODE": "PH06", "ADM0_EN": "Philippines (the)", "ADM0_PCODE": "PH", "date": "2022-11-09", "validOn": "2023-11-06", "validTo": null, "ADM3_REF": "Duenas", "ADM3ALT1EN": null, "Shape_Leng": 0.459557115373, "Shape_Area": 0.00761881584215, "AREA_SQKM": 92.0853713718, "psgc_id": "PH0603017", "psgc_code": "0603017000", "psgc_name": "Dueñas", "psgc_status": "matched", "match_confidence": 1.0, "psgc_type": "municipality", "match_method": "exact", "region_key": "panay", "province_key": "iloilo"}, "geometry": {"type": "Polygon", "coordinates": [[[122.5747, 11.0937], [122.6105, 11.0937], [122.6556, 11.0661], [122.638, 11.0422], [122.6145, 11.0356], [122.6041, 11.0096], [122.5876, 10.9966], [122.5598, 11.0104], [122.5489, 11.0397], [122.5289, 11.0574], [122.5378, 11.0605], [122.5351, 11.0913], [122.5462, 11.1084], [122.5747, 11.0937]]]}}, {"type": "Feature", "properties": {"ADM3_EN": "Dumalag", "ADM3_PCODE": "PH0601903", "ADM2_EN": "Capiz", "ADM2_PCODE": "PH06019", "ADM1_EN": "Region VI (Western Visayas)", "ADM1_PCODE": "PH06", "ADM0_EN": "Philippines (the)", "ADM0_PCODE": "PH", "date": "2022-11-09", "validOn": "2023-11-06", "validTo": null, "ADM3_REF": null, "ADM3ALT1EN": null, "Shape_Leng": 0.412772975388, "Shape_Area": 0.00760079452044, "AREA_SQKM": 91.7885807719, "psgc_id": "PH0601903", "psgc_code": "0601903000", "psgc_name": "Dumalag", "psgc_status": "matched", "match_confidence": 1.0, "psgc_type": "municipality", "match_method": "exact", "region_key": "panay", "province_key": "capiz"}, "geometry": {"type": "Polygon", "coordinates": [[[122.6469, 11.3669], [122.6562, 11.3532], [122.6525, 11.3382], [122.6685, 11.3306], [122.6585, 11.3194], [122.6644, 11.3102], [122.6533, 11.2942], [122.6502, 11.2697], [122.5819, 11.2567], [122.5869, 11.2727], [122.5601, 11.3193], [122.578, 11.3271], [122.5966, 11.3567], [122.6469, 11.3669]]]}}, {"type": "Feature", "properties": {"ADM3_EN": "Dumangas", "ADM3_PCODE": "PH0603018", "ADM2_EN": "Iloilo", "ADM2_PCODE": "PH06030", "ADM1_EN": "Region VI (Western Visayas)", "ADM1_PCODE": "PH06", "ADM0_EN": "Philippines (the)", "ADM0_PCODE": "PH", "date": "2022-11-09", "validOn": "2023-11-06", "validTo": null, "ADM3_REF": null, "ADM3ALT1EN": null, "Shape_Leng": 0.618546362883, "Shape_Area": 0.00984299000092, "AREA_SQKM": 119.05462611, "psgc_id": "PH0603018", "psgc_code": "0603018000", "psgc_name": "Dumangas", "psgc_status": "matched", "match_confidence": 1.0, "psgc_type": "municipality", "match_method": "exact", "region_key": "panay", "province_key": "iloilo"}, "geometry": {"type": "Polygon", "coordinates": [[[122.7808, 10.8762], [122.7838, 10.8564], [122.7634, 10.8448], [122.7621, 10.8214], [122.728, 10.7825], [122.7084, 10.7745], [122.6943, 10.7905], [122.6692, 10.7967], [122.6652, 10.7806], [122.6567, 10.8041], [122.6416, 10.8042], [122.6484, 10.8139], [122.641, 10.8158], [122.6396, 10.8286], [122.6506, 10.8323], [122.6481, 10.8402], [122.6555, 10.8406], [122.6486, 10.8464], [122.6622, 10.8631], [122.6806, 10.866], [122.6899, 10.8769], [122.6937, 10.8701], [122.7475, 10.886], [122.7542, 10.8763], [122.7808, 10.8762]]]}}, {"type": "Feature", "properties": {"ADM3_EN": "Dumarao", "ADM3_PCODE": "PH0601904", "ADM2_EN": "Capiz", "ADM2_PCODE": "PH06019", "ADM1_EN": "Region VI (Western Visayas)", "ADM1_PCODE": "PH06", "ADM0_EN": "Philippines (the)", "ADM0_PCODE": "PH", "date": "2022-11-09", "validOn": "2023-11-06", "validTo": null, "ADM3_REF": null, "ADM3ALT1EN": null, "Shape_Leng": 0.710990055218, "Shape_Area": 0.0183939882545, "AREA_SQKM": 222.17609841, "psgc_id": "PH0601904", "psgc_code": "0601904000", "psgc_name": "Dumarao", "psgc_status": "matched", "match_confidence": 1.0, "psgc_type": "municipality", "match_method": "exact", "region_key": "panay", "province_key": "capiz"}, "geometry": {"type": "Polygon", "coordinates": [[[122.8446, 11.2603], [122.8667, 11.2525], [122.8731, 11.237], [122.8504, 11.1956], [122.8146, 11.1939], [122.7868, 11.1836], [122.7888, 11.1993], [122.7723, 11.2272], [122.7504, 11.2217], [122.7438, 11.2292], [122.7261, 11.2271], [122.7053, 11.2127], [122.6584, 11.2099], [122.6154, 11.236], [122.6329, 11.2666], [122.6502, 11.2697], [122.6533, 11.2942], [122.6676, 11.3103], [122.7209, 11.2926], [122.763, 11.2998], [122.7973, 11.2954], [122.802, 11.2761], [122.8106, 11.2704], [122.8335, 11.2823], [122.8446, 11.2603]]]}}, {"type": "Feature", "properties": {"ADM3_EN": "Estancia", "ADM3_PCODE": "PH0603019", "ADM2_EN": "Iloilo", "ADM2_PCODE": "PH06030", "ADM1_EN": "Region VI (Western Visayas)", "ADM1_PCODE": "PH06", "ADM0_EN": "Philippines (the)", "ADM0_PCODE": "PH", "date": "2022-11-09", "validOn": "2023-11-06", "validTo": null, "ADM3_REF": null, "ADM3ALT1EN": null, "Shape_Leng": 0.389904380221, "Shape_Area": 0.0023827683474, "AREA_SQKM": 28.760815643, "psgc_id": "PH0603019", "psgc_code": "0603019000", "psgc_name": "Estancia", "psgc_status": "matched", "match_confidence": 1.0, "psgc_type": "municipality", "match_method": "exact", "region_key": "panay", "province_key": "iloilo"}, "geometry": {"type": "MultiPolygon", "coordinates": [[[[123.1339, 11.4233], [123.12, 11.4193], [123.1035, 11.4295], [123.1083, 11.4522], [123.1189, 11.4723], [123.1535, 11.4869], [123.1652, 11.4681], [123.1641, 11.4657], [123.1633, 11.4687], [123.1598, 11.4701], [123.1538, 11.443], [123.1413, 11.4385], [123.1339, 11.4233]]], [[[123.1711, 11.4665], [123.1731, 11.4569], [123.1644, 11.4631], [123.1711, 11.4665]]], [[[123.1869, 11.4392], [123.18, 11.4245], [123.1791, 11.4249], [123.1762, 11.4296], [123.1775, 11.433], [123.1869, 11.4392]]], [[[123.169, 11.4378], [123.1665, 11.4382], [123.166, 11.4381], [123.1666, 11.4385], [123.169, 11.4378]]], [[[123.1593, 11.4374], [123.1579, 11.4384], [123.1595, 11.4381], [123.1593, 11.4374]]], [[[123.1727, 11.4379], [123.1757, 11.436], [123.1736, 11.4352], [123.1727, 11.4379]]], [[[123.1803, 11.4237], [123.1794, 11.4231], [123.1796, 11.4237], [123.1803, 11.4237]]]]}}, {"type": "Feature", "properties": {"ADM3_EN": "Guimbal", "ADM3_PCODE": "PH0603020", "ADM2_EN": "Iloilo", "ADM2_PCODE": "PH06030", "ADM1_EN": "Region VI (Western Visayas)", "ADM1_PCODE": "PH06", "ADM0_EN": "Philippines (the)", "ADM0_PCODE": "PH", "date": "2022-11-09", "validOn": "2023-11-06", "validTo": null, "ADM3_REF": null, "ADM3ALT1EN": null, "Shape_Leng": 0.338864951105, "Shape_Area": 0.00357756562491, "AREA_SQKM": 43.2918440899, "psgc_id": "PH0603020", "psgc_code": "0603020000", "psgc_name": "Guimbal", "psgc_status": "matched", "match_confidence": 1.0, "psgc_type": "municipality", "match_method": "exact", "region_key": "panay", "province_key": "iloilo"}, "geometry": {"type": "Polygon", "coordinates": [[[122.3297, 10.7247], [122.3325, 10.6889], [122.3475, 10.6705], [122.3354, 10.6696], [122.3223, 10.6558], [122.2789, 10.6588], [122.2734, 10.6754], [122.2984, 10.6984], [122.2917, 10.7224], [122.3025, 10.7385], [122.2958, 10.7477], [122.3051, 10.7513], [122.3114, 10.7366], [122.3297, 10.7247]]]}}, {"type": "Feature", "properties": {"ADM3_EN": "Hamtic", "ADM3_PCODE": "PH0600608", "ADM2_EN": "Antique", "ADM2_PCODE": "PH06006", "ADM1_EN": "Region VI (Western Visayas)", "ADM1_PCODE": "PH06", "ADM0_EN": "Philippines (the)", "ADM0_PCODE": "PH", "date": "2022-11-09", "validOn": "2023-11-06", "validTo": null, "ADM3_REF": null, "ADM3ALT1EN": null, "Shape_Leng": 0.490585423258, "Shape_Area": 0.0112032159483, "AREA_SQKM": 135.580687057, "psgc_id": "PH0600608", "psgc_code": "0600608000", "psgc_name": "Hamtic", "psgc_status": "matched", "match_confidence": 1.0, "psgc_type": "municipality", "match_method": "exact", "region_key": "panay", "province_key": "antique"}, "geometry": {"type": "Polygon", "coordinates": [[[121.9948, 10.7462], [122.0312, 10.714], [122.0622, 10.7072], [122.0737, 10.6894], [122.0472, 10.6316], [122.0348, 10.6234], [122.0258, 10.5887], [121.9852, 10.5849], [121.9669, 10.5879], [121.9786, 10.6696], [121.9612, 10.7212], [121.9763, 10.7465], [121.9948, 10.7462]]]}}, {"type": "Feature", "properties": {"ADM3_EN": "Ibajay", "ADM3_PCODE": "PH0600406", "ADM2_EN": "Aklan", "ADM2_PCODE": "PH06004", "ADM1_EN": "Region VI (Western Visayas)", "ADM1_PCODE": "PH06", "ADM0_EN": "Philippines (the)", "ADM0_PCODE": "PH", "date": "2022-11-09", "validOn": "2023-11-06", "validTo": null, "ADM3_REF": null, "ADM3ALT1EN": null, "Shape_Leng": 0.68603046055, "Shape_Area": 0.0123248631042, "AREA_SQKM": 148.613970613, "psgc_id": "PH0600406", "psgc_code": "0600406000", "psgc_name": "Ibajay", "psgc_status": "matched", "match_confidence": 1.0, "psgc_type": "municipality", "match_method": "exact", "region_key": "panay", "province_key": "aklan"}, "geometry": {"type": "Polygon", "coordinates": [[[122.2218, 11.8137], [122.2009, 11.7042], [122.2168, 11.6567], [122.2135, 11.6425], [122.1846, 11.6317], [122.1489, 11.6357], [122.1461, 11.6561], [122.1746, 11.6963], [122.1695, 11.7324], [122.1554, 11.7468], [122.1565, 11.7568], [122.1282, 11.7636], [122.1067, 11.7815], [122.0961, 11.8058], [122.0982, 11.825], [122.1637, 11.826], [122.1998, 11.8064], [122.2218, 11.8137]]]}}, {"type": "Feature", "properties": {"ADM3_EN": "Igbaras", "ADM3_PCODE": "PH0603021", "ADM2_EN": "Iloilo", "ADM2_PCODE": "PH06030", "ADM1_EN": "Region VI (Western Visayas)", "ADM1_PCODE": "PH06", "ADM0_EN": "Philippines (the)", "ADM0_PCODE": "PH", "date": "2022-11-09", "validOn": "2023-11-06", "validTo": null, "ADM3_REF": null, "ADM3ALT1EN": null, "Shape_Leng": 0.520427567007, "Shape_Area": 0.0108727451848, "AREA_SQKM": 131.54403408, "psgc_id": "PH0603021", "psgc_code": "0603021000", "psgc_name": "Igbaras", "psgc_status": "matched", "match_confidence": 1.0, "psgc_type": "municipality", "match_method": "exact", "region_key": "panay", "province_key": "iloilo"}, "geometry": {"type": "Polygon", "coordinates": [[[122.2874, 10.7666], [122.3025, 10.7385], [122.2917, 10.7224], [122.2984, 10.6984], [122.281, 10.6792], [122.2734, 10.6754], [122.2359, 10.6927], [122.2354, 10.7024], [122.2184, 10.7142], [122.2205, 10.7243], [122.2102, 10.7259], [122.2083, 10.7533], [122.175, 10.756], [122.201, 10.8347], [122.2434, 10.8249], [122.2531, 10.8113], [122.2505, 10.7986], [122.2874, 10.7666]]]}}, {"type": "Feature", "properties": {"ADM3_EN": "Iloilo City", "ADM3_PCODE": "PH0603022", "ADM2_EN": "Iloilo", "ADM2_PCODE": "PH06030", "ADM1_EN": "Region VI (Western Visayas)", "ADM1_PCODE": "PH06", "ADM0_EN": "Philippines (the)", "ADM0_PCODE": "PH", "date": "2022-11-09", "validOn": "2023-11-06", "validTo": null, "ADM3_REF": null, "ADM3ALT1EN": "City of Iloilo", "Shape_Leng": 0.45, "Shape_Area": 0.0065, "AREA_SQKM": 78.34, "psgc_id": "PH0603022", "psgc_code": "0603022000", "psgc_name": "Iloilo City", "psgc_status": "matched", "match_confidence": 1.0, "psgc_type": "city", "match_method": "exact", "region_key": "panay", "province_key": "iloilo", "population": 457626}, "geometry": {"type": "Polygon", "coordinates": [[[122.5241, 10.7141], [122.5022, 10.7543], [122.5314, 10.7384], [122.5589, 10.7604], [122.5955, 10.7602], [122.61, 10.735], [122.585, 10.69], [122.55, 10.685], [122.5241, 10.7141]]]}}, {"type": "Feature", "properties": {"ADM3_EN": "Ivisan", "ADM3_PCODE": "PH0601905", "ADM2_EN": "Capiz", "ADM2_PCODE": "PH06019", "ADM1_EN": "Region VI (Western Visayas)", "ADM1_PCODE": "PH06", "ADM0_EN": "Philippines (the)", "ADM0_PCODE": "PH", "date": "2022-11-09", "validOn": "2023-11-06", "validTo": null, "ADM3_REF": null, "ADM3ALT1EN": null, "Shape_Leng": 0.479274703933, "Shape_Area": 0.00479852456529, "AREA_SQKM": 57.9065273417, "psgc_id": "PH0601905", "psgc_code": "0601905000", "psgc_name": "Ivisan", "psgc_status": "matched", "match_confidence": 1.0, "psgc_type": "municipality", "match_method": "exact", "region_key": "panay", "province_key": "capiz"}, "geometry": {"type": "Polygon", "coordinates": [[[122.6629, 11.5475], [122.6991, 11.5389], [122.706, 11.5444], [122.7341, 11.5167], [122.7239, 11.5023], [122.7293, 11.4856], [122.6774, 11.4871], [122.6716, 11.4967], [122.6486, 11.5013], [122.6338, 11.5217], [122.6486, 11.5401], [122.6447, 11.5492], [122.6327, 11.5476], [122.6384, 11.5522], [122.6343, 11.5622], [122.6456, 11.5667], [122.6423, 11.5722], [122.6493, 11.5741], [122.6505, 11.5574], [122.6629, 11.5475]]]}}, {"type": "Feature", "properties": {"ADM3_EN": "Jamindan", "ADM3_PCODE": "PH0601906", "ADM2_EN": "Capiz", "ADM2_PCODE": "PH06019", "ADM1_EN": "Region VI (Western Visayas)", "ADM1_PCODE": "PH06", "ADM0_EN": "Philippines (the)", "ADM0_PCODE": "PH", "date": "2022-11-09", "validOn": "2023-11-06", "validTo": null, "ADM3_REF": null, "ADM3ALT1EN": null, "Shape_Leng": 1.2549093641, "Shape_Area": 0.0390669974995, "AREA_SQKM": 471.69025093, "psgc_id": "PH0601906", "psgc_code": "0601906000", "psgc_name": "Jamindan", "psgc_status": "matched", "match_confidence": 1.0, "psgc_type": "municipality", "match_method": "exact", "region_key": "panay", "province_key": "capiz"}, "geometry": {"type": "Polygon", "coordinates": [[[122.5306, 11.4796], [122.5148, 11.4661], [122.5352, 11.4441], [122.5259, 11.4368], [122.5357, 11.4181], [122.5534, 11.41], [122.5523, 11.3839], [122.5704, 11.3858], [122.5966, 11.3567], [122.578, 11.3271], [122.5636, 11.3217], [122.5165, 11.35], [122.3654, 11.3466], [122.3475, 11.3324], [122.318, 11.2655], [122.202, 11.2187], [122.2106, 11.2781], [122.1999, 11.312], [122.2469, 11.3177], [122.2981, 11.3483], [122.3365, 11.3913], [122.3508, 11.4423], [122.3708, 11.4276], [122.4001, 11.456], [122.4051, 11.4777], [122.4738, 11.4763], [122.4836, 11.489], [122.5044, 11.4846], [122.53, 11.4932], [122.5306, 11.4796]]]}}, {"type": "Feature", "properties": {"ADM3_EN": "Janiuay", "ADM3_PCODE": "PH0603023", "ADM2_EN": "Iloilo", "ADM2_PCODE": "PH06030", "ADM1_EN": "Region VI (Western Visayas)", "ADM1_PCODE": "PH06", "ADM0_EN": "Philippines (the)", "ADM0_PCODE": "PH", "date": "2022-11-09", "validOn": "2023-11-06", "validTo": null, "ADM3_REF": null, "ADM3ALT1EN": null, "Shape_Leng": 0.667681166397, "Shape_Area": 0.0151257614757, "AREA_SQKM": 182.854713709, "psgc_id": "PH0603023", "psgc_code": "0603023000", "psgc_name": "Janiuay", "psgc_status": "matched", "match_confidence": 1.0, "psgc_type": "municipality", "match_method": "exact", "region_key": "panay", "province_key": "iloilo"}, "geometry": {"type": "Polygon", "coordinates": [[[122.4762, 11.0262], [122.4797, 10.9951], [122.4907, 10.9786], [122.4989, 10.9809], [122.5558, 10.9446], [122.5545, 10.9254], [122.5185, 10.9302], [122.3958, 10.9729], [122.3348, 10.9797], [122.3192, 10.9897], [122.3237, 11.0153], [122.3085, 11.0473], [122.377, 11.0581], [122.4207, 11.0367], [122.4762, 11.0262]]]}}, {"type": "Feature", "properties": {"ADM3_EN": "Kalibo (Capital)", "ADM3_PCODE": "PH0600407", "ADM2_EN": "Aklan", "ADM2_PCODE": "PH06004", "ADM1_EN": "Region VI (Western Visayas)", "ADM1_PCODE": "PH06", "ADM0_EN": "Philippines (the)", "ADM0_PCODE": "PH", "date": "2022-11-09", "validOn": "2023-11-06", "validTo": null, "ADM3_REF": null, "ADM3ALT1EN": null, "Shape_Leng": 0.409874766665, "Shape_Area": 0.00333143417393, "AREA_SQKM": 40.1778378475, "psgc_id": "PH0600407", "psgc_code": "0600407000", "psgc_name": "Kalibo", "psgc_status": "matched", "match_confidence": 1.0, "psgc_type": "municipality", "match_method": "exact", "region_key": "panay", "province_key": "aklan"}, "geometry": {"type": "Polygon", "coordinates": [[[122.4105, 11.6778], [122.401, 11.6634], [122.391, 11.6706], [122.3837, 11.6601], [122.3743, 11.6739], [122.3554, 11.6561], [122.3399, 11.666], [122.3455, 11.7014], [122.3626, 11.7159], [122.3677, 11.7394], [122.3919, 11.7287], [122.3968, 11.7189], [122.3971, 11.7101], [122.3942, 11.7236], [122.3853, 11.7291], [122.3934, 11.7184], [122.3912, 11.7074], [122.4105, 11.6778]]]}}, {"type": "Feature", "properties": {"ADM3_EN": "Lambunao", "ADM3_PCODE": "PH0603025", "ADM2_EN": "Iloilo", "ADM2_PCODE": "PH06030", "ADM1_EN": "Region VI (Western Visayas)", "ADM1_PCODE": "PH06", "ADM0_EN": "Philippines (the)", "ADM0_PCODE": "PH", "date": "2022-11-09", "validOn": "2023-11-06", "validTo": null, "ADM3_REF": null, "ADM3ALT1EN": null, "Shape_Leng": 0.951967678337, "Shape_Area": 0.0335692736685, "AREA_SQKM": 405.665735026, "psgc_id": "PH0603025", "psgc_code": "0603025000", "psgc_name": "Lambunao", "psgc_status": "matched", "match_confidence": 1.0, "psgc_type": "municipality", "match_method": "exact", "region_key": "panay", "province_key": "iloilo"}, "geometry": {"type": "Polygon", "coordinates": [[[122.3953, 11.1901], [122.4244, 11.128], [122.4604, 11.1248], [122.4804, 11.1308], [122.5441, 11.1029], [122.5351, 11.0913], [122.5378, 11.0605], [122.5289, 11.0574], [122.5489, 11.0397], [122.5649, 11.0097], [122.5092, 11.0301], [122.4939, 11.0232], [122.4207, 11.0367], [122.377, 11.0581], [122.3085, 11.0473], [122.2399, 11.1335], [122.3257, 11.2249], [122.3953, 11.1901]]]}}, {"type": "Feature", "properties": {"ADM3_EN": "Laua-an", "ADM3_PCODE": "PH0600609", "ADM2_EN": "Antique", "ADM2_PCODE": "PH06006", "ADM1_EN": "Region VI (Western Visayas)", "ADM1_PCODE": "PH06", "ADM0_EN": "Philippines (the)", "ADM0_PCODE": "PH", "date": "2022-11-09", "validOn": "2023-11-06", "validTo": null, "ADM3_REF": null, "ADM3ALT1EN": null, "Shape_Leng": 0.655198938126, "Shape_Area": 0.0132304989625, "AREA_SQKM": 159.85797584, "psgc_id": "PH0600609", "psgc_code": "0600609000", "psgc_name": "Laua-An", "psgc_status": "matched", "match_confidence": 1.0, "psgc_type": "municipality", "match_method": "exact", "region_key": "panay", "province_key": "antique"}, "geometry": {"type": "Polygon", "coordinates": [[[122.2045, 11.2459], [122.201, 11.2104], [122.187, 11.21], [122.1603, 11.19], [122.1568, 11.1777], [122.1525, 11.1835], [122.1526, 11.1676], [122.1468, 11.1664], [122.1541, 11.1625], [122.1431, 11.1321], [122.1008, 11.0716], [122.0749, 11.0819], [122.0417, 11.0773], [122.0368, 11.1673], [122.0614, 11.1736], [122.0795, 11.1589], [122.0974, 11.1867], [122.1104, 11.1936], [122.1178, 11.2186], [122.1373, 11.2328], [122.2045, 11.2459]]]}}, {"type": "Feature", "properties": {"ADM3_EN": "Leganes", "ADM3_PCODE": "PH0603026", "ADM2_EN": "Iloilo", "ADM2_PCODE": "PH06030", "ADM1_EN": "Region VI (Western Visayas)", "ADM1_PCODE": "PH06", "ADM0_EN": "Philippines (the)", "ADM0_PCODE": "PH", "date": "2022-11-09", "validOn": "2023-11-06", "validTo": null, "ADM3_REF": null, "ADM3ALT1EN": null, "Shape_Leng": 0.335521259154, "Shape_Area": 0.00260730383551, "AREA_SQKM": 31.540847222, "psgc_id": "PH0603026", "psgc_code": "0603026000", "psgc_name": "Leganes", "psgc_status": "matched", "match_confidence": 1.0, "psgc_type": "municipality", "match_method": "exact", "region_key": "panay", "province_key": "iloilo"}, "geometry": {"type": "Polygon", "coordinates": [[[122.6444, 10.7745], [122.6376, 10.7719], [122.6323, 10.7826], [122.6213, 10.7795], [122.5955, 10.7602], [122.5603, 10.7873], [122.5576, 10.7985], [122.5829, 10.8132], [122.6087, 10.8152], [122.608, 10.8064], [122.6226, 10.8085], [122.6182, 10.7967], [122.6308, 10.7999], [122.6316, 10.7925], [122.6451, 10.7917], [122.6444, 10.7745]]]}}, {"type": "Feature", "properties": {"ADM3_EN": "Lemery", "ADM3_PCODE": "PH0603027", "ADM2_EN": "Iloilo", "ADM2_PCODE": "PH06030", "ADM1_EN": "Region VI (Western Visayas)", "ADM1_PCODE": "PH06", "ADM0_EN": "Philippines (the)", "ADM0_PCODE": "PH", "date": "2022-11-09", "validOn": "2023-11-06", "validTo": null, "ADM3_REF": null, "ADM3ALT1EN": null, "Shape_Leng": 0.504615621231, "Shape_Area": 0.0123763770762, "AREA_SQKM": 149.501465975, "psgc_id": "PH0603027", "psgc_code": "0603027000", "psgc_name": "Lemery", "psgc_status": "matched", "match_confidence": 1.0, "psgc_type": "municipality", "match_method": "exact", "region_key": "panay", "province_key": "iloilo"}, "geometry": {"type": "Polygon", "coordinates": [[[122.9661, 11.2125], [122.9449, 11.1764], [122.9442, 11.1476], [122.9084, 11.1588], [122.8503, 11.191], [122.8731, 11.237], [122.8667, 11.2525], [122.8551, 11.2559], [122.8821, 11.2884], [122.9505, 11.3081], [122.954, 11.2946], [122.9443, 11.2767], [122.9678, 11.263], [122.9661, 11.2125]]]}}, {"type": "Feature", "properties": {"ADM3_EN": "Leon", "ADM3_PCODE": "PH0603028", "ADM2_EN": "Iloilo", "ADM2_PCODE": "PH06030", "ADM1_EN": "Region VI (Western Visayas)", "ADM1_PCODE": "PH06", "ADM0_EN": "Philippines (the)", "ADM0_PCODE": "PH", "date": "2022-11-09", "validOn": "2023-11-06", "validTo": null, "ADM3_REF": null, "ADM3ALT1EN": null, "Shape_Leng": 0.588434915227, "Shape_Area": 0.0115021547331, "AREA_SQKM": 139.127283994, "psgc_id": "PH0603028", "psgc_code": "0603028000", "psgc_name": "Leon", "psgc_status": "matched", "match_confidence": 1.0, "psgc_type": "municipality", "match_method": "exact", "region_key": "panay", "province_key": "iloilo"}, "geometry": {"type": "Polygon", "coordinates": [[[122.4217, 10.7738], [122.4134, 10.7678], [122.4201, 10.7589], [122.3945, 10.7473], [122.3655, 10.762], [122.3398, 10.7649], [122.3125, 10.8295], [122.2747, 10.844], [122.2583, 10.8606], [122.2649, 10.8769], [122.2606, 10.8952], [122.2809, 10.8923], [122.2865, 10.9045], [122.3086, 10.8851], [122.315, 10.8912], [122.3274, 10.8882], [122.3304, 10.873], [122.3481, 10.8775], [122.4112, 10.807], [122.4217, 10.7738]]]}}, {"type": "Feature", "properties": {"ADM3_EN": "Lezo", "ADM3_PCODE": "PH0600408", "ADM2_EN": "Aklan", "ADM2_PCODE": "PH06004", "ADM1_EN": "Region VI (Western Visayas)", "ADM1_PCODE": "PH06", "ADM0_EN": "Philippines (the)", "ADM0_PCODE": "PH", "date": "2022-11-09", "validOn": "2023-11-06", "validTo": null, "ADM3_REF": null, "ADM3ALT1EN": null, "Shape_Leng": 0.169750344207, "Shape_Area": 0.00164384276334, "AREA_SQKM": 19.8262347593, "psgc_id": "PH0600408", "psgc_code": "0600408000", "psgc_name": "Lezo", "psgc_status": "matched", "match_confidence": 1.0, "psgc_type": "municipality", "match_method": "exact", "region_key": "panay", "province_key": "aklan"}, "geometry": {"type": "Polygon", "coordinates": [[[122.3427, 11.686], [122.3412, 11.6675], [122.3293, 11.6558], [122.2844, 11.6735], [122.3124, 11.7038], [122.3427, 11.686]]]}}, {"type": "Feature", "properties": {"ADM3_EN": "Libacao", "ADM3_PCODE": "PH0600409", "ADM2_EN": "Aklan", "ADM2_PCODE": "PH06004", "ADM1_EN": "Region VI (Western Visayas)", "ADM1_PCODE": "PH06", "ADM0_EN": "Philippines (the)", "ADM0_PCODE": "PH", "date": "2022-11-09", "validOn": "2023-11-06", "validTo": null, "ADM3_REF": null, "ADM3ALT1EN": null, "Shape_Leng": 0.638605876987, "Shape_Area": 0.0147120904233, "AREA_SQKM": 177.602534052, "psgc_id": "PH0600409", "psgc_code": "0600409000", "psgc_name": "Libacao", "psgc_status": "matched", "match_confidence": 1.0, "psgc_type": "municipality", "match_method": "exact", "region_key": "panay", "province_key": "aklan"}, "geometry": {"type": "Polygon", "coordinates": [[[122.3495, 11.4395], [122.3365, 11.3913], [122.2981, 11.3483], [122.2469, 11.3177], [122.1988, 11.3129], [122.2495, 11.3733], [122.2597, 11.4019], [122.2583, 11.4542], [122.2722, 11.4814], [122.2945, 11.503], [122.321, 11.4985], [122.3306, 11.5118], [122.3445, 11.5157], [122.3502, 11.5081], [122.3659, 11.5083], [122.364, 11.4899], [122.3409, 11.4512], [122.3495, 11.4395]]]}}, {"type": "Feature", "properties": {"ADM3_EN": "Libertad", "ADM3_PCODE": "PH0600610", "ADM2_EN": "Antique", "ADM2_PCODE": "PH06006", "ADM1_EN": "Region VI (Western Visayas)", "ADM1_PCODE": "PH06", "ADM0_EN": "Philippines (the)", "ADM0_PCODE": "PH", "date": "2022-11-09", "validOn": "2023-11-06", "validTo": null, "ADM3_REF": null, "ADM3ALT1EN": null, "Shape_Leng": 0.478444323053, "Shape_Area": 0.0078867232415, "AREA_SQKM": 95.0842222314, "psgc_id": "PH0600610", "psgc_code": "0600610000", "psgc_name": "Libertad", "psgc_status": "matched", "match_confidence": 1.0, "psgc_type": "municipality", "match_method": "exact", "region_key": "panay", "province_key": "antique"}, "geometry": {"type": "Polygon", "coordinates": [[[122.0033, 11.8255], [122.0159, 11.8019], [121.9994, 11.7467], [121.9178, 11.7677], [121.8723, 11.7554], [121.8431, 11.7636], [121.8778, 11.7715], [121.8928, 11.7998], [121.9058, 11.7972], [121.9367, 11.8226], [122.0033, 11.8255]]]}}, {"type": "Feature", "properties": {"ADM3_EN": "Ma-ayon", "ADM3_PCODE": "PH0601907", "ADM2_EN": "Capiz", "ADM2_PCODE": "PH06019", "ADM1_EN": "Region VI (Western Visayas)", "ADM1_PCODE": "PH06", "ADM0_EN": "Philippines (the)", "ADM0_PCODE": "PH", "date": "2022-11-09", "validOn": "2023-11-06", "validTo": null, "ADM3_REF": null, "ADM3ALT1EN": null, "Shape_Leng": 0.624205673544, "Shape_Area": 0.0156377426821, "AREA_SQKM": 188.817746062, "psgc_id": "PH0601907", "psgc_code": "0601907000", "psgc_name": "Ma-Ayon", "psgc_status": "matched", "match_confidence": 1.0, "psgc_type": "municipality", "match_method": "exact", "region_key": "panay", "province_key": "capiz"}, "geometry": {"type": "Polygon", "coordinates": [[[122.8244, 11.4168], [122.8707, 11.3786], [122.884, 11.3873], [122.8991, 11.3857], [122.9408, 11.3604], [122.935, 11.3295], [122.9456, 11.3038], [122.9083, 11.2912], [122.8947, 11.2943], [122.8722, 11.2813], [122.8536, 11.305], [122.8448, 11.3048], [122.841, 11.3195], [122.8239, 11.3286], [122.8127, 11.323], [122.7811, 11.3286], [122.7776, 11.337], [122.7527, 11.3449], [122.7576, 11.3922], [122.7682, 11.4003], [122.76, 11.4149], [122.7789, 11.4077], [122.8244, 11.4168]]]}}, {"type": "Feature", "properties": {"ADM3_EN": "Maasin", "ADM3_PCODE": "PH0603029", "ADM2_EN": "Iloilo", "ADM2_PCODE": "PH06030", "ADM1_EN": "Region VI (Western Visayas)", "ADM1_PCODE": "PH06", "ADM0_EN": "Philippines (the)", "ADM0_PCODE": "PH", "date": "2022-11-09", "validOn": "2023-11-06", "validTo": null, "ADM3_REF": null, "ADM3ALT1EN": null, "Shape_Leng": 0.561203548009, "Shape_Area": 0.0124770863055, "AREA_SQKM": 150.869755638, "psgc_id": "PH0603029", "psgc_code": "0603029000", "psgc_name": "Maasin", "psgc_status": "matched", "match_confidence": 1.0, "psgc_type": "municipality", "match_method": "exact", "region_key": "panay", "province_key": "iloilo"}, "geometry": {"type": "Polygon", "coordinates": [[[122.4825, 10.9444], [122.4578, 10.8892], [122.4299, 10.8507], [122.4067, 10.8781], [122.3922, 10.8753], [122.3582, 10.91], [122.3345, 10.9023], [122.3234, 10.9231], [122.3138, 10.9256], [122.3246, 10.9406], [122.3136, 10.9684], [122.3192, 10.9897], [122.3396, 10.9775], [122.3958, 10.9729], [122.4825, 10.9444]]]}}, {"type": "Feature", "properties": {"ADM3_EN": "Madalag", "ADM3_PCODE": "PH0600410", "ADM2_EN": "Aklan", "ADM2_PCODE": "PH06004", "ADM1_EN": "Region VI (Western Visayas)", "ADM1_PCODE": "PH06", "ADM0_EN": "Philippines (the)", "ADM0_PCODE": "PH", "date": "2022-11-09", "validOn": "2023-11-06", "validTo": null, "ADM3_REF": null, "ADM3ALT1EN": null, "Shape_Leng": 0.827301188655, "Shape_Area": 0.0241624528565, "AREA_SQKM": 291.635988267, "psgc_id": "PH0600410", "psgc_code": "0600410000", "psgc_name": "Madalag", "psgc_status": "matched", "match_confidence": 1.0, "psgc_type": "municipality", "match_method": "exact", "region_key": "panay", "province_key": "aklan"}, "geometry": {"type": "Polygon", "coordinates": [[[122.2933, 11.5691], [122.2915, 11.552], [122.3131, 11.5327], [122.3318, 11.5371], [122.3445, 11.5157], [122.3306, 11.5118], [122.321, 11.4985], [122.2945, 11.503], [122.2722, 11.4814], [122.257, 11.4458], [122.2572, 11.389], [122.2377, 11.3544], [122.1988, 11.3129], [122.1825, 11.342], [122.1914, 11.3823], [122.1862, 11.3948], [122.167, 11.4024], [122.1616, 11.4454], [122.1347, 11.4685], [122.136, 11.5051], [122.1541, 11.5341], [122.2933, 11.5691]]]}}, {"type": "Feature", "properties": {"ADM3_EN": "Makato", "ADM3_PCODE": "PH0600411", "ADM2_EN": "Aklan", "ADM2_PCODE": "PH06004", "ADM1_EN": "Region VI (Western Visayas)", "ADM1_PCODE": "PH06", "ADM0_EN": "Philippines (the)", "ADM0_PCODE": "PH", "date": "2022-11-09", "validOn": "2023-11-06", "validTo": null, "ADM3_REF": null, "ADM3ALT1EN": null, "Shape_Leng": 0.378811662355, "Shape_Area": 0.00499911287434, "AREA_SQKM": 60.2870844891, "psgc_id": "PH0600411", "psgc_code": "0600411000", "psgc_name": "Makato", "psgc_status": "matched", "match_confidence": 1.0, "psgc_type": "municipality", "match_method": "exact", "region_key": "panay", "province_key": "aklan"}, "geometry": {"type": "Polygon", "coordinates": [[[122.3205, 11.7394], [122.3196, 11.7306], [122.3085, 11.735], [122.3037, 11.7282], [122.3132, 11.7171], [122.3121, 11.7028], [122.2844, 11.6735], [122.2126, 11.669], [122.2338, 11.6805], [122.2456, 11.7256], [122.2736, 11.7445], [122.2797, 11.758], [122.3205, 11.7394]]]}}, {"type": "Feature", "properties": {"ADM3_EN": "Malay", "ADM3_PCODE": "PH0600412", "ADM2_EN": "Aklan", "ADM2_PCODE": "PH06004", "ADM1_EN": "Region VI (Western Visayas)", "ADM1_PCODE": "PH06", "ADM0_EN": "Philippines (the)", "ADM0_PCODE": "PH", "date": "2022-11-09", "validOn": "2023-11-06", "validTo": null, "ADM3_REF": null, "ADM3ALT1EN": null, "Shape_Leng": 0.683328397828, "Shape_Area": 0.00599034076732, "AREA_SQKM": 72.1935741954, "psgc_id": "PH0600412", "psgc_code": "0600412000", "psgc_name": "Malay", "psgc_status": "matched", "match_confidence": 1.0, "psgc_type": "municipality", "match_method": "exact", "region_key": "panay", "province_key": "aklan"}, "geometry": {"type": "MultiPolygon", "coordinates": [[[[121.9063, 11.991], [121.9282, 11.9982], [121.9246, 11.9908], [121.9272, 11.97], [121.9347, 11.9555], [121.9476, 11.9546], [121.9429, 11.9402], [121.9387, 11.9406], [121.933, 11.9395], [121.9242, 11.9618], [121.9142, 11.9743], [121.9097, 11.9772], [121.9068, 11.9824], [121.9063, 11.991]]], [[[121.9281, 11.9972], [121.9285, 11.9973], [121.9283, 11.997], [121.9281, 11.9972]]], [[[121.9277, 11.9958], [121.9282, 11.9955], [121.9277, 11.9955], [121.9277, 11.9958]]], [[[121.9273, 11.9955], [121.9275, 11.9954], [121.9273, 11.9953], [121.9273, 11.9955]]], [[[121.9304, 11.975], [121.9303, 11.975], [121.9304, 11.975], [121.9304, 11.975]]], [[[121.9186, 11.968], [121.9187, 11.9683], [121.9188, 11.9682], [121.9186, 11.968]]], [[[121.9366, 11.9561], [121.9369, 11.956], [121.9366, 11.9559], [121.9366, 11.9561]]], [[[121.9512, 11.9495], [121.9514, 11.9504], [121.9519, 11.9496], [121.9512, 11.9495]]], [[[121.9488, 11.9489], [121.9491, 11.9493], [121.9493, 11.9488], [121.9488, 11.9489]]], [[[121.958, 11.9455], [121.9578, 11.9446], [121.957, 11.9461], [121.958, 11.9455]]], [[[121.9343, 11.9395], [121.9341, 11.9396], [121.9342, 11.9397], [121.9343, 11.9395]]], [[[121.9333, 11.9394], [121.9331, 11.9395], [121.9333, 11.9394], [121.9333, 11.9394]]], [[[121.9343, 11.9392], [121.9344, 11.9391], [121.9343, 11.9392], [121.9343, 11.9392]]], [[[121.9545, 11.9387], [121.9765, 11.9026], [121.9847, 11.8704], [122.0107, 11.8229], [121.9649, 11.8515], [121.9057, 11.8705], [121.8841, 11.896], [121.9473, 11.9174], [121.9545, 11.9387]]]]}}, {"type": "Feature", "properties": {"ADM3_EN": "Malinao", "ADM3_PCODE": "PH0600413", "ADM2_EN": "Aklan", "ADM2_PCODE": "PH06004", "ADM1_EN": "Region VI (Western Visayas)", "ADM1_PCODE": "PH06", "ADM0_EN": "Philippines (the)", "ADM0_PCODE": "PH", "date": "2022-11-09", "validOn": "2023-11-06", "validTo": null, "ADM3_REF": null, "ADM3ALT1EN": null, "Shape_Leng": 0.61486283142, "Shape_Area": 0.017360211612, "AREA_SQKM": 209.433372556, "psgc_id": "PH0600413", "psgc_code": "0600413000", "psgc_name": "Malinao", "psgc_status": "matched", "match_confidence": 1.0, "psgc_type": "municipality", "match_method": "exact", "region_key": "panay", "province_key": "aklan"}, "geometry": {"type": "Polygon", "coordinates": [[[122.2844, 11.6735], [122.3253, 11.6555], [122.3094, 11.6329], [122.3141, 11.6002], [122.3039, 11.576], [122.266, 11.5583], [122.1541, 11.5341], [122.1395, 11.5579], [122.1491, 11.5959], [122.1423, 11.6188], [122.1432, 11.6454], [122.1544, 11.6343], [122.1977, 11.6335], [122.2135, 11.6425], [122.2126, 11.669], [122.2844, 11.6735]]]}}, {"type": "Feature", "properties": {"ADM3_EN": "Mambusao", "ADM3_PCODE": "PH0601908", "ADM2_EN": "Capiz", "ADM2_PCODE": "PH06019", "ADM1_EN": "Region VI (Western Visayas)", "ADM1_PCODE": "PH06", "ADM0_EN": "Philippines (the)", "ADM0_PCODE": "PH", "date": "2022-11-09", "validOn": "2023-11-06", "validTo": null, "ADM3_REF": null, "ADM3ALT1EN": null, "Shape_Leng": 0.463048999634, "Shape_Area": 0.00851499790223, "AREA_SQKM": 102.786552578, "psgc_id": "PH0601908", "psgc_code": "0601908000", "psgc_name": "Mambusao", "psgc_status": "matched", "match_confidence": 1.0, "psgc_type": "municipality", "match_method": "exact", "region_key": "panay", "province_key": "capiz"}, "geometry": {"type": "Polygon", "coordinates": [[[122.6441, 11.4719], [122.633, 11.4518], [122.6347, 11.4254], [122.6212, 11.415], [122.6246, 11.4016], [122.5967, 11.3741], [122.5966, 11.3567], [122.5704, 11.3858], [122.5523, 11.3839], [122.5534, 11.41], [122.5357, 11.4181], [122.5259, 11.4368], [122.5352, 11.4441], [122.5148, 11.4661], [122.5306, 11.4796], [122.557, 11.4659], [122.6191, 11.4758], [122.6441, 11.4719]]]}}, {"type": "Feature", "properties": {"ADM3_EN": "Miagao", "ADM3_PCODE": "PH0603030", "ADM2_EN": "Iloilo", "ADM2_PCODE": "PH06030", "ADM1_EN": "Region VI (Western Visayas)", "ADM1_PCODE": "PH06", "ADM0_EN": "Philippines (the)", "ADM0_PCODE": "PH", "date": "2022-11-09", "validOn": "2023-11-06", "validTo": null, "ADM3_REF": null, "ADM3ALT1EN": null, "Shape_Leng": 0.570194572007, "Shape_Area": 0.0140481763265, "AREA_SQKM": 169.99988766, "psgc_id": "PH0603030", "psgc_code": "0603030000", "psgc_name": "Miagao", "psgc_status": "matched", "match_confidence": 1.0, "psgc_type": "municipality", "match_method": "exact", "region_key": "panay", "province_key": "iloilo"}, "geometry": {"type": "Polygon", "coordinates": [[[122.2734, 10.6754], [122.2797, 10.6582], [122.2576, 10.6514], [122.2492, 10.6363], [122.2073, 10.6387], [122.1695, 10.6088], [122.1499, 10.627], [122.1382, 10.6631], [122.0947, 10.6996], [122.1539, 10.7512], [122.2083, 10.7533], [122.2102, 10.7259], [122.2205, 10.7243], [122.2228, 10.7077], [122.2354, 10.7024], [122.2359, 10.6927], [122.2734, 10.6754]]]}}, {"type": "Feature", "properties": {"ADM3_EN": "Mina", "ADM3_PCODE": "PH0603031", "ADM2_EN": "Iloilo", "ADM2_PCODE": "PH06030", "ADM1_EN": "Region VI (Western Visayas)", "ADM1_PCODE": "PH06", "ADM0_EN": "Philippines (the)", "ADM0_PCODE": "PH", "date": "2022-11-09", "validOn": "2023-11-06", "validTo": null, "ADM3_REF": null, "ADM3ALT1EN": null, "Shape_Leng": 0.306685608953, "Shape_Area": 0.00325866826936, "AREA_SQKM": 39.4025457392, "psgc_id": "PH0603031", "psgc_code": "0603031000", "psgc_name": "Mina", "psgc_status": "matched", "match_confidence": 1.0, "psgc_type": "municipality", "match_method": "exact", "region_key": "panay", "province_key": "iloilo"}, "geometry": {"type": "Polygon", "coordinates": [[[122.5796, 10.9758], [122.5875, 10.9674], [122.5827, 10.9612], [122.6049, 10.9605], [122.5939, 10.9504], [122.5928, 10.9362], [122.6164, 10.9223], [122.6052, 10.8947], [122.5902, 10.9028], [122.5812, 10.8934], [122.5529, 10.9026], [122.5493, 10.924], [122.5565, 10.9473], [122.5796, 10.9758]]]}}, {"type": "Feature", "properties": {"ADM3_EN": "Nabas", "ADM3_PCODE": "PH0600414", "ADM2_EN": "Aklan", "ADM2_PCODE": "PH06004", "ADM1_EN": "Region VI (Western Visayas)", "ADM1_PCODE": "PH06", "ADM0_EN": "Philippines (the)", "ADM0_PCODE": "PH", "date": "2022-11-09", "validOn": "2023-11-06", "validTo": null, "ADM3_REF": null, "ADM3ALT1EN": null, "Shape_Leng": 0.551878962084, "Shape_Area": 0.00722245734103, "AREA_SQKM": 87.0580592089, "psgc_id": "PH0600414", "psgc_code": "0600414000", "psgc_name": "Nabas", "psgc_status": "matched", "match_confidence": 1.0, "psgc_type": "municipality", "match_method": "exact", "region_key": "panay", "province_key": "aklan"}, "geometry": {"type": "MultiPolygon", "coordinates": [[[[121.9585, 11.9442], [121.9587, 11.9453], [121.9595, 11.9432], [121.9585, 11.9442]]], [[[121.9618, 11.943], [121.9612, 11.9437], [121.9618, 11.9439], [121.9618, 11.943]]], [[[121.9617, 11.9429], [121.9617, 11.9429], [121.9617, 11.9429], [121.9617, 11.9429]]], [[[121.9568, 11.9421], [121.9574, 11.9418], [121.9571, 11.9416], [121.9568, 11.9421]]], [[[121.9596, 11.9395], [121.9599, 11.9393], [121.9598, 11.9392], [121.9596, 11.9395]]], [[[121.9621, 11.9389], [121.9612, 11.9389], [121.9613, 11.9395], [121.9621, 11.9389]]], [[[122.1017, 11.8298], [122.0961, 11.8058], [122.109, 11.779], [122.0923, 11.7768], [122.0118, 11.8213], [121.9545, 11.9387], [121.9835, 11.9142], [121.9994, 11.9129], [122.0513, 11.8551], [122.1017, 11.8298]]]]}}, {"type": "Feature", "properties": {"ADM3_EN": "New Lucena", "ADM3_PCODE": "PH0603032", "ADM2_EN": "Iloilo", "ADM2_PCODE": "PH06030", "ADM1_EN": "Region VI (Western Visayas)", "ADM1_PCODE": "PH06", "ADM0_EN": "Philippines (the)", "ADM0_PCODE": "PH", "date": "2022-11-09", "validOn": "2023-11-06", "validTo": null, "ADM3_REF": null, "ADM3ALT1EN": null, "Shape_Leng": 0.261368999341, "Shape_Area": 0.00326758152697, "AREA_SQKM": 39.5177513821, "psgc_id": "PH0603032", "psgc_code": "0603032000", "psgc_name": "New Lucena", "psgc_status": "matched", "match_confidence": 1.0, "psgc_type": "municipality", "match_method": "exact", "region_key": "panay", "province_key": "iloilo"}, "geometry": {"type": "Polygon", "coordinates": [[[122.5902, 10.9028], [122.6129, 10.8934], [122.605, 10.839], [122.5978, 10.8308], [122.5772, 10.8391], [122.5363, 10.8748], [122.5529, 10.9026], [122.5812, 10.8934], [122.5902, 10.9028]]]}}, {"type": "Feature", "properties": {"ADM3_EN": "New Washington", "ADM3_PCODE": "PH0600415", "ADM2_EN": "Aklan", "ADM2_PCODE": "PH06004", "ADM1_EN": "Region VI (Western Visayas)", "ADM1_PCODE": "PH06", "ADM0_EN": "Philippines (the)", "ADM0_PCODE": "PH", "date": "2022-11-09", "validOn": "2023-11-06", "validTo": null, "ADM3_REF": null, "ADM3ALT1EN": null, "Shape_Leng": 1.33000351835, "Shape_Area": 0.00457238568829, "AREA_SQKM": 55.1554164916, "psgc_id": "PH0600415", "psgc_code": "0600415000", "psgc_name": "New Washington", "psgc_status": "matched", "match_confidence": 1.0, "psgc_type": "municipality", "match_method": "exact", "region_key": "panay", "province_key": "aklan"}, "geometry": {"type": "MultiPolygon", "coordinates": [[[[122.4196, 11.6008], [122.397, 11.6196], [122.3939, 11.6115], [122.3715, 11.6165], [122.3526, 11.6503], [122.3593, 11.6638], [122.3732, 11.674], [122.3815, 11.6607], [122.391, 11.6706], [122.401, 11.6634], [122.4105, 11.6778], [122.4944, 11.6046], [122.4882, 11.593], [122.4837, 11.5965], [122.4829, 11.5953], [122.4809, 11.5953], [122.474, 11.6099], [122.4441, 11.6268], [122.4302, 11.6519], [122.4102, 11.6584], [122.4022, 11.6531], [122.409, 11.6464], [122.3986, 11.6455], [122.3972, 11.6359], [122.4034, 11.6299], [122.4126, 11.6355], [122.4107, 11.6176], [122.4248, 11.6185], [122.422, 11.6119], [122.4304, 11.6117], [122.4292, 11.603], [122.4196, 11.6008]]], [[[122.4181, 11.6511], [122.4107, 11.6529], [122.4151, 11.6548], [122.4181, 11.6511]]], [[[122.4243, 11.6532], [122.4225, 11.6512], [122.4226, 11.6518], [122.4243, 11.6532]]], [[[122.4585, 11.6081], [122.4392, 11.6195], [122.4188, 11.6471], [122.4284, 11.6504], [122.4318, 11.6364], [122.4585, 11.6081]]], [[[122.4096, 11.6499], [122.4096, 11.6495], [122.4095, 11.65], [122.4096, 11.6499]]], [[[122.4093, 11.6497], [122.4093, 11.6496], [122.4089, 11.6496], [122.4093, 11.6497]]], [[[122.4096, 11.6491], [122.4097, 11.6491], [122.4097, 11.6491], [122.4096, 11.6491]]], [[[122.4095, 11.6487], [122.4088, 11.6488], [122.4097, 11.6488], [122.4095, 11.6487]]], [[[122.41, 11.6472], [122.4097, 11.6473], [122.4102, 11.6475], [122.41, 11.6472]]], [[[122.4093, 11.6472], [122.4092, 11.6475], [122.4097, 11.6473], [122.4093, 11.6472]]], [[[122.4127, 11.638], [122.398, 11.6363], [122.4047, 11.6454], [122.4127, 11.638]]], [[[122.4223, 11.6248], [122.4291, 11.6331], [122.4295, 11.628], [122.4223, 11.6248]]], [[[122.4168, 11.6187], [122.4119, 11.6264], [122.417, 11.6305], [122.4223, 11.6218], [122.4168, 11.6187]]], [[[122.4249, 11.6122], [122.4286, 11.6202], [122.4224, 11.6216], [122.4314, 11.6253], [122.4371, 11.6174], [122.4249, 11.6122]]], [[[122.4445, 11.6149], [122.4347, 11.6036], [122.43, 11.6048], [122.4313, 11.6146], [122.4445, 11.6149]]]]}}, {"type": "Feature", "properties": {"ADM3_EN": "Numancia", "ADM3_PCODE": "PH0600416", "ADM2_EN": "Aklan", "ADM2_PCODE": "PH06004", "ADM1_EN": "Region VI (Western Visayas)", "ADM1_PCODE": "PH06", "ADM0_EN": "Philippines (the)", "ADM0_PCODE": "PH", "date": "2022-11-09", "validOn": "2023-11-06", "validTo": null, "ADM3_REF": null, "ADM3ALT1EN": null, "Shape_Leng": 0.246503972165, "Shape_Area": 0.00200359478029, "AREA_SQKM": 24.1617824224, "psgc_id": "PH0600416", "psgc_code": "0600416000", "psgc_name": "Numancia", "psgc_status": "matched", "match_confidence": 1.0, "psgc_type": "municipality", "match_method": "exact", "region_key": "panay", "province_key": "aklan"}, "geometry": {"type": "Polygon", "coordinates": [[[122.3647, 11.7336], [122.3626, 11.7159], [122.346, 11.7024], [122.3427, 11.686], [122.3161, 11.6982], [122.3037, 11.7269], [122.3085, 11.735], [122.3196, 11.7306], [122.3205, 11.7394], [122.3647, 11.7336]]]}}, {"type": "Feature", "properties": {"ADM3_EN": "Oton", "ADM3_PCODE": "PH0603034", "ADM2_EN": "Iloilo", "ADM2_PCODE": "PH06030", "ADM1_EN": "Region VI (Western Visayas)", "ADM1_PCODE": "PH06", "ADM0_EN": "Philippines (the)", "ADM0_PCODE": "PH", "date": "2022-11-09", "validOn": "2023-11-06", "validTo": null, "ADM3_REF": null, "ADM3ALT1EN": null, "Shape_Leng": 0.402375249267, "Shape_Area": 0.00705962171228, "AREA_SQKM": 85.4189602705, "psgc_id": "PH0603034", "psgc_code": "0603034000", "psgc_name": "Oton", "psgc_status": "matched", "match_confidence": 1.0, "psgc_type": "municipality", "match_method": "exact", "region_key": "panay", "province_key": "iloilo"}, "geometry": {"type": "Polygon", "coordinates": [[[122.5022, 10.7543], [122.5241, 10.7141], [122.5124, 10.6913], [122.4987, 10.6948], [122.4948, 10.6817], [122.4706, 10.6886], [122.4216, 10.6809], [122.427, 10.7289], [122.4206, 10.7534], [122.4323, 10.7684], [122.4765, 10.7681], [122.5022, 10.7543]]]}}, {"type": "Feature", "properties": {"ADM3_EN": "Panay", "ADM3_PCODE": "PH0601909", "ADM2_EN": "Capiz", "ADM2_PCODE": "PH06019", "ADM1_EN": "Region VI (Western Visayas)", "ADM1_PCODE": "PH06", "ADM0_EN": "Philippines (the)", "ADM0_PCODE": "PH", "date": "2022-11-09", "validOn": "2023-11-06", "validTo": null, "ADM3_REF": null, "ADM3ALT1EN": null, "Shape_Leng": 0.712483960298, "Shape_Area": 0.0109976544312, "AREA_SQKM": 132.707910206, "psgc_id": "PH0601909", "psgc_code": "0601909000", "psgc_name": "Panay", "psgc_status": "matched", "match_confidence": 1.0, "psgc_type": "municipality", "match_method": "exact", "region_key": "panay", "province_key": "capiz"}, "geometry": {"type": "MultiPolygon", "coordinates": [[[[122.8263, 11.6175], [122.8259, 11.6167], [122.8254, 11.6169], [122.8263, 11.6175]]], [[[122.8911, 11.4808], [122.8697, 11.4898], [122.873, 11.501], [122.8631, 11.5078], [122.8483, 11.496], [122.809, 11.49], [122.7968, 11.4803], [122.7819, 11.4804], [122.7847, 11.4918], [122.777, 11.4879], [122.7716, 11.5006], [122.7649, 11.4992], [122.7697, 11.5136], [122.7889, 11.5203], [122.7851, 11.5286], [122.7714, 11.5271], [122.7698, 11.548], [122.8044, 11.6071], [122.8308, 11.6084], [122.8264, 11.5973], [122.8575, 11.5679], [122.8644, 11.5407], [122.8798, 11.5445], [122.9311, 11.5161], [122.9078, 11.5028], [122.8911, 11.4808]]]]}}, {"type": "Feature", "properties": {"ADM3_EN": "Pandan", "ADM3_PCODE": "PH0600611", "ADM2_EN": "Antique", "ADM2_PCODE": "PH06006", "ADM1_EN": "Region VI (Western Visayas)", "ADM1_PCODE": "PH06", "ADM0_EN": "Philippines (the)", "ADM0_PCODE": "PH", "date": "2022-11-09", "validOn": "2023-11-06", "validTo": null, "ADM3_REF": null, "ADM3ALT1EN": null, "Shape_Leng": 0.596211304435, "Shape_Area": 0.0121860055304, "AREA_SQKM": 146.940726215, "psgc_id": "PH0600611", "psgc_code": "0600611000", "psgc_name": "Pandan", "psgc_status": "matched", "match_confidence": 1.0, "psgc_type": "municipality", "match_method": "exact", "region_key": "panay", "province_key": "antique"}, "geometry": {"type": "Polygon", "coordinates": [[[122.0107, 11.8229], [122.0923, 11.7768], [122.109, 11.779], [122.1282, 11.7636], [122.1565, 11.7568], [122.1734, 11.7164], [122.1707, 11.6857], [122.1614, 11.6757], [122.1289, 11.6804], [122.1205, 11.6696], [122.0981, 11.6719], [122.0993, 11.7065], [122.0739, 11.7357], [122.0639, 11.7402], [122.0451, 11.7321], [122.0221, 11.7422], [122.0127, 11.7361], [121.9994, 11.7467], [122.0159, 11.8019], [122.0107, 11.8229]]]}}, {"type": "Feature", "properties": {"ADM3_EN": "Panitan", "ADM3_PCODE": "PH0601910", "ADM2_EN": "Capiz", "ADM2_PCODE": "PH06019", "ADM1_EN": "Region VI (Western Visayas)", "ADM1_PCODE": "PH06", "ADM0_EN": "Philippines (the)", "ADM0_PCODE": "PH", "date": "2022-11-09", "validOn": "2023-11-06", "validTo": null, "ADM3_REF": null, "ADM3ALT1EN": null, "Shape_Leng": 0.493889845816, "Shape_Area": 0.00747101856188, "AREA_SQKM": 90.1813188702, "psgc_id": "PH0601910", "psgc_code": "0601910000", "psgc_name": "Panitan", "psgc_status": "matched", "match_confidence": 1.0, "psgc_type": "municipality", "match_method": "exact", "region_key": "panay", "province_key": "capiz"}, "geometry": {"type": "Polygon", "coordinates": [[[122.7722, 11.4967], [122.777, 11.4879], [122.785, 11.4915], [122.7819, 11.4804], [122.8085, 11.476], [122.8221, 11.4573], [122.8244, 11.4168], [122.7789, 11.4077], [122.76, 11.4149], [122.7682, 11.4003], [122.7576, 11.3922], [122.7498, 11.3567], [122.7435, 11.3701], [122.7477, 11.4016], [122.7208, 11.4495], [122.7283, 11.4611], [122.7221, 11.469], [122.7287, 11.4822], [122.7488, 11.4811], [122.7722, 11.4967]]]}}, {"type": "Feature", "properties": {"ADM3_EN": "Passi City", "ADM3_PCODE": "PH0603035", "ADM2_EN": "Iloilo", "ADM2_PCODE": "PH06030", "ADM1_EN": "Region VI (Western Visayas)", "ADM1_PCODE": "PH06", "ADM0_EN": "Philippines (the)", "ADM0_PCODE": "PH", "date": "2022-11-09", "validOn": "2023-11-06", "validTo": null, "ADM3_REF": null, "ADM3ALT1EN": "City of Passi", "Shape_Leng": 0.72, "Shape_Area": 0.021, "AREA_SQKM": 251.39, "psgc_id": "PH0603035", "psgc_code": "0603035000", "psgc_name": "Passi City", "psgc_status": "matched", "match_confidence": 1.0, "psgc_type": "city", "match_method": "exact", "region_key": "panay", "province_key": "iloilo", "population": 88873}, "geometry": {"type": "Polygon", "coordinates": [[[122.5883, 11.149], [122.5819, 11.1008], [122.6105, 11.0937], [122.6556, 11.0661], [122.7233, 11.0662], [122.7419, 11.12], [122.71, 11.17], [122.64, 11.175], [122.5883, 11.149]]]}}, {"type": "Feature", "properties": {"ADM3_EN": "Patnongon", "ADM3_PCODE": "PH0600612", "ADM2_EN": "Antique", "ADM2_PCODE": "PH06006", "ADM1_EN": "Region VI (Western Visayas)", "ADM1_PCODE": "PH06", "ADM0_EN": "Philippines (the)", "ADM0_PCODE": "PH", "date": "2022-11-09", "validOn": "2023-11-06", "validTo": null, "ADM3_REF": null, "ADM3ALT1EN": null, "Shape_Leng": 0.419391403945, "Shape_Area": 0.0110229011003, "AREA_SQKM": 133.287691091, "psgc_id": "PH0600612", "psgc_code": "0600612000", "psgc_name": "Patnongon", "psgc_status": "matched", "match_confidence": 1.0, "psgc_type": "municipality", "match_method": "exact", "region_key": "panay", "province_key": "antique"}, "geometry": {"type": "Polygon", "coordinates": [[[122.0691, 10.984], [122.0945, 10.9368], [122.0749, 10.8762], [122.0505, 10.8633], [122.0199, 10.8756], [121.98, 10.8688], [121.967, 10.8735], [121.9842, 10.9321], [122.0366, 10.9966], [122.0691, 10.984]]]}}, {"type": "Feature", "properties": {"ADM3_EN": "Pavia", "ADM3_PCODE": "PH0603036", "ADM2_EN": "Iloilo", "ADM2_PCODE": "PH06030", "ADM1_EN": "Region VI (Western Visayas)", "ADM1_PCODE": "PH06", "ADM0_EN": "Philippines (the)", "ADM0_PCODE": "PH", "date": "2022-11-09", "validOn": "2023-11-06", "validTo": null, "ADM3_REF": null, "ADM3ALT1EN": null, "Shape_Leng": 0.212373606328, "Shape_Area": 0.0021055289724, "AREA_SQKM": 25.472525278, "psgc_id": "PH0603036", "psgc_code": "0603036000", "psgc_name": "Pavia", "psgc_status": "matched", "match_confidence": 1.0, "psgc_type": "municipality", "match_method": "exact", "region_key": "panay", "province_key": "iloilo"}, "geometry": {"type": "Polygon", "coordinates": [[[122.5575, 10.7931], [122.5661, 10.7832], [122.5589, 10.7604], [122.5416, 10.7599], [122.5314, 10.7384], [122.5132, 10.7392], [122.5022, 10.7543], [122.5152, 10.7766], [122.5336, 10.7964], [122.5575, 10.7931]]]}}, {"type": "Feature", "properties": {"ADM3_EN": "Pilar", "ADM3_PCODE": "PH0601911", "ADM2_EN": "Capiz", "ADM2_PCODE": "PH06019", "ADM1_EN": "Region VI (Western Visayas)", "ADM1_PCODE": "PH06", "ADM0_EN": "Philippines (the)", "ADM0_PCODE": "PH", "date": "2022-11-09", "validOn": "2023-11-06", "validTo": null, "ADM3_REF": null, "ADM3ALT1EN": null, "Shape_Leng": 0.556896162149, "Shape_Area": 0.00977588719773, "AREA_SQKM": 117.994645578, "psgc_id": "PH0601911", "psgc_code": "0601911000", "psgc_name": "Pilar", "psgc_status": "matched", "match_confidence": 1.0, "psgc_type": "municipality", "match_method": "exact", "region_key": "panay", "province_key": "capiz"}, "geometry": {"type": "Polygon", "coordinates": [[[123.074, 11.4898], [123.0427, 11.4421], [123.046, 11.4038], [123.0225, 11.3928], [123.0133, 11.3916], [122.9937, 11.4246], [122.9561, 11.4361], [122.9363, 11.464], [122.9407, 11.4784], [122.9892, 11.483], [123.0976, 11.5444], [123.0856, 11.5145], [123.0753, 11.5101], [123.074, 11.4898]]]}}, {"type": "Feature", "properties": {"ADM3_EN": "Pontevedra", "ADM3_PCODE": "PH0601912", "ADM2_EN": "Capiz", "ADM2_PCODE": "PH06019", "ADM1_EN": "Region VI (Western Visayas)", "ADM1_PCODE": "PH06", "ADM0_EN": "Philippines (the)", "ADM0_PCODE": "PH", "date": "2022-11-09", "validOn": "2023-11-06", "validTo": null, "ADM3_REF": null, "ADM3ALT1EN": null, "Shape_Leng": 0.688168685198, "Shape_Area": 0.00868113408904, "AREA_SQKM": 104.789765925, "psgc_id": "PH0601912", "psgc_code": "0601912000", "psgc_name": "Pontevedra", "psgc_status": "matched", "match_confidence": 1.0, "psgc_type": "municipality", "match_method": "exact", "region_key": "panay", "province_key": "capiz"}, "geometry": {"type": "Polygon", "coordinates": [[[122.8911, 11.4808], [122.8952, 11.4655], [122.8832, 11.4651], [122.8799, 11.4618], [122.9018, 11.4562], [122.8904, 11.4543], [122.8913, 11.4465], [122.881, 11.4399], [122.8918, 11.4387], [122.8878, 11.4318], [122.909, 11.4335], [122.9045, 11.423], [122.9161, 11.3977], [122.9509, 11.37], [122.9408, 11.3604], [122.8991, 11.3857], [122.884, 11.3873], [122.8707, 11.3786], [122.8244, 11.4168], [122.8221, 11.4573], [122.7968, 11.4803], [122.809, 11.49], [122.8483, 11.496], [122.8598, 11.5079], [122.873, 11.501], [122.8701, 11.4894], [122.8911, 11.4808]]]}}, {"type": "Feature", "properties": {"ADM3_EN": "Pototan", "ADM3_PCODE": "PH0603037", "ADM2_EN": "Iloilo", "ADM2_PCODE": "PH06030", "ADM1_EN": "Region VI (Western Visayas)", "ADM1_PCODE": "PH06", "ADM0_EN": "Philippines (the)", "ADM0_PCODE": "PH", "date": "2022-11-09", "validOn": "2023-11-06", "validTo": null, "ADM3_REF": null, "ADM3ALT1EN": null, "Shape_Leng": 0.585978821283, "Shape_Area": 0.00814613522858, "AREA_SQKM": 98.4999276733, "psgc_id": "PH0603037", "psgc_code": "0603037000", "psgc_name": "Pototan", "psgc_status": "matched", "match_confidence": 1.0, "psgc_type": "municipality", "match_method": "exact", "region_key": "panay", "province_key": "iloilo"}, "geometry": {"type": "Polygon", "coordinates": [[[122.6714, 10.9442], [122.6703, 10.925], [122.6907, 10.9194], [122.6837, 10.9043], [122.6695, 10.904], [122.6633, 10.8954], [122.6512, 10.8481], [122.6074, 10.8756], [122.6129, 10.8934], [122.6052, 10.8947], [122.6077, 10.9084], [122.6164, 10.9223], [122.593, 10.9345], [122.6027, 10.9645], [122.5827, 10.9612], [122.5875, 10.9674], [122.5795, 10.9782], [122.5879, 10.9964], [122.6335, 10.9935], [122.6468, 10.9784], [122.6514, 10.9535], [122.6714, 10.9442]]]}}, {"type": "Feature", "properties": {"ADM3_EN": "President Roxas", "ADM3_PCODE": "PH0601913", "ADM2_EN": "Capiz", "ADM2_PCODE": "PH06019", "ADM1_EN": "Region VI (Western Visayas)", "ADM1_PCODE": "PH06", "ADM0_EN": "Philippines (the)", "ADM0_PCODE": "PH", "date": "2022-11-09", "validOn": "2023-11-06", "validTo": null, "ADM3_REF": null, "ADM3ALT1EN": null, "Shape_Leng": 0.410739301121, "Shape_Area": 0.0056694249509, "AREA_SQKM": 68.4399764039, "psgc_id": "PH0601913", "psgc_code": "0601913000", "psgc_name": "President Roxas", "psgc_status": "matched", "match_confidence": 1.0, "psgc_type": "municipality", "match_method": "exact", "region_key": "panay", "province_key": "capiz"}, "geometry": {"type": "Polygon", "coordinates": [[[122.9396, 11.473], [122.9363, 11.464], [122.9561, 11.4361], [122.9937, 11.4246], [123.0133, 11.3916], [122.9509, 11.37], [122.9161, 11.3977], [122.9036, 11.4357], [122.9186, 11.453], [122.9158, 11.4813], [122.9396, 11.473]]]}}, {"type": "Feature", "properties": {"ADM3_EN": "San Dionisio", "ADM3_PCODE": "PH0603038", "ADM2_EN": "Iloilo", "ADM2_PCODE": "PH06030", "ADM1_EN": "Region VI (Western Visayas)", "ADM1_PCODE": "PH06", "ADM0_EN": "Philippines (the)", "ADM0_PCODE": "PH", "date": "2022-11-09", "validOn": "2023-11-06", "validTo": null, "ADM3_REF": null, "ADM3ALT1EN": null, "Shape_Leng": 0.559272914372, "Shape_Area": 0.00982073943072, "AREA_SQKM": 118.590751105, "psgc_id": "PH0603038", "psgc_code": "0603038000", "psgc_name": "San Dionisio", "psgc_status": "matched", "match_confidence": 1.0, "psgc_type": "municipality", "match_method": "exact", "region_key": "panay", "province_key": "iloilo"}, "geometry": {"type": "MultiPolygon", "coordinates": [[[[123.1462, 11.376], [123.1396, 11.3633], [123.1252, 11.3646], [123.131, 11.3414], [123.1104, 11.3433], [123.1007, 11.3356], [123.1087, 11.2969], [123.096, 11.279], [123.0961, 11.244], [123.0601, 11.2589], [123.0268, 11.302], [123.0383, 11.3552], [123.0351, 11.3952], [123.0497, 11.381], [123.0852, 11.3876], [123.1462, 11.376]]], [[[123.1521, 11.3084], [123.1482, 11.3079], [123.1514, 11.3097], [123.1521, 11.3084]]], [[[123.1073, 11.2727], [123.1063, 11.2733], [123.1075, 11.2734], [123.1073, 11.2727]]], [[[123.1044, 11.2685], [123.1034, 11.2675], [123.1032, 11.2678], [123.1044, 11.2685]]]]}}, {"type": "Feature", "properties": {"ADM3_EN": "San Enrique", "ADM3_PCODE": "PH0603039", "ADM2_EN": "Iloilo", "ADM2_PCODE": "PH06030", "ADM1_EN": "Region VI (Western Visayas)", "ADM1_PCODE": "PH06", "ADM0_EN": "Philippines (the)", "ADM0_PCODE": "PH", "date": "2022-11-09", "validOn": "2023-11-06", "validTo": null, "ADM3_REF": null, "ADM3ALT1EN": null, "Shape_Leng": 0.494867130378, "Shape_Area": 0.00873181004204, "AREA_SQKM": 105.520308118, "psgc_id": "PH0603039", "psgc_code": "0603039000", "psgc_name": "San Enrique", "psgc_status": "matched", "match_confidence": 1.0, "psgc_type": "municipality", "match_method": "exact", "region_key": "panay", "province_key": "iloilo"}, "geometry": {"type": "Polygon", "coordinates": [[[122.7822, 11.1593], [122.7834, 11.1317], [122.7713, 11.1029], [122.7419, 11.0775], [122.7233, 11.0662], [122.6921, 11.0668], [122.6622, 11.0448], [122.6372, 11.0416], [122.6554, 11.0649], [122.6408, 11.0881], [122.6486, 11.1018], [122.6594, 11.0956], [122.6694, 11.1108], [122.6936, 11.1109], [122.6969, 11.1309], [122.7104, 11.1467], [122.7336, 11.1466], [122.7504, 11.1633], [122.7822, 11.1593]]]}}, {"type": "Feature", "properties": {"ADM3_EN": "San Joaquin", "ADM3_PCODE": "PH0603040", "ADM2_EN": "Iloilo", "ADM2_PCODE": "PH06030", "ADM1_EN": "Region VI (Western Visayas)", "ADM1_PCODE": "PH06", "ADM0_EN": "Philippines (the)", "ADM0_PCODE": "PH", "date": "2022-11-09", "validOn": "2023-11-06", "validTo": null, "ADM3_REF": null, "ADM3ALT1EN": null, "Shape_Leng": 0.665948861061, "Shape_Area": 0.0164574764439, "AREA_SQKM": 199.212211897, "psgc_id": "PH0603040", "psgc_code": "0603040000", "psgc_name": "San Joaquin", "psgc_status": "matched", "match_confidence": 1.0, "psgc_type": "municipality", "match_method": "exact", "region_key": "panay", "province_key": "iloilo"}, "geometry": {"type": "Polygon", "coordinates": [[[122.0947, 10.6996], [122.1382, 10.6631], [122.1499, 10.627], [122.1695, 10.6088], [122.1428, 10.5846], [122.1059, 10.5834], [122.0958, 10.5754], [122.0794, 10.5491], [122.0775, 10.5255], [122.0649, 10.519], [122.0614, 10.5008], [122.0342, 10.4797], [122.0303, 10.4668], [122.013, 10.4765], [122.0122, 10.4867], [122.0236, 10.589], [122.0652, 10.6807], [122.0841, 10.7002], [122.0947, 10.6996]]]}}, {"type": "Feature", "properties": {"ADM3_EN": "San Jose (Capital)", "ADM3_PCODE": "PH0600613", "ADM2_EN": "Antique", "ADM2_PCODE": "PH06006", "ADM1_EN": "Region VI (Western Visayas)", "ADM1_PCODE": "PH06", "ADM0_EN": "Philippines (the)", "ADM0_PCODE": "PH", "date": "2022-11-09", "validOn": "2023-11-06", "validTo": null, "ADM3_REF": null, "ADM3ALT1EN": null, "Shape_Leng": 0.338093141391, "Shape_Area": 0.00369720993945, "AREA_SQKM": 44.7282178377, "psgc_id": "PH0600613", "psgc_code": "0600613000", "psgc_name": "San Jose", "psgc_status": "matched", "match_confidence": 1.0, "psgc_type": "municipality", "match_method": "exact", "region_key": "panay", "province_key": "antique"}, "geometry": {"type": "Polygon", "coordinates": [[[121.9747, 10.8121], [121.9807, 10.7915], [121.9768, 10.7642], [121.9944, 10.7569], [121.9948, 10.7462], [121.9763, 10.7465], [121.9612, 10.7208], [121.9465, 10.7376], [121.9336, 10.7403], [121.923, 10.7639], [121.9488, 10.809], [121.9495, 10.8245], [121.9747, 10.8121]]]}}, {"type": "Feature", "properties": {"ADM3_EN": "San Miguel", "ADM3_PCODE": "PH0603041", "ADM2_EN": "Iloilo", "ADM2_PCODE": "PH06030", "ADM1_EN": "Region VI (Western Visayas)", "ADM1_PCODE": "PH06", "ADM0_EN": "Philippines (the)", "ADM0_PCODE": "PH", "date": "2022-11-09", "validOn": "2023-11-06", "validTo": null, "ADM3_REF": null, "ADM3ALT1EN": null, "Shape_Leng": 0.303309029162, "Shape_Area": 0.00274614635241, "AREA_SQKM": 33.2210239876, "psgc_id": "PH0603041", "psgc_code": "0603041000", "psgc_name": "San Miguel", "psgc_status": "matched", "match_confidence": 1.0, "psgc_type": "municipality", "match_method": "exact", "region_key": "panay", "province_key": "iloilo"}, "geometry": {"type": "Polygon", "coordinates": [[[122.4987, 10.8167], [122.4931, 10.7839], [122.5088, 10.7646], [122.5022, 10.7543], [122.4568, 10.7715], [122.4323, 10.7684], [122.42, 10.7534], [122.4143, 10.7699], [122.4434, 10.7836], [122.4727, 10.8198], [122.4987, 10.8167]]]}}, {"type": "Feature", "properties": {"ADM3_EN": "San Rafael", "ADM3_PCODE": "PH0603042", "ADM2_EN": "Iloilo", "ADM2_PCODE": "PH06030", "ADM1_EN": "Region VI (Western Visayas)", "ADM1_PCODE": "PH06", "ADM0_EN": "Philippines (the)", "ADM0_PCODE": "PH", "date": "2022-11-09", "validOn": "2023-11-06", "validTo": null, "ADM3_REF": null, "ADM3ALT1EN": null, "Shape_Leng": 0.352127104873, "Shape_Area": 0.0069587922844, "AREA_SQKM": 84.0807915901, "psgc_id": "PH0603042", "psgc_code": "0603042000", "psgc_name": "San Rafael", "psgc_status": "matched", "match_confidence": 1.0, "psgc_type": "municipality", "match_method": "exact", "region_key": "panay", "province_key": "iloilo"}, "geometry": {"type": "Polygon", "coordinates": [[[122.8836, 11.1729], [122.8824, 11.1396], [122.8614, 11.1251], [122.7713, 11.1029], [122.7849, 11.1397], [122.7802, 11.1823], [122.8146, 11.1939], [122.8504, 11.1956], [122.8836, 11.1729]]]}}, {"type": "Feature", "properties": {"ADM3_EN": "San Remigio", "ADM3_PCODE": "PH0600614", "ADM2_EN": "Antique", "ADM2_PCODE": "PH06006", "ADM1_EN": "Region VI (Western Visayas)", "ADM1_PCODE": "PH06", "ADM0_EN": "Philippines (the)", "ADM0_PCODE": "PH", "date": "2022-11-09", "validOn": "2023-11-06", "validTo": null, "ADM3_REF": null, "ADM3ALT1EN": null, "Shape_Leng": 0.878459823637, "Shape_Area": 0.0326353768711, "AREA_SQKM": 394.655006486, "psgc_id": "PH0600614", "psgc_code": "0600614000", "psgc_name": "San Remigio", "psgc_status": "matched", "match_confidence": 1.0, "psgc_type": "municipality", "match_method": "exact", "region_key": "panay", "province_key": "antique"}, "geometry": {"type": "Polygon", "coordinates": [[[122.3125, 10.9581], [122.3236, 10.9334], [122.309, 10.9222], [122.297, 10.9256], [122.283, 10.9111], [122.2809, 10.8923], [122.2606, 10.8952], [122.2649, 10.8769], [122.2583, 10.8606], [122.2443, 10.8495], [122.2244, 10.853], [122.201, 10.8347], [122.1943, 10.8037], [122.1414, 10.817], [122.1011, 10.8024], [122.0484, 10.8109], [122.0355, 10.847], [122.0193, 10.8502], [122.0199, 10.8756], [122.0505, 10.8633], [122.0659, 10.8683], [122.0873, 10.9063], [122.1134, 10.9231], [122.1325, 10.9586], [122.2041, 11.0075], [122.2155, 11.0081], [122.3125, 10.9581]]]}}, {"type": "Feature", "properties": {"ADM3_EN": "Santa Barbara", "ADM3_PCODE": "PH0603043", "ADM2_EN": "Iloilo", "ADM2_PCODE": "PH06030", "ADM1_EN": "Region VI (Western Visayas)", "ADM1_PCODE": "PH06", "ADM0_EN": "Philippines (the)", "ADM0_PCODE": "PH", "date": "2022-11-09", "validOn": "2023-11-06", "validTo": null, "ADM3_REF": null, "ADM3ALT1EN": null, "Shape_Leng": 0.366039985879, "Shape_Area": 0.00572795061595, "AREA_SQKM": 69.2843907781, "psgc_id": "PH0603043", "psgc_code": "0603043000", "psgc_name": "Santa Barbara", "psgc_status": "matched", "match_confidence": 1.0, "psgc_type": "municipality", "match_method": "exact", "region_key": "panay", "province_key": "iloilo"}, "geometry": {"type": "Polygon", "coordinates": [[[122.5978, 10.8308], [122.6032, 10.8143], [122.5598, 10.8035], [122.5575, 10.7931], [122.5336, 10.7964], [122.5088, 10.7646], [122.4931, 10.7839], [122.5025, 10.8265], [122.5363, 10.8748], [122.5772, 10.8391], [122.5978, 10.8308]]]}}, {"type": "Feature", "properties": {"ADM3_EN": "Sapi-an", "ADM3_PCODE": "PH0601915", "ADM2_EN": "Capiz", "ADM2_PCODE": "PH06019", "ADM1_EN": "Region VI (Western Visayas)", "ADM1_PCODE": "PH06", "ADM0_EN": "Philippines (the)", "ADM0_PCODE": "PH", "date": "2022-11-09", "validOn": "2023-11-06", "validTo": null, "ADM3_REF": null, "ADM3ALT1EN": null, "Shape_Leng": 0.528976884794, "Shape_Area": 0.00727650199752, "AREA_SQKM": 87.8156505741, "psgc_id": "PH0601915", "psgc_code": "0601915000", "psgc_name": "Sapi-An", "psgc_status": "matched", "match_confidence": 1.0, "psgc_type": "municipality", "match_method": "exact", "region_key": "panay", "province_key": "capiz"}, "geometry": {"type": "Polygon", "coordinates": [[[122.6338, 11.5217], [122.6486, 11.5013], [122.6716, 11.4967], [122.6751, 11.4882], [122.6661, 11.4714], [122.6191, 11.4758], [122.557, 11.4659], [122.5268, 11.4824], [122.5267, 11.5128], [122.5359, 11.5357], [122.5508, 11.5352], [122.5597, 11.5485], [122.5738, 11.5413], [122.5758, 11.5524], [122.5853, 11.5503], [122.5895, 11.5329], [122.5787, 11.5145], [122.58, 11.5087], [122.591, 11.5185], [122.6338, 11.5217]]]}}, {"type": "Feature", "properties": {"ADM3_EN": "Sara", "ADM3_PCODE": "PH0603044", "ADM2_EN": "Iloilo", "ADM2_PCODE": "PH06030", "ADM1_EN": "Region VI (Western Visayas)", "ADM1_PCODE": "PH06", "ADM0_EN": "Philippines (the)", "ADM0_PCODE": "PH", "date": "2022-11-09", "validOn": "2023-11-06", "validTo": null, "ADM3_REF": null, "ADM3ALT1EN": null, "Shape_Leng": 0.582985416657, "Shape_Area": 0.0153003695893, "AREA_SQKM": 184.775856754, "psgc_id": "PH0603044", "psgc_code": "0603044000", "psgc_name": "Sara", "psgc_status": "matched", "match_confidence": 1.0, "psgc_type": "municipality", "match_method": "exact", "region_key": "panay", "province_key": "iloilo"}, "geometry": {"type": "Polygon", "coordinates": [[[123.0601, 11.2589], [123.0528, 11.2213], [123.003, 11.2231], [122.9754, 11.2088], [122.9661, 11.2125], [122.9678, 11.263], [122.9443, 11.2767], [122.954, 11.2946], [122.935, 11.3295], [122.9393, 11.3588], [122.9944, 11.39], [123.0351, 11.3952], [123.0383, 11.3552], [123.0268, 11.302], [123.0601, 11.2589]]]}}, {"type": "Feature", "properties": {"ADM3_EN": "Sebaste", "ADM3_PCODE": "PH0600615", "ADM2_EN": "Antique", "ADM2_PCODE": "PH06006", "ADM1_EN": "Region VI (Western Visayas)", "ADM1_PCODE": "PH06", "ADM0_EN": "Philippines (the)", "ADM0_PCODE": "PH", "date": "2022-11-09", "validOn": "2023-11-06", "validTo": null, "ADM3_REF": null, "ADM3ALT1EN": null, "Shape_Leng": 0.506113337813, "Shape_Area": 0.00883464541283, "AREA_SQKM": 106.586812199, "psgc_id": "PH0600615", "psgc_code": "0600615000", "psgc_name": "Sebaste", "psgc_status": "matched", "match_confidence": 1.0, "psgc_type": "municipality", "match_method": "exact", "region_key": "panay", "province_key": "antique"}, "geometry": {"type": "Polygon", "coordinates": [[[122.1614, 11.6757], [122.1421, 11.6411], [122.1491, 11.5959], [122.1395, 11.5579], [122.1527, 11.526], [122.1477, 11.519], [122.1066, 11.5185], [122.085, 11.5005], [122.0781, 11.5375], [122.1013, 11.6446], [122.0964, 11.6732], [122.1137, 11.6679], [122.1289, 11.6804], [122.1614, 11.6757]]]}}, {"type": "Feature", "properties": {"ADM3_EN": "Sibalom", "ADM3_PCODE": "PH0600616", "ADM2_EN": "Antique", "ADM2_PCODE": "PH06006", "ADM1_EN": "Region VI (Western Visayas)", "ADM1_PCODE": "PH06", "ADM0_EN": "Philippines (the)", "ADM0_PCODE": "PH", "date": "2022-11-09", "validOn": "2023-11-06", "validTo": null, "ADM3_REF": null, "ADM3ALT1EN": null, "Shape_Leng": 0.657389152598, "Shape_Area": 0.0193958532347, "AREA_SQKM": 234.647391865, "psgc_id": "PH0600616", "psgc_code": "0600616000", "psgc_name": "Sibalom", "psgc_status": "matched", "match_confidence": 1.0, "psgc_type": "municipality", "match_method": "exact", "region_key": "panay", "province_key": "antique"}, "geometry": {"type": "Polygon", "coordinates": [[[122.1943, 10.8037], [122.175, 10.756], [122.1539, 10.7512], [122.0737, 10.6894], [122.0622, 10.7072], [122.0312, 10.714], [122.0011, 10.7376], [121.9898, 10.7484], [121.9944, 10.7569], [121.9768, 10.7642], [121.9747, 10.7765], [121.9822, 10.8364], [122.0034, 10.8382], [122.0117, 10.8504], [122.0355, 10.847], [122.0484, 10.8109], [122.1011, 10.8024], [122.1414, 10.817], [122.1943, 10.8037]]]}}, {"type": "Feature", "properties": {"ADM3_EN": "Sigma", "ADM3_PCODE": "PH0601916", "ADM2_EN": "Capiz", "ADM2_PCODE": "PH06019", "ADM1_EN": "Region VI (Western Visayas)", "ADM1_PCODE": "PH06", "ADM0_EN": "Philippines (the)", "ADM0_PCODE": "PH", "date": "2022-11-09", "validOn": "2023-11-06", "validTo": null, "ADM3_REF": null, "ADM3ALT1EN": null, "Shape_Leng": 0.48997735729, "Shape_Area": 0.00886345318774, "AREA_SQKM": 106.99385557, "psgc_id": "PH0601916", "psgc_code": "0601916000", "psgc_name": "Sigma", "psgc_status": "matched", "match_confidence": 1.0, "psgc_type": "municipality", "match_method": "exact", "region_key": "panay", "province_key": "capiz"}, "geometry": {"type": "Polygon", "coordinates": [[[122.7293, 11.4856], [122.7208, 11.4495], [122.7348, 11.424], [122.6985, 11.4151], [122.6875, 11.4018], [122.6644, 11.4006], [122.6469, 11.3669], [122.5966, 11.3567], [122.5967, 11.3741], [122.6246, 11.4016], [122.6212, 11.415], [122.6347, 11.4254], [122.633, 11.4518], [122.6441, 11.4719], [122.6661, 11.4714], [122.6751, 11.4882], [122.7293, 11.4856]]]}}, {"type": "Feature", "properties": {"ADM3_EN": "Tangalan", "ADM3_PCODE": "PH0600417", "ADM2_EN": "Aklan", "ADM2_PCODE": "PH06004", "ADM1_EN": "Region VI (Western Visayas)", "ADM1_PCODE": "PH06", "ADM0_EN": "Philippines (the)", "ADM0_PCODE": "PH", "date": "2022-11-09", "validOn": "2023-11-06", "validTo": null, "ADM3_REF": null, "ADM3ALT1EN": null, "Shape_Leng": 0.398450494293, "Shape_Area": 0.00563566194397, "AREA_SQKM": 67.9559744926, "psgc_id": "PH0600417", "psgc_code": "0600417000", "psgc_name": "Tangalan", "psgc_status": "matched", "match_confidence": 1.0, "psgc_type": "municipality", "match_method": "exact", "region_key": "panay", "province_key": "aklan"}, "geometry": {"type": "Polygon", "coordinates": [[[122.2852, 11.7601], [122.2736, 11.7445], [122.2505, 11.7338], [122.2383, 11.6872], [122.2126, 11.669], [122.2009, 11.7042], [122.2218, 11.8137], [122.227, 11.7935], [122.2451, 11.7858], [122.2567, 11.7942], [122.2852, 11.7601]]]}}, {"type": "Feature", "properties": {"ADM3_EN": "Tapaz", "ADM3_PCODE": "PH0601917", "ADM2_EN": "Capiz", "ADM2_PCODE": "PH06019", "ADM1_EN": "Region VI (Western Visayas)", "ADM1_PCODE": "PH06", "ADM0_EN": "Philippines (the)", "ADM0_PCODE": "PH", "date": "2022-11-09", "validOn": "2023-11-06", "validTo": null, "ADM3_REF": null, "ADM3ALT1EN": null, "Shape_Leng": 1.15342139823, "Shape_Area": 0.0433476722785, "AREA_SQKM": 523.572001032, "psgc_id": "PH0601917", "psgc_code": "0601917000", "psgc_name": "Tapaz", "psgc_status": "matched", "match_confidence": 1.0, "psgc_type": "municipality", "match_method": "exact", "region_key": "panay", "province_key": "capiz"}, "geometry": {"type": "Polygon", "coordinates": [[[122.5636, 11.3217], [122.5869, 11.2727], [122.5788, 11.2603], [122.5824, 11.2527], [122.5592, 11.2383], [122.5622, 11.2253], [122.5488, 11.2137], [122.5494, 11.203], [122.5099, 11.1904], [122.4965, 11.1787], [122.4522, 11.193], [122.3953, 11.1901], [122.3257, 11.2249], [122.2399, 11.1335], [122.2125, 11.1661], [122.202, 11.2187], [122.318, 11.2655], [122.3475, 11.3324], [122.3613, 11.3449], [122.5165, 11.35], [122.5636, 11.3217]]]}}, {"type": "Feature", "properties": {"ADM3_EN": "Tibiao", "ADM3_PCODE": "PH0600617", "ADM2_EN": "Antique", "ADM2_PCODE": "PH06006", "ADM1_EN": "Region VI (Western Visayas)", "ADM1_PCODE": "PH06", "ADM0_EN": "Philippines (the)", "ADM0_PCODE": "PH", "date": "2022-11-09", "validOn": "2023-11-06", "validTo": null, "ADM3_REF": null, "ADM3ALT1EN": null, "Shape_Leng": 0.461161665778, "Shape_Area": 0.00819156449725, "AREA_SQKM": 98.9224983699, "psgc_id": "PH0600617", "psgc_code": "0600617000", "psgc_name": "Tibiao", "psgc_status": "matched", "match_confidence": 1.0, "psgc_type": "municipality", "match_method": "exact", "region_key": "panay", "province_key": "antique"}, "geometry": {"type": "Polygon", "coordinates": [[[122.1644, 11.3454], [122.1587, 11.3246], [122.1417, 11.3307], [122.1269, 11.3252], [122.1267, 11.3119], [122.1156, 11.3113], [122.1191, 11.3048], [122.0943, 11.2653], [122.0803, 11.2636], [122.0716, 11.2477], [122.0491, 11.2496], [122.0519, 11.262], [122.0272, 11.3003], [122.0369, 11.3219], [122.0566, 11.3402], [122.06, 11.3592], [122.0792, 11.3574], [122.093, 11.3654], [122.1218, 11.3516], [122.1644, 11.3454]]]}}, {"type": "Feature", "properties": {"ADM3_EN": "Tigbauan", "ADM3_PCODE": "PH0603045", "ADM2_EN": "Iloilo", "ADM2_PCODE": "PH06030", "ADM1_EN": "Region VI (Western Visayas)", "ADM1_PCODE": "PH06", "ADM0_EN": "Philippines (the)", "ADM0_PCODE": "PH", "date": "2022-11-09", "validOn": "2023-11-06", "validTo": null, "ADM3_REF": null, "ADM3ALT1EN": null, "Shape_Leng": 0.38076497839, "Shape_Area": 0.00746197676598, "AREA_SQKM": 90.2902875125, "psgc_id": "PH0603045", "psgc_code": "0603045000", "psgc_name": "Tigbauan", "psgc_status": "matched", "match_confidence": 1.0, "psgc_type": "municipality", "match_method": "exact", "region_key": "panay", "province_key": "iloilo"}, "geometry": {"type": "Polygon", "coordinates": [[[122.4201, 10.7589], [122.427, 10.7289], [122.4213, 10.6803], [122.3913, 10.67], [122.3759, 10.6682], [122.3472, 10.6704], [122.3325, 10.6889], [122.3269, 10.7233], [122.3355, 10.7318], [122.3398, 10.7649], [122.3655, 10.762], [122.3945, 10.7473], [122.4201, 10.7589]]]}}, {"type": "Feature", "properties": {"ADM3_EN": "Tobias Fornier (Dao)", "ADM3_PCODE": "PH0600607", "ADM2_EN": "Antique", "ADM2_PCODE": "PH06006", "ADM1_EN": "Region VI (Western Visayas)", "ADM1_PCODE": "PH06", "ADM0_EN": "Philippines (the)", "ADM0_PCODE": "PH", "date": "2022-11-09", "validOn": "2023-11-06", "validTo": null, "ADM3_REF": null, "ADM3ALT1EN": "Dao", "Shape_Leng": 0.447225521739, "Shape_Area": 0.00915263351769, "AREA_SQKM": 110.815918882, "psgc_id": "PH0600607", "psgc_code": "0600607000", "psgc_name": "Tobias Fornier", "psgc_status": "matched", "match_confidence": 1.0, "psgc_type": "municipality", "match_method": "exact", "region_key": "panay", "province_key": "antique"}, "geometry": {"type": "Polygon", "coordinates": [[[122.0236, 10.589], [122.0087, 10.4688], [121.9569, 10.4636], [121.9186, 10.4734], [121.9222, 10.487], [121.9145, 10.5045], [121.9232, 10.5046], [121.951, 10.5363], [121.9669, 10.5879], [122.0236, 10.589]]]}}, {"type": "Feature", "properties": {"ADM3_EN": "Tubungan", "ADM3_PCODE": "PH0603046", "ADM2_EN": "Iloilo", "ADM2_PCODE": "PH06030", "ADM1_EN": "Region VI (Western Visayas)", "ADM1_PCODE": "PH06", "ADM0_EN": "Philippines (the)", "ADM0_PCODE": "PH", "date": "2022-11-09", "validOn": "2023-11-06", "validTo": null, "ADM3_REF": null, "ADM3ALT1EN": null, "Shape_Leng": 0.472687385097, "Shape_Area": 0.00746562761189, "AREA_SQKM": 90.3094545447, "psgc_id": "PH0603046", "psgc_code": "0603046000", "psgc_name": "Tubungan", "psgc_status": "matched", "match_confidence": 1.0, "psgc_type": "municipality", "match_method": "exact", "region_key": "panay", "province_key": "iloilo"}, "geometry": {"type": "Polygon", "coordinates": [[[122.2583, 10.8606], [122.3182, 10.8215], [122.3244, 10.7926], [122.3385, 10.7762], [122.3387, 10.7441], [122.3304, 10.7248], [122.3114, 10.7366], [122.3051, 10.7513], [122.2894, 10.7513], [122.2892, 10.7644], [122.2505, 10.7986], [122.2531, 10.8113], [122.2434, 10.8249], [122.201, 10.8347], [122.2244, 10.853], [122.2443, 10.8495], [122.2583, 10.8606]]]}}, {"type": "Feature", "properties": {"ADM3_EN": "Valderrama", "ADM3_PCODE": "PH0600618", "ADM2_EN": "Antique", "ADM2_PCODE": "PH06006", "ADM1_EN": "Region VI (Western Visayas)", "ADM1_PCODE": "PH06", "ADM0_EN": "Philippines (the)", "ADM0_PCODE": "PH", "date": "2022-11-09", "validOn": "2023-11-06", "validTo": null, "ADM3_REF": null, "ADM3ALT1EN": null, "Shape_Leng": 0.843001484181, "Shape_Area": 0.0255316168155, "AREA_SQKM": 308.61637761, "psgc_id": "PH0600618", "psgc_code": "0600618000", "psgc_name": "Valderrama", "psgc_status": "matched", "match_confidence": 1.0, "psgc_type": "municipality", "match_method": "exact", "region_key": "panay", "province_key": "antique"}, "geometry": {"type": "Polygon", "coordinates": [[[122.3085, 11.0473], [122.3237, 11.0153], [122.3125, 10.9581], [122.2077, 11.0087], [122.1325, 10.9586], [122.1109, 10.9202], [122.0862, 10.9069], [122.0945, 10.9368], [122.0691, 10.984], [122.0897, 10.9889], [122.0947, 11.0121], [122.1094, 11.028], [122.1098, 11.0486], [122.1222, 11.0397], [122.153, 11.0566], [122.168, 11.0902], [122.1934, 11.1214], [122.2399, 11.1335], [122.3085, 11.0473]]]}}, {"type": "Feature", "properties": {"ADM3_EN": "Zarraga", "ADM3_PCODE": "PH0603047", "ADM2_EN": "Iloilo", "ADM2_PCODE": "PH06030", "ADM1_EN": "Region VI (Western Visayas)", "ADM1_PCODE": "PH06", "ADM0_EN": "Philippines (the)", "ADM0_PCODE": "PH", "date": "2022-11-09", "validOn": "2023-11-06", "validTo": null, "ADM3_REF": null, "ADM3ALT1EN": null, "Shape_Leng": 0.439316708607, "Shape_Area": 0.00316126581613, "AREA_SQKM": 38.2375827372, "psgc_id": "PH0603047", "psgc_code": "0603047000", "psgc_name": "Zarraga", "psgc_status": "matched", "match_confidence": 1.0, "psgc_type": "municipality", "match_method": "exact", "region_key": "panay", "province_key": "iloilo"}, "geometry": {"type": "Polygon", "coordinates": [[[122.6086, 10.8728], [122.6551, 10.8393], [122.6487, 10.841], [122.6506, 10.8323], [122.6394, 10.8281], [122.641, 10.8158], [122.6484, 10.8139], [122.6414, 10.8051], [122.6567, 10.8041], [122.6652, 10.78], [122.6526, 10.7844], [122.6453, 10.7737], [122.6451, 10.7917], [122.6316, 10.7925], [122.6308, 10.7999], [122.6182, 10.7967], [122.6226, 10.8085], [122.608, 10.8064], [122.6125, 10.8131], [122.6042, 10.8119], [122.5969, 10.8269], [122.6086, 10.8728]]]}}, {"type": "Feature", "geometry": {"type": "Polygon", "coordinates": [[[120.957, 14.618], [120.985, 14.625], [121.01, 14.605], [121.012, 14.582], [120.995, 14.568], [120.97, 14.56], [120.962, 14.585], [120.957, 14.618]]]}, "properties": {"ADM3_EN": "City of Manila", "ADM3_PCODE": "PH133901000", "ADM2_EN": "NCR, Second District", "ADM2_PCODE": "PH13000", "ADM1_EN": "National Capital Region (NCR)", "ADM1_PCODE": "PH13", "ADM0_EN": "Philippines (the)", "ADM0_PCODE": "PH", "psgc_id": "PH133901000", "psgc_code": "133901000", "psgc_name": "City of Manila", "psgc_type": "city", "match_confidence": 1.0, "AREA_SQKM": 42.88, "population": 1846513, "region_key": "ncr"}}, {"type": "Feature", "geometry": {"type": "Polygon", "coordinates": [[[121.002, 14.735], [121.05, 14.755], [121.11, 14.74], [121.095, 14.68], [121.085, 14.62], [121.025, 14.615], [120.99, 14.645], [121.002, 14.735]]]}, "properties": {"ADM3_EN": "Quezon City", "ADM3_PCODE": "PH137404000", "ADM2_EN": "NCR, Second District", "ADM2_PCODE": "PH13000", "ADM1_EN": "National Capital Region (NCR)", "ADM1_PCODE": "PH13", "ADM0_EN": "Philippines (the)", "ADM0_PCODE": "PH", "psgc_id": "PH137404000", "psgc_code": "137404000", "psgc_name": "Quezon City", "psgc_type": "city", "match_confidence": 1.0, "AREA_SQKM": 166.2, "population": 2960048, "region_key": "ncr"}}, {"type": "Feature", "geometry": {"type": "Polygon", "coordinates": [[[121.005, 14.572], [121.042, 14.57], [121.065, 14.55], [121.04, 14.535], [121.01, 14.542], [121.005, 14.572]]]}, "properties": {"ADM3_EN": "Makati City", "ADM3_PCODE": "PH137601000", "ADM2_EN": "NCR, Second District", "ADM2_PCODE": "PH13000", "ADM1_EN": "National Capital Region (NCR)", "ADM1_PCODE": "PH13", "ADM0_EN": "Philippines (the)", "ADM0_PCODE": "PH", "psgc_id": "PH137601000", "psgc_code": "137601000", "psgc_name": "Makati City", "psgc_type": "city", "match_confidence": 1.0, "AREA_SQKM": 21.57, "population": 629616, "region_key": "ncr"}}, {"type": "Feature", "geometry": {"type": "Polygon", "coordinates": [[[121.035, 14.545], [121.07, 14.552], [121.095, 14.52], [121.085, 14.485], [121.045, 14.495], [121.035, 14.545]]]}, "properties": {"ADM3_EN": "Taguig City", "ADM3_PCODE": "PH137607000", "ADM2_EN": "NCR, Second District", "ADM2_PCODE": "PH13000", "ADM1_EN": "National Capital Region (NCR)", "ADM1_PCODE": "PH13", "ADM0_EN": "Philippines (the)", "ADM0_PCODE": "PH", "psgc_id": "PH137607000", "psgc_code": "137607000", "psgc_name": "Taguig City", "psgc_type": "city", "match_confidence": 1.0, "AREA_SQKM": 45.21, "population": 886722, "region_key": "ncr"}}, {"type": "Feature", "geometry": {"type": "Polygon", "coordinates": [[[121.055, 14.595], [121.1, 14.598], [121.115, 14.57], [121.085, 14.552], [121.058, 14.565], [121.055, 14.595]]]}, "properties": {"ADM3_EN": "Pasig City", "ADM3_PCODE": "PH137403000", "ADM2_EN": "NCR, Second District", "ADM2_PCODE": "PH13000", "ADM1_EN": "National Capital Region (NCR)", "ADM1_PCODE": "PH13", "ADM0_EN": "Philippines (the)", "ADM0_PCODE": "PH", "psgc_id": "PH137403000", "psgc_code": "137403000", "psgc_name": "Pasig City", "psgc_type": "city", "match_confidence": 1.0, "AREA_SQKM": 31.0, "population": 803159, "region_key": "ncr"}}, {"type": "Feature", "geometry": {"type": "Polygon", "coordinates": [[[121.02, 14.595], [121.052, 14.592], [121.05, 14.572], [121.018, 14.578], [121.02, 14.595]]]}, "properties": {"ADM3_EN": "Mandaluyong City", "ADM3_PCODE": "PH137401000", "ADM2_EN": "NCR, Second District", "ADM2_PCODE": "PH13000", "ADM1_EN": "National Capital Region (NCR)", "ADM1_PCODE": "PH13", "ADM0_EN": "Philippines (the)", "ADM0_PCODE": "PH", "psgc_id": "PH137401000", "psgc_code": "137401000", "psgc_name": "Mandaluyong City", "psgc_type": "city", "match_confidence": 1.0, "AREA_SQKM": 11.26, "population": 425758, "region_key": "ncr"}}, {"type": "Feature", "geometry": {"type": "Polygon", "coordinates": [[[121.085, 14.665], [121.125, 14.675], [121.135, 14.63], [121.095, 14.622], [121.085, 14.665]]]}, "properties": {"ADM3_EN": "Marikina City", "ADM3_PCODE": "PH137402000", "ADM2_EN": "NCR, Second District", "ADM2_PCODE": "PH13000", "ADM1_EN": "National Capital Region (NCR)", "ADM1_PCODE": "PH13", "ADM0_EN": "Philippines (the)", "ADM0_PCODE": "PH", "psgc_id": "PH137402000", "psgc_code": "137402000", "psgc_name": "Marikina City", "psgc_type": "city", "match_confidence": 1.0, "AREA_SQKM": 21.52, "population": 456059, "region_key": "ncr"}}, {"type": "Feature", "geometry": {"type": "Polygon", "coordinates": [[[120.975, 14.552], [121.015, 14.545], [121.02, 14.515], [120.985, 14.52], [120.975, 14.552]]]}, "properties": {"ADM3_EN": "Pasay City", "ADM3_PCODE": "PH137605000", "ADM2_EN": "NCR, Second District", "ADM2_PCODE": "PH13000", "ADM1_EN": "National Capital Region (NCR)", "ADM1_PCODE": "PH13", "ADM0_EN": "Philippines (the)", "ADM0_PCODE": "PH", "psgc_id": "PH137605000", "psgc_code": "137605000", "psgc_name": "Pasay City", "psgc_type": "city", "match_confidence": 1.0, "AREA_SQKM": 18.21, "population": 440656, "region_key": "ncr"}}, {"type": "Feature", "geometry": {"type": "Polygon", "coordinates": [[[120.965, 14.66], [120.995, 14.662], [120.99, 14.635], [120.96, 14.638], [120.965, 14.66]]]}, "properties": {"ADM3_EN": "Caloocan City", "ADM3_PCODE": "PH137501000", "ADM2_EN": "NCR, Second District", "ADM2_PCODE": "PH13000", "ADM1_EN": "National Capital Region (NCR)", "ADM1_PCODE": "PH13", "ADM0_EN": "Philippines (the)", "ADM0_PCODE": "PH", "psgc_id": "PH137501000", "psgc_code": "137501000", "psgc_name": "Caloocan City", "psgc_type": "city", "match_confidence": 1.0, "AREA_SQKM": 55.8, "population": 1661584, "region_key": "ncr"}}, {"type": "Feature", "geometry": {"type": "Polygon", "coordinates": [[[120.935, 14.675], [120.97, 14.672], [120.968, 14.652], [120.94, 14.655], [120.935, 14.675]]]}, "properties": {"ADM3_EN": "Malabon City", "ADM3_PCODE": "PH137502000", "ADM2_EN": "NCR, Second District", "ADM2_PCODE": "PH13000", "ADM1_EN": "National Capital Region (NCR)", "ADM1_PCODE": "PH13", "ADM0_EN": "Philippines (the)", "ADM0_PCODE": "PH", "psgc_id": "PH137502000", "psgc_code": "137502000", "psgc_name": "Malabon City", "psgc_type": "city", "match_confidence": 1.0, "AREA_SQKM": 15.76, "population": 380522, "region_key": "ncr"}}, {"type": "Feature", "geometry": {"type": "Polygon", "coordinates": [[[120.925, 14.685], [120.95, 14.678], [120.945, 14.635], [120.93, 14.64], [120.925, 14.685]]]}, "properties": {"ADM3_EN": "Navotas City", "ADM3_PCODE": "PH137503000", "ADM2_EN": "NCR, Second District", "ADM2_PCODE": "PH13000", "ADM1_EN": "National Capital Region (NCR)", "ADM1_PCODE": "PH13", "ADM0_EN": "Philippines (the)", "ADM0_PCODE": "PH", "psgc_id": "PH137503000", "psgc_code": "137503000", "psgc_name": "Navotas City", "psgc_type": "city", "match_confidence": 1.0, "AREA_SQKM": 10.77, "population": 247543, "region_key": "ncr"}}, {"type": "Feature", "geometry": {"type": "Polygon", "coordinates": [[[120.95, 14.73], [120.995, 14.725], [121.002, 14.685], [120.96, 14.68], [120.95, 14.73]]]}, "properties": {"ADM3_EN": "Valenzuela City", "ADM3_PCODE": "PH137504000", "ADM2_EN": "NCR, Second District", "ADM2_PCODE": "PH13000", "ADM1_EN": "National Capital Region (NCR)", "ADM1_PCODE": "PH13", "ADM0_EN": "Philippines (the)", "ADM0_PCODE": "PH", "psgc_id": "PH137504000", "psgc_code": "137504000", "psgc_name": "Valenzuela City", "psgc_type": "city", "match_confidence": 1.0, "AREA_SQKM": 47.02, "population": 714978, "region_key": "ncr"}}, {"type": "Feature", "geometry": {"type": "Polygon", "coordinates": [[[120.965, 14.465], [121.01, 14.46], [121.005, 14.415], [120.97, 14.425], [120.965, 14.465]]]}, "properties": {"ADM3_EN": "Las Piñas City", "ADM3_PCODE": "PH137602000", "ADM2_EN": "NCR, Second District", "ADM2_PCODE": "PH13000", "ADM1_EN": "National Capital Region (NCR)", "ADM1_PCODE": "PH13", "ADM0_EN": "Philippines (the)", "ADM0_PCODE": "PH", "psgc_id": "PH137602000", "psgc_code": "137602000", "psgc_name": "Las Piñas City", "psgc_type": "city", "match_confidence": 1.0, "AREA_SQKM": 32.69, "population": 606293, "region_key": "ncr"}}, {"type": "Feature", "geometry": {"type": "Polygon", "coordinates": [[[120.975, 14.515], [121.035, 14.505], [121.025, 14.465], [120.98, 14.475], [120.975, 14.515]]]}, "properties": {"ADM3_EN": "Parañaque City", "ADM3_PCODE": "PH137604000", "ADM2_EN": "NCR, Second District", "ADM2_PCODE": "PH13000", "ADM1_EN": "National Capital Region (NCR)", "ADM1_PCODE": "PH13", "ADM0_EN": "Philippines (the)", "ADM0_PCODE": "PH", "psgc_id": "PH137604000", "psgc_code": "137604000", "psgc_name": "Parañaque City", "psgc_type": "city", "match_confidence": 1.0, "AREA_SQKM": 46.57, "population": 689992, "region_key": "ncr"}}, {"type": "Feature", "geometry": {"type": "Polygon", "coordinates": [[[121.015, 14.44], [121.065, 14.435], [121.055, 14.375], [121.02, 14.385], [121.015, 14.44]]]}, "properties": {"ADM3_EN": "Muntinlupa City", "ADM3_PCODE": "PH137603000", "ADM2_EN": "NCR, Second District", "ADM2_PCODE": "PH13000", "ADM1_EN": "National Capital Region (NCR)", "ADM1_PCODE": "PH13", "ADM0_EN": "Philippines (the)", "ADM0_PCODE": "PH", "psgc_id": "PH137603000", "psgc_code": "137603000", "psgc_name": "Muntinlupa City", "psgc_type": "city", "match_confidence": 1.0, "AREA_SQKM": 39.75, "population": 543445, "region_key": "ncr"}}, {"type": "Feature", "geometry": {"type": "Polygon", "coordinates": [[[121.022, 14.61], [121.045, 14.608], [121.042, 14.595], [121.02, 14.598], [121.022, 14.61]]]}, "properties": {"ADM3_EN": "San Juan City", "ADM3_PCODE": "PH137405000", "ADM2_EN": "NCR, Second District", "ADM2_PCODE": "PH13000", "ADM1_EN": "National Capital Region (NCR)", "ADM1_PCODE": "PH13", "ADM0_EN": "Philippines (the)", "ADM0_PCODE": "PH", "psgc_id": "PH137405000", "psgc_code": "137405000", "psgc_name": "San Juan City", "psgc_type": "city", "match_confidence": 1.0, "AREA_SQKM": 5.95, "population": 126347, "region_key": "ncr"}}, {"type": "Feature", "geometry": {"type": "Polygon", "coordinates": [[[121.06, 14.55], [121.075, 14.548], [121.07, 14.538], [121.058, 14.542], [121.06, 14.55]]]}, "properties": {"ADM3_EN": "Pateros", "ADM3_PCODE": "PH137606000", "ADM2_EN": "NCR", "ADM2_PCODE": "PH13000", "ADM1_EN": "National Capital Region (NCR)", "ADM1_PCODE": "PH13", "ADM0_EN": "Philippines (the)", "ADM0_PCODE": "PH", "psgc_id": "PH137606000", "psgc_code": "137606000", "psgc_name": "Pateros", "psgc_type": "municipality", "match_confidence": 1.0, "AREA_SQKM": 2.25, "population": 65227, "region_key": "ncr"}}, {"type": "Feature", "geometry": {"type": "Polygon", "coordinates": [[[123.82, 10.355], [123.915, 10.36], [123.925, 10.295], [123.865, 10.275], [123.81, 10.31], [123.82, 10.355]]]}, "properties": {"ADM3_EN": "Cebu City (Capital)", "ADM3_PCODE": "PH072217000", "ADM2_EN": "Cebu", "ADM2_PCODE": "PH0722", "ADM1_EN": "Region VII (Central Visayas)", "ADM1_PCODE": "PH07", "ADM0_EN": "Philippines (the)", "ADM0_PCODE": "PH", "psgc_id": "PH072217000", "psgc_code": "072217000", "psgc_name": "Cebu City (Capital)", "psgc_type": "city", "match_confidence": 1.0, "AREA_SQKM": 315.0, "population": 964169, "region_key": "r7"}}, {"type": "Feature", "geometry": {"type": "Polygon", "coordinates": [[[123.915, 10.365], [123.965, 10.36], [123.955, 10.32], [123.92, 10.325], [123.915, 10.365]]]}, "properties": {"ADM3_EN": "Mandaue City", "ADM3_PCODE": "PH072230000", "ADM2_EN": "Cebu", "ADM2_PCODE": "PH0722", "ADM1_EN": "Region VII (Central Visayas)", "ADM1_PCODE": "PH07", "ADM0_EN": "Philippines (the)", "ADM0_PCODE": "PH", "psgc_id": "PH072230000", "psgc_code": "072230000", "psgc_name": "Mandaue City", "psgc_type": "city", "match_confidence": 1.0, "AREA_SQKM": 34.87, "population": 364116, "region_key": "r7"}}, {"type": "Feature", "geometry": {"type": "Polygon", "coordinates": [[[123.945, 10.335], [124.025, 10.34], [124.015, 10.275], [123.965, 10.28], [123.945, 10.335]]]}, "properties": {"ADM3_EN": "Lapu-Lapu City (Opon)", "ADM3_PCODE": "PH072226000", "ADM2_EN": "Cebu", "ADM2_PCODE": "PH0722", "ADM1_EN": "Region VII (Central Visayas)", "ADM1_PCODE": "PH07", "ADM0_EN": "Philippines (the)", "ADM0_PCODE": "PH", "psgc_id": "PH072226000", "psgc_code": "072226000", "psgc_name": "Lapu-Lapu City (Opon)", "psgc_type": "city", "match_confidence": 1.0, "AREA_SQKM": 58.1, "population": 497604, "region_key": "r7"}}, {"type": "Feature", "geometry": {"type": "Polygon", "coordinates": [[[123.82, 10.28], [123.865, 10.275], [123.855, 10.235], [123.805, 10.245], [123.82, 10.28]]]}, "properties": {"ADM3_EN": "Talisay City", "ADM3_PCODE": "PH072250000", "ADM2_EN": "Cebu", "ADM2_PCODE": "PH0722", "ADM1_EN": "Region VII (Central Visayas)", "ADM1_PCODE": "PH07", "ADM0_EN": "Philippines (the)", "ADM0_PCODE": "PH", "psgc_id": "PH072250000", "psgc_code": "072250000", "psgc_name": "Talisay City", "psgc_type": "city", "match_confidence": 1.0, "AREA_SQKM": 39.87, "population": 263048, "region_key": "r7"}}, {"type": "Feature", "geometry": {"type": "Polygon", "coordinates": [[[123.6, 10.42], [123.68, 10.435], [123.71, 10.35], [123.62, 10.34], [123.6, 10.42]]]}, "properties": {"ADM3_EN": "Toledo City", "ADM3_PCODE": "PH072251000", "ADM2_EN": "Cebu", "ADM2_PCODE": "PH0722", "ADM1_EN": "Region VII (Central Visayas)", "ADM1_PCODE": "PH07", "ADM0_EN": "Philippines (the)", "ADM0_PCODE": "PH", "psgc_id": "PH072251000", "psgc_code": "072251000", "psgc_name": "Toledo City", "psgc_type": "city", "match_confidence": 1.0, "AREA_SQKM": 216.28, "population": 207314, "region_key": "r7"}}, {"type": "Feature", "geometry": {"type": "Polygon", "coordinates": [[[123.98, 10.555], [124.05, 10.55], [124.03, 10.485], [123.965, 10.49], [123.98, 10.555]]]}, "properties": {"ADM3_EN": "Danao City", "ADM3_PCODE": "PH072223000", "ADM2_EN": "Cebu", "ADM2_PCODE": "PH0722", "ADM1_EN": "Region VII (Central Visayas)", "ADM1_PCODE": "PH07", "ADM0_EN": "Philippines (the)", "ADM0_PCODE": "PH", "psgc_id": "PH072223000", "psgc_code": "072223000", "psgc_name": "Danao City", "psgc_type": "city", "match_confidence": 1.0, "AREA_SQKM": 107.3, "population": 156321, "region_key": "r7"}}, {"type": "Feature", "geometry": {"type": "Polygon", "coordinates": [[[123.595, 10.145], [123.665, 10.15], [123.655, 10.08], [123.585, 10.085], [123.595, 10.145]]]}, "properties": {"ADM3_EN": "Carcar City", "ADM3_PCODE": "PH072214000", "ADM2_EN": "Cebu", "ADM2_PCODE": "PH0722", "ADM1_EN": "Region VII (Central Visayas)", "ADM1_PCODE": "PH07", "ADM0_EN": "Philippines (the)", "ADM0_PCODE": "PH", "psgc_id": "PH072214000", "psgc_code": "072214000", "psgc_name": "Carcar City", "psgc_type": "city", "match_confidence": 1.0, "AREA_SQKM": 116.78, "population": 136453, "region_key": "r7"}}, {"type": "Feature", "geometry": {"type": "Polygon", "coordinates": [[[123.725, 10.235], [123.785, 10.23], [123.775, 10.18], [123.71, 10.19], [123.725, 10.235]]]}, "properties": {"ADM3_EN": "Naga City", "ADM3_PCODE": "PH072234000", "ADM2_EN": "Cebu", "ADM2_PCODE": "PH0722", "ADM1_EN": "Region VII (Central Visayas)", "ADM1_PCODE": "PH07", "ADM0_EN": "Philippines (the)", "ADM0_PCODE": "PH", "psgc_id": "PH072234000", "psgc_code": "072234000", "psgc_name": "Naga City", "psgc_type": "city", "match_confidence": 1.0, "AREA_SQKM": 101.97, "population": 133184, "region_key": "r7"}}, {"type": "Feature", "geometry": {"type": "Polygon", "coordinates": [[[123.835, 9.68], [123.885, 9.685], [123.875, 9.635], [123.825, 9.64], [123.835, 9.68]]]}, "properties": {"ADM3_EN": "Tagbilaran City", "ADM3_PCODE": "PH071242000", "ADM2_EN": "Bohol", "ADM2_PCODE": "PH0712", "ADM1_EN": "Region VII (Central Visayas)", "ADM1_PCODE": "PH07", "ADM0_EN": "Philippines (the)", "ADM0_PCODE": "PH", "psgc_id": "PH071242000", "psgc_code": "071242000", "psgc_name": "Tagbilaran City", "psgc_type": "city", "match_confidence": 1.0, "AREA_SQKM": 36.5, "population": 104976, "region_key": "r7"}}, {"type": "Feature", "geometry": {"type": "Polygon", "coordinates": [[[123.74, 9.61], [123.805, 9.62], [123.795, 9.56], [123.73, 9.57], [123.74, 9.61]]]}, "properties": {"ADM3_EN": "Panglao", "ADM3_PCODE": "PH071233000", "ADM2_EN": "Bohol", "ADM2_PCODE": "PH0712", "ADM1_EN": "Region VII (Central Visayas)", "ADM1_PCODE": "PH07", "ADM0_EN": "Philippines (the)", "ADM0_PCODE": "PH", "psgc_id": "PH071233000", "psgc_code": "071233000", "psgc_name": "Panglao", "psgc_type": "municipality", "match_confidence": 1.0, "AREA_SQKM": 47.79, "population": 39839, "region_key": "r7"}}, {"type": "Feature", "geometry": {"type": "Polygon", "coordinates": [[[122.56, 10.68], [122.64, 10.685], [122.625, 10.615], [122.55, 10.62], [122.56, 10.68]]]}, "properties": {"ADM3_EN": "Jordan (Capital)", "ADM3_PCODE": "PH060790200", "ADM2_EN": "Guimaras", "ADM2_PCODE": "PH06079", "ADM1_EN": "Region VI (Western Visayas)", "ADM1_PCODE": "PH06", "ADM0_EN": "Philippines (the)", "ADM0_PCODE": "PH", "psgc_id": "PH060790200", "psgc_code": "060790200", "psgc_name": "Jordan (Capital)", "psgc_type": "municipality", "match_confidence": 1.0, "AREA_SQKM": 126.11, "population": 39566, "region_key": "panay"}}, {"type": "Feature", "geometry": {"type": "Polygon", "coordinates": [[[122.62, 10.745], [122.71, 10.74], [122.685, 10.675], [122.61, 10.68], [122.62, 10.745]]]}, "properties": {"ADM3_EN": "Buenavista", "ADM3_PCODE": "PH060790100", "ADM2_EN": "Guimaras", "ADM2_PCODE": "PH06079", "ADM1_EN": "Region VI (Western Visayas)", "ADM1_PCODE": "PH06", "ADM0_EN": "Philippines (the)", "ADM0_PCODE": "PH", "psgc_id": "PH060790100", "psgc_code": "060790100", "psgc_name": "Buenavista", "psgc_type": "municipality", "match_confidence": 1.0, "AREA_SQKM": 128.26, "population": 52899, "region_key": "panay"}}, {"type": "Feature", "geometry": {"type": "Polygon", "coordinates": [[[122.48, 10.53], [122.56, 10.535], [122.55, 10.44], [122.47, 10.45], [122.48, 10.53]]]}, "properties": {"ADM3_EN": "Nueva Valencia", "ADM3_PCODE": "PH060790300", "ADM2_EN": "Guimaras", "ADM2_PCODE": "PH06079", "ADM1_EN": "Region VI (Western Visayas)", "ADM1_PCODE": "PH06", "ADM0_EN": "Philippines (the)", "ADM0_PCODE": "PH", "psgc_id": "PH060790300", "psgc_code": "060790300", "psgc_name": "Nueva Valencia", "psgc_type": "municipality", "match_confidence": 1.0, "AREA_SQKM": 137.12, "population": 42771, "region_key": "panay"}}, {"type": "Feature", "geometry": {"type": "Polygon", "coordinates": [[[122.92, 10.71], [122.995, 10.705], [122.985, 10.64], [122.915, 10.645], [122.92, 10.71]]]}, "properties": {"ADM3_EN": "Bacolod City (Capital)", "ADM3_PCODE": "PH060450100", "ADM2_EN": "Negros Occidental", "ADM2_PCODE": "PH06045", "ADM1_EN": "Region VI (Western Visayas)", "ADM1_PCODE": "PH06", "ADM0_EN": "Philippines (the)", "ADM0_PCODE": "PH", "psgc_id": "PH060450100", "psgc_code": "060450100", "psgc_name": "Bacolod City (Capital)", "psgc_type": "city", "match_confidence": 1.0, "AREA_SQKM": 162.67, "population": 600783, "region_key": "r6_negros"}}, {"type": "Feature", "geometry": {"type": "Polygon", "coordinates": [[[122.945, 10.835], [123.03, 10.825], [123.02, 10.76], [122.94, 10.77], [122.945, 10.835]]]}, "properties": {"ADM3_EN": "Silay City", "ADM3_PCODE": "PH060452600", "ADM2_EN": "Negros Occidental", "ADM2_PCODE": "PH06045", "ADM1_EN": "Region VI (Western Visayas)", "ADM1_PCODE": "PH06", "ADM0_EN": "Philippines (the)", "ADM0_PCODE": "PH", "psgc_id": "PH060452600", "psgc_code": "060452600", "psgc_name": "Silay City", "psgc_type": "city", "match_confidence": 1.0, "AREA_SQKM": 214.8, "population": 130478, "region_key": "r6_negros"}}, {"type": "Feature", "geometry": {"type": "Polygon", "coordinates": [[[122.935, 10.765], [123.015, 10.76], [123.005, 10.71], [122.93, 10.715], [122.935, 10.765]]]}, "properties": {"ADM3_EN": "Talisay City", "ADM3_PCODE": "PH060452800", "ADM2_EN": "Negros Occidental", "ADM2_PCODE": "PH06045", "ADM1_EN": "Region VI (Western Visayas)", "ADM1_PCODE": "PH06", "ADM0_EN": "Philippines (the)", "ADM0_PCODE": "PH", "psgc_id": "PH060452800", "psgc_code": "060452800", "psgc_name": "Talisay City", "psgc_type": "city", "match_confidence": 1.0, "AREA_SQKM": 201.18, "population": 108909, "region_key": "r6_negros"}}, {"type": "Feature", "geometry": {"type": "Polygon", "coordinates": [[[122.81, 10.585], [122.925, 10.58], [122.91, 10.49], [122.8, 10.5], [122.81, 10.585]]]}, "properties": {"ADM3_EN": "Bago City", "ADM3_PCODE": "PH060450200", "ADM2_EN": "Negros Occidental", "ADM2_PCODE": "PH06045", "ADM1_EN": "Region VI (Western Visayas)", "ADM1_PCODE": "PH06", "ADM0_EN": "Philippines (the)", "ADM0_PCODE": "PH", "psgc_id": "PH060450200", "psgc_code": "060450200", "psgc_name": "Bago City", "psgc_type": "city", "match_confidence": 1.0, "AREA_SQKM": 401.2, "population": 191210, "region_key": "r6_negros"}}, {"type": "Feature", "geometry": {"type": "Polygon", "coordinates": [[[122.75, 10.05], [122.91, 10.04], [122.89, 9.93], [122.74, 9.94], [122.75, 10.05]]]}, "properties": {"ADM3_EN": "Kabankalan City", "ADM3_PCODE": "PH060451400", "ADM2_EN": "Negros Occidental", "ADM2_PCODE": "PH06045", "ADM1_EN": "Region VI (Western Visayas)", "ADM1_PCODE": "PH06", "ADM0_EN": "Philippines (the)", "ADM0_PCODE": "PH", "psgc_id": "PH060451400", "psgc_code": "060451400", "psgc_name": "Kabankalan City", "psgc_type": "city", "match_confidence": 1.0, "AREA_SQKM": 697.35, "population": 200402, "region_key": "r6_negros"}}, {"type": "Feature", "geometry": {"type": "Polygon", "coordinates": [[[123.36, 10.535], [123.46, 10.525], [123.445, 10.43], [123.35, 10.44], [123.36, 10.535]]]}, "properties": {"ADM3_EN": "San Carlos City", "ADM3_PCODE": "PH060452400", "ADM2_EN": "Negros Occidental", "ADM2_PCODE": "PH06045", "ADM1_EN": "Region VI (Western Visayas)", "ADM1_PCODE": "PH06", "ADM0_EN": "Philippines (the)", "ADM0_PCODE": "PH", "psgc_id": "PH060452400", "psgc_code": "060452400", "psgc_name": "San Carlos City", "psgc_type": "city", "match_confidence": 1.0, "AREA_SQKM": 451.5, "population": 134350, "region_key": "r6_negros"}}, {"type": "Feature", "geometry": {"type": "Polygon", "coordinates": [[[124.96, 11.275], [125.04, 11.27], [125.03, 11.21], [124.95, 11.22], [124.96, 11.275]]]}, "properties": {"ADM3_EN": "Tacloban City (Capital)", "ADM3_PCODE": "PH083747000", "ADM2_EN": "Leyte", "ADM2_PCODE": "PH0837", "ADM1_EN": "Region VIII (Eastern Visayas)", "ADM1_PCODE": "PH08", "ADM0_EN": "Philippines (the)", "ADM0_PCODE": "PH", "psgc_id": "PH083747000", "psgc_code": "083747000", "psgc_name": "Tacloban City (Capital)", "psgc_type": "city", "match_confidence": 1.0, "AREA_SQKM": 201.72, "population": 251881, "region_key": "r8"}}, {"type": "Feature", "geometry": {"type": "Polygon", "coordinates": [[[124.56, 11.08], [124.68, 11.07], [124.665, 10.98], [124.545, 10.99], [124.56, 11.08]]]}, "properties": {"ADM3_EN": "Ormoc City", "ADM3_PCODE": "PH083738000", "ADM2_EN": "Leyte", "ADM2_PCODE": "PH0837", "ADM1_EN": "Region VIII (Eastern Visayas)", "ADM1_PCODE": "PH08", "ADM0_EN": "Philippines (the)", "ADM0_PCODE": "PH", "psgc_id": "PH083738000", "psgc_code": "083738000", "psgc_name": "Ormoc City", "psgc_type": "city", "match_confidence": 1.0, "AREA_SQKM": 613.6, "population": 230998, "region_key": "r8"}}, {"type": "Feature", "geometry": {"type": "Polygon", "coordinates": [[[124.95, 11.2], [125.03, 11.195], [125.02, 11.135], [124.94, 11.14], [124.95, 11.2]]]}, "properties": {"ADM3_EN": "Palo", "ADM3_PCODE": "PH083739000", "ADM2_EN": "Leyte", "ADM2_PCODE": "PH0837", "ADM1_EN": "Region VIII (Eastern Visayas)", "ADM1_PCODE": "PH08", "ADM0_EN": "Philippines (the)", "ADM0_PCODE": "PH", "psgc_id": "PH083739000", "psgc_code": "083739000", "psgc_name": "Palo", "psgc_type": "municipality", "match_confidence": 1.0, "AREA_SQKM": 221.27, "population": 76214, "region_key": "r8"}}, {"type": "Feature", "geometry": {"type": "Polygon", "coordinates": [[[124.76, 10.73], [124.87, 10.72], [124.855, 10.63], [124.745, 10.64], [124.76, 10.73]]]}, "properties": {"ADM3_EN": "Baybay City", "ADM3_PCODE": "PH083710000", "ADM2_EN": "Leyte", "ADM2_PCODE": "PH0837", "ADM1_EN": "Region VIII (Eastern Visayas)", "ADM1_PCODE": "PH08", "ADM0_EN": "Philippines (the)", "ADM0_PCODE": "PH", "psgc_id": "PH083710000", "psgc_code": "083710000", "psgc_name": "Baybay City", "psgc_type": "city", "match_confidence": 1.0, "AREA_SQKM": 459.34, "population": 109432, "region_key": "r8"}}, {"type": "Feature", "geometry": {"type": "Polygon", "coordinates": [[[124.84, 11.83], [124.94, 11.82], [124.925, 11.745], [124.825, 11.755], [124.84, 11.83]]]}, "properties": {"ADM3_EN": "Catbalogan City (Capital)", "ADM3_PCODE": "PH086003000", "ADM2_EN": "Samar", "ADM2_PCODE": "PH0860", "ADM1_EN": "Region VIII (Eastern Visayas)", "ADM1_PCODE": "PH08", "ADM0_EN": "Philippines (the)", "ADM0_PCODE": "PH", "psgc_id": "PH086003000", "psgc_code": "086003000", "psgc_name": "Catbalogan City (Capital)", "psgc_type": "city", "match_confidence": 1.0, "AREA_SQKM": 274.22, "population": 106440, "region_key": "r8"}}, {"type": "Feature", "geometry": {"type": "Polygon", "coordinates": [[[125.56, 7.115], [125.64, 7.12], [125.635, 7.045], [125.55, 7.05], [125.56, 7.115]]]}, "properties": {"ADM3_EN": "Davao City (Poblacion)", "ADM3_PCODE": "PH112402000", "ADM2_EN": "Davao del Sur", "ADM2_PCODE": "PH1124", "ADM1_EN": "Region XI (Davao Region)", "ADM1_PCODE": "PH11", "ADM0_EN": "Philippines (the)", "ADM0_PCODE": "PH", "psgc_id": "PH112402000", "psgc_code": "112402000", "psgc_name": "Davao City (Poblacion)", "psgc_type": "city", "match_confidence": 1.0, "AREA_SQKM": 420.0, "population": 680000, "region_key": "r11"}}, {"type": "Feature", "geometry": {"type": "Polygon", "coordinates": [[[125.46, 7.05], [125.56, 7.045], [125.545, 6.96], [125.45, 6.97], [125.46, 7.05]]]}, "properties": {"ADM3_EN": "Davao City (Toril / Talomo)", "ADM3_PCODE": "PH112402001", "ADM2_EN": "Davao del Sur", "ADM2_PCODE": "PH1124", "ADM1_EN": "Region XI (Davao Region)", "ADM1_PCODE": "PH11", "ADM0_EN": "Philippines (the)", "ADM0_PCODE": "PH", "psgc_id": "PH112402001", "psgc_code": "112402001", "psgc_name": "Davao City (Toril / Talomo)", "psgc_type": "city", "match_confidence": 1.0, "AREA_SQKM": 580.0, "population": 520000, "region_key": "r11"}}, {"type": "Feature", "geometry": {"type": "Polygon", "coordinates": [[[125.58, 7.21], [125.68, 7.2], [125.665, 7.12], [125.565, 7.125], [125.58, 7.21]]]}, "properties": {"ADM3_EN": "Davao City (Buhangin / Bunawan)", "ADM3_PCODE": "PH112402002", "ADM2_EN": "Davao del Sur", "ADM2_PCODE": "PH1124", "ADM1_EN": "Region XI (Davao Region)", "ADM1_PCODE": "PH11", "ADM0_EN": "Philippines (the)", "ADM0_PCODE": "PH", "psgc_id": "PH112402002", "psgc_code": "112402002", "psgc_name": "Davao City (Buhangin / Bunawan)", "psgc_type": "city", "match_confidence": 1.0, "AREA_SQKM": 650.0, "population": 480000, "region_key": "r11"}}, {"type": "Feature", "geometry": {"type": "Polygon", "coordinates": [[[125.76, 7.495], [125.86, 7.49], [125.845, 7.41], [125.75, 7.42], [125.76, 7.495]]]}, "properties": {"ADM3_EN": "Tagum City (Capital)", "ADM3_PCODE": "PH112319000", "ADM2_EN": "Davao del Norte", "ADM2_PCODE": "PH1123", "ADM1_EN": "Region XI (Davao Region)", "ADM1_PCODE": "PH11", "ADM0_EN": "Philippines (the)", "ADM0_PCODE": "PH", "psgc_id": "PH112319000", "psgc_code": "112319000", "psgc_name": "Tagum City (Capital)", "psgc_type": "city", "match_confidence": 1.0, "AREA_SQKM": 195.8, "population": 296202, "region_key": "r11"}}, {"type": "Feature", "geometry": {"type": "Polygon", "coordinates": [[[125.64, 7.34], [125.74, 7.33], [125.725, 7.26], [125.63, 7.27], [125.64, 7.34]]]}, "properties": {"ADM3_EN": "Panabo City", "ADM3_PCODE": "PH112315000", "ADM2_EN": "Davao del Norte", "ADM2_PCODE": "PH1123", "ADM1_EN": "Region XI (Davao Region)", "ADM1_PCODE": "PH11", "ADM0_EN": "Philippines (the)", "ADM0_PCODE": "PH", "psgc_id": "PH112315000", "psgc_code": "112315000", "psgc_name": "Panabo City", "psgc_type": "city", "match_confidence": 1.0, "AREA_SQKM": 251.23, "population": 209230, "region_key": "r11"}}, {"type": "Feature", "geometry": {"type": "Polygon", "coordinates": [[[125.68, 7.18], [125.76, 7.17], [125.745, 7.01], [125.67, 7.02], [125.68, 7.18]]]}, "properties": {"ADM3_EN": "Island Garden City of Samal", "ADM3_PCODE": "PH112317000", "ADM2_EN": "Davao del Norte", "ADM2_PCODE": "PH1123", "ADM1_EN": "Region XI (Davao Region)", "ADM1_PCODE": "PH11", "ADM0_EN": "Philippines (the)", "ADM0_PCODE": "PH", "psgc_id": "PH112317000", "psgc_code": "112317000", "psgc_name": "Island Garden City of Samal", "psgc_type": "city", "match_confidence": 1.0, "AREA_SQKM": 301.3, "population": 116771, "region_key": "r11"}}, {"type": "Feature", "geometry": {"type": "Polygon", "coordinates": [[[125.3, 6.8], [125.39, 6.79], [125.38, 6.71], [125.29, 6.72], [125.3, 6.8]]]}, "properties": {"ADM3_EN": "Digos City (Capital)", "ADM3_PCODE": "PH112403000", "ADM2_EN": "Davao del Sur", "ADM2_PCODE": "PH1124", "ADM1_EN": "Region XI (Davao Region)", "ADM1_PCODE": "PH11", "ADM0_EN": "Philippines (the)", "ADM0_PCODE": "PH", "psgc_id": "PH112403000", "psgc_code": "112403000", "psgc_name": "Digos City (Capital)", "psgc_type": "city", "match_confidence": 1.0, "AREA_SQKM": 287.1, "population": 188376, "region_key": "r11"}}, {"type": "Feature", "geometry": {"type": "Polygon", "coordinates": [[[120.64, 15.06], [120.72, 15.055], [120.71, 14.995], [120.63, 15.0], [120.64, 15.06]]]}, "properties": {"ADM3_EN": "City of San Fernando (Capital)", "ADM3_PCODE": "PH035416000", "ADM2_EN": "Pampanga", "ADM2_PCODE": "PH0354", "ADM1_EN": "Region III (Central Luzon)", "ADM1_PCODE": "PH03", "ADM0_EN": "Philippines (the)", "ADM0_PCODE": "PH", "psgc_id": "PH035416000", "psgc_code": "035416000", "psgc_name": "City of San Fernando (Capital)", "psgc_type": "city", "match_confidence": 1.0, "AREA_SQKM": 67.74, "population": 354666, "region_key": "r3"}}, {"type": "Feature", "geometry": {"type": "Polygon", "coordinates": [[[120.55, 15.195], [120.635, 15.19], [120.625, 15.12], [120.54, 15.125], [120.55, 15.195]]]}, "properties": {"ADM3_EN": "Angeles City", "ADM3_PCODE": "PH035401000", "ADM2_EN": "Pampanga", "ADM2_PCODE": "PH0354", "ADM1_EN": "Region III (Central Luzon)", "ADM1_PCODE": "PH03", "ADM0_EN": "Philippines (the)", "ADM0_PCODE": "PH", "psgc_id": "PH035401000", "psgc_code": "035401000", "psgc_name": "Angeles City", "psgc_type": "city", "match_confidence": 1.0, "AREA_SQKM": 60.27, "population": 462928, "region_key": "r3"}}, {"type": "Feature", "geometry": {"type": "Polygon", "coordinates": [[[120.54, 15.26], [120.63, 15.25], [120.62, 15.19], [120.535, 15.195], [120.54, 15.26]]]}, "properties": {"ADM3_EN": "Mabalacat City", "ADM3_PCODE": "PH035409000", "ADM2_EN": "Pampanga", "ADM2_PCODE": "PH0354", "ADM1_EN": "Region III (Central Luzon)", "ADM1_PCODE": "PH03", "ADM0_EN": "Philippines (the)", "ADM0_PCODE": "PH", "psgc_id": "PH035409000", "psgc_code": "035409000", "psgc_name": "Mabalacat City", "psgc_type": "city", "match_confidence": 1.0, "AREA_SQKM": 83.18, "population": 293244, "region_key": "r3"}}, {"type": "Feature", "geometry": {"type": "Polygon", "coordinates": [[[120.78, 14.89], [120.86, 14.885], [120.85, 14.815], [120.77, 14.82], [120.78, 14.89]]]}, "properties": {"ADM3_EN": "Malolos City (Capital)", "ADM3_PCODE": "PH031410000", "ADM2_EN": "Bulacan", "ADM2_PCODE": "PH0314", "ADM1_EN": "Region III (Central Luzon)", "ADM1_PCODE": "PH03", "ADM0_EN": "Philippines (the)", "ADM0_PCODE": "PH", "psgc_id": "PH031410000", "psgc_code": "031410000", "psgc_name": "Malolos City (Capital)", "psgc_type": "city", "match_confidence": 1.0, "AREA_SQKM": 67.25, "population": 261189, "region_key": "r3"}}, {"type": "Feature", "geometry": {"type": "Polygon", "coordinates": [[[120.93, 14.77], [121.0, 14.765], [120.99, 14.715], [120.92, 14.72], [120.93, 14.77]]]}, "properties": {"ADM3_EN": "Meycauayan City", "ADM3_PCODE": "PH031412000", "ADM2_EN": "Bulacan", "ADM2_PCODE": "PH0314", "ADM1_EN": "Region III (Central Luzon)", "ADM1_PCODE": "PH03", "ADM0_EN": "Philippines (the)", "ADM0_PCODE": "PH", "psgc_id": "PH031412000", "psgc_code": "031412000", "psgc_name": "Meycauayan City", "psgc_type": "city", "match_confidence": 1.0, "AREA_SQKM": 32.1, "population": 225673, "region_key": "r3"}}, {"type": "Feature", "geometry": {"type": "Polygon", "coordinates": [[[120.25, 14.885], [120.335, 14.88], [120.32, 14.805], [120.24, 14.81], [120.25, 14.885]]]}, "properties": {"ADM3_EN": "Olongapo City", "ADM3_PCODE": "PH037107000", "ADM2_EN": "Zambales", "ADM2_PCODE": "PH0371", "ADM1_EN": "Region III (Central Luzon)", "ADM1_PCODE": "PH03", "ADM0_EN": "Philippines (the)", "ADM0_PCODE": "PH", "psgc_id": "PH037107000", "psgc_code": "037107000", "psgc_name": "Olongapo City", "psgc_type": "city", "match_confidence": 1.0, "AREA_SQKM": 185.0, "population": 260306, "region_key": "r3"}}, {"type": "Feature", "geometry": {"type": "Polygon", "coordinates": [[[120.49, 14.72], [120.57, 14.715], [120.56, 14.645], [120.48, 14.65], [120.49, 14.72]]]}, "properties": {"ADM3_EN": "Balanga City (Capital)", "ADM3_PCODE": "PH030803000", "ADM2_EN": "Bataan", "ADM2_PCODE": "PH0308", "ADM1_EN": "Region III (Central Luzon)", "ADM1_PCODE": "PH03", "ADM0_EN": "Philippines (the)", "ADM0_PCODE": "PH", "psgc_id": "PH030803000", "psgc_code": "030803000", "psgc_name": "Balanga City (Capital)", "psgc_type": "city", "match_confidence": 1.0, "AREA_SQKM": 111.63, "population": 104173, "region_key": "r3"}}, {"type": "Feature", "geometry": {"type": "Polygon", "coordinates": [[[120.55, 15.535], [120.65, 15.53], [120.635, 15.43], [120.54, 15.44], [120.55, 15.535]]]}, "properties": {"ADM3_EN": "Tarlac City (Capital)", "ADM3_PCODE": "PH036916000", "ADM2_EN": "Tarlac", "ADM2_PCODE": "PH0369", "ADM1_EN": "Region III (Central Luzon)", "ADM1_PCODE": "PH03", "ADM0_EN": "Philippines (the)", "ADM0_PCODE": "PH", "psgc_id": "PH036916000", "psgc_code": "036916000", "psgc_name": "Tarlac City (Capital)", "psgc_type": "city", "match_confidence": 1.0, "AREA_SQKM": 274.66, "population": 385398, "region_key": "r3"}}, {"type": "Feature", "geometry": {"type": "Polygon", "coordinates": [[[120.92, 15.535], [121.02, 15.525], [121.005, 15.445], [120.91, 15.455], [120.92, 15.535]]]}, "properties": {"ADM3_EN": "Cabanatuan City", "ADM3_PCODE": "PH034903000", "ADM2_EN": "Nueva Ecija", "ADM2_PCODE": "PH0349", "ADM1_EN": "Region III (Central Luzon)", "ADM1_PCODE": "PH03", "ADM0_EN": "Philippines (the)", "ADM0_PCODE": "PH", "psgc_id": "PH034903000", "psgc_code": "034903000", "psgc_name": "Cabanatuan City", "psgc_type": "city", "match_confidence": 1.0, "AREA_SQKM": 192.29, "population": 327325, "region_key": "r3"}}, {"type": "Feature", "geometry": {"type": "Polygon", "coordinates": [[[121.14, 14.67], [121.25, 14.665], [121.24, 14.565], [121.13, 14.575], [121.14, 14.67]]]}, "properties": {"ADM3_EN": "Antipolo City", "ADM3_PCODE": "PH045801000", "ADM2_EN": "Rizal", "ADM2_PCODE": "PH0458", "ADM1_EN": "Region IV-A (CALABARZON)", "ADM1_PCODE": "PH04", "ADM0_EN": "Philippines (the)", "ADM0_PCODE": "PH", "psgc_id": "PH045801000", "psgc_code": "045801000", "psgc_name": "Antipolo City", "psgc_type": "city", "match_confidence": 1.0, "AREA_SQKM": 306.1, "population": 887399, "region_key": "r4a"}}, {"type": "Feature", "geometry": {"type": "Polygon", "coordinates": [[[121.1, 14.25], [121.19, 14.24], [121.18, 14.15], [121.09, 14.16], [121.1, 14.25]]]}, "properties": {"ADM3_EN": "Calamba City", "ADM3_PCODE": "PH043405000", "ADM2_EN": "Laguna", "ADM2_PCODE": "PH0434", "ADM1_EN": "Region IV-A (CALABARZON)", "ADM1_PCODE": "PH04", "ADM0_EN": "Philippines (the)", "ADM0_PCODE": "PH", "psgc_id": "PH043405000", "psgc_code": "043405000", "psgc_name": "Calamba City", "psgc_type": "city", "match_confidence": 1.0, "AREA_SQKM": 149.5, "population": 539671, "region_key": "r4a"}}, {"type": "Feature", "geometry": {"type": "Polygon", "coordinates": [[[121.06, 14.34], [121.135, 14.335], [121.125, 14.275], [121.05, 14.28], [121.06, 14.34]]]}, "properties": {"ADM3_EN": "Santa Rosa City", "ADM3_PCODE": "PH043428000", "ADM2_EN": "Laguna", "ADM2_PCODE": "PH0434", "ADM1_EN": "Region IV-A (CALABARZON)", "ADM1_PCODE": "PH04", "ADM0_EN": "Philippines (the)", "ADM0_PCODE": "PH", "psgc_id": "PH043428000", "psgc_code": "043428000", "psgc_name": "Santa Rosa City", "psgc_type": "city", "match_confidence": 1.0, "AREA_SQKM": 54.13, "population": 414812, "region_key": "r4a"}}, {"type": "Feature", "geometry": {"type": "Polygon", "coordinates": [[[121.045, 14.385], [121.115, 14.38], [121.105, 14.33], [121.038, 14.335], [121.045, 14.385]]]}, "properties": {"ADM3_EN": "Biñan City", "ADM3_PCODE": "PH043403000", "ADM2_EN": "Laguna", "ADM2_PCODE": "PH0434", "ADM1_EN": "Region IV-A (CALABARZON)", "ADM1_PCODE": "PH04", "ADM0_EN": "Philippines (the)", "ADM0_PCODE": "PH", "psgc_id": "PH043403000", "psgc_code": "043403000", "psgc_name": "Biñan City", "psgc_type": "city", "match_confidence": 1.0, "AREA_SQKM": 43.5, "population": 407437, "region_key": "r4a"}}, {"type": "Feature", "geometry": {"type": "Polygon", "coordinates": [[[120.9, 14.365], [120.985, 14.36], [120.975, 14.275], [120.89, 14.28], [120.9, 14.365]]]}, "properties": {"ADM3_EN": "Dasmariñas City", "ADM3_PCODE": "PH042106000", "ADM2_EN": "Cavite", "ADM2_PCODE": "PH0421", "ADM1_EN": "Region IV-A (CALABARZON)", "ADM1_PCODE": "PH04", "ADM0_EN": "Philippines (the)", "ADM0_PCODE": "PH", "psgc_id": "PH042106000", "psgc_code": "042106000", "psgc_name": "Dasmariñas City", "psgc_type": "city", "match_confidence": 1.0, "AREA_SQKM": 90.13, "population": 703141, "region_key": "r4a"}}, {"type": "Feature", "geometry": {"type": "Polygon", "coordinates": [[[120.93, 14.47], [121.0, 14.465], [120.99, 14.395], [120.92, 14.4], [120.93, 14.47]]]}, "properties": {"ADM3_EN": "Bacoor City", "ADM3_PCODE": "PH042103000", "ADM2_EN": "Cavite", "ADM2_PCODE": "PH0421", "ADM1_EN": "Region IV-A (CALABARZON)", "ADM1_PCODE": "PH04", "ADM0_EN": "Philippines (the)", "ADM0_PCODE": "PH", "psgc_id": "PH042103000", "psgc_code": "042103000", "psgc_name": "Bacoor City", "psgc_type": "city", "match_confidence": 1.0, "AREA_SQKM": 46.17, "population": 664625, "region_key": "r4a"}}, {"type": "Feature", "geometry": {"type": "Polygon", "coordinates": [[[121.01, 13.82], [121.12, 13.815], [121.105, 13.695], [121.0, 13.705], [121.01, 13.82]]]}, "properties": {"ADM3_EN": "Batangas City (Capital)", "ADM3_PCODE": "PH041005000", "ADM2_EN": "Batangas", "ADM2_PCODE": "PH0410", "ADM1_EN": "Region IV-A (CALABARZON)", "ADM1_PCODE": "PH04", "ADM0_EN": "Philippines (the)", "ADM0_PCODE": "PH", "psgc_id": "PH041005000", "psgc_code": "041005000", "psgc_name": "Batangas City (Capital)", "psgc_type": "city", "match_confidence": 1.0, "AREA_SQKM": 282.96, "population": 351437, "region_key": "r4a"}}, {"type": "Feature", "geometry": {"type": "Polygon", "coordinates": [[[121.11, 13.995], [121.21, 13.99], [121.195, 13.9], [121.1, 13.91], [121.11, 13.995]]]}, "properties": {"ADM3_EN": "Lipa City", "ADM3_PCODE": "PH041014000", "ADM2_EN": "Batangas", "ADM2_PCODE": "PH0410", "ADM1_EN": "Region IV-A (CALABARZON)", "ADM1_PCODE": "PH04", "ADM0_EN": "Philippines (the)", "ADM0_PCODE": "PH", "psgc_id": "PH041014000", "psgc_code": "041014000", "psgc_name": "Lipa City", "psgc_type": "city", "match_confidence": 1.0, "AREA_SQKM": 209.4, "population": 372931, "region_key": "r4a"}}, {"type": "Feature", "geometry": {"type": "Polygon", "coordinates": [[[121.57, 13.975], [121.65, 13.97], [121.64, 13.9], [121.56, 13.905], [121.57, 13.975]]]}, "properties": {"ADM3_EN": "Lucena City (Capital)", "ADM3_PCODE": "PH045624000", "ADM2_EN": "Quezon", "ADM2_PCODE": "PH0456", "ADM1_EN": "Region IV-A (CALABARZON)", "ADM1_PCODE": "PH04", "ADM0_EN": "Philippines (the)", "ADM0_PCODE": "PH", "psgc_id": "PH045624000", "psgc_code": "045624000", "psgc_name": "Lucena City (Capital)", "psgc_type": "city", "match_confidence": 1.0, "AREA_SQKM": 80.21, "population": 278924, "region_key": "r4a"}}, {"type": "Feature", "geometry": {"type": "Polygon", "coordinates": [[[123.68, 13.185], [123.775, 13.18], [123.765, 13.11], [123.67, 13.115], [123.68, 13.185]]]}, "properties": {"ADM3_EN": "Legazpi City (Capital)", "ADM3_PCODE": "PH050506000", "ADM2_EN": "Albay", "ADM2_PCODE": "PH0505", "ADM1_EN": "Region V (Bicol Region)", "ADM1_PCODE": "PH05", "ADM0_EN": "Philippines (the)", "ADM0_PCODE": "PH", "psgc_id": "PH050506000", "psgc_code": "050506000", "psgc_name": "Legazpi City (Capital)", "psgc_type": "city", "match_confidence": 1.0, "AREA_SQKM": 153.7, "population": 209533, "region_key": "r5"}}, {"type": "Feature", "geometry": {"type": "Polygon", "coordinates": [[[123.15, 13.665], [123.24, 13.66], [123.23, 13.595], [123.14, 13.6], [123.15, 13.665]]]}, "properties": {"ADM3_EN": "Naga City", "ADM3_PCODE": "PH051724000", "ADM2_EN": "Camarines Sur", "ADM2_PCODE": "PH0517", "ADM1_EN": "Region V (Bicol Region)", "ADM1_PCODE": "PH05", "ADM0_EN": "Philippines (the)", "ADM0_PCODE": "PH", "psgc_id": "PH051724000", "psgc_code": "051724000", "psgc_name": "Naga City", "psgc_type": "city", "match_confidence": 1.0, "AREA_SQKM": 84.48, "population": 209170, "region_key": "r5"}}, {"type": "Feature", "geometry": {"type": "Polygon", "coordinates": [[[123.98, 12.995], [124.07, 12.99], [124.055, 12.91], [123.97, 12.92], [123.98, 12.995]]]}, "properties": {"ADM3_EN": "Sorsogon City (Capital)", "ADM3_PCODE": "PH056216000", "ADM2_EN": "Sorsogon", "ADM2_PCODE": "PH0562", "ADM1_EN": "Region V (Bicol Region)", "ADM1_PCODE": "PH05", "ADM0_EN": "Philippines (the)", "ADM0_PCODE": "PH", "psgc_id": "PH056216000", "psgc_code": "056216000", "psgc_name": "Sorsogon City (Capital)", "psgc_type": "city", "match_confidence": 1.0, "AREA_SQKM": 276.11, "population": 182237, "region_key": "r5"}}, {"type": "Feature", "geometry": {"type": "Polygon", "coordinates": [[[120.28, 16.655], [120.365, 16.65], [120.355, 16.575], [120.27, 16.58], [120.28, 16.655]]]}, "properties": {"ADM3_EN": "San Fernando City (Capital)", "ADM3_PCODE": "PH013314000", "ADM2_EN": "La Union", "ADM2_PCODE": "PH0133", "ADM1_EN": "Region I (Ilocos Region)", "ADM1_PCODE": "PH01", "ADM0_EN": "Philippines (the)", "ADM0_PCODE": "PH", "psgc_id": "PH013314000", "psgc_code": "013314000", "psgc_name": "San Fernando City (Capital)", "psgc_type": "city", "match_confidence": 1.0, "AREA_SQKM": 102.72, "population": 125640, "region_key": "r1"}}, {"type": "Feature", "geometry": {"type": "Polygon", "coordinates": [[[120.3, 16.085], [120.37, 16.08], [120.36, 16.015], [120.29, 16.02], [120.3, 16.085]]]}, "properties": {"ADM3_EN": "Dagupan City", "ADM3_PCODE": "PH015518000", "ADM2_EN": "Pangasinan", "ADM2_PCODE": "PH0155", "ADM1_EN": "Region I (Ilocos Region)", "ADM1_PCODE": "PH01", "ADM0_EN": "Philippines (the)", "ADM0_PCODE": "PH", "psgc_id": "PH015518000", "psgc_code": "015518000", "psgc_name": "Dagupan City", "psgc_type": "city", "match_confidence": 1.0, "AREA_SQKM": 37.23, "population": 174302, "region_key": "r1"}}, {"type": "Feature", "geometry": {"type": "Polygon", "coordinates": [[[120.55, 18.235], [120.64, 18.23], [120.63, 18.155], [120.54, 18.16], [120.55, 18.235]]]}, "properties": {"ADM3_EN": "Laoag City (Capital)", "ADM3_PCODE": "PH012812000", "ADM2_EN": "Ilocos Norte", "ADM2_PCODE": "PH0128", "ADM1_EN": "Region I (Ilocos Region)", "ADM1_PCODE": "PH01", "ADM0_EN": "Philippines (the)", "ADM0_PCODE": "PH", "psgc_id": "PH012812000", "psgc_code": "012812000", "psgc_name": "Laoag City (Capital)", "psgc_type": "city", "match_confidence": 1.0, "AREA_SQKM": 116.08, "population": 111125, "region_key": "r1"}}, {"type": "Feature", "geometry": {"type": "Polygon", "coordinates": [[[120.36, 17.605], [120.42, 17.6], [120.41, 17.545], [120.35, 17.55], [120.36, 17.605]]]}, "properties": {"ADM3_EN": "Vigan City (Capital)", "ADM3_PCODE": "PH012934000", "ADM2_EN": "Ilocos Sur", "ADM2_PCODE": "PH0129", "ADM1_EN": "Region I (Ilocos Region)", "ADM1_PCODE": "PH01", "ADM0_EN": "Philippines (the)", "ADM0_PCODE": "PH", "psgc_id": "PH012934000", "psgc_code": "012934000", "psgc_name": "Vigan City (Capital)", "psgc_type": "city", "match_confidence": 1.0, "AREA_SQKM": 25.12, "population": 53879, "region_key": "r1"}}, {"type": "Feature", "geometry": {"type": "Polygon", "coordinates": [[[121.68, 17.675], [121.77, 17.67], [121.76, 17.585], [121.67, 17.59], [121.68, 17.675]]]}, "properties": {"ADM3_EN": "Tuguegarao City (Capital)", "ADM3_PCODE": "PH021529000", "ADM2_EN": "Cagayan", "ADM2_PCODE": "PH0215", "ADM1_EN": "Region II (Cagayan Valley)", "ADM1_PCODE": "PH02", "ADM0_EN": "Philippines (the)", "ADM0_PCODE": "PH", "psgc_id": "PH021529000", "psgc_code": "021529000", "psgc_name": "Tuguegarao City (Capital)", "psgc_type": "city", "match_confidence": 1.0, "AREA_SQKM": 144.8, "population": 166334, "region_key": "r2"}}, {"type": "Feature", "geometry": {"type": "Polygon", "coordinates": [[[121.46, 16.745], [121.56, 16.74], [121.545, 16.645], [121.45, 16.65], [121.46, 16.745]]]}, "properties": {"ADM3_EN": "Santiago City", "ADM3_PCODE": "PH023132000", "ADM2_EN": "Isabela", "ADM2_PCODE": "PH0231", "ADM1_EN": "Region II (Cagayan Valley)", "ADM1_PCODE": "PH02", "ADM0_EN": "Philippines (the)", "ADM0_PCODE": "PH", "psgc_id": "PH023132000", "psgc_code": "023132000", "psgc_name": "Santiago City", "psgc_type": "city", "match_confidence": 1.0, "AREA_SQKM": 255.5, "population": 148580, "region_key": "r2"}}, {"type": "Feature", "geometry": {"type": "Polygon", "coordinates": [[[121.8, 17.2], [121.95, 17.19], [121.93, 17.06], [121.78, 17.07], [121.8, 17.2]]]}, "properties": {"ADM3_EN": "Ilagan City (Capital)", "ADM3_PCODE": "PH023114000", "ADM2_EN": "Isabela", "ADM2_PCODE": "PH0231", "ADM1_EN": "Region II (Cagayan Valley)", "ADM1_PCODE": "PH02", "ADM0_EN": "Philippines (the)", "ADM0_PCODE": "PH", "psgc_id": "PH023114000", "psgc_code": "023114000", "psgc_name": "Ilagan City (Capital)", "psgc_type": "city", "match_confidence": 1.0, "AREA_SQKM": 1166.26, "population": 158218, "region_key": "r2"}}, {"type": "Feature", "geometry": {"type": "Polygon", "coordinates": [[[120.56, 16.445], [120.635, 16.44], [120.625, 16.375], [120.55, 16.38], [120.56, 16.445]]]}, "properties": {"ADM3_EN": "Baguio City", "ADM3_PCODE": "PH141102000", "ADM2_EN": "Benguet", "ADM2_PCODE": "PH1411", "ADM1_EN": "Cordillera Administrative Region (CAR)", "ADM1_PCODE": "PH14", "ADM0_EN": "Philippines (the)", "ADM0_PCODE": "PH", "psgc_id": "PH141102000", "psgc_code": "141102000", "psgc_name": "Baguio City", "psgc_type": "city", "match_confidence": 1.0, "AREA_SQKM": 57.51, "population": 366358, "region_key": "car"}}, {"type": "Feature", "geometry": {"type": "Polygon", "coordinates": [[[120.55, 16.515], [120.625, 16.51], [120.62, 16.445], [120.545, 16.45], [120.55, 16.515]]]}, "properties": {"ADM3_EN": "La Trinidad (Capital)", "ADM3_PCODE": "PH141108000", "ADM2_EN": "Benguet", "ADM2_PCODE": "PH1411", "ADM1_EN": "Cordillera Administrative Region (CAR)", "ADM1_PCODE": "PH14", "ADM0_EN": "Philippines (the)", "ADM0_PCODE": "PH", "psgc_id": "PH141108000", "psgc_code": "141108000", "psgc_name": "La Trinidad (Capital)", "psgc_type": "municipality", "match_confidence": 1.0, "AREA_SQKM": 70.04, "population": 137404, "region_key": "car"}}, {"type": "Feature", "geometry": {"type": "Polygon", "coordinates": [[[121.4, 17.525], [121.52, 17.515], [121.505, 17.4], [121.39, 17.41], [121.4, 17.525]]]}, "properties": {"ADM3_EN": "Tabuk City (Capital)", "ADM3_PCODE": "PH143213000", "ADM2_EN": "Kalinga", "ADM2_PCODE": "PH1432", "ADM1_EN": "Cordillera Administrative Region (CAR)", "ADM1_PCODE": "PH14", "ADM0_EN": "Philippines (the)", "ADM0_PCODE": "PH", "psgc_id": "PH143213000", "psgc_code": "143213000", "psgc_name": "Tabuk City (Capital)", "psgc_type": "city", "match_confidence": 1.0, "AREA_SQKM": 700.25, "population": 121033, "region_key": "car"}}, {"type": "Feature", "geometry": {"type": "Polygon", "coordinates": [[[118.68, 9.85], [118.82, 9.84], [118.8, 9.68], [118.66, 9.69], [118.68, 9.85]]]}, "properties": {"ADM3_EN": "Puerto Princesa City (Capital)", "ADM3_PCODE": "PH175316000", "ADM2_EN": "Palawan", "ADM2_PCODE": "PH1753", "ADM1_EN": "MIMAROPA Region", "ADM1_PCODE": "PH17", "ADM0_EN": "Philippines (the)", "ADM0_PCODE": "PH", "psgc_id": "PH175316000", "psgc_code": "175316000", "psgc_name": "Puerto Princesa City (Capital)", "psgc_type": "city", "match_confidence": 1.0, "AREA_SQKM": 2400.0, "population": 307079, "region_key": "r4b"}}, {"type": "Feature", "geometry": {"type": "Polygon", "coordinates": [[[121.14, 13.45], [121.22, 13.445], [121.21, 13.365], [121.13, 13.37], [121.14, 13.45]]]}, "properties": {"ADM3_EN": "Calapan City (Capital)", "ADM3_PCODE": "PH175205000", "ADM2_EN": "Oriental Mindoro", "ADM2_PCODE": "PH1752", "ADM1_EN": "MIMAROPA Region", "ADM1_PCODE": "PH17", "ADM0_EN": "Philippines (the)", "ADM0_PCODE": "PH", "psgc_id": "PH175205000", "psgc_code": "175205000", "psgc_name": "Calapan City (Capital)", "psgc_type": "city", "match_confidence": 1.0, "AREA_SQKM": 250.06, "population": 145786, "region_key": "r4b"}}, {"type": "Feature", "geometry": {"type": "Polygon", "coordinates": [[[124.58, 8.52], [124.7, 8.515], [124.69, 8.42], [124.57, 8.425], [124.58, 8.52]]]}, "properties": {"ADM3_EN": "Cagayan de Oro City (Capital)", "ADM3_PCODE": "PH104305000", "ADM2_EN": "Misamis Oriental", "ADM2_PCODE": "PH1043", "ADM1_EN": "Region X (Northern Mindanao)", "ADM1_PCODE": "PH10", "ADM0_EN": "Philippines (the)", "ADM0_PCODE": "PH", "psgc_id": "PH104305000", "psgc_code": "104305000", "psgc_name": "Cagayan de Oro City (Capital)", "psgc_type": "city", "match_confidence": 1.0, "AREA_SQKM": 412.8, "population": 728402, "region_key": "r10"}}, {"type": "Feature", "geometry": {"type": "Polygon", "coordinates": [[[124.2, 8.28], [124.32, 8.27], [124.305, 8.16], [124.19, 8.17], [124.2, 8.28]]]}, "properties": {"ADM3_EN": "Iligan City", "ADM3_PCODE": "PH103504000", "ADM2_EN": "Lanao del Norte", "ADM2_PCODE": "PH1035", "ADM1_EN": "Region X (Northern Mindanao)", "ADM1_PCODE": "PH10", "ADM0_EN": "Philippines (the)", "ADM0_PCODE": "PH", "psgc_id": "PH103504000", "psgc_code": "103504000", "psgc_name": "Iligan City", "psgc_type": "city", "match_confidence": 1.0, "AREA_SQKM": 813.37, "population": 363115, "region_key": "r10"}}, {"type": "Feature", "geometry": {"type": "Polygon", "coordinates": [[[125.08, 8.22], [125.2, 8.21], [125.185, 8.1], [125.07, 8.11], [125.08, 8.22]]]}, "properties": {"ADM3_EN": "Malaybalay City (Capital)", "ADM3_PCODE": "PH101312000", "ADM2_EN": "Bukidnon", "ADM2_PCODE": "PH1013", "ADM1_EN": "Region X (Northern Mindanao)", "ADM1_PCODE": "PH10", "ADM0_EN": "Philippines (the)", "ADM0_PCODE": "PH", "psgc_id": "PH101312000", "psgc_code": "101312000", "psgc_name": "Malaybalay City (Capital)", "psgc_type": "city", "match_confidence": 1.0, "AREA_SQKM": 969.19, "population": 190712, "region_key": "r10"}}, {"type": "Feature", "geometry": {"type": "Polygon", "coordinates": [[[122.0, 7.02], [122.12, 7.01], [122.11, 6.89], [121.99, 6.9], [122.0, 7.02]]]}, "properties": {"ADM3_EN": "Zamboanga City", "ADM3_PCODE": "PH097332000", "ADM2_EN": "Zamboanga del Sur", "ADM2_PCODE": "PH0973", "ADM1_EN": "Region IX (Zamboanga Peninsula)", "ADM1_PCODE": "PH09", "ADM0_EN": "Philippines (the)", "ADM0_PCODE": "PH", "psgc_id": "PH097332000", "psgc_code": "097332000", "psgc_name": "Zamboanga City", "psgc_type": "city", "match_confidence": 1.0, "AREA_SQKM": 1414.7, "population": 977234, "region_key": "r9"}}, {"type": "Feature", "geometry": {"type": "Polygon", "coordinates": [[[123.38, 7.86], [123.48, 7.85], [123.47, 7.78], [123.37, 7.79], [123.38, 7.86]]]}, "properties": {"ADM3_EN": "Pagadian City (Capital)", "ADM3_PCODE": "PH097322000", "ADM2_EN": "Zamboanga del Sur", "ADM2_PCODE": "PH0973", "ADM1_EN": "Region IX (Zamboanga Peninsula)", "ADM1_PCODE": "PH09", "ADM0_EN": "Philippines (the)", "ADM0_PCODE": "PH", "psgc_id": "PH097322000", "psgc_code": "097322000", "psgc_name": "Pagadian City (Capital)", "psgc_type": "city", "match_confidence": 1.0, "AREA_SQKM": 378.8, "population": 210452, "region_key": "r9"}}, {"type": "Feature", "geometry": {"type": "Polygon", "coordinates": [[[125.1, 6.18], [125.22, 6.17], [125.21, 6.07], [125.09, 6.08], [125.1, 6.18]]]}, "properties": {"ADM3_EN": "General Santos City (Dadiangas)", "ADM3_PCODE": "PH126303000", "ADM2_EN": "South Cotabato", "ADM2_PCODE": "PH1263", "ADM1_EN": "Region XII (SOCCSKSARGEN)", "ADM1_PCODE": "PH12", "ADM0_EN": "Philippines (the)", "ADM0_PCODE": "PH", "psgc_id": "PH126303000", "psgc_code": "126303000", "psgc_name": "General Santos City (Dadiangas)", "psgc_type": "city", "match_confidence": 1.0, "AREA_SQKM": 492.86, "population": 697315, "region_key": "r12"}}, {"type": "Feature", "geometry": {"type": "Polygon", "coordinates": [[[124.81, 6.55], [124.9, 6.54], [124.89, 6.46], [124.8, 6.47], [124.81, 6.55]]]}, "properties": {"ADM3_EN": "Koronadal City (Capital)", "ADM3_PCODE": "PH126306000", "ADM2_EN": "South Cotabato", "ADM2_PCODE": "PH1263", "ADM1_EN": "Region XII (SOCCSKSARGEN)", "ADM1_PCODE": "PH12", "ADM0_EN": "Philippines (the)", "ADM0_PCODE": "PH", "psgc_id": "PH126306000", "psgc_code": "126306000", "psgc_name": "Koronadal City (Capital)", "psgc_type": "city", "match_confidence": 1.0, "AREA_SQKM": 277.0, "population": 195398, "region_key": "r12"}}, {"type": "Feature", "geometry": {"type": "Polygon", "coordinates": [[[125.48, 9.02], [125.6, 9.01], [125.59, 8.89], [125.47, 8.9], [125.48, 9.02]]]}, "properties": {"ADM3_EN": "Butuan City (Capital)", "ADM3_PCODE": "PH160202000", "ADM2_EN": "Agusan del Norte", "ADM2_PCODE": "PH1602", "ADM1_EN": "Region XIII (Caraga)", "ADM1_PCODE": "PH16", "ADM0_EN": "Philippines (the)", "ADM0_PCODE": "PH", "psgc_id": "PH160202000", "psgc_code": "160202000", "psgc_name": "Butuan City (Capital)", "psgc_type": "city", "match_confidence": 1.0, "AREA_SQKM": 816.62, "population": 372910, "region_key": "r13"}}, {"type": "Feature", "geometry": {"type": "Polygon", "coordinates": [[[125.45, 9.82], [125.54, 9.81], [125.53, 9.73], [125.44, 9.74], [125.45, 9.82]]]}, "properties": {"ADM3_EN": "Surigao City (Capital)", "ADM3_PCODE": "PH166724000", "ADM2_EN": "Surigao del Norte", "ADM2_PCODE": "PH1667", "ADM1_EN": "Region XIII (Caraga)", "ADM1_PCODE": "PH16", "ADM0_EN": "Philippines (the)", "ADM0_PCODE": "PH", "psgc_id": "PH166724000", "psgc_code": "166724000", "psgc_name": "Surigao City (Capital)", "psgc_type": "city", "match_confidence": 1.0, "AREA_SQKM": 245.3, "population": 171107, "region_key": "r13"}}, {"type": "Feature", "geometry": {"type": "Polygon", "coordinates": [[[124.2, 7.26], [124.28, 7.255], [124.27, 7.18], [124.19, 7.185], [124.2, 7.26]]]}, "properties": {"ADM3_EN": "Cotabato City", "ADM3_PCODE": "PH199901000", "ADM2_EN": "Maguindanao del Norte", "ADM2_PCODE": "PH1999", "ADM1_EN": "Bangsamoro Autonomous Region in Muslim Mindanao (BARMM)", "ADM1_PCODE": "PH19", "ADM0_EN": "Philippines (the)", "ADM0_PCODE": "PH", "psgc_id": "PH199901000", "psgc_code": "199901000", "psgc_name": "Cotabato City", "psgc_type": "city", "match_confidence": 1.0, "AREA_SQKM": 176.0, "population": 325079, "region_key": "barmm"}}, {"type": "Feature", "geometry": {"type": "Polygon", "coordinates": [[[124.25, 8.04], [124.33, 8.035], [124.32, 7.965], [124.24, 7.97], [124.25, 8.04]]]}, "properties": {"ADM3_EN": "Marawi City (Capital)", "ADM3_PCODE": "PH193601000", "ADM2_EN": "Lanao del Sur", "ADM2_PCODE": "PH1936", "ADM1_EN": "Bangsamoro Autonomous Region in Muslim Mindanao (BARMM)", "ADM1_PCODE": "PH19", "ADM0_EN": "Philippines (the)", "ADM0_PCODE": "PH", "psgc_id": "PH193601000", "psgc_code": "193601000", "psgc_name": "Marawi City (Capital)", "psgc_type": "city", "match_confidence": 1.0, "AREA_SQKM": 87.55, "population": 207010, "region_key": "barmm"}}]}